{"type":"FeatureCollection","features":[{"type":"Feature","properties":{"id":1,"country":"American Samoa","iso":"AS","area_km2":407542},"geometry":{"type":"Polygon","coordinates":[[[-166.64112365867769,-17.55526875286155],[-167.11055555559432,-17.39861111151346],[-167.7574999997251,-17.180277778196768],[-168.05944444400563,-17.077500000124815],[-168.2319444443803,-17.01861111101377],[-168.875277777747,-16.79638888883592],[-169.32972222190273,-16.636666666533316],[-169.6033333335663,-16.617777777522264],[-169.93249999987475,-16.594166666258516],[-170.08749999992483,-16.62305555596899],[-170.47388888856102,-16.693055555469314],[-170.67638888923574,-16.730277778196665],[-171.22305555546927,-16.825833332941855],[-171.3052777777471,-16.840277777797],[-171.52424970436007,-16.450446328435078],[-171.70013441297243,-16.151440700427912],[-171.80114692349144,-15.960796246449462],[-171.84753245725693,-15.878383591829206],[-171.79431203816983,-15.715604544214159],[-171.6944451443278,-15.42694649048805],[-171.54056777608167,-15.096352877083547],[-171.07887947810516,-14.097254981831796],[-171.00629209760194,-13.95885170124491],[-170.94536246060875,-13.835136134824694],[-170.82990196100639,-13.465839661171358],[-170.7627449145459,-13.251170035468661],[-170.54265693017294,-12.61110281404342],[-170.55751593910918,-12.609317437649409],[-170.7911276891913,-12.569665369061354],[-171.11595388106656,-12.512412738856725],[-171.23719395473705,-12.490810894706911],[-171.48486580910952,-12.368061362941276],[-171.67940287963893,-12.270841327664996],[-171.99485050324802,-12.110266387083826],[-172.18086959465592,-12.016102606050211],[-172.40006298381942,-11.903171250053063],[-172.68335722635476,-11.757123548612768],[-172.81208473612145,-11.68671450507017],[-172.97351321246452,-11.579408331129358],[-173.1252666887064,-11.477061191620521],[-173.72289577332117,-11.074370729325565],[-173.75574910123993,-11.05221170120889],[-173.7746906500533,-11.048131664144776],[-173.74666666623335,-11.03805555561918],[-173.06472222235243,-10.770833332991756],[-172.18361111136352,-10.423888889160835],[-171.8494444447051,-10.297222222627354],[-171.25888888861107,-10.254722222352385],[-170.26944444480517,-10.171666666683109],[-169.78055555529437,-10.131111111288547],[-168.52359118283155,-10.024476331539347],[-168.51722222262742,-10.213611110763964],[-168.4950000000497,-10.875277777847046],[-168.48916666630822,-11.044444444655213],[-168.4661111112386,-11.731388888886002],[-168.17333333336632,-12.03194444448043],[-167.4222222224774,-12.47777777752232],[-167.18361111146328,-12.689444444605286],[-166.87249999987478,-12.964166666857878],[-166.6172222219277,-13.190277777897066],[-166.42833333361614,-13.35694444453027],[-166.1552777781467,-13.59555555554438],[-165.97888888891077,-13.748888888810953],[-165.62222222247732,-14.058333333616389],[-165.3686111113135,-15.002499999775097],[-165.3080555554193,-15.234444444555393],[-165.2008333331916,-15.64638888933571],[-165.27666666643313,-15.749444444605345],[-165.5699999996,-16.144999999650125],[-165.75305555596893,-16.39138888928575],[-166.02750000012463,-16.758333333616307],[-166.63139369418002,-17.542632093633557],[-166.64112365867769,-17.55526875286155]]]}},{"type":"Feature","properties":{"id":2,"country":"Polynesie Francaise","iso":"PF","area_km2":4792597},"geometry":{"type":"Polygon","coordinates":[[[-156.14251414301305,-24.894171157073018],[-156.3230555555692,-21.40555555594399],[-154.80555555554412,-19.257222222527346],[-155.1744444447551,-18.919722222302624],[-156.04194444428038,-18.345555555943918],[-157.24583333344134,-17.318333333216657],[-157.86861111101373,-16.40499999984999],[-158.13106403907386,-15.862662965823077],[-158.10435627422254,-15.74776118263226],[-158.08472834573638,-15.673709527772274],[-158.05675989055635,-15.578815612350496],[-158.0320689786003,-15.502217188971954],[-157.99218768721187,-15.389466451015679],[-157.9611188831297,-15.309616811166691],[-157.9385695141716,-15.188754775612296],[-157.92097704645334,-15.108044139225598],[-157.90552073029733,-15.044045812164384],[-157.88684441223967,-14.973299132548803],[-157.86448689655293,-14.895955989577146],[-157.84479945902757,-14.833068566261119],[-157.81903121861563,-14.756739546492739],[-157.7986018592881,-14.700129178818457],[-157.75889607869084,-14.598371878559249],[-157.73039275532136,-14.530812142666107],[-157.69422546703157,-14.450559898820217],[-157.6493674479492,-14.358118846507438],[-157.61554297452847,-14.292840727517344],[-157.55828209574202,-14.189601302258168],[-157.52335555981097,-14.13048737219431],[-157.48593478656102,-14.0701245185315],[-157.4417864341964,-14.00231799427982],[-157.3885876563951,-13.925022900286564],[-157.32214739748434,-13.834499097355334],[-157.27695278374387,-13.776319326375699],[-157.2210515171136,-13.707785676867289],[-157.13628982161777,-13.61042760105272],[-157.07257838818185,-13.541336513069467],[-157.02017401661737,-13.487189096199657],[-156.94540199670462,-13.414092583405903],[-156.90398272612168,-13.37535709665255],[-156.8260287420326,-13.305709831043742],[-156.75708279563435,-13.247756529140318],[-156.6737217969232,-13.181116681889236],[-156.62222555446553,-13.141996110831798],[-156.52178022028068,-13.069532751335217],[-156.44122871623205,-13.015258674847843],[-156.33454890390857,-12.948358580883692],[-156.27709227149103,-12.914496575156718],[-156.17989683806837,-12.860514172191216],[-156.08764153442917,-12.812932494239107],[-156.0208809918641,-12.78062573738778],[-155.9466540114733,-12.74672543133336],[-155.84417665552797,-12.703295952046417],[-155.77509783339804,-12.676156267997243],[-155.6978970728914,-12.647772299951527],[-155.6352577266626,-12.626284493434468],[-155.5574653939126,-12.601391146783797],[-155.46479511879943,-12.574302479475762],[-155.35697135084706,-12.546227546364051],[-155.248292945463,-12.521583413543652],[-155.1754210671283,-12.507072694049398],[-155.05386228721443,-12.486403126702626],[-155.05258333345375,-12.488138889298241],[-152.80916666670794,-13.830833332991816],[-151.05749999982476,-13.83833333351636],[-149.43611111113853,-12.424722222152639],[-147.99222222227752,-11.973888888760996],[-147.0336666668829,-11.159111110888844],[-147.03249092471617,-11.156159784146382],[-146.9003475155252,-11.130817454561765],[-146.77904291010213,-11.096802731360839],[-146.66409184496246,-11.068711766934356],[-146.53697662177353,-11.041661917063678],[-146.41606578360893,-11.02059785760487],[-146.32585665885748,-11.007704292718799],[-146.26012073818134,-10.999683127873837],[-146.15412169466043,-10.989218695686134],[-146.08246052053647,-10.983941502698116],[-145.99633942692282,-10.979572143839306],[-145.93888669216693,-10.977837124983253],[-145.84002339676215,-10.977016399187391],[-145.7053472718589,-10.980338344638739],[-145.624144094774,-10.98491787685839],[-145.51362953727312,-10.994228186581395],[-145.43280552335602,-11.003294774633986],[-145.29345164317863,-11.023450962191944],[-145.16953399819528,-11.046277981543483],[-145.07965425643866,-11.040246079292913],[-144.94748991282904,-11.035598096974425],[-144.87903772031433,-11.035168763327661],[-144.78568777806845,-11.036703558922],[-144.70297448908127,-11.040187103551915],[-144.62686055207257,-11.044707914538463],[-144.52306731800206,-11.053691260443216],[-144.4438897262297,-11.062728109714413],[-144.32269463305073,-11.079973977816636],[-144.21042701899154,-11.099801677205477],[-144.1371001925197,-11.114852685103259],[-144.06232095195026,-11.131911245107716],[-143.97632278936499,-11.153707715138893],[-143.85112810527767,-11.189637112962316],[-143.78380127760664,-11.211095277824725],[-143.68894716258137,-11.244019466025307],[-143.55527788086926,-11.295338648160012],[-143.46606370757388,-11.333123371646224],[-143.41095088287688,-11.35785617941906],[-143.3403179935804,-11.310064545742051],[-143.26269730183884,-11.260395141122757],[-143.17616149665548,-11.208416066148473],[-143.11199503594213,-11.172037406600879],[-143.03047438468502,-11.128426641975807],[-143.07197992723167,-11.057657396571443],[-143.11058262278965,-10.987838593376196],[-143.165984122669,-10.880080996640586],[-143.2209018160658,-10.815714366624576],[-143.27803241816133,-10.744992681866648],[-143.3415492203202,-10.661464209605441],[-143.41687735760377,-10.55478180183863],[-143.46201751019976,-10.48633047627034],[-143.5267611162323,-10.381220186862038],[-143.5769428871045,-10.293224880923404],[-143.64054297098124,-10.172045325331368],[-143.6755508173161,-10.09954740668725],[-143.72328894492873,-9.992647962833033],[-143.75119023783895,-9.925020422554226],[-143.79058831090168,-9.821513594676588],[-143.83474164461109,-9.690880122919182],[-143.85798147526475,-9.613885105712896],[-143.88842924531326,-9.50095750798252],[-143.90864561820047,-9.415601539579157],[-143.9320816998105,-9.301039114663325],[-143.94699765291924,-9.214620253721549],[-143.95669309461044,-9.149565082062807],[-143.96920652685958,-9.048029975502857],[-143.97623131482317,-8.97529487775634],[-143.98440869280682,-8.853338207192294],[-144.00362671480087,-8.77220160152254],[-144.02020630577618,-8.69362183048294],[-144.03722596200828,-8.601182771967274],[-144.05102928827097,-8.512180002305172],[-144.06133495324525,-8.432458033811088],[-144.0690334710177,-8.359789336608472],[-144.07759284053697,-8.25051568255256],[-144.08256096711474,-8.141021183780452],[-144.08392479709153,-8.02442205793156],[-144.0810165640632,-7.893842156090471],[-144.07292367109042,-7.760323824684647],[-144.06457013390445,-7.671537025413187],[-144.0571588586942,-7.608268028746366],[-144.0414839200467,-7.499088491440489],[-144.02599040523302,-7.407638969562711],[-144.01314153215577,-7.34089803761421],[-143.99784641408047,-7.269435860976117],[-143.97564274631566,-7.177060996067951],[-143.94269697168767,-7.057275681927109],[-143.91958628637775,-6.982189748258207],[-143.88381126527747,-6.876641612220467],[-143.85870326574297,-6.808742804936372],[-143.82933087711825,-6.734525766550746],[-143.78244776645107,-6.625425725716596],[-143.74136203642865,-6.537664757022768],[-143.7155068297762,-6.485591864772587],[-143.67759409229342,-6.413000599198114],[-143.6166745942569,-6.304754113011711],[-143.5725591795623,-6.23066481972549],[-143.5059211264587,-6.126667605025773],[-143.46890902852863,-6.072319814707456],[-143.42225844117394,-6.006892622296476],[-143.38293391826556,-5.954203279857353],[-143.33805375607574,-5.896573291424048],[-143.2708507956275,-5.814429458552482],[-143.17925963412455,-5.710282656918906],[-143.12934987849388,-5.656980098252831],[-143.05235934171003,-5.579090640520548],[-142.97289070953855,-5.503751384918274],[-142.9185764891135,-5.45498140846513],[-142.8567684554996,-5.401955430898241],[-142.78403672211698,-5.342838843337759],[-142.72629967029332,-5.298210830365363],[-142.67352094243728,-5.259128700828825],[-142.6080099943655,-5.212771172851163],[-142.51693882806427,-5.152109408822042],[-142.45515710591548,-5.113331719583101],[-142.3550690768762,-5.054359822147916],[-142.29075821382037,-5.01888074634924],[-142.20067168465027,-4.972188629201781],[-142.10957828171223,-4.922916420955872],[-142.05109240399105,-4.893160387841476],[-141.98544664124927,-4.861452874450521],[-141.86562177402556,-4.808008187827397],[-141.79141522803008,-4.777666600732857],[-141.68025214601954,-4.736020944710745],[-141.57232004663268,-4.699805470745787],[-141.4772020147609,-4.671246696977292],[-141.37383223996568,-4.643570222887348],[-141.28574229207294,-4.622759488059856],[-141.22250050619334,-4.60936220120449],[-141.11856545982783,-4.590092416032064],[-141.04644461073013,-4.578706536677174],[-140.96704629924722,-4.568024366031537],[-140.8366416401994,-4.554640311800853],[-140.72036833063385,-4.547040921800914],[-140.60390662299199,-4.543496648651185],[-140.49467152197303,-4.543853056273349],[-140.40005117132432,-4.547040921800914],[-140.28377786175872,-4.554640311800853],[-140.15337320271107,-4.568024366031537],[-140.07397489122803,-4.578706536677174],[-139.97888449552295,-4.594036580823456],[-139.88034449560195,-4.612967526629973],[-139.81627986692223,-4.626903099997946],[-139.72425031470016,-4.649249310307312],[-139.60491335037062,-4.682371529222564],[-139.53530801115556,-4.703911274285701],[-139.41640693832937,-4.744570386613887],[-139.3362811535522,-4.774869532902528],[-139.26200480397836,-4.805047292298553],[-139.1951185595736,-4.834016204583989],[-139.12887123491942,-4.864432913847807],[-139.06329388180694,-4.896283140654262],[-138.94704158849834,-4.957182033423933],[-138.88558317352454,-4.991729112108743],[-138.80207423094078,-5.041536238006771],[-138.74226644334158,-5.079236333489803],[-138.62826909664142,-5.156088155244063],[-138.53174347018484,-5.226673228486632],[-138.47849400299566,-5.267912740780233],[-138.41032747833043,-5.323235204640881],[-138.33748320198794,-5.385816594959749],[-138.27450222939424,-5.442722244235952],[-138.20988056783375,-5.503859061646153],[-138.12492134614303,-5.589491806301737],[-138.03204092195074,-5.690541092797062],[-137.94516866420236,-5.793032630151572],[-137.89072686145528,-5.861723964988784],[-137.81668805610883,-5.961407558112199],[-137.78759570737594,-6.002795480127205],[-137.7418679134732,-6.030751096585746],[-137.63924642318378,-6.096717832761684],[-137.54143039189904,-6.164257021843994],[-137.4836105808634,-6.206625597892881],[-137.3911388418839,-6.278200920036298],[-137.28737293910962,-6.365099799515974],[-137.2059601003781,-6.4384643102795],[-137.14256307892282,-6.499033990026547],[-137.0605196238813,-6.582325874939116],[-136.976547267842,-6.673885579955339],[-136.91559317468506,-6.744800210661097],[-136.8084421382938,-6.827500257131049],[-136.76464874744153,-6.863300111211004],[-136.67429751901528,-6.941254991024906],[-136.6150959284342,-6.995427660857743],[-136.53700716115145,-7.070990259492703],[-136.46187934065884,-7.148312521105851],[-136.40745575817652,-7.207533815832733],[-136.3410353517998,-7.283797031307898],[-136.26183591099837,-7.381195992101155],[-136.22616644962181,-7.427564085314174],[-136.1784524724036,-7.492321241432037],[-136.11588341718573,-7.58240781916534],[-136.0640542304182,-7.66209718993322],[-136.00382203835625,-7.76131294403703],[-135.96367776091967,-7.832078137995467],[-135.92905071451867,-7.896479936000176],[-135.89258818419728,-7.968167837075811],[-135.83663122974733,-8.087283927910818],[-135.79635726377654,-8.181386095491703],[-135.75484572544985,-8.287625202241102],[-135.73512881174503,-8.342323349542852],[-135.6891923634368,-8.445034942008832],[-135.65815077553765,-8.520133534534878],[-135.63550366915882,-8.578431616725666],[-135.60101479639553,-8.674073976732487],[-135.57799861994022,-8.743463458871446],[-135.55034926310788,-8.834386048177421],[-135.52896637060135,-8.911896009992702],[-135.51286362355722,-8.975682629449665],[-135.49333876097478,-9.061188455482707],[-135.47747318763726,-9.139611562823319],[-135.45818677759752,-9.251804383865135],[-135.4205566223901,-9.351374321567576],[-135.39887648326294,-9.413513962199403],[-135.37403362545132,-9.490007089355544],[-135.34313290555895,-9.595225890961999],[-135.32445329238527,-9.665902450437557],[-135.30732179106764,-9.736964760615095],[-135.2902757226464,-9.815539870468584],[-135.27132333700214,-9.916087985472046],[-135.25967643571875,-9.9882355417367],[-135.24779440039117,-10.075117184810125],[-135.23425612771794,-10.205943569240219],[-135.22943313013468,-10.271530436280457],[-135.22475180994792,-10.366395279318525],[-135.22276824815594,-10.50279615731661],[-135.22567850286055,-10.626582012050122],[-135.22787721036485,-10.67767878284944],[-135.23406313410618,-10.772462486354542],[-135.24141115999697,-10.852498634803922],[-135.2488755015031,-10.917841388069547],[-135.25975149763337,-10.997483943728824],[-135.2778255478106,-11.105847701510143],[-135.29441345301825,-11.190794973908822],[-135.3191032731974,-11.301599346932122],[-135.3381921615388,-11.37668510703186],[-135.35783147993862,-11.447127863459926],[-135.38794595763966,-11.544999221037102],[-135.40891368441885,-11.607419473529788],[-135.43639488601505,-11.68359539990766],[-135.4798646081651,-11.79355217449313],[-135.5272470664989,-11.901930270165764],[-135.56293133970945,-11.977643771442757],[-135.6087426077849,-12.068352677334047],[-135.67087644059512,-12.181360923567595],[-135.72598345747036,-12.274931639483398],[-135.77191128667653,-12.348165736859187],[-135.81520441704998,-12.413534051555118],[-135.86837709832417,-12.489474314188115],[-135.90215771810392,-12.535474402121807],[-135.96764665347,-12.620176845784712],[-136.02270581112413,-12.687288317301835],[-136.08848956943794,-12.762923740338238],[-136.02850377992536,-12.839908202201698],[-135.99223539704573,-12.888737814498384],[-135.94104944407633,-12.96094636728084],[-135.87981271198686,-13.052897241414513],[-135.83756491668737,-13.120006238896707],[-135.7875189911084,-13.204680937575162],[-135.752319238442,-13.267852647381716],[-135.71807015911048,-13.332559646510362],[-135.68042042656117,-13.407628741273257],[-135.63954255504473,-13.494841020096914],[-135.58689234300704,-13.618440864454172],[-135.5431699248519,-13.733055207231928],[-135.51326169407182,-13.819546334095847],[-135.49428080621402,-13.878796898158228],[-135.4684136071021,-13.966535255197726],[-135.44419590761487,-14.057570156337505],[-135.41909755240988,-14.165285717861437],[-135.39712816163512,-14.276804544693931],[-135.38461889324714,-14.351613122947214],[-135.37205719888055,-14.440352705113156],[-135.3580760667569,-14.570561999936103],[-135.3499798283063,-14.687432050148928],[-135.34676462428797,-14.770057713692395],[-135.34584604595824,-14.892669505293242],[-135.34799826031127,-14.98028895217324],[-135.3511524777045,-15.045954608817922],[-135.36004499208252,-15.162489199317037],[-135.37291410979816,-15.277160697607997],[-135.26151516619186,-15.313681566950564],[-135.14132505550663,-15.357443700965902],[-135.07880667978432,-15.38235465274495],[-134.97216061901725,-15.42784055599671],[-134.84507750252465,-15.486191794415703],[-134.7753804306622,-15.520227638194896],[-134.6470177587624,-15.58759388674828],[-134.57404082162645,-15.628882880640347],[-134.46289592390775,-15.696106235014582],[-134.40373221456997,-15.7343821655044],[-134.28360304284598,-15.816086434041623],[-134.17139927255812,-15.89709994950286],[-134.08159984295827,-15.966856614940767],[-134.02337741353668,-16.013934400951726],[-133.94364251189234,-16.081904118879862],[-133.8932640745772,-16.127025293981973],[-133.82575728986694,-16.190330113344004],[-133.72249332660556,-16.293428003299624],[-133.6434469000542,-16.378649593204074],[-133.58325300652075,-16.447358082609256],[-133.50706170623255,-16.53984357132363],[-133.44848643679939,-16.615715905464555],[-133.3923910101368,-16.69285835572842],[-133.3199479573321,-16.79962722881342],[-133.26544865553086,-16.886103615789096],[-133.21946726360315,-16.9641749371236],[-133.16359372217227,-17.065480741742746],[-133.13292664884563,-17.125332240890103],[-133.0873988875485,-17.219058789531374],[-133.05632463807137,-17.287013214488084],[-133.0302052097025,-17.347759191933008],[-132.99202733049674,-17.443189444137403],[-132.94972298043098,-17.56049441638416],[-132.91825476044863,-17.65816795548666],[-132.89766964124075,-17.72847140423184],[-132.8697709680556,-17.834686141152332],[-132.8497375847216,-17.921895829029168],[-132.83401291986019,-17.999724005158626],[-132.81650479326146,-18.09998384877551],[-132.8059031757907,-18.172283028938494],[-132.7944568314174,-18.267888352165542],[-132.78919224242776,-18.322436585180085],[-132.78253568007744,-18.413463320475685],[-132.77777241366573,-18.529500832297472],[-132.77695891482182,-18.60992260824159],[-132.77848157226657,-18.702545781362588],[-132.7859107340929,-18.84237312851691],[-132.79888161909116,-18.976704371509314],[-132.81723684860145,-19.109459379047024],[-132.82679656191155,-19.165968025304053],[-132.8430616941418,-19.25011036490133],[-132.77212262256074,-19.3246762880801],[-132.70660662929225,-19.397690086628074],[-132.6648046405215,-19.446451350449266],[-132.60856608225868,-19.515510071832267],[-132.53860160957646,-19.60628344292634],[-132.48645185766685,-19.6782057343071],[-132.41074743324725,-19.789929444687928],[-132.34552260448442,-19.894295480352],[-132.2966557782413,-19.97839601496402],[-132.25984470576833,-20.0454500216011],[-132.20038542434764,-20.162311994103135],[-132.16710389772652,-20.23311210424005],[-132.11252840266354,-20.360053331995545],[-132.0673339517004,-20.477245634478294],[-132.0412846200889,-20.55209061459],[-132.00526470100493,-20.665789452920833],[-131.9780908040471,-20.764078649909692],[-132.14361111116375,-21.05138888878612],[-132.38972222180286,-22.381944444480467],[-132.6863888885361,-24.06888888851121],[-132.99222222257725,-25.677777778121893],[-133.4247222222526,-26.568055555519393],[-133.43269348461638,-26.584254071368235],[-133.55400457145362,-26.614963252751835],[-133.63099915788456,-26.63241943181113],[-133.7290167191461,-26.652361099585022],[-133.83433196584738,-26.67096382611959],[-133.9768430743482,-26.691463941407576],[-134.10868523763338,-26.70586273307846],[-134.2049047708383,-26.71359474250319],[-134.277196460548,-26.717906319920672],[-134.36424678496098,-26.721375245171288],[-134.50528640294488,-26.72299948014181],[-134.57837631111778,-26.721890895748103],[-134.7081983147003,-26.716660553841407],[-134.85388004153043,-26.705780145637135],[-134.94261313688662,-26.696542830287257],[-135.02303272208218,-26.6864389084287],[-135.1207557220988,-26.67195099394317],[-135.23071205062047,-26.652620671806417],[-135.30475106191176,-26.637817915464225],[-135.4354613618522,-26.624898266641623],[-135.55591338029805,-26.609137212512252],[-135.64317924792383,-26.595385484852187],[-135.72338131859283,-26.58097948961155],[-135.8341015843205,-26.558287707611456],[-135.9673679355816,-26.52655123335265],[-136.0373400830781,-26.507914069078836],[-136.15295497649072,-26.474041563767017],[-136.26713493592842,-26.436725242275955],[-136.38090095181735,-26.4601130293927],[-136.48387327932818,-26.478334903832618],[-136.54348379793868,-26.487580688098106],[-136.66236584200993,-26.503319103593668],[-136.74523747912622,-26.512169058455143],[-136.85899915039022,-26.52158250962499],[-137.013310169029,-26.529242541809722],[-137.13527774836916,-26.53112894984102],[-137.22421163625773,-26.530093273485676],[-137.32419099571774,-26.526637249009653],[-137.43510332875547,-26.51988236018269],[-137.5125723534312,-26.51332440759515],[-137.6117437529718,-26.502766539444124],[-137.70253640013453,-26.49090853849806],[-137.83072983221592,-26.47055753530192],[-137.93382135856876,-26.45104556989692],[-138.00479825113817,-26.43596146874674],[-138.1144703273435,-26.40994193437271],[-138.19995750863194,-26.387334357694357],[-138.30779397591107,-26.355832743186483],[-138.39270383111673,-26.328639388496768],[-138.45840240294837,-26.306075466709302],[-138.53873158829194,-26.276685610552377],[-138.6325979878066,-26.239725054567444],[-138.7047979520637,-26.20936183877771],[-138.79396123182534,-26.169550492161378],[-138.91087644778963,-26.11308925546463],[-138.98624177293942,-26.074004951367286],[-139.04532392995526,-26.04176339626352],[-139.12033359392,-25.998803999804608],[-139.20740791134597,-25.945905964288627],[-139.31214004392763,-25.8777153314973],[-139.38726260788286,-25.82550003339965],[-139.4701044045945,-25.7645246802697],[-139.5250010394662,-25.722022927216273],[-139.60786660615884,-25.654419247749914],[-139.6742845681781,-25.597087571634034],[-139.7851144558672,-25.49502856681474],[-139.86521760111117,-25.472439857013597],[-139.9458494038267,-25.447807616827987],[-140.02178053114642,-25.422864643788174],[-140.14890720000713,-25.377080658445507],[-140.26228246226572,-25.331860363664788],[-140.3215059063723,-25.306540416406918],[-140.41644817474338,-25.263337075245616],[-140.53454790036506,-25.20506897105608],[-140.603336000456,-25.168649533549072],[-140.6787366078081,-25.126526667571582],[-140.76953822121175,-25.07258611635605],[-140.86603680055765,-25.067675661502477],[-141.0061327113553,-25.05633122020953],[-141.09504206393996,-25.046496271185816],[-141.1693173945818,-25.036696469466293],[-141.25343236241338,-25.023839665268213],[-141.32865031026336,-25.010736190522692],[-141.42158229798457,-24.992432927437534],[-141.52541401494477,-24.969143158329956],[-141.60537456818156,-24.94917834290615],[-141.7183244690989,-24.91785203414385],[-141.81564541370477,-24.88790363064797],[-141.66199181117287,-24.96245350002887],[-141.5731037230582,-25.008990970656654],[-141.4736236402187,-25.064610286335522],[-141.40646030569837,-25.10458730695855],[-141.31522478649464,-25.16144332894625],[-141.25585379421713,-25.20039446143518],[-141.1921737839928,-25.243979776145537],[-141.11698688073977,-25.297945643276734],[-141.04044703290413,-25.355878305739083],[-140.99416980629132,-25.392420346921398],[-140.92615433355542,-25.44839899571687],[-140.8182311221684,-25.54295678592679],[-140.72703277644126,-25.629087827840763],[-140.6478559796696,-25.70887294043378],[-140.59584546619516,-25.764051997501582],[-140.53828238732214,-25.827788506734038],[-140.46871018902385,-25.90949867122653],[-140.4164627536531,-25.974362976170212],[-140.3568837427904,-26.052431415177537],[-140.30833258398133,-26.11963193306717],[-140.26377214786612,-26.184469072189785],[-140.2084960323659,-26.269735733417264],[-140.14668558227373,-26.372288003788256],[-140.11002960238415,-26.437334207407517],[-140.05459382574435,-26.54284016254337],[-140.00627433319374,-26.6432548109607],[-139.9672273653504,-26.731562303057686],[-139.9391867728511,-26.799810914242215],[-139.9075991112099,-26.88262070588077],[-139.87376066052582,-26.9801212217168],[-139.85159463838164,-27.050303604627544],[-139.83111425601794,-27.12089789322313],[-139.81233212912434,-27.19187132610074],[-139.78883759158157,-27.29217208527345],[-139.76629063910158,-27.406735457175515],[-139.7442861657737,-27.551263436558273],[-139.73667935007182,-27.616552554256785],[-139.72931508422369,-27.69650390922797],[-139.7244850314589,-27.769306002869556],[-139.72036240340202,-27.89322297426078],[-139.72100708780664,-28.00260849498595],[-139.7248213734075,-28.097351264948813],[-139.72925431793232,-28.16286817822369],[-139.73819762691875,-28.25733220151973],[-139.74616907634152,-28.322585074741326],[-139.7589256582923,-28.40855812735552],[-139.77566445175285,-28.50359938230551],[-139.8026020860172,-28.630214356706986],[-139.8279200367802,-28.729826121877934],[-139.84604216471402,-28.79348245295276],[-139.87012935998183,-28.87083311245803],[-139.89388458220765,-28.940689022580244],[-139.9209234054905,-29.014097727827746],[-139.94947840750234,-29.08579372729858],[-139.97531261768293,-29.146439358389514],[-140.01032526549835,-29.223369226908204],[-140.0556799234896,-29.315462640888114],[-140.09067048575412,-29.381616282265412],[-140.15014963229964,-29.48600639637803],[-140.2016096590583,-29.569422544214902],[-140.24730592632721,-29.638970135263463],[-140.29055200327224,-29.70133363244112],[-140.33996972272433,-29.768948199099967],[-140.41042818491255,-29.85941196688863],[-140.45933849067856,-29.918562464286097],[-140.50977394681004,-29.976751258163816],[-140.56673441516097,-30.039336856410642],[-140.61450216014651,-30.089485721089062],[-140.670765018091,-30.14601471091001],[-140.73334784013048,-30.20589803076929],[-140.81088754702256,-30.27614109723369],[-140.87105029253672,-30.327839946156445],[-140.96162726248798,-30.401425814249848],[-141.01486649988902,-30.442466621337374],[-141.09249672534332,-30.49953722696128],[-141.19407979454667,-30.56989962716598],[-141.28067920248304,-30.625892003213238],[-141.34947693611144,-30.668030750318692],[-141.42642344928254,-30.712833417927712],[-141.50466566069147,-30.755981730472428],[-141.56941332266655,-30.789955104644164],[-141.67498910116583,-30.842030322541135],[-141.76912396449913,-30.885263315249702],[-141.86988693563336,-30.928322836829338],[-141.96647431313883,-30.966676991249955],[-142.08410033346343,-31.009509430415818],[-142.17460600786086,-31.03982109436791],[-142.25182412438357,-31.063806828122466],[-142.34014911189172,-31.089286482385106],[-142.47807051953856,-31.12493267650173],[-142.59281511022897,-31.150868837426813],[-142.6753464618695,-31.167479925358194],[-142.82453109123674,-31.193294973683948],[-142.91695089976395,-31.20655972295272],[-143.00931692703438,-31.217820198143585],[-143.08511758340973,-31.225566893497216],[-143.16954326790733,-31.232622511119914],[-143.30495898536873,-31.24050490607648],[-143.39609148903082,-31.243439407402505],[-143.55091046994204,-31.24407875792818],[-143.6780930298692,-31.24050490607648],[-143.81350874733067,-31.232622511119914],[-143.8979344318284,-31.225566893497216],[-144.00736300130131,-31.21394903671856],[-144.1079679885316,-31.200791514516666],[-144.2164303290962,-31.18389605196117],[-144.3077055533684,-31.167479925358194],[-144.39023690500895,-31.150868837426813],[-144.50498149569927,-31.12493267650173],[-144.63872317283597,-31.090433301455576],[-144.74282757862983,-31.060224693514684],[-144.86030177450715,-31.02332244687331],[-145.00286433052423,-30.973229771836273],[-145.13946085873152,-30.91957530665499],[-145.23984593114454,-30.899143737693137],[-145.30730980830083,-30.88401365600535],[-145.41841267980118,-30.856578980835224],[-145.5153119718698,-30.830027802341093],[-145.59393846268972,-30.80663344567678],[-145.74113794296153,-30.75820143444851],[-145.82673501600806,-30.72716958350931],[-145.89607194086716,-30.70041841108062],[-145.99504885482065,-30.65966067280165],[-146.10001249268228,-30.612996382477007],[-146.18121946400686,-30.574340806782587],[-146.24627606468846,-30.541728890176003],[-146.31874002763016,-30.503537299906426],[-146.39930400887283,-30.459317998226922],[-146.4834855004554,-30.41102555098827],[-146.58649404276565,-30.347934806246215],[-146.67369298554263,-30.290859535838834],[-146.72637082655234,-30.25465255597051],[-146.82824954428088,-30.18068287611375],[-146.90950265712166,-30.117653955265624],[-147.010321314277,-30.034036357491757],[-147.08350445426709,-29.96922127694019],[-147.177739144146,-29.880096087064558],[-147.2318542528713,-29.825774410360538],[-147.28999488175816,-29.764537912094767],[-147.38398821968036,-29.658683021803924],[-147.46773741884658,-29.55612446966839],[-147.53489180421332,-29.46716719401067],[-147.58201585224953,-29.401150122779853],[-147.63334803948044,-29.325273558228062],[-147.67015317822646,-29.267835541776634],[-147.71855519796384,-29.18777654695002],[-147.7827207242819,-29.073575542477172],[-147.82381644037628,-28.993881792910287],[-147.8717415118611,-28.89296125605702],[-147.90154884320447,-28.82492967286602],[-147.93226340073522,-28.749634858161997],[-147.9660190877106,-28.659425689344033],[-147.9899132435013,-28.589620594514685],[-148.0120488155003,-28.519368434105843],[-148.03627536701435,-28.434524283368788],[-148.06942089275984,-28.299114553593654],[-148.09222680592217,-28.184727994701078],[-148.10881926709527,-28.08166916679852],[-148.11544498989423,-28.032936618330197],[-148.12698153806753,-27.92871002254941],[-148.1359341307554,-27.80314804814377],[-148.13861690644484,-27.732693719239563],[-148.1395236029319,-27.62896224521127],[-148.13724409943552,-27.534938274581535],[-148.13408974354667,-27.47259447525461],[-148.12544660487674,-27.36347133443435],[-148.10963817086468,-27.231534063346217],[-148.20276454075082,-27.220698644626523],[-148.3253335066359,-27.20309752543035],[-148.39993612755,-27.190460045194826],[-148.51946679145902,-27.16720875358098],[-148.60651151219645,-27.147877558202666],[-148.67731175363429,-27.130643340817386],[-148.7632716860394,-27.107843487286985],[-148.9024695167547,-27.066477198463843],[-148.97200838617798,-27.04370172645345],[-149.04719312656133,-27.017396527827344],[-149.12984156273774,-26.98648480472987],[-149.23954796786427,-26.941995731617524],[-149.3344130024579,-26.900718001734305],[-149.3922507495722,-26.8740885255648],[-149.51513356985834,-26.813461889954084],[-149.5912370855229,-26.77302950750557],[-149.6850939621165,-26.769886310404758],[-149.79736827162827,-26.76341201994856],[-149.87886184070112,-26.75675972757925],[-149.98245746134256,-26.74602781543122],[-150.0628862439048,-26.735761453528042],[-150.18233399211985,-26.717449481408238],[-150.2626246900772,-26.70304097076408],[-150.38134795704235,-26.678605628147025],[-150.49124884146084,-26.65257945587709],[-150.615635884888,-26.619062259215767],[-150.6926493930548,-26.596089390512788],[-150.77558196553503,-26.569422847885917],[-150.86741311472343,-26.53741100121664],[-150.9497228428349,-26.506514136717954],[-151.02377781349503,-26.47684915906123],[-151.13339632158284,-26.429577677067996],[-151.2054458058791,-26.396237592890472],[-151.28369987394981,-26.357899580401195],[-151.41625802618677,-26.287644580832605],[-151.52517971976823,-26.224597661852513],[-151.61669320592654,-26.167646822542636],[-151.71582172039598,-26.101558042069897],[-151.8107909171669,-26.03362416032664],[-151.87737754613664,-25.98311319351896],[-151.95288343082547,-25.922672480150723],[-152.0259748165845,-25.937982803963024],[-152.16662767392782,-25.963429069096165],[-152.25523741377538,-25.97673652267231],[-152.32659585361557,-25.98598533315655],[-152.422033347161,-25.996315800533722],[-152.50178180788413,-26.003161985836826],[-152.6136760854829,-26.010052484334565],[-152.68571797680295,-26.01281567110614],[-152.77382427437053,-26.014437231492906],[-152.87834264619607,-26.013874871028307],[-152.9509694448838,-26.01189399011541],[-153.05575706653514,-26.0066889389432],[-153.19244146030505,-25.99573701485123],[-153.3045816035579,-25.983189674563747],[-153.43453222907897,-25.964598991750023],[-153.51751433441876,-25.95038128396898],[-153.6389911420274,-25.92631928770487],[-153.74845022909466,-25.9012017823363],[-153.82605864958697,-25.881366266040246],[-153.973241132672,-25.83901428158363],[-154.08867495298654,-25.801328265886653],[-154.169130726002,-25.772632844629896],[-154.2728758022763,-25.732598390603158],[-154.35336650855731,-25.6990926261237],[-154.42571102714214,-25.667087249177058],[-154.51851800640063,-25.62330274092868],[-154.59589901532712,-25.58436933587606],[-154.71747901834192,-25.51846729423012],[-154.81683309537084,-25.460626162966847],[-154.8792379883423,-25.422066616880684],[-154.98337476793108,-25.353690114906826],[-155.04704352403928,-25.30926053014926],[-155.1095857129103,-25.26355427500974],[-155.1819274382006,-25.20800947895414],[-155.27494148995763,-25.131916181386458],[-155.40264072748738,-25.110887807925806],[-155.55124977635586,-25.080896509466257],[-155.67518818938328,-25.051201632948803],[-155.7520110619608,-25.030599938336408],[-155.82829627125568,-25.008439597209488],[-155.94857103242708,-24.96998661269187],[-156.0238407020865,-24.943609260558873],[-156.14224487430127,-24.898432621568162],[-156.14251414301305,-24.894171157073018]]]}},{"type":"Feature","properties":{"id":3,"country":"Solomon Islands","iso":"SB","area_km2":1640378},"geometry":{"type":"Polygon","coordinates":[[[171.62667518563612,-14.955219735949441],[171.41261645570424,-14.846392191013663],[171.1884916123618,-14.717354959268334],[171.06762792736,-14.647769119971912],[170.8892229028879,-14.534410942134144],[170.71883634709272,-14.420013818006296],[170.55644718256448,-14.304576251115932],[170.40203487778055,-14.18809672700533],[170.05833122070962,-13.927230252973587],[169.73533706565357,-13.81526339289104],[169.56745914352572,-13.751042175156002],[169.4075497974857,-13.684182094727717],[169.2567549391894,-13.614284980367273],[169.11436895156632,-13.541583960631115],[168.98085743432378,-13.465912456794314],[168.85647626256994,-13.387175126330888],[168.74102863046764,-13.305431346079686],[168.63465660841635,-13.22062454688519],[168.53737513595425,-13.13274159235047],[168.44910031802632,-13.041803240626976],[168.2242803636482,-12.7751345642085],[168.05896629355996,-12.57919264922117],[167.82011987043634,-12.296256359343388],[167.7510468750137,-12.322824043094855],[167.6463272690889,-12.356938712451395],[167.53882721390542,-12.38550720609254],[167.43249648962208,-12.407331999372175],[167.3268957702243,-12.42494872450392],[167.22245765479752,-12.435860815823702],[167.1190862944977,-12.440620920219146],[167.0161122987444,-12.443091640266815],[166.9142871680189,-12.438934806495936],[166.8137006609576,-12.427630572092895],[166.7140660979724,-12.410831697624445],[166.51809439923758,-12.36766525025098],[166.24173480651697,-12.311003473731077],[166.09077867099919,-12.291618612209064],[165.93121123730933,-12.282150029899825],[165.7630452740207,-12.282592322777262],[165.58629412437486,-12.292938155071411],[165.40097168379683,-12.313178284450146],[165.20709238010986,-12.343301584500423],[165.00475656596316,-12.383197182303846],[164.7939172976459,-12.432921691982415],[164.574576973649,-12.492473908444026],[164.41257814726444,-12.541796476925654],[164.15406291697073,-12.628272826129674],[163.9523367307559,-12.993448245539824],[163.91974716230223,-13.051507104469138],[163.80509426289066,-13.251930726121884],[163.7144738844627,-13.399282719721526],[163.6182507494731,-13.546653200684432],[163.55784738315074,-13.634086439337466],[163.55140826877707,-13.693921144545072],[163.531738114423,-13.841025498127948],[163.50821663409093,-13.9881428235324],[163.48083625279136,-14.135273092878847],[163.44958927502583,-14.282416277389075],[163.4144678883828,-14.429572347385687],[163.37546415814532,-14.576741274090423],[163.3563159001591,-14.642456665942248],[163.30859653600132,-14.787536340729389],[163.16666666653376,-14.834166666358456],[162.32388888886172,-15.204722222352487],[160.2483333332174,-16.126944444030713],[158.76083333343936,-15.73527777782381],[158.73400131021307,-15.708245889236267],[157.9952852009787,-14.964027238567155],[157.71666666663404,-14.683333333266404],[157.44420203202858,-14.44888701972755],[157.25275882475384,-14.284156818090153],[157.02980319444592,-14.092311275840643],[157.0383333333339,-14.067777777777692],[157.60083333333372,-12.436388888888885],[157.16111111111118,-11.373888888888871],[156.03787200783043,-9.96135999067333],[155.66386895117287,-9.491032591985643],[154.585555555556,-8.135],[155.11222222222264,-7.24666666666657],[155.5083333333338,-6.958333333333258],[155.69361111111132,-6.925833333333244],[155.89048443767078,-6.858381576004689],[155.94130939108496,-6.817668393654529],[156.0397222222226,-6.658333333333246],[156.0358333333334,-6.55],[156.21883460092218,-6.410356951405518],[158.23527777777807,-4.871666666666684],[160.48027777777824,-4.751388888888769],[162.03889687579297,-4.342433195906494],[162.13331213670776,-4.317660203900473],[162.75123920969682,-4.155526431339538],[162.80337908773717,-4.141865966186884],[162.8104168223514,-4.139944961356122],[162.8520409341983,-4.249203374958498],[162.87927400982906,-4.327604368485837],[162.90806840318098,-4.418109689459314],[162.92847553981713,-4.488264125815832],[162.94735929155527,-4.558847329373037],[162.9728083955391,-4.665453017992718],[162.9999586017951,-4.800937193223959],[163.01352764865808,-4.882681356580363],[163.02404415580233,-4.956533983036891],[163.0328667064808,-5.029991744708838],[163.1295065685031,-5.035607536940873],[163.22388405798293,-5.043930238009992],[163.29630104796925,-5.052147287085461],[163.39735390102103,-5.066294532594853],[163.46394762957996,-5.077304778592534],[163.5708477845641,-5.097903455992849],[163.629707712142,-5.110749644580224],[163.72726535784236,-5.134506358058331],[163.79189425016514,-5.151961445359319],[163.88176774818388,-5.178556871202332],[163.97087330673733,-5.207656023518439],[164.02964995238418,-5.228342877421653],[164.12316137161926,-5.263894060333328],[164.2551860046522,-5.318394315157207],[164.31875539719206,-5.345968509769548],[164.38339692412077,-5.375628037141169],[164.4815915595921,-5.423912740613389],[164.57178857459635,-5.47184186405913],[164.6667788791428,-5.52621225429192],[164.75996399814065,-5.583647820989896],[164.82103587503408,-5.623611288148155],[164.92283192488847,-5.694563079777154],[164.99889041349687,-5.751323885149816],[165.08518573343557,-5.819906212901174],[165.1350002076941,-5.861667713294096],[165.20628827738287,-5.924349653213611],[165.2546060050511,-5.96891226749041],[165.3124625015544,-6.024648975673529],[165.40424618551364,-6.11878168292823],[165.45363457807392,-6.172606168539687],[165.51673146608513,-6.244885022225901],[165.5991842007907,-6.346079047409731],[165.63750460209766,-6.396005637157515],[165.69103634139023,-6.468979319115888],[165.7286834170492,-6.522907499979738],[165.7692690900889,-6.583677216429464],[165.80842488909403,-6.645142094261431],[165.91023082849986,-6.606259612541038],[166.03879389955202,-6.56262877550077],[166.108678969654,-6.541281060412047],[166.1790066942414,-6.521450649849513],[166.24974431971881,-6.503146803603286],[166.3208589090456,-6.486378068425793],[166.39231735617275,-6.47115227416414],[166.47641720305174,-6.455260412738397],[166.60842256083598,-6.434800007834113],[166.70997274795937,-6.422653578673319],[166.7754327408799,-6.4164759334965],[166.88657662109196,-6.408914411148857],[167.00156027643717,-6.404959802439635],[167.07460997281865,-6.404485427773253],[167.16225612186005,-6.406007239102109],[167.29358242745903,-6.412546564593441],[167.41002725143485,-6.422653578672353],[167.51157743857746,-6.434800007835534],[167.64358279634988,-6.455260412738397],[167.7419980636448,-6.474077262921838],[167.83474344009127,-6.494570040902346],[167.90567367553874,-6.512107355240943],[168.0183309729895,-6.543348001683697],[168.08816997731938,-6.564846931730926],[168.20967669324037,-6.60622598748985],[168.3049954524828,-6.64238477251601],[168.41884424828712,-6.689654312946871],[168.48851482388343,-6.720995855801746],[168.57852718641905,-6.764337046315248],[168.63086691610786,-6.791070499158053],[168.70334802116466,-6.830017801912845],[168.7931871408422,-6.881527182879964],[168.86290631656746,-6.924069021145968],[168.94727525977058,-6.978723958046317],[169.01974124910012,-7.028586116681211],[169.08080671978664,-7.072815815443917],[169.14584103846815,-7.122248120926088],[169.2587591851471,-7.213117526406464],[169.32641031484334,-7.271288548851857],[169.43132972599446,-7.363987258805992],[169.53400224319196,-7.457409416684555],[169.62355710473682,-7.542766510605546],[169.69580156912522,-7.616329806152891],[169.7657737649038,-7.692059310380671],[169.84714627635682,-7.786295049585718],[169.8821505931186,-7.829032160791044],[169.93940875400122,-7.902232305863464],[170.00862923090963,-7.996604719027943],[170.07051814741405,-8.087206392402848],[170.1361001041462,-8.19069199925687],[170.18369830250052,-8.271368182043702],[170.3175154853192,-8.28721670776659],[170.43612493026134,-8.305752621135952],[170.53569468702878,-8.324686509509192],[170.61475920821667,-8.341908663534824],[170.69899283772193,-8.362437252156099],[170.79378924397602,-8.388284832630646],[170.9178205897708,-8.426599054147701],[171.00525632613235,-8.456730549693376],[171.08296396883796,-8.485815170635945],[171.15106458530042,-8.513074364119646],[171.24538679347185,-8.553688655000826],[171.33183512475554,-8.593922711590395],[171.44961125825355,-8.653587143531766],[171.53367422036447,-8.69974091221465],[171.62341683926266,-8.752544011892951],[171.73535270611606,-8.82370470581563],[171.7930727627622,-8.862822786105028],[171.85806678765275,-8.908925558267754],[171.9360105612444,-8.96731677823665],[172.01990177612996,-9.034144155365496],[172.0807735699449,-9.085497022469227],[172.17361582241304,-9.168652947875117],[172.26725059703793,-9.259076868502305],[172.36182413770027,-9.33429526607594],[172.42150224333474,-9.384704114802958],[172.47546121698505,-9.432306230101375],[172.54740028089893,-9.499023585170221],[172.61278001248823,-9.563132121449897],[172.65840503181076,-9.609985601286951],[172.72512559776138,-9.681881499366654],[172.78262837080356,-9.747306655677463],[172.85651752189082,-9.836697405587145],[172.90607748396067,-9.900294102519823],[172.96693355940468,-9.98289457100978],[173.0088519382363,-10.042995981487337],[173.0534429430455,-10.110129858908877],[173.0925768694274,-10.17205757409755],[173.14141879074563,-10.253795889168714],[173.1774074017309,-10.317577270074665],[173.23207906167627,-10.421185604704988],[173.26123062399145,-10.480276589640823],[173.30744560418688,-10.580253452366279],[173.34441772809672,-10.666882303875127],[173.39388320784454,-10.794855372377427],[173.42385263748966,-10.880992546768326],[173.46428850211308,-11.011063287540551],[173.48189785108994,-11.074474364843255],[173.50342066003603,-11.15952871737619],[173.5242104721365,-11.252262213929797],[173.53768458926217,-11.32006073443361],[173.55217081902904,-11.403175554308248],[173.56302965699368,-11.475444724094643],[173.5722954112347,-11.547929361048261],[173.58397666349973,-11.667724442617043],[173.59063505073917,-11.77164732745156],[173.59245399348939,-11.813797454487627],[173.59301640696142,-11.83080874160791],[173.59322820662103,-11.838108280699842],[173.59332900203302,-11.841755639211229],[173.59340189552145,-11.844532140626328],[173.57958124936007,-11.998995645450478],[173.5423317532403,-12.415306693478144],[173.52524012107685,-12.606327673715114],[173.50497017573346,-12.697043586392141],[173.48536920892278,-12.775060201067348],[173.46385234710922,-12.852593696341984],[173.44264235196377,-12.922618599868272],[173.3994826414104,-13.050435886936853],[173.36700659258068,-13.136543890887552],[173.31632788332595,-13.258291487062166],[173.28294575944054,-13.331693630856151],[173.23785013767431,-13.423936176713042],[173.20386870643406,-13.48897322532737],[173.15258762412006,-13.580992759008524],[173.12778076706903,-13.623089902576737],[173.06558527943784,-13.722887112450124],[173.01242216678313,-13.802366827121602],[172.9482004392996,-13.892182720456105],[172.90820937666197,-13.94506215799204],[172.8625238032317,-14.00289852644562],[172.7818859874599,-14.098924438526552],[172.71272714744075,-14.17574882804584],[172.6618452920072,-14.229333432356526],[172.60975529910272,-14.281812844012919],[172.54568540505815,-14.343289293965654],[172.44648523440688,-14.432365644358867],[172.3610728281495,-14.503617126029454],[172.296907519467,-14.554100442281324],[172.2374887596994,-14.598666762660741],[172.15261949989107,-14.658892893292162],[172.08460365753368,-14.704407620714875],[171.98366951211548,-14.767706800564397],[171.91202713919816,-14.809762558271387],[171.79504969113574,-14.873459404682379],[171.72172022241134,-14.910460462380243],[171.62667518563612,-14.955219735949441]]]}},{"type":"Feature","properties":{"id":4,"country":"Papua New Guinea","iso":"PG","area_km2":2874625},"geometry":{"type":"Polygon","coordinates":[[[151.4204973603652,1.621144834366874],[151.78298594634455,1.077417193948676],[151.96111070429603,0.809609835525706],[152.040085833495,0.691082546122743],[152.23824449638656,0.393454246916178],[152.3145018222015,0.285561742880304],[152.40804668980323,0.161081290469284],[152.50439362906334,0.040544119715648],[152.60354452945663,-0.076047092998749],[152.70549982895434,-0.188691868334914],[152.8102505766033,-0.297403113362762],[152.91779887411943,-0.402178293792986],[152.98501883894872,-0.463595322865672],[153.1074873127897,-0.536713246718833],[153.28578360113292,-0.633697193770331],[153.4817810195788,-0.740442472242137],[153.56274191210971,-0.785848828660406],[153.91821673581413,-0.985608157989887],[154.09940877369652,-1.000187257435883],[154.32056136381632,-1.018211944725365],[154.5689748989728,-1.038601310301999],[154.82213363585922,-1.059580111332934],[155.14176054841087,-1.085847685921806],[155.4851928761506,-1.109467875841688],[155.64734450904226,-1.120645669162045],[155.8754104845069,-1.137118651804272],[156.0186488765451,-1.147443684578278],[156.18809060100082,-1.15121185384379],[156.3943369300055,-1.155428462853209],[156.98993257193095,-1.168135073074993],[157.3097761158754,-1.173110965298591],[157.35731727936914,-1.233923944933977],[157.39814089748492,-1.288551551213004],[157.47174454247713,-1.393298759130289],[157.56699653106566,-1.410220360481105],[157.63106669327394,-1.423228927972573],[157.75838126558355,-1.453009575531397],[157.84532981551914,-1.476418625319141],[157.93356478089018,-1.431613280428351],[157.99921846306214,-1.400376562128557],[158.06553080690188,-1.370584350187485],[158.16616571367697,-1.328635178370646],[158.23711883266876,-1.301340746178369],[158.32985344078432,-1.268455860149629],[158.44060812356625,-1.233143745287478],[158.51743196111678,-1.21112873280471],[158.61592394173695,-1.185796633907401],[158.6938218692841,-1.168017317644967],[158.81417432918263,-1.144358054880129],[158.93692385555178,-1.124995882353858],[159.0089586817983,-1.115798145267931],[159.08840635347067,-1.107504924712316],[159.16078296076583,-1.10162815191751],[159.23326932761816,-1.097337526905164],[159.3348683696801,-1.093999131954192],[159.40021943807702,-1.093502252027122],[159.49459657337334,-1.095052386458349],[159.62512955308674,-1.10162815191751],[159.6975061603812,-1.107504924712316],[159.77695383205392,-1.115798145267931],[159.8489886583001,-1.124995882353858],[159.97173818467,-1.144358054880129],[160.09209064456812,-1.168017317644967],[160.16998857211527,-1.185796633907401],[160.26848055273584,-1.21112873280471],[160.34530439028597,-1.233143745287478],[160.4560590730683,-1.268455860149629],[160.54879368118387,-1.301340746178369],[160.61974680017508,-1.328635178370646],[160.72038170695103,-1.370584350187485],[160.7866940507902,-1.400376562128557],[160.8523477329617,-1.431613280428351],[160.9173117457407,-1.464279704044941],[161.00704347887384,-1.512384513134577],[161.05578925457118,-1.539993264677207],[161.1264168369677,-1.582027995295519],[161.1996022441488,-1.628005597480126],[161.2663422902647,-1.67218951173642],[161.35562665384717,-1.735006399425686],[161.4370825853937,-1.796250018523381],[161.48845478975724,-1.836932237132899],[161.55778433478,-1.894533642413464],[161.6053353674338,-1.935922220933548],[161.6673789910482,-1.992195922003987],[161.74922603775204,-2.06903718751596],[161.83091678498207,-2.149094264088845],[161.87541473170526,-2.195046723927021],[161.96340154804355,-2.290958424591452],[162.02152491264522,-2.35835548841483],[162.08029280606868,-2.430516998560464],[162.11786374091938,-2.478861379848709],[162.16767174005943,-2.545880258067385],[162.2031338870199,-2.595808930038004],[162.2592001216885,-2.678889118138216],[162.3369159311259,-2.80271474269108],[162.3673735289655,-2.854415303922977],[162.4170171859951,-2.943634158189695],[162.4554109672429,-3.017299781759277],[162.5070925347932,-3.124143834570191],[162.53628598351193,-3.189108305104014],[162.5747209905817,-3.280700838972393],[162.59811641294257,-3.340550462133805],[162.63172370728378,-3.432644282607399],[162.65199833465593,-3.492644721176717],[162.69062648732304,-3.614969429395515],[162.71080598530855,-3.685185790491673],[162.72946164503915,-3.755826495796057],[162.75141736791787,-3.848241068470358],[162.76796460398353,-3.926894127961532],[162.77984778234944,-3.989943845631799],[162.7946799447242,-4.080413395161955],[162.80337908773717,-4.141865966186884],[162.75123920969682,-4.155526431339538],[162.13331213670776,-4.317660203900473],[162.03889687579297,-4.342433195906494],[160.48027777777824,-4.751388888888769],[158.23527777777807,-4.871666666666684],[156.21883460092218,-6.410356951405518],[156.0358333333334,-6.55],[156.0397222222226,-6.658333333333246],[155.94130939108496,-6.817668393654529],[155.89048443767078,-6.858381576004689],[155.69361111111132,-6.925833333333244],[155.5083333333338,-6.958333333333258],[155.11222222222264,-7.24666666666657],[154.585555555556,-8.135],[155.66386895117287,-9.491032591985643],[156.03787200783043,-9.96135999067333],[157.16111111111118,-11.373888888888871],[157.60083333333372,-12.436388888888885],[157.0383333333339,-14.067777777777692],[157.02980319444592,-14.092311275840643],[157.25275882475384,-14.284156818090153],[157.12582596429738,-14.23262235263931],[156.99395891317417,-14.185006665924803],[156.8751959438384,-14.14706968901477],[156.75593924130388,-14.113510774602332],[156.62389311087927,-14.081504877847493],[156.61759738531137,-14.081779306869308],[156.39493000051974,-14.145680306600767],[156.21670664719497,-14.196652224520392],[156.03840364451347,-14.247491216346418],[155.8600208818588,-14.298196731693693],[155.68155822613156,-14.348768213881726],[155.50301556311845,-14.399205108029221],[155.3243927795036,-14.44950686105257],[155.14568975567832,-14.499672926164422],[154.96690639451523,-14.549702746684233],[154.78804258359904,-14.599595783918176],[154.6090982204071,-14.649351478487858],[154.4300732024167,-14.698969281806683],[154.25096742170993,-14.748448665973015],[153.92619091647836,-14.731962944434272],[153.74062649621644,-14.722337892679292],[153.5550784732932,-14.712564182091228],[153.36954708692886,-14.702641927782466],[153.18403257184607,-14.692571249363553],[152.99853516726498,-14.68235226554441],[152.81305510700852,-14.671985096834604],[152.62759262759855,-14.66146986554152],[152.44214796375812,-14.650806697570971],[152.11766336767104,-14.631790558986907],[151.81230581995854,-14.524392126295496],[151.63794843807048,-14.46284244542224],[151.4636871460455,-14.401163369193924],[151.2895216650932,-14.339355545122103],[151.11545170833048,-14.277419613524103],[150.9414769933692,-14.215356221012726],[150.76759722703125,-14.153166011502037],[150.5938121188349,-14.090849628007746],[150.42012137470218,-14.02840771624291],[150.24652469425993,-13.96584091922297],[150.07302177893283,-13.903149883560175],[149.89961232295107,-13.84033525137069],[149.72629601784743,-13.777397667468122],[149.5530725569536,-13.714337777566087],[149.37994162460703,-13.651156224679838],[149.20690290964225,-13.587853655421739],[149.03395609010184,-13.524430711008193],[148.86110084762677,-13.460888038052275],[148.68833685666138,-13.397226279568955],[148.51566378985254,-13.333446082170795],[148.34308132164657,-13.269548088873094],[148.08437675978038,-13.173481638266836],[147.77004645298192,-12.996086372587925],[147.4561627063445,-12.81830887975083],[147.14271951419514,-12.640155076395345],[146.97146128241278,-12.558084287359819],[146.80031168783503,-12.475903712685934],[146.50105931913296,-12.331825966295128],[146.39471997574688,-12.183881487640349],[146.28849844085116,-12.035894468354641],[146.18239311724895,-11.887865503789854],[146.07640243922177,-11.739795163215959],[145.97052485004272,-11.591684015904434],[145.86475879208504,-11.443532630226585],[145.75910271491924,-11.29534157095641],[145.65355507530742,-11.14711140196944],[145.54811432911382,-10.998842683542819],[145.44277894029628,-10.850535976853635],[145.3375473764112,-10.702191839481614],[145.2324181095087,-10.553810827207712],[145.12738961523925,-10.405393493115014],[145.02246037284866,-10.256940392984362],[144.91762886877805,-10.108452073604056],[144.7344043693669,-9.848514426099655],[144.58558094910202,-9.740896639767925],[144.43685288669033,-9.63321332214879],[144.2510752638032,-9.498518203974925],[144.07103555187396,-9.445254932354388],[143.80107971406173,-9.365187078834438],[143.50108300955006,-9.39852107903944],[143.33442266907466,-9.548516187663523],[143.0844340950854,-9.548507375810757],[143.00110549728234,-9.665169976393386],[142.85111146524068,-9.673498673852464],[142.85092537100022,-9.36978994899981],[142.83946473300014,-9.342588961999923],[142.8225110040003,-9.32786382099988],[142.80653127900032,-9.322311418999831],[142.73250121291895,-9.336277501103169],[142.69639137512686,-9.337665528042237],[142.5925034719938,-9.355444236380208],[142.5588939010465,-9.37433192239827],[142.52583783958366,-9.361832990807741],[142.49583841448774,-9.366277072088224],[142.3458371856714,-9.2662805684148],[142.27500198515818,-9.229894812735793],[142.2366674718251,-9.191285615522062],[142.21611144570116,-9.187953102779332],[142.1727772752852,-9.197954634417854],[142.1436099662333,-9.196011321923379],[142.10805379074142,-9.21240137911856],[142.0594424581076,-9.260457734633079],[142.05944432082285,-9.44035577773542],[142.05944706920016,-9.755174162777834],[142.0011126792949,-9.765176152949223],[141.73276570844692,-9.92968509069496],[141.5793051679572,-10.023592195956113],[141.38735657076737,-10.140873311751832],[141.23369870173408,-10.23461557844611],[141.07995120278648,-10.328284264706909],[140.92611267895748,-10.421879124721514],[140.77218230287198,-10.51539943003958],[140.6181592516488,-10.608844457605429],[140.4640427006108,-10.702213476270686],[140.30983182687763,-10.795505755785882],[140.1555258102683,-10.88872057039788],[140.0011238270038,-10.981857184461262],[139.73692626993218,-11.053440665254257],[139.56072349089666,-11.10103465042863],[139.38446368315297,-11.148525402425278],[139.29274838013444,-10.990207770971452],[139.20137452543443,-10.832282225894247],[139.7666666666672,-10.399999999999864],[140.48333333333383,-9.866666666666688],[140.8250000000003,-9.408333333333147],[140.95750000000024,-9.203611111110845],[140.98527777777812,-9.181388888888833],[141.02020829901514,-9.126368290898005],[141.00864708413678,-6.975161615700909],[140.92186042699524,-6.975724650261503],[140.80035910699704,-6.644883369090065],[140.91471329052473,-6.282358810731851],[140.9995713552854,-6.281456687316719],[141.00001270902,-2.604209182507532],[141.02499999975097,-2.141666667082589],[141.2498249309763,-1.502997324866442],[141.39999999990053,-1.076388889135629],[141.05576604767484,-0.001687195898228],[140.82596538404366,0.715752675196015],[140.819444444506,0.736111110839275],[140.80974203414266,1.025797356556126],[140.9116280442992,1.115214984584028],[141.00413501511926,1.190259184314129],[141.0780327141388,1.246446351718035],[141.1676310913023,1.310359977031496],[141.24116322040672,1.359671152002363],[141.3272999046675,1.41387962744318],[141.3884317946923,1.450239590984609],[141.46802536787672,1.494904954600131],[141.53229575514527,1.528936225326717],[141.6234813817608,1.574192715121967],[141.7226575297219,1.619548776954773],[141.78957237796348,1.647961685183802],[141.9112813941213,1.695323292736063],[142.0075787843339,1.728900917543413],[142.11158654898023,1.761528870860886],[142.17448301767772,1.779460111395238],[142.2729824842548,1.804866693043707],[142.33669684498406,1.819592937764071],[142.42743623969145,1.838249454549029],[142.53007829208,1.87438098129752],[142.63402207715782,1.907241795173022],[142.73195325583853,1.934808535785635],[142.8377577526184,1.960989843806487],[142.90874360693252,1.976502314530535],[143.0014213410224,1.994346683253013],[143.09078753122006,2.008920313921749],[143.20492585834202,2.055493028980365],[143.25929348950334,2.075985119617712],[143.34854689932038,2.107221249761039],[143.45250307795536,2.140089376923584],[143.5645051878644,2.171350903921223],[143.62089799604612,2.185507900269684],[143.69882295181813,2.203346466566416],[143.76600814166287,2.217146426666488],[143.84242829962656,2.255917492398623],[143.90806347914642,2.287259783012857],[143.97436440159603,2.317153683995571],[144.04802759519762,2.348347413802415],[144.10206062010215,2.369908259658757],[144.1835491538711,2.400384674913042],[144.31042832031105,2.443058246141447],[144.39313187593555,2.467855606351463],[144.49212195056796,2.494526143766734],[144.62266971603495,2.524798086462852],[144.7134610223088,2.54255438367791],[144.76686306577855,2.551813072315539],[144.8562342400185,2.565353720098301],[144.96446706910038,2.578369556809847],[145.03683322897055,2.585063211698071],[145.14561240428932,2.5921203176988],[145.2254973551193,2.595012325158891],[145.35630186713777,2.595590886910202],[145.42894923781782,2.593675942490904],[145.5305507197401,2.588311898375707],[145.6463982848537,2.578369556809847],[145.71860144530072,2.570088399760152],[145.81934812161913,2.555831173969693],[145.87404632737682,2.546784986138434],[146.00889550162654,2.52036735696818],[146.1167835432265,2.495003814174936],[146.2503621750748,2.458244030937578],[146.3345996323674,2.431932226790991],[146.44553483246673,2.393522326994059],[146.52713398194848,2.362370013665384],[146.60113197695964,2.331986794255116],[146.70082318194486,2.287693569203114],[146.7859996141914,2.246671275559166],[146.8942514540419,2.201548746977323],[146.98030898087544,2.162403486831593],[147.05223867187763,2.127381648844164],[147.1425401174329,2.080303227012564],[147.23988848416647,2.02552894850237],[147.3477522404742,1.959564934574288],[147.4210262362724,1.911492435427817],[147.5088221939897,1.850124324078593],[147.56050435059572,1.812054164767986],[147.64792739723228,1.743909159979978],[147.7261606118233,1.678889908142935],[147.7936429718459,1.619406163363962],[147.84917316381078,1.567980869322],[147.96616449209822,1.634726566777772],[148.03690413811572,1.672083190487115],[148.15452135767512,1.729507433821325],[148.2208065078145,1.759386105684214],[148.3214111056382,1.801458421669068],[148.40950095190786,1.83519274704787],[148.49195691607926,1.864147574151389],[148.60279200904452,1.899320636738238],[148.67966724464785,1.921229390724079],[148.74294254556256,1.93777788943828],[148.81361102193134,1.954689823976409],[148.9131273456512,1.975751427386697],[148.9701878860627,1.986424527470248],[149.05630246678564,2.000512704098298],[149.1354677351484,2.011444872782832],[149.26550444467492,2.025196622026783],[149.34519576607224,2.031073008112969],[149.4250082351426,2.035019289908448],[149.52609583725328,2.03723199176325],[149.59951649808843,2.036455683483197],[149.73286632532117,2.030921322161433],[149.87082912786244,2.020681758256572],[150.00265231994925,2.006011010699865],[150.0590116229885,1.997815345901756],[150.15557595446703,1.981867472006513],[150.22796068803567,1.968166896884739],[150.3539835721845,1.940328371257451],[150.41953779923065,1.923788592369803],[150.52605205176158,1.893851909738103],[150.59648271950246,1.871919535958057],[150.66296879077734,1.849671952498838],[150.77743215986666,1.807820503713629],[150.85669722689582,1.775993093606644],[150.92311391637466,1.747470291820775],[151.0007887571957,1.711899584998079],[151.0576764191318,1.684365381857106],[151.1568835028718,1.671197455398556],[151.29295496100335,1.648125371688863],[151.4204973603652,1.621144834366874]]]}},{"type":"Feature","properties":{"id":5,"country":"Wallis et Futuna","iso":"WF","area_km2":263925},"geometry":{"type":"MultiPolygon","coordinates":[[[[-177.383341879024,-15.9193064582264],[-177.467251991186,-15.8802461147663],[-177.55024490278,-15.8396678002287],[-177.630677484078,-15.7983380427663],[-177.708553581482,-15.7562567155747],[-177.79629958186,-15.705984358691],[-178.286362315968,-15.412486749064],[-178.532010219096,-15.2660148545018],[-178.60309539004,-15.2246046796621],[-178.687869077995,-15.1782388455462],[-178.777055160067,-15.123845763571],[-178.842163699295,-15.080149967147],[-178.995019576192,-14.9722684141559],[-179.042387791963,-14.9372932177078],[-179.135292421408,-14.8631333995867],[-179.180819268094,-14.8239245321913],[-179.270115580969,-14.7414570351139],[-179.357191215902,-14.6538625884875],[-179.441779873742,-14.5605212716393],[-179.58739737369,-14.3900189200371],[-179.953454087876,-13.9629432346398],[-180,-13.9086437003001],[-180,-12.9380141321903],[-179.854483333333,-12.8432305555555],[-179.583494444444,-12.6661166666666],[-179.358652777778,-12.5187138888889],[-179.250302777778,-12.447561111111],[-178.837269444444,-12.1756583333332],[-178.566219444444,-11.9967027777777],[-178.273683333333,-11.8031138888889],[-178.090258333333,-11.4861722222222],[-177.950277777777,-11.2432888888888],[-177.804977777778,-10.9904361111111],[-177.714488888889,-10.8325],[-177.599566666666,-10.7150972222222],[-177.419655555555,-10.5308722222222],[-177.288205555555,-10.3962138888888],[-177.125538888889,-10.2293666666667],[-176.897957313413,-9.99580713312248],[-176.786313888889,-9.8811833333332],[-176.785779992815,-9.87724444889975],[-176.67718257083,-9.86118884579325],[-176.612583764547,-9.85301541462182],[-176.504615618172,-9.84210433407456],[-176.437847234765,-9.83712698803818],[-176.316837462299,-9.83134643323251],[-176.212295783751,-9.82964154567524],[-176.082563985998,-9.83190039460696],[-175.984367497181,-9.83683427506361],[-175.910912373811,-9.84237870744339],[-175.837593826709,-9.84949216237106],[-175.717212824854,-9.86464371590733],[-175.619836345133,-9.87987750909974],[-174.852228182185,-10.5023220185461],[-174.631310642472,-10.6756509780101],[-174.380946357288,-10.8719216383728],[-174.267376474544,-10.9608253045441],[-174.273805270996,-11.0299439936203],[-174.302565755505,-11.3604219065456],[-174.31366648623,-11.4878653912053],[-174.358435383086,-12.0018409448036],[-174.365821209281,-12.0837098036644],[-174.383262391246,-12.3170076939498],[-174.400656968544,-12.5494102884539],[-174.427004578299,-12.9073015949925],[-174.429890016211,-12.9468686956337],[-174.454051421735,-13.2798467184512],[-174.465055266387,-13.4317330272573],[-174.477809025366,-13.6262429967168],[-174.494592962095,-13.8870234267896],[-174.508523002834,-14.106277678472],[-174.511394471578,-14.1546402206695],[-174.685640549771,-14.1931519902721],[-174.920041535888,-14.2492249482726],[-175.213675033975,-14.3191190678906],[-175.416423896845,-14.3671573748129],[-175.711907738351,-14.4371254133071],[-175.900619241684,-14.481910479385],[-176.088770388243,-14.5263099989072],[-176.293889888307,-14.5741176818854],[-176.455301267639,-14.6115196080433],[-176.665423582033,-14.6610684459519],[-176.786207280342,-14.8735324816386],[-176.916792697725,-15.1030698729762],[-177.217521976258,-15.6236011020092],[-177.383341879024,-15.9193064582264]]],[[[180,-12.9380141321904],[180,-13.9086383388899],[179.757270019565,-13.6189018290053],[179.504999999905,-13.3177777778167],[179.535055555556,-13.240386111111],[179.707230994819,-13.1285448543456],[180,-12.9380141321904]]]]}},{"type":"Feature","properties":{"id":6,"country":"Northern Mariana Islands","iso":"MP","area_km2":766463},"geometry":{"type":"Polygon","coordinates":[[[148.07709548426934,12.227880121070868],[147.08060843063495,12.791390594600358],[146.0604587768511,13.357798682862992],[145.94371595732585,13.422702414984542],[145.73434442755334,13.538465901580182],[145.58719113106613,13.618335045026399],[145.28079158926042,13.764226642145928],[145.21488082239208,13.793938986195414],[145.1088205863014,13.836717656694617],[145.05859880639017,13.852268156150643],[144.92970786822386,13.919195069696826],[144.69853013775563,14.042749122374204],[144.47203406562008,14.16465743009644],[144.17090239353072,14.326199613121702],[143.95595105160024,14.442257774277024],[143.37212800650255,14.855216040987656],[142.0951959460364,15.726687346843676],[142.15536132926192,15.831487764049129],[142.1989391840963,15.90218762405972],[142.18894418272797,15.974966387488948],[142.17719190877997,16.0817356472824],[142.17090361520977,16.155604455581212],[142.16486174397463,16.260560041812653],[142.1623504483147,16.351396835795526],[142.16222816839561,16.4246151024052],[142.16373997462009,16.49762924359483],[142.1669013209394,16.570593754798026],[142.17539123761574,16.687148181643394],[142.18284119266715,16.759821334087434],[142.19710393939553,16.868493148340278],[142.2181450652429,16.9930144713408],[142.22855095246447,17.04567556967197],[142.2520002675984,17.15048123891819],[142.27618678219451,17.244427922710642],[142.2978198283229,17.319957616051212],[142.2761704675933,17.415958809151775],[142.25978153199222,17.499630735869914],[142.2387961353335,17.629513097451593],[142.22535786097674,17.73828014541256],[142.21845372875666,17.8109991758714],[142.21365461357007,17.8765577628306],[142.20988937609425,17.94948687671814],[142.2073491375526,18.062248130447017],[142.1918752009798,18.131511106752257],[142.17452123166967,18.2195073201069],[142.15381727334878,18.344209932042745],[142.0908932871956,18.451159920494092],[142.05537094051672,18.51582997277511],[142.02296466198985,18.577954482313658],[141.98363687094505,18.630018138526395],[141.9315912947027,18.70223461433605],[141.873347678153,18.788076137503808],[141.8329756321199,18.85105242912634],[141.77242703517973,18.951773951406864],[141.72208605013148,19.042073448131234],[141.69123605020368,19.100874453693223],[141.64878881135488,19.186780073341808],[141.5941989954877,19.30752897688089],[141.5701476588877,19.365158095669756],[141.5382800068169,19.446846650352754],[141.5115966675526,19.52050043075039],[141.49182068817473,19.579145408433845],[141.4576971326168,19.689784201879462],[141.42757268143416,19.80146936641823],[141.40820475144815,19.883275935536176],[141.38288689601362,20.008104530799528],[141.3620515683252,20.137679738828894],[141.35064747679954,20.228790104779534],[141.34135230536484,20.326695059229706],[141.334472936877,20.437903786330793],[141.331217623095,20.556283587817404],[141.33149343257585,20.63657690639917],[141.3355512132181,20.753305525629685],[141.34482612562553,20.879310874797397],[142.9288299531407,22.20060746306413],[143.00492436496765,22.261930922174656],[143.74852365464344,22.85889739080227],[143.96069211914673,23.029115518866348],[145.09923721632478,23.89565431669351],[145.226450228196,23.886768034617177],[145.3132482406144,23.878266866522836],[145.42333341590464,23.86461614531902],[145.49383169647584,23.85416756098431],[145.59520943966405,23.836786721729965],[145.65730520327267,23.824751396060208],[145.78072422724134,23.7976228042491],[145.8649078052513,23.776624691176607],[145.93334850622912,23.758039835070434],[146.03143674970656,23.72896205355599],[146.1596877428955,23.686460086463825],[146.29827160555047,23.634731368358132],[146.41379476541638,23.586989538236708],[146.49920147536793,23.548657200469563],[146.63202790526398,23.48370779717723],[146.73329189500524,23.429574977203572],[146.8285790129112,23.374740721107457],[146.90103674894706,23.3303819804442],[146.96584858564384,23.288647402156016],[147.02962010458438,23.245592717130364],[147.11709270476481,23.183140462262713],[147.18429553930812,23.13232453444988],[147.24264370204563,23.086081554020637],[147.3318099360799,23.01129918201164],[147.41112389745027,22.940277852141264],[147.46627654772445,22.888169550884157],[147.5548328444606,22.799258207200666],[147.62718641382233,22.721487898847556],[147.67943499942615,22.662161456286213],[147.74128031083822,22.58807461545129],[147.8038403116814,22.508458896461093],[147.84845400474856,22.448410125626907],[147.90699768549487,22.36496533977879],[147.94814218531403,22.302827662366866],[148.01983511899581,22.186509595341562],[148.0660698355546,22.10507236789556],[148.130057306,21.982296631684363],[148.20446706370407,21.879664584253305],[148.2847166851275,21.758695625602684],[148.33026183301754,21.684889961402632],[148.36972620230247,21.61707964021332],[148.40546539441257,21.5521954332728],[148.43965429740834,21.486590967399223],[148.489100114379,21.384525728479673],[148.52137106562216,21.33026920406064],[148.56261629220845,21.25713331804826],[148.62406650176783,21.139065986905848],[148.6744279553864,21.032272199902252],[148.70669230380693,20.95791873256354],[148.73165950008607,20.896551929727877],[148.7593968708692,20.823721979585713],[148.79182668195588,20.730767918005057],[148.81838407206763,20.646815672605328],[148.85378763269344,20.519725785117032],[148.87760667261014,20.42002391956825],[148.89586069331634,20.33271141579928],[148.91004630699186,20.25497686808808],[148.9268864513489,20.143373606606787],[148.98174475621582,20.01572442174475],[149.00845885049594,19.94738255536076],[149.0432843619839,19.85048178300795],[149.0661780723602,19.7807677670189],[149.0974624799097,19.675347643179336],[149.12505623885468,19.5690103673346],[149.14139048937992,19.49766616915852],[149.15606879124223,19.425999809543598],[149.17456829269295,19.32055859930003],[149.1906550497911,19.206831165226262],[149.19809008059306,19.141501775886354],[149.2068170459701,19.044507085533596],[149.2112484733386,18.97918339789554],[149.2401653823268,18.856218518969627],[149.2587106916457,18.762961257256322],[149.27205739793092,18.684759617862184],[149.2857744126592,18.589005021564603],[149.2928555818199,18.529530079349726],[149.30097110533225,18.445728972214383],[149.3058872214182,18.380181115965897],[149.3100532021938,18.299966023113583],[149.31253358815482,18.17586279403281],[149.3115187805674,18.09334337459717],[149.3196565146367,18.03382412908047],[149.32880028970206,17.95398555808717],[149.33593203403646,17.87395553042353],[149.34210202269074,17.771903000722986],[149.34451600810772,17.698920103779926],[149.3449524365058,17.582784659384615],[149.3430274853305,17.509092707262724],[149.33867914632575,17.423516124369755],[149.3397034894248,17.324005203777276],[149.3384553923025,17.250283426539042],[149.3344604643793,17.156907740300085],[149.36999379987427,17.053923992298493],[149.40027059171442,16.955930577834053],[149.42371314484606,16.87125783248314],[149.43805728921294,16.814491765182865],[149.46214612034763,16.70744135393548],[149.483528770037,16.594164063820628],[149.4993096865929,16.49134385933172],[149.5084188584439,16.418846060297525],[149.51653998023633,16.338896634372233],[149.5244042043909,16.229618089803182],[149.52856294922108,16.120148512144155],[149.52927752533785,16.047120468335024],[149.52751528130548,15.944892965638019],[149.5242864273769,15.87192733387944],[149.5188427375023,15.791763360290972],[149.50905661087396,15.689959488639587],[149.4939694673175,15.57402529812913],[149.47204659307604,15.44429648229692],[149.4560959447721,15.365464178029569],[149.44160180787756,15.301251366257645],[149.42028942761536,15.216086626096953],[149.39045794317954,15.110433981643084],[149.3686204766539,15.040546018783786],[149.33791749429693,14.950407994433462],[149.30747397444466,14.868411052328383],[149.25828755522699,14.748223974157213],[149.22077598462423,14.664585194651153],[149.19768262745154,14.556996352100143],[149.17242359936986,14.457310186016386],[149.13850567739544,14.338653941926054],[149.1077140695492,14.240482938337053],[149.06760626231974,14.121999923457778],[149.03986159623597,14.04303571832385],[149.00583026435564,13.954118686428316],[148.980766749786,13.893103690283198],[148.9484906796014,13.81920394530593],[148.89184935636288,13.699951089171563],[148.84454856276628,13.608744491265384],[148.80088376867107,13.530119101215604],[148.7631520934943,13.465879736960375],[148.7288560057007,13.410226652638059],[148.68153086565704,13.337133656193387],[148.64174091930838,13.278695397574637],[148.59995234662367,13.21033241690769],[148.53999290904588,13.118159245652777],[148.49937056999616,13.005885995542386],[148.4762524553869,12.94714969440301],[148.4451608202161,12.872806059352342],[148.4122793264302,12.799214750360534],[148.3711484702259,12.713256331514572],[148.3206640550026,12.615535001539214],[148.2816146580905,12.544921218339638],[148.24279289127938,12.478393310602925],[148.21020228770558,12.425173628959882],[148.16660349485565,12.357195723603866],[148.10454381654412,12.266180655213219],[148.07709548426934,12.227880121070868]]]}},{"type":"Feature","properties":{"id":7,"country":"Kiribati","iso":"KI","area_km2":3456087},"geometry":{"type":"MultiPolygon","coordinates":[[[[-168.90765831947581,-6.879869609994259],[-168.9093083335126,-6.881474999671283],[-170.57093611101254,-6.893413889239355],[-171.55214722191658,-6.597813888599944],[-173.21920833359758,-6.466427777819504],[-175.79798611146975,-7.78488333309916],[-175.79978029132724,-7.784149854132352],[-175.84841388918937,-7.763861111001304],[-175.93497500039578,-7.725483333189175],[-176.06266388852737,-7.663361111525845],[-176.1875694441744,-7.595875000430695],[-176.3104027774661,-7.522602778095631],[-176.39078888899587,-7.470674999551491],[-176.43041111088385,-7.443852777983238],[-176.50847222221512,-7.388519444016993],[-176.5468944445228,-7.360022222547471],[-176.62248333303924,-7.301391666392064],[-176.69635000005232,-7.240622222037757],[-176.7326166670255,-7.209450000417078],[-176.80378333363382,-7.145563888962101],[-176.87308055522334,-7.079669444788948],[-176.90700833376746,-7.045986110970091],[-177.00583333334157,-6.942066666942935],[-177.06918333374375,-6.870474999621422],[-177.13044722266096,-6.797097222058866],[-177.16028055520317,-6.759758332980539],[-177.22954166631473,-6.669055555968882],[-177.28234444474003,-6.595388889185685],[-177.3331222224125,-6.520316666580626],[-177.38183611084776,-6.443894444672651],[-177.43178333313406,-6.360566666917975],[-177.47927777774714,-6.275822222217585],[-177.52428333330917,-6.189733333326544],[-177.54584166645947,-6.146205555441981],[-177.58704722215145,-6.058236111307323],[-177.62567499980113,-5.969102778070607],[-177.6440138886299,-5.92412499986871],[-177.67871944404695,-5.833391666591979],[-177.69508055552308,-5.787658333764909],[-177.72579999996987,-5.695497222418609],[-177.75383333314164,-5.602483333438926],[-177.76683611079767,-5.555677777607158],[-177.79079444400824,-5.461530555790389],[-177.81835555576419,-5.336194444317982],[-177.83470000010482,-5.248872222474915],[-177.85006388933687,-5.152163888852215],[-177.86259999979004,-5.055047222551096],[-177.87230000014472,-4.95760555565171],[-177.8791555554843,-4.859922222032807],[-177.88316388870234,-4.7620777775672],[-177.88432222179296,-4.664155555234515],[-177.88383055523587,-4.615191666961707],[-177.88079722201394,-4.517797222563615],[-177.87826666647337,-4.469383333573916],[-177.87111666680067,-4.372688889080791],[-177.86649999977504,-4.324430555825245],[-177.85518333314405,-4.228138888898457],[-177.84848888865116,-4.18012500036825],[-177.83307777781692,-4.084266666373395],[-177.81495833346028,-3.988747222106369],[-177.79409444420313,-3.893791666252199],[-177.7705027780806,-3.79948611069544],[-177.7453333332665,-3.709625000193327],[-177.71891666637083,-3.624188888706158],[-177.67507499991115,-3.497438889193248],[-177.6430638888871,-3.413958333709957],[-177.60745000021706,-3.328030555665549],[-177.56798333316402,-3.239836111047495],[-177.52675000011217,-3.154286111214901],[-177.4831277781242,-3.069941666974202],[-177.45296666682222,-3.014830555520419],[-177.28460277809094,-2.94692777771543],[-176.7166785750887,-2.590193454789201],[-174.9858527028506,-1.502997324866442],[-174.80859259331714,-1.39165365449351],[-173.75483611125054,-0.72974999989674],[-173.54719061430382,-0.392076372425208],[-173.34436716143964,-0.062244365115873],[-173.14297777790182,0.26525555559958],[-173.05869444439298,0.303858332995915],[-172.98951111114852,0.333461110841839],[-172.90310277767088,0.367902778190711],[-172.77178611074024,0.414977778102227],[-172.6832027776859,0.443269444229571],[-172.57679166660188,0.473688889231084],[-172.49351666646086,0.494858333045883],[-172.40972500040817,0.51385833329563],[-172.28168888853128,0.538527777535208],[-172.1938222225173,0.552461110691794],[-172.10561388876985,0.56402500005396],[-171.9746083333078,0.576800000120116],[-171.83789166646707,0.584552777588826],[-171.74662222213772,0.586572222330389],[-171.65601944434172,0.58611388914494],[-171.5661499998223,0.583230555645699],[-171.47639166654204,0.577905555596971],[-171.38458333315415,0.569936110763138],[-171.244052778213,0.55274722190704],[-171.14065000009722,0.536438888943863],[-171.00139166659181,0.509541666614822],[-170.9092388892631,0.48830555515741],[-170.77222777808936,0.451533333396853],[-170.68180277737602,0.42377222231012],[-170.59219999982992,0.393436111187796],[-170.50318055583782,0.36043611103787],[-170.41482500037333,0.324772221860727],[-170.3354083337274,0.290158333440488],[-170.2194722222651,0.235227777939841],[-170.1276388886237,0.187961110916802],[-170.06982499962396,0.156327778104753],[-169.98593611146225,0.108052777713809],[-169.9034777775772,0.057349999902684],[-169.79345833373492,-0.014141666404697],[-169.70418055588786,-0.05345555572913],[-169.65998055545802,-0.074094444502876],[-169.57250277788071,-0.117311110919033],[-169.4863194448864,-0.16308611113493],[-169.40150000032457,-0.211377777762095],[-169.31799444458767,-0.262205555941492],[-169.27674166639468,-0.288563889211915],[-169.1954111111337,-0.343097222258791],[-169.155350000302,-0.371258332905583],[-169.07647777782708,-0.429338888878434],[-169.0376861113247,-0.459247222181375],[-168.9614277773698,-0.520763888942213],[-168.88699166683176,-0.58450277778087],[-168.8199277775447,-0.645238888763572],[-168.75452222192297,-0.707780555128366],[-168.65962499969385,-0.804875000080983],[-168.598566667018,-0.871725000008482],[-168.53932499994863,-0.940213888459994],[-168.47973333292677,-1.013058332975575],[-168.42006666694286,-1.090391667041715],[-168.36266666663312,-1.169447222611041],[-168.3075777773924,-1.250152777828305],[-168.25485277773316,-1.332441666849192],[-168.22938888858621,-1.374161111346112],[-168.18028888882102,-1.45869166668686],[-168.15666111132109,-1.501491666407105],[-168.11128055555304,-1.588102778120643],[-168.06842777821922,-1.676013888629711],[-167.98411666645086,-1.790922222482507],[-167.90593611076278,-1.907444444605346],[-167.8580694448488,-1.98434444484009],[-167.81228611151454,-2.062519444516511],[-167.76861388901966,-2.141911110908836],[-167.72708888874098,-2.222461111291139],[-167.6877416669443,-2.304108333132902],[-167.64823333340138,-2.392247222131459],[-167.62942777736987,-2.436738888888399],[-167.5937388888382,-2.526511111298589],[-167.5606305554555,-2.617280555952689],[-167.54505277776337,-2.663013888779759],[-167.51587222262464,-2.755138888748419],[-167.48933888847864,-2.848066666743009],[-167.46547777737746,-2.941727778014283],[-167.4443111106691,-3.036038888683592],[-167.43473888868863,-3.08341666694551],[-167.41764166682918,-3.178558333000524],[-167.40327499984122,-3.274158333140363],[-167.3916555557592,-3.370133333486379],[-167.38687777788704,-3.418236111007502],[-167.3793944444977,-3.514625000043509],[-167.3746777773574,-3.611191667061618],[-167.37273333337646,-3.707852778182939],[-167.37356388876242,-3.804533333546388],[-167.37501944419176,-3.852852777533442],[-167.3800111114235,-3.949402777416154],[-167.38354722232626,-3.997613889069513],[-167.39269166648717,-4.093858333495106],[-167.40459999978992,-4.189797222463767],[-167.4142861110151,-4.255033333221675],[-167.43614166650457,-4.37821666646586],[-167.45515277787825,-4.468369444194252],[-167.48829166662694,-4.60252777813416],[-167.52692500028843,-4.735200000379564],[-167.55570277786074,-4.822711111328502],[-167.5886888888808,-4.914338888728622],[-167.60617777808181,-4.959780555228249],[-167.64312499981867,-5.049875000230969],[-167.68267777785687,-5.138852777733447],[-167.72480277792585,-5.226638888773607],[-167.7468194442617,-5.270061111430948],[-167.79273888908824,-5.355916666720475],[-167.84113888894828,-5.44039722245374],[-167.89198055535826,-5.523427777869415],[-167.91830277815052,-5.56437777771221],[-167.97272777796442,-5.645100000064787],[-168.02948888910078,-5.724202778135492],[-168.0766388888734,-5.786411110783831],[-168.12523611095747,-5.847499999725017],[-168.18785833319544,-5.922127777374925],[-168.25263888877336,-5.99489444402316],[-168.29701944429178,-6.078980555308121],[-168.34378055562772,-6.161766666898089],[-168.392883333399,-6.243188889155817],[-168.44428611111493,-6.323177777332432],[-168.49795277739855,-6.401672222494923],[-168.58260277799565,-6.516466667102918],[-168.6417361109327,-6.59094166702414],[-168.71232222199274,-6.674463888997138],[-168.79497500009597,-6.765680555712848],[-168.8568027774261,-6.829699999755022],[-168.90765831947581,-6.879869609994259]]],[[[-179.99655,-3.7520277777776],[-180,-3.76218057913599],[-180,-1.58287039833448],[-179.972386111111,-1.66817499999986],[-179.946069444444,-1.75772222222207],[-179.926611111111,-1.83054444444423],[-179.903177777778,-1.92823888888881],[-179.882713888889,-2.02588888888866],[-179.870102777778,-2.09412222222211],[-179.855777777778,-2.18317222222198],[-179.847552777778,-2.24273888888872],[-179.835677777778,-2.34768055555556],[-179.830261111111,-2.40909722222206],[-179.825066666666,-2.48598888888866],[-179.820416666666,-2.6092083333332],[-179.819797222222,-2.686275],[-179.821891666666,-2.79414999999985],[-179.8255,-2.87136111111086],[-179.83215,-2.96337499999971],[-179.843105555555,-3.07070833333331],[-179.862036111111,-3.20693611111093],[-179.877616666667,-3.29666111111079],[-179.902161111111,-3.41569444444424],[-179.927141666666,-3.51882222222203],[-179.942877777777,-3.57745],[-179.968477777778,-3.66490833333314],[-179.99655,-3.7520277777776]]],[[[179.923283333333,-3.96556388888877],[179.614282300778,-4.01222006498351],[178.694461754903,-4.15110409721103],[178.286594444445,-4.21235277777767],[177.825952220456,-4.2811306045039],[177.726632666924,-4.29588048940474],[177.282808333334,-4.36169722222215],[176.994766666667,-4.29093611111111],[176.727883333334,-4.22524444444429],[176.473700000001,-4.1618583333331],[176.350644444444,-4.12966944444436],[176.147747222223,-4.0752],[175.864636111112,-4.08077499999985],[175.520080555556,-4.08768888888881],[175.216122222223,-4.09367777777761],[175.115151256213,-4.09568418395055],[174.556594444445,-4.10678333333324],[174.394586111112,-4.10998333333333],[173.883619107343,-4.1232883220394],[173.575297222223,-4.13131666666672],[173.317587187405,-4.20294987138949],[172.995858333334,-4.29237777777777],[172.939616666667,-4.25158055555558],[172.86713888889,-4.19630555555551],[172.819383333334,-4.1581111111109],[172.760897222223,-4.10926111111104],[172.680386111111,-4.03855555555545],[172.601986111112,-3.96488888888879],[172.525997222223,-3.88874999999982],[172.410497222223,-3.76538888888888],[172.359166666667,-3.70820833333325],[172.279802777778,-3.61455555555551],[172.232194444445,-3.55439722222219],[172.090377777778,-3.37236388888863],[171.948800000001,-3.19034166666667],[171.901697222223,-3.23885833333323],[171.824694444445,-3.3143333333331],[171.767836111112,-3.36686111111101],[171.710902777778,-3.41699999999982],[171.653222222223,-3.46571388888884],[171.582388888889,-3.52247222222196],[171.534194444444,-3.559225],[171.448477777778,-3.62161111111114],[171.361083333334,-3.68091666666665],[171.258472222223,-3.74552777777758],[171.152958333334,-3.80647499999988],[171.058597222223,-3.85692222222212],[170.934983333334,-3.91725833333311],[170.851233333334,-3.9546138888888],[170.794844444445,-3.97822222222221],[170.666447222223,-4.02766666666658],[170.579761111111,-4.05741666666661],[170.477633333334,-4.08925277777769],[170.389319444445,-4.11405555555525],[170.27075,-4.14295555555556],[170.166083333334,-4.16476666666655],[170.029333333333,-4.1880027777776],[169.952944444445,-4.1984472222222],[169.860888888889,-4.20877777777754],[169.768861111112,-4.21623611111096],[169.707066666667,-4.21987777777777],[169.63025,-4.22281666666663],[169.568644444445,-4.22387777777779],[169.476702777778,-4.22347222222216],[169.400122222223,-4.22095277777771],[169.308327777778,-4.2157444444443],[169.247277777778,-4.21108333333326],[169.155772222223,-4.20158333333309],[169.094961111111,-4.19370277777767],[168.988922222223,-4.17761111111105],[168.913525000001,-4.16385],[168.838463888889,-4.1484499999997],[168.71916388889,-4.12020833333328],[168.630416666667,-4.09614166666644],[168.556988888889,-4.07421111111098],[168.469575,-4.04566111111103],[168.411761111111,-4.02544444444443],[168.340052777779,-3.9985],[168.268983333334,-3.96975555555542],[168.19858888889,-3.939525],[168.087461111112,-3.88797222222225],[167.991838888889,-3.83941666666659],[167.868411111112,-3.7706722222222],[167.914150000001,-3.38620277777778],[167.986266666667,-2.78133055555556],[168.030491666667,-2.41091388888884],[168.062808333334,-2.14171944444445],[168.133263888889,-1.56308611111115],[168.140418434541,-1.50299732486644],[168.188250000001,-1.101275],[168.204491666667,-0.964522222222129],[168.240063888889,-0.687352777777619],[168.290386111111,-0.295361111110935],[168.305305978829,-0.180091318301166],[168.346636111111,0.139222222222429],[168.393013888889,0.49618888888908],[168.421652086718,0.715752675196015],[168.492383333334,1.25803611111111],[168.560244444339,1.77731388900094],[169.120169444685,1.86349722221998],[169.559922222231,1.93120833300716],[169.831541666553,1.97214166654526],[170.078738889189,2.00928611130179],[170.190416666764,2.34929999999643],[170.233486111399,2.48078333299691],[170.346680982187,2.8185207908972],[170.39949722192,2.97540555523078],[170.542602777717,3.39951666696226],[170.726472222292,3.94466388906794],[170.832747221986,4.2598638889031],[171.188833333603,4.3310388886979],[171.794052778105,4.45202777798933],[172.378411111391,4.56841666668885],[172.754205555621,4.69386666655188],[173.251702777466,4.86068611093447],[173.841761110944,5.05956666674324],[174.236877777861,5.19243611120622],[174.549241666669,5.29715000012955],[174.967269444209,5.43684999979611],[175.507144444553,5.6170750001059],[175.590963888952,5.51858333342402],[175.676808333188,5.40842222213676],[175.722488889161,5.34582500009299],[175.792694444182,5.24350555531697],[175.842722222246,5.16509444475069],[175.882611111114,5.0987083332506],[175.920952777606,5.03158333323675],[175.979305555595,4.92192222238025],[176.039788888782,4.79626111122414],[176.077261111262,4.71124999969122],[176.106722222471,4.63940277810653],[176.150194444725,4.5240944447135],[176.179583333312,4.43763333361714],[176.219277777905,4.30651111102712],[176.253513889014,4.1738694442008],[176.273386111164,4.08470555552697],[176.322405555556,3.84984166666685],[176.371455555556,3.61498611111145],[176.420536111112,3.38013888888909],[176.469650000001,3.14550000000025],[176.518800000001,2.91046944444467],[176.574388888889,2.64534166666698],[176.591333333334,2.55410000000028],[176.605552777778,2.46242222222236],[176.613763888889,2.40109166666699],[176.657738888889,2.33850833333365],[176.716883333334,2.24922500000022],[176.773150000001,2.1582777777781],[176.803988888889,2.1051972222225],[176.855622222223,2.01132222222245],[176.960588888889,1.9961944444448],[177.065955555556,1.9776111111114],[177.140936111112,1.96213333333364],[177.215541666667,1.94522222222245],[177.28988888889,1.92618611111129],[177.392847222223,1.8969722222225],[177.523941666668,1.85469444444465],[177.639138888889,1.81215833333367],[177.752261111112,1.76561944444465],[177.822205555556,1.73441388888907],[177.944280555556,1.67525833333336],[177.96602777754,1.66847499986633],[177.970727777779,1.66163055555592],[178.075305555556,1.6047527777777],[178.152333333334,1.55964722222249],[178.216527777779,1.51999166666684],[178.280747222223,1.47812777777801],[178.381655555556,1.40825000000021],[178.467916666668,1.3437472222225],[178.539950000001,1.28658333333368],[178.598861111112,1.23711111111128],[178.679405555556,1.16582777777806],[178.735733333334,1.1132444444447],[178.791158333334,1.05923333333365],[178.856,0.992736111111327],[178.908638888889,0.935950000000275],[178.970027777778,0.866213888889135],[179.019675,0.806805555555769],[179.06796388889,0.746255555555706],[179.105583333334,0.697013888889188],[179.160266666667,0.621972222222539],[179.22988888889,0.520138888889278],[179.32425,0.371500000000282],[179.363325000001,0.305916666666448],[179.416638888889,0.211161111111267],[179.480147222223,0.087194444444592],[179.526250000001,-0.011583333333263],[179.561586111112,-0.093458333333217],[179.589083333334,-0.161097222222082],[179.619358333333,-0.2418],[179.657083333334,-0.351647222222198],[179.675700000001,-0.410794444444335],[179.705652777779,-0.515102777777656],[179.728433333334,-0.603872222222222],[179.757947222223,-0.737077777777486],[179.774861111112,-0.827116666666541],[179.786855555556,-0.90247777777752],[179.800944444445,-1.0072777777776],[179.813777777778,-1.13892777777757],[179.847722222223,-1.20758888888867],[179.886222222223,-1.29148888888894],[179.916708333334,-1.36220555555551],[179.945694444445,-1.43360833333327],[179.967605555557,-1.49146666666664],[180,-1.58287039833245],[180,-3.76218057913795],[179.963641666667,-3.86366666666648],[179.923283333333,-3.96556388888877]]],[[[-147.03249092471617,-11.156159784146382],[-147.0336666668829,-11.159111110888844],[-147.99222222227752,-11.973888888760996],[-149.43611111113853,-12.424722222152639],[-151.05749999982476,-13.83833333351636],[-152.80916666670794,-13.830833332991816],[-155.05258333345375,-12.488138889298241],[-155.05386228721443,-12.486403126702626],[-155.08277222196023,-12.395341666784304],[-155.11222777808936,-12.291499999725048],[-155.1382499996376,-12.186780555677984],[-155.15156944477403,-12.126586110860188],[-155.16942500016359,-12.035866666713119],[-155.17990833340275,-11.975133333736252],[-155.19140833312795,-11.898963888772272],[-155.20112222261238,-11.822552777988136],[-155.23353333319665,-11.769138888648584],[-155.27260277779573,-11.701547222326298],[-155.32457777794207,-11.605447222511103],[-155.37332222264232,-11.5077250004083],[-155.3997083332728,-11.45119444486754],[-155.43969722224878,-11.359691666936683],[-155.43932547489067,-11.357620113677172],[-155.37612777737496,-11.00545277792321],[-155.15648611124496,-9.844652777703402],[-155.03996388912185,-9.226502777381143],[-154.90491388906457,-8.508366666388454],[-155.90987222182554,-7.918113888644868],[-156.77556388886228,-7.380088888890896],[-157.32613333308655,-7.046975000096054],[-157.66468888918075,-6.83598055555791],[-158.10091111085887,-6.56108611133476],[-158.38465555580913,-6.377736111532116],[-159.27578888884602,-5.800505555686755],[-159.27934166688436,-5.678172222070131],[-159.2783805551182,-5.553886111354828],[-159.27544444400576,-5.47625555584905],[-159.27180833298814,-5.414213889159512],[-159.26564722244123,-5.336774999866236],[-159.2540250003534,-5.228644444385324],[-159.2458166668055,-5.167041666639392],[-159.2287222220528,-5.05964444443542],[-159.21439166644208,-4.983300000394522],[-159.19138333297428,-4.877016666785607],[-159.16495833296045,-4.771538889208259],[-159.13061111151333,-4.652116666450681],[-159.1069194443765,-4.578158333340312],[-159.08674444480013,-4.519397222603629],[-159.06001111132352,-4.446491666457007],[-159.01978055562802,-4.345505555536761],[-158.99533888897838,-4.28840277756585],[-158.95671666644063,-4.203625000393302],[-158.91576944460405,-4.119955555803969],[-158.87989722207897,-4.051124999618807],[-158.83477500016585,-3.969652777753339],[-158.80345277792313,-3.916050000207193],[-158.75463888847383,-3.836761111036267],[-158.72088888881103,-3.784669444539134],[-158.65954444402053,-3.695049999857545],[-158.62320833319794,-3.644749999612657],[-158.56698611111995,-3.57058611115994],[-158.50874444430036,-3.498016666735495],[-158.44852500012854,-3.42709999996481],[-158.35637777791192,-3.325816666705649],[-158.30397222194028,-3.271749999962324],[-158.1857222223025,-3.179722222102697],[-156.99744444420566,-1.515388889085798],[-157.0065970605056,-1.502997324866442],[-158.09824999983738,-0.025027778109305],[-158.3495277776845,0.276638888973636],[-158.7428931234328,0.715752675196015],[-158.7789722218903,0.75602777746019],[-159.65616666665818,1.721194444368251],[-161.64611111083894,2.042111111538745],[-162.37876723132246,1.983278624309165],[-162.45417222197034,2.040483333239479],[-162.54601388872976,2.114863889057318],[-162.63336666683807,2.190733333676548],[-162.72063611106768,2.272072222055556],[-162.7746388890734,2.325430555775711],[-162.82742777746978,2.380002778205764],[-162.91952222207263,2.48143611118779],[-162.96983055543572,2.540397222154368],[-163.01877222235993,2.600513889104988],[-163.0647222225523,2.659666666283712],[-162.18731944443653,3.935002778155962],[-160.79669444429302,5.867500000424869],[-159.42525277749357,7.771819444012223],[-159.331361111526,7.879055555369746],[-159.23930555540701,7.84799166698194],[-159.18104722235114,7.826836111397441],[-159.10879999962015,7.79887777808726],[-159.008797221814,7.75694166622506],[-158.93823611100748,7.725013889079918],[-158.88233888862854,7.698299999845361],[-158.7994527778232,7.656300000145023],[-158.74486666626348,7.627027778009733],[-158.66403888868365,7.581236111557445],[-158.5716750000011,7.525172222320236],[-158.50796666652823,7.484083332979509],[-158.44521666681544,7.441558333350656],[-158.37122500033328,7.388666666833515],[-158.3227166663409,7.352297222638938],[-158.25122500003346,7.296105555926914],[-158.18117222202028,7.237908333602988],[-158.101216666316,7.167424999764251],[-158.00181666630584,7.073122222212959],[-157.93774999976256,7.008022222048155],[-157.89604722240114,6.963661110771881],[-157.79865833311533,6.915427777769935],[-157.71647777822687,6.871577778192218],[-157.6222083331479,6.817547221927057],[-157.5691499997725,6.785300000195051],[-157.4907194442468,6.735097222059366],[-157.4289805559079,6.693369444444443],[-157.33233333301672,6.624072221955629],[-157.22423055579532,6.540088888791345],[-157.09529722178922,6.434100000414901],[-157.03805000010726,6.384480555833122],[-156.95983611104757,6.312858333145726],[-156.87330000009467,6.228008333218199],[-156.82080833313785,6.173400000309982],[-156.75937777736226,6.106283333409351],[-156.71941944465146,6.060605555302402],[-156.6524944448627,5.980205555542156],[-156.58850000017458,5.898263888467937],[-156.54743055597532,5.842822222168081],[-156.4948388889033,5.768227777889891],[-156.43501388917932,5.677766666698375],[-156.40216111074653,5.625213889009885],[-156.3626944445926,5.559091666347683],[-156.31773888863847,5.479316666630979],[-156.2612333333515,5.371086111035396],[-156.21570277786068,5.276261110661963],[-156.18509166664685,5.207852778083449],[-156.15602222184782,5.138775000066133],[-156.04301944439163,5.089533333696622],[-155.8516166667754,4.998791666402497],[-155.7568861114048,4.950375000306252],[-155.67695833306033,4.906480555333616],[-155.61128888847122,4.868236111007874],[-155.5080833334789,4.803947221987016],[-155.41967222239492,4.744572222330362],[-155.36972777811445,4.709186111250091],[-155.25978611123986,4.626238888813873],[-155.16500833336772,4.548738888788918],[-155.09582777812935,4.488349999752884],[-155.02833611102255,4.426072222355387],[-154.9843055554569,4.383527777585044],[-154.92080277822538,4.31933333356676],[-154.84915277817802,4.242572221930686],[-154.77766944408947,4.161172221920722],[-154.68970277796075,4.05316388880253],[-154.65206666654342,4.003997222294103],[-154.5795555557441,3.903605555152424],[-154.52833888912824,3.827833333541676],[-154.47199999980006,3.739188888856276],[-154.40369722244867,3.622677777857376],[-154.37031111096883,3.571513888855065],[-154.31415277762824,3.480533333746521],[-154.2683472220465,3.401147222466477],[-154.23181666700543,3.334038888683878],[-154.1831027776709,3.238661111021614],[-154.14378888924566,3.155700000354912],[-154.11884722202157,3.099802777975981],[-154.07775833358005,3.001222222227952],[-154.03485277773336,2.887797222064364],[-154.00039166704164,2.786652777403958],[-153.9608361109976,2.655075000411117],[-153.93380277807552,2.551675000301273],[-153.9035499999323,2.416338889028737],[-153.88381666640578,2.310002777806247],[-153.8740777775672,2.248972222490281],[-153.8600972219091,2.147472221865826],[-153.84877777817155,2.042847221921974],[-153.84061388911948,1.936349999852695],[-153.83746388864728,1.875394444398154],[-153.83456111090624,1.772669444839238],[-153.8348944446228,1.644308333263268],[-153.83806666644347,1.551902778090991],[-153.847441667099,1.414894444023545],[-153.8602444445254,1.294883333499243],[-153.8729666669778,1.203124999719179],[-153.88548888920087,1.126955555654575],[-153.90593888886846,1.02084444401585],[-153.92977499971633,0.915452777423965],[-153.95741666644557,0.809011110974168],[-153.97716944421438,0.740349999653006],[-154.0045916664721,0.652905555447049],[-154.02418888850605,0.595041666839663],[-154.06099166653203,0.494680555963058],[-154.08344166669934,0.437877777437791],[-154.125191666562,0.339499999925209],[-154.1834138891395,0.215069444599308],[-154.23216944406448,0.120013888630282],[-154.29206111143088,0.012427778219561],[-154.33167500020107,-0.054002777905765],[-154.38967500030083,-0.145424999963637],[-154.45058055524817,-0.23490833315293],[-154.52366388847753,-0.334683333368915],[-154.58085555543937,-0.407691666736952],[-154.65969166653696,-0.501972222040195],[-154.71051111069914,-0.559272222235165],[-154.78415555523446,-0.637874999731324],[-154.70715833289051,-0.641280555153344],[-154.59953888910832,-0.649058333774946],[-154.5075361115022,-0.658511111398539],[-154.38533333336642,-0.675105555576692],[-154.3092999998949,-0.687783333533915],[-154.2033833333739,-0.70849722216883],[-154.12816111104632,-0.725399999810023],[-154.06827777769712,-0.740180555487981],[-153.99382222201785,-0.760219444471616],[-153.89039722255376,-0.791172222519918],[-153.78803611117746,-0.825466666353449],[-153.71564722184178,-0.851977777352388],[-153.62961388856993,-0.885999999999797],[-153.5445472221763,-0.922411110684109],[-153.48840833307793,-0.947997222193862],[-153.41891111125864,-0.981441666399562],[-153.36387499963138,-1.00935555521454],[-153.2823055556567,-1.053133332936738],[-153.21527222263495,-1.091341666784416],[-153.1229361113124,-1.147430555375578],[-153.05810833323284,-1.189319444736412],[-152.95642777751982,-1.259441666599542],[-152.89421111085392,-1.305172222319982],[-152.79689444432307,-1.381311111018888],[-152.73751388865486,-1.430716666240926],[-152.69083333319145,-1.471225000033485],[-152.610961111366,-1.544180555787946],[-152.55536388933183,-1.597863889206906],[-152.49029166652699,-1.663966666728143],[-152.4064055554719,-1.754880555992543],[-152.35569166653704,-1.813261111411038],[-152.3160916668967,-1.86080277762585],[-152.25834722264605,-1.933477778176794],[-152.18449999987484,-2.032827777679671],[-152.1315361115021,-2.10910555587661],[-152.08901666698551,-2.173777778221762],[-152.03201388912956,-2.265911111308526],[-152.00081944436164,-2.319263889017122],[-151.96320833319783,-2.386755555224468],[-151.93423888851373,-2.441363889032061],[-151.89266944463895,-2.524261110961348],[-151.85977777772212,-2.594202777735831],[-151.81643888894348,-2.693366667037935],[-151.78743888889318,-2.765030555315775],[-151.73968888933064,-2.894797221814159],[-151.70664999979743,-2.995699999754947],[-151.68086944406943,-3.082988889125858],[-151.65377777752232,-3.185666667082856],[-151.62679166710166,-3.303999999700068],[-151.61081388894974,-3.385036111527157],[-151.60018888910588,-3.44566111127115],[-151.58426666657306,-3.552188888706041],[-151.57175277746865,-3.659177777332388],[-151.56613888909823,-3.720474999621217],[-151.56069722179922,-3.797227778139188],[-151.55648333323919,-3.889466666453188],[-151.55507777741724,-3.951008333467726],[-151.55508055542316,-4.043341666784386],[-151.55761388896954,-4.135641666729342],[-151.5649305555006,-4.258530555640448],[-151.57482777807934,-4.364452778172847],[-151.59241944450164,-4.499797222563586],[-151.60719444416816,-4.589580555198268],[-151.6306638888273,-4.708600000389609],[-151.65031111136847,-4.798074999561436],[-151.67979722196412,-4.917022221997811],[-151.7091472219666,-5.020152778028162],[-151.7369194441767,-5.107761111086305],[-151.76131666633097,-5.178594444877618],[-151.78486666686314,-5.2426361111673],[-151.82346666625335,-5.339813889099645],[-151.87298888872618,-5.453086111534631],[-151.90605555561916,-5.522922222182686],[-151.95504166703904,-5.619363888832254],[-151.9844250004133,-5.673744444150529],[-152.02256388861235,-5.740938888918507],[-152.0867916669016,-5.846561111106169],[-152.146169444564,-5.936972221790384],[-152.19036388898218,-6.000352777558362],[-152.2267666665482,-6.050308332963041],[-152.27356666636848,-6.111788889245716],[-152.35137499985615,-6.207855555689207],[-152.43270000000484,-6.300972221890376],[-152.48526388881734,-6.357616666675668],[-152.5500583335251,-6.423958332910516],[-152.59427222218525,-6.467175000225765],[-152.6209583331603,-6.566916667070316],[-152.6375861107103,-6.623527777584698],[-152.6709472219367,-6.727416666245958],[-152.60902777760964,-6.721352777808264],[-152.4849083337525,-6.712649999697661],[-152.42274999981254,-6.710013888929595],[-152.34500277795567,-6.708330555910223],[-152.2827888892956,-6.708272222285089],[-152.2050361114272,-6.709811110694062],[-152.14287500038085,-6.712330555110881],[-152.06525277799318,-6.717088888741117],[-151.97228333350887,-6.725155555684239],[-151.8487305551708,-6.739899999984843],[-151.75646666660327,-6.753938889268198],[-151.66462499984368,-6.770522222322612],[-151.5581000004144,-6.793063888587483],[-151.4975694447738,-6.807486111194848],[-151.41096111106629,-6.773175000226004],[-151.2940833329792,-6.731166666508273],[-151.20545833343516,-6.70249722216893],[-151.14595277739863,-6.684747222006621],[-151.0711305555306,-6.664102778120409],[-151.01094722183672,-6.648830555885382],[-150.935341667084,-6.631300000194642],[-150.87458055584787,-6.618527778134307],[-150.7524111110837,-6.596350000052311],[-150.69104166693927,-6.586950000042293],[-150.6141083333329,-6.576788888496253],[-150.5215388893082,-6.566927778194156],[-150.45972777821436,-6.561761110986311],[-150.38235277765838,-6.556902778140511],[-150.3203861108301,-6.554297221839121],[-150.24287499968142,-6.552641667079172],[-150.1653472222963,-6.552766666548266],[-150.10334166698414,-6.554150000122263],[-149.9794527778232,-6.56033055581031],[-149.88673333317655,-6.567952777798283],[-149.80964722184166,-6.576252777443457],[-149.74812777797456,-6.584166666658263],[-149.62557499988617,-6.60338055536819],[-149.5189777777021,-6.623875000430814],[-149.45837777821157,-6.637122221912904],[-149.36795555550438,-6.65907500041078],[-149.29308611113495,-6.67926666622337],[-149.2335361115022,-6.696655555309533],[-149.15955833325035,-6.719924999738808],[-149.06880833373748,-6.751005555261926],[-149.01121111120375,-6.772238888713517],[-148.9255555552444,-6.806044443995631],[-148.86897500009607,-6.829872222624758],[-148.7571555559839,-6.88059444467774],[-148.64724166646965,-6.93534722219637],[-148.55274722180667,-6.986502778080563],[-148.48626388896707,-7.024872221875398],[-148.38014166710394,-7.090266666373552],[-148.31662499984378,-7.132002778005599],[-148.2047111107289,-7.210683333368934],[-148.13190555559677,-7.26562499999352],[-148.03717777733237,-7.341900000184722],[-147.95658333335408,-7.411397222004055],[-147.8880305552658,-7.474102778120482],[-147.84313333293682,-7.517100000064701],[-147.7881333335863,-7.571997222193829],[-147.7450499997575,-7.61681111154337],[-147.68198611146977,-7.685502777331124],[-147.64100555536191,-7.732250000436949],[-147.58116388850243,-7.803763888992009],[-147.52331388902462,-7.876902777840783],[-147.4677138889846,-7.951175000425735],[-147.43185555558938,-8.0013833336737],[-147.38833333371622,-8.065047222651017],[-147.32175277786837,-8.168925000188437],[-147.25901666638597,-8.275161111296157],[-147.2073416665844,-8.36994166627467],[-147.14639722225388,-8.492022222047822],[-147.10494999984246,-8.58278333358372],[-147.0620166666357,-8.684744444500268],[-147.03477500036587,-8.754724999758636],[-147.00910277787062,-8.825294444582838],[-146.97582777762977,-8.925008333167867],[-146.9541166667506,-8.996369444893872],[-146.92344999991747,-9.108444444855067],[-146.89968055581284,-9.207791666352207],[-146.88727777794702,-9.265538888608603],[-146.86803333297195,-9.366969444484084],[-146.8519416664745,-9.468236111507125],[-146.8399777775523,-9.557425000363338],[-146.82983055513574,-9.648949999642511],[-146.82119166666183,-9.756027778159236],[-146.8171388889484,-9.832650000297107],[-146.814852778133,-9.909347222296319],[-146.81520000007964,-10.047452777823239],[-146.81943888889356,-10.154786111289965],[-146.82999166688182,-10.292494444363015],[-146.84021111115362,-10.384008333417626],[-146.86026388926683,-10.520502777780862],[-146.8738305553356,-10.595830555335738],[-146.8891361109425,-10.670830555185816],[-146.9131583328907,-10.774008333717461],[-146.94771111147844,-10.901663888477529],[-146.9835722219803,-11.017558333450097],[-147.0136944446428,-11.105213889009704],[-147.03249092471617,-11.156159784146382]]]]}},{"type":"Feature","properties":{"id":8,"country":"Tokelau","iso":"TK","area_km2":322086},"geometry":{"type":"Polygon","coordinates":[[[-168.90765831947581,-6.879869609994259],[-168.84400890418723,-6.940248273738746],[-168.78706606344798,-6.997107778800725],[-168.74032019921765,-7.045613672033156],[-168.6808837659729,-7.110149651585061],[-168.61880789536804,-7.181534309360714],[-168.5266316034655,-7.294995501840731],[-168.4526281558645,-7.393670203117196],[-168.3681664373311,-7.515576710396786],[-168.31808732586921,-7.594092099870352],[-168.27903424713247,-7.658406695112717],[-168.2251511751864,-7.752878634241384],[-168.16476636997172,-7.867428778914885],[-168.13264269080736,-7.933100514077239],[-168.10232567858696,-7.998616465077589],[-168.06197359300688,-8.091878283655731],[-168.02705560693062,-8.179424511331888],[-168.00151225998263,-8.248579414308338],[-168.00893116682596,-8.273668913189297],[-168.05410871340945,-8.427049472823924],[-168.1358803648286,-8.704669277024507],[-168.18277777777774,-8.86388888888878],[-168.27928034323074,-9.189466084564074],[-168.40899921332317,-9.627107361276401],[-168.46444444444444,-9.814166666666623],[-168.52359118283155,-10.024476331539347],[-169.78055555529437,-10.131111111288547],[-170.26944444480517,-10.171666666683109],[-171.25888888861107,-10.254722222352385],[-171.8494444447051,-10.297222222627354],[-172.18361111136352,-10.423888889160835],[-173.06472222235243,-10.770833332991756],[-173.74666666623335,-11.03805555561918],[-173.7746906500533,-11.048131664144776],[-173.86697852084188,-11.028255907683914],[-174.16459703182738,-10.966479199255502],[-174.26737647454445,-10.960825304544073],[-174.38094635728837,-10.871921638372797],[-174.63131064247185,-10.675650978010097],[-174.85222818218452,-10.502322018546138],[-175.6198363451327,-9.879877509099742],[-175.6409929403718,-9.828268184029241],[-175.6765269314725,-9.735535186599478],[-175.7013644428145,-9.66476424237571],[-175.7263957715475,-9.588127390066816],[-175.74450685940386,-9.528663051758315],[-175.77045920362923,-9.43536475038269],[-175.79275958268835,-9.344861396236269],[-175.8130501523425,-9.253097472270383],[-175.82770049518155,-9.181493336747906],[-175.84064407046716,-9.110504319518625],[-175.85540200280008,-9.015717815524695],[-175.8639506865748,-8.950503969282536],[-175.8726552957052,-8.870597262953197],[-175.87888997619137,-8.79779058456775],[-175.88390293127495,-8.717567111832594],[-175.8880043488215,-8.578800384629872],[-175.8870199886813,-8.462669073518768],[-175.88409553188313,-8.384161875969596],[-175.87405059116162,-8.2416765177569],[-175.86253219310598,-8.13516163030478],[-175.84305961800686,-8.00085725365922],[-175.83047457364253,-7.929567817000958],[-175.81175791109854,-7.837240528927168],[-175.79978029132724,-7.784149854132352],[-175.79798611146975,-7.78488333309916],[-173.21920833359758,-6.466427777819504],[-171.55214722191658,-6.597813888599944],[-170.57093611101254,-6.893413889239355],[-168.9093083335126,-6.881474999671283],[-168.90765831947581,-6.879869609994259]]]}},{"type":"Feature","properties":{"id":9,"country":"Guam","iso":"GU","area_km2":209570},"geometry":{"type":"Polygon","coordinates":[[[148.07709548426934,12.227880121070868],[148.03297066896144,12.13035227213976],[147.99580659639744,12.054074747551681],[147.9567203209863,11.978741716157387],[147.9006447162807,11.87809166749659],[147.8327540460629,11.766005686813102],[147.78158888002318,11.687483975105522],[147.74719339555887,11.63726431129902],[147.74238888893652,11.634166666658501],[147.5323888886368,11.614194444418189],[147.19386111080186,11.566333333616598],[146.86872222195322,11.52000000010004],[146.52661111071453,11.468222222177943],[145.87983333344172,11.369055555769378],[145.39586111130134,11.29349999972537],[144.94602777815967,11.222027777659932],[144.49866666693347,11.14141666654605],[143.47261111131402,10.953972222540159],[143.04436111067687,10.965222222427741],[142.86061111131383,11.178222222577688],[142.4731111111893,11.626055555219821],[141.66569444434347,12.553888889061113],[141.34719444436817,12.91683333329182],[141.218749999813,13.09763888932342],[141.21557398824896,13.10642185908165],[141.20678052969814,13.196748145710444],[141.19859335270124,13.325247929148674],[141.19591987959896,13.411132042409918],[141.19544375782343,13.488840972932664],[141.19718037657347,13.578301202538569],[141.199842429185,13.641528753049641],[141.20586545872393,13.73443717853307],[141.2121939600835,13.803809860436871],[141.22133862727642,13.883662334948937],[141.23135477530278,13.956049302433513],[141.2494124542217,14.064185516448518],[141.2634670852381,14.13592994890817],[141.29281546376293,14.26424815562794],[141.31329105723685,14.342071989830586],[141.35318905712964,14.475287489825888],[141.37945786648734,14.553304805072784],[141.41431152405804,14.647893297238],[141.44427126710573,14.722754913908233],[141.476091063552,14.79689340011042],[141.52244032586034,14.896743553072653],[141.55521656209478,14.962462995470958],[141.603593670612,15.05326100259326],[141.63800776025002,15.113990039508849],[141.69708593326962,15.211646315225437],[141.73698514454898,15.273564206423146],[141.77409949449603,15.328550435354472],[141.8391221745491,15.419393008380723],[141.9107550389139,15.513169303920336],[141.9548970159848,15.567615516942695],[142.00656561621057,15.628520270594109],[142.0951959460364,15.726687346843676],[143.37212800650255,14.855216040987656],[143.95595105160024,14.442257774277024],[144.17090239353072,14.326199613121702],[144.47203406562008,14.16465743009644],[144.69853013775563,14.042749122374204],[144.92970786822386,13.919195069696826],[145.05859880639017,13.852268156150643],[145.1088205863014,13.836717656694617],[145.21488082239208,13.793938986195414],[145.28079158926042,13.764226642145928],[145.58719113106613,13.618335045026399],[145.73434442755334,13.538465901580182],[145.94371595732585,13.422702414984542],[146.0604587768511,13.357798682862992],[147.08060843063495,12.791390594600358],[148.07709548426934,12.227880121070868]]]}},{"type":"Feature","properties":{"id":10,"country":"Tonga","iso":"TO","area_km2":668689},"geometry":{"type":"Polygon","coordinates":[[[-171.84753245725693,-15.878383591829206],[-171.80114692349144,-15.960796246449462],[-171.70013441297243,-16.151440700427912],[-171.52424970436007,-16.450446328435078],[-171.3052777777471,-16.840277777797],[-171.54589804435892,-17.125526460277698],[-171.58037036150267,-17.165976175360015],[-171.76209900326631,-17.39637947713102],[-171.7881975754576,-17.64174025281035],[-171.79324965374832,-17.69402004848621],[-171.83976117084123,-18.130391151130482],[-171.86024197768495,-18.319208924652088],[-171.93947696778773,-18.95831092440949],[-172.0191969478808,-19.779058499150224],[-172.02701977624145,-19.891427733003255],[-172.01159194970862,-19.98868910831564],[-171.9885081118597,-20.15021149096738],[-171.96106962536282,-20.34121608745241],[-171.95029614744914,-20.411616622508916],[-171.88299987064744,-20.837726250166213],[-171.86940856585238,-20.922907575624052],[-171.55853221868682,-21.886555868558276],[-171.43150785220547,-22.126927878218922],[-171.40325833550366,-22.18108901784376],[-171.4316438737657,-22.296109076272728],[-171.44935134408925,-22.35969584208938],[-171.47282013134378,-22.436949024977395],[-171.4983050295533,-22.513654828307537],[-171.5336296827635,-22.61041232876582],[-171.5580414721362,-22.672063590761965],[-171.58965847415908,-22.746785584986682],[-171.6201034769937,-22.814081589293835],[-171.66542351468328,-22.907218003707754],[-171.7032049574427,-22.979460868324296],[-171.75915927148304,-23.078915355559147],[-171.81585065548325,-23.171945557341502],[-171.85646364518092,-23.234522602136252],[-171.91584814617497,-23.320705605978844],[-171.9686817425683,-23.392826605263508],[-172.01447435960392,-23.45231748256569],[-172.0956051754384,-23.55125509974293],[-172.16545259955777,-23.63058097892892],[-172.21698725205988,-23.68599867110173],[-172.29138354601366,-23.761787149756984],[-172.34609666702747,-23.814603020512905],[-172.43056056371893,-23.89170104426772],[-172.48259029390692,-23.936702579860068],[-172.56604870448413,-24.005274825572656],[-172.63834248331892,-24.061231401407966],[-172.6927667600779,-24.101403404043737],[-172.7714064574419,-24.156726449765785],[-172.8862875553264,-24.23201405550421],[-172.9591050111873,-24.276557398205284],[-173.03312090810329,-24.319451197214946],[-173.09063537142515,-24.351222407787844],[-173.17060536844292,-24.393131175763074],[-173.29736655372335,-24.45458396727615],[-173.37614369897247,-24.489832191602233],[-173.43946358737446,-24.51658133066377],[-173.50722599898054,-24.588582344199708],[-173.60748745148447,-24.687801610156114],[-173.68388410027097,-24.758237649547738],[-173.7502050209448,-24.816139609155513],[-173.80427316527428,-24.861164859870257],[-173.8763303432707,-24.91840443911353],[-173.987832755677,-25.00124285077682],[-174.05146122035902,-25.045532043269105],[-174.14236224302292,-25.105345285256632],[-174.22191185824562,-25.154535183951452],[-174.2825262585799,-25.190155286936857],[-174.35806029564594,-25.232395062082304],[-174.4654153333509,-25.288473128232212],[-174.5962200063481,-25.35083485464473],[-174.69155530813092,-25.392584888681526],[-174.7513916689902,-25.417217986820575],[-174.8383455986703,-25.45090805206489],[-174.93670997988158,-25.486118879882326],[-175.03683724903965,-25.518858674687948],[-175.1131594483498,-25.541805987356312],[-175.22674714576408,-25.572814146555473],[-175.32172469094166,-25.595923771564657],[-175.40674431379892,-25.614521703813466],[-175.47455325812632,-25.627905268812995],[-175.5879386827239,-25.647542043030697],[-175.71708811302597,-25.66578433657773],[-175.81064630768094,-25.67630243401004],[-175.89217421646683,-25.683613031016463],[-176.01362523601577,-25.69138809008824],[-176.14493391696655,-25.69558636551821],[-176.2709054264441,-25.6955469500316],[-176.3433389266499,-25.69370979427154],[-176.46392157342177,-25.68771082069773],[-176.5441529781773,-25.68167486430339],[-176.63220632905868,-25.67315753629117],[-176.71202524806668,-25.6637119712304],[-176.8325871330897,-25.646308570683942],[-176.97336137462756,-25.621100591718843],[-177.0595897411735,-25.603030758462666],[-177.18405565154694,-25.57331985512711],[-177.2612043179248,-25.552707143819518],[-177.3301756710703,-25.532822426513704],[-177.41436924504458,-25.506642612266674],[-177.54128185727174,-25.46314236262978],[-177.619078094878,-25.43396828261008],[-177.71705770744708,-25.39438500046728],[-177.81660970997012,-25.350867143903457],[-177.90209607377463,-25.310702410487764],[-177.97499327342078,-25.27430884557664],[-178.08147026434105,-25.2175385073961],[-178.20264888104091,-25.147245751590077],[-178.29502155699916,-25.089290695109455],[-178.36615245577113,-25.041931410506052],[-178.4296706869525,-24.997513266923605],[-178.52283346319365,-24.928499656433843],[-178.61331693422898,-24.856735192475057],[-178.68300844738184,-24.798047437639028],[-178.75317971826928,-24.735578049787094],[-178.82826722665115,-24.664858232920963],[-178.91152837273623,-24.581151831591654],[-178.9625880689841,-24.52669138499934],[-179.04246471187682,-24.436551839895372],[-179.0882488330868,-24.3819587198891],[-178.5533900035456,-23.466754224727495],[-178.22902641303838,-22.905437971085306],[-178.16189774198702,-22.79257898982823],[-177.9789696528269,-22.494180220740432],[-177.7775455932158,-22.162893837490074],[-177.59862937404617,-21.86862657235821],[-177.19070988375387,-21.19362351601235],[-177.14722335327488,-21.12447551892997],[-177.0714094984492,-21.04405853996947],[-177.0053945397259,-20.97869935698955],[-176.9996565323228,-20.960177873410004],[-176.99339903423768,-20.90597824280151],[-176.9816444751121,-20.82381951176093],[-176.96776911225436,-20.742656552357943],[-176.95181563108616,-20.66247192493917],[-176.93371487464145,-20.583302063739097],[-176.90843874055514,-20.487027413783963],[-176.892777285443,-20.432398810156684],[-176.8135591819104,-20.167951247851548],[-176.78696536877112,-20.077766176510934],[-176.66766934476408,-19.673208906765495],[-176.66950548788768,-19.560596721960934],[-176.6693933289386,-19.507844857753867],[-176.66831215678042,-19.454958700483473],[-176.66626287882846,-19.401938120647657],[-176.65994815508296,-19.29558742422013],[-176.6501352457447,-19.188747825751435],[-176.63396673847387,-19.064979637300226],[-176.61253660637897,-18.96092158886006],[-176.56978450904742,-18.8559211129689],[-176.5456532865695,-18.801010484645843],[-176.53397627328607,-18.75419597246605],[-176.52014539089674,-18.70245373665047],[-176.430445777347,-18.387690424397846],[-176.3995932446323,-18.279426352743798],[-176.37625214132296,-18.133442822428094],[-176.3558984770328,-18.02755921768359],[-176.3405395475618,-17.956883292229932],[-176.33229569618908,-17.921517902429187],[-176.3236758778393,-17.88613421412255],[-176.31468030834918,-17.850732216518352],[-176.273166043278,-17.69376511406854],[-176.2674616120635,-17.491219494384012],[-176.43044577734707,-17.320802861471265],[-176.61535940381307,-17.127735718628358],[-176.67042296095065,-17.067587659942376],[-176.6722519580611,-17.065497353120264],[-176.7238060359195,-17.006668962302697],[-176.77544995065438,-16.944950378856703],[-176.8253549911395,-16.882430223376005],[-176.8737921410941,-16.819233791206358],[-176.92060430514428,-16.755285799200195],[-176.94190357778749,-16.72469219418926],[-176.96580375274067,-16.690590310494215],[-177.00937838260603,-16.625139953345993],[-177.05122073834607,-16.55888248254027],[-177.09133302959535,-16.491817133653484],[-177.2099868482141,-16.282752276296407],[-177.25331571135072,-16.203631129572784],[-177.31016318528248,-16.09589631806041],[-177.34566157402207,-16.02559029815356],[-177.36655946394774,-15.982067276783283],[-177.38305138271483,-15.92048250796121],[-177.3833418790243,-15.919306458226359],[-177.21752197625804,-15.623601102009175],[-176.91679269772465,-15.103069872976207],[-176.78620728034156,-14.873532481638605],[-176.6654235820325,-14.66106844595187],[-176.45530126763907,-14.61151960804331],[-176.29388988830746,-14.574117681885426],[-176.08877038824272,-14.526309998907237],[-175.90061924168444,-14.48191047938505],[-175.71190773835133,-14.4371254133071],[-175.41642389684523,-14.367157374812876],[-175.21367503397548,-14.319119067890583],[-174.92004153588806,-14.249224948272627],[-174.68564054977128,-14.193151990272085],[-174.51139447157757,-14.154640220669492],[-174.45927703860437,-14.222024997955216],[-174.18847927519838,-14.32735091511259],[-174.06575829780706,-14.376515824345702],[-173.66024623327698,-14.538357068823558],[-173.46551775643925,-14.642787627247102],[-173.16904438998657,-14.808263853194106],[-173.0040846635763,-14.900943315781348],[-172.78674248207977,-15.022360771732082],[-172.6383619752248,-15.10555669808302],[-172.50102657931316,-15.233546332996752],[-172.23558950375252,-15.479738620940466],[-172.0308203498792,-15.689924973358728],[-171.84753245725693,-15.878383591829206]]]}},{"type":"Feature","properties":{"id":11,"country":"Marshall Islands","iso":"MH","area_km2":2012300},"geometry":{"type":"Polygon","coordinates":[[[170.078738889189,2.00928611130179],[169.83154166655336,1.972141666545255],[169.55992222223054,1.931208333007163],[169.1201694446847,1.863497222219976],[168.56024444433862,1.777313889000936],[168.55985822218426,1.778840463180003],[168.37407861033975,1.843841899484261],[168.21444177956457,1.899787551254619],[167.91540104472253,2.004618814307037],[167.71001726898234,2.076419286221181],[167.70991755844918,2.076453970374516],[167.42538435320583,2.175480336248683],[167.09469927245422,2.291015859994218],[166.70196511280008,2.428104273293883],[166.45930204335477,2.512809565109521],[166.36843638152592,2.544539738150817],[166.26912823248196,2.579230069512263],[165.92438814908994,2.693850810815462],[165.86793607039388,2.775973147343038],[165.8242490243732,2.84330181772475],[165.7897064710771,2.899165346103914],[165.74508030261413,2.975133826764917],[165.69608916308513,3.064213901250625],[165.63445608717902,3.186320767589521],[165.67652822599732,3.562195220832947],[165.6544156631529,3.920045848337367],[165.6431599831469,4.109951996687457],[165.62175719943573,4.474660006054663],[165.61429992210427,4.600637856651844],[165.6016388031883,4.830803625886716],[165.5693333818301,5.322530620192154],[165.5499401745994,5.634080815877027],[165.50902632210725,6.292213092460358],[165.38457972827226,6.387801975181219],[165.18820384992821,6.538776925414922],[165.00427490346428,6.680537174651093],[164.88829529898916,6.769838056081625],[164.65436358451214,6.949757395887303],[164.44305733332985,7.107252350016026],[164.15232332955847,7.31944142698039],[163.90643298269603,7.490892182028702],[163.68358092392063,7.645327345780615],[163.41399605997074,7.831957274708543],[163.16929815478622,8.000965353268583],[163.07224938729993,8.067902306846051],[162.80118765848405,7.94488646963508],[162.62453496481706,7.864736864514882],[162.39224535843667,7.882186657488489],[162.09380842212133,7.904576314045784],[161.7040911398943,7.933668860629481],[161.56818168293862,7.944451266113148],[161.003766807093,7.989315599335583],[160.68865060524152,8.113148603725193],[160.52319390357573,8.176872855198312],[160.3245287577959,8.25217094343445],[160.1821518506275,8.306053308513441],[160.01247806061414,8.360789159891937],[159.7533543607154,8.445799276015862],[159.40592412110183,8.560509010782411],[159.29435560492774,8.661521654400914],[159.12913025475788,8.810926483670443],[158.79695990767394,9.111198410178702],[158.57909435761903,9.307787144561232],[158.35050814773317,9.513724394565287],[158.1667313341844,9.679180778770089],[157.99618012421396,9.86376964145596],[157.75944315088103,10.119566794072426],[157.46054378047168,10.426889811915402],[157.47639928410055,10.512313255552428],[157.48802461694268,10.568575940827301],[157.50849581003396,10.657624827723708],[157.52930364364877,10.738273677088785],[157.54820723747443,10.805922766922265],[157.56735316441765,10.868898254550857],[157.59009954515804,10.938414952088465],[157.62569782429566,11.037986507671391],[157.67612417928765,11.163979362557583],[157.69790229865268,11.214356153214098],[157.73446734719047,11.294030038555434],[157.7898170074495,11.405258715317473],[157.84003481325655,11.498053181409205],[157.88630903703253,11.577810820613053],[157.9458313132652,11.673509986296935],[157.98582942748644,11.733958369982972],[158.06664033288527,11.848626108208435],[158.12602907328343,11.926361678448814],[158.16728619070577,11.978115056864496],[158.22600098186032,12.048068459791637],[158.26278187398478,12.089961272894513],[158.32535004966573,12.158119437462176],[158.40356534976124,12.238536673628673],[158.45318202353187,12.28673839815869],[158.54007311218473,12.366607257418991],[158.61792292150588,12.433593791520408],[158.7046130926203,12.50342667899821],[158.80130620161984,12.57599314306917],[158.84008637208902,12.689797994382133],[158.86684168499616,12.76122486723402],[158.9074813890554,12.861142281391267],[158.95789748548086,12.973266076768084],[159.0053992083077,13.070684718325296],[159.04972585486487,13.154884949081293],[159.07979311366174,13.208580561843561],[159.14975158516788,13.326272270448996],[159.19520530707953,13.397233609243969],[159.24889179801843,13.476496982849682],[159.32455808039137,13.581337293981093],[159.403949434719,13.683140115224262],[159.4462252960607,13.734287078086254],[159.51127650440768,13.808809782545652],[159.58064579047132,13.884255510683431],[159.62447562634938,13.929596056512821],[159.69586907769641,14.00081303209572],[159.77247953850022,14.073328508204213],[159.83643419628126,14.13044327503728],[159.88043635485425,14.168070827606854],[159.98523059641545,14.252869682190166],[160.08625563089296,14.329468076790306],[160.19473275990978,14.407584061155603],[160.30005469127147,14.477458268884078],[160.3632565724333,14.516745223513325],[160.44110804819823,14.562592478859813],[160.5582529752949,14.626431052151517],[160.65769152744244,14.676128316868514],[160.80683978283017,14.744950037214778],[160.91009328697604,14.788631728671362],[160.97974191955407,14.815893256468698],[161.08534882538865,14.853962350082526],[161.19937952434591,14.890793236418858],[161.30021445293525,14.919785827853772],[161.37278899471679,14.938630471119438],[161.44578032460245,14.95591060429092],[161.54860287182575,14.977454772220128],[161.6165825740272,14.989966737674862],[161.69658381259322,15.002847579852002],[161.82318375932343,15.019416665846705],[161.95784075834447,15.031897780058543],[162.05535571729317,15.03766961096386],[162.15300843978795,15.040718503356274],[162.2750636436726,15.040705164611765],[162.36635098091304,15.037930042037985],[162.44350752625152,15.033730405933596],[162.5625003407184,15.023880087496238],[162.64624629153352,15.014484760363587],[162.7158277789288,15.00511523118307],[162.83475546179582,14.98578268052647],[162.93815276214062,14.965505842620672],[163.0188174971299,14.947415176569265],[163.12362063928194,14.920886157370433],[163.20091632502843,14.899084457781669],[163.3063800318134,14.86618528512281],[163.3853924855753,14.839125456374859],[163.49088719019196,14.799827468862645],[163.59138715819117,14.75890144674456],[163.72449120700415,14.69872882037896],[163.8309039944243,14.74957991438167],[163.94834298993757,14.80048096662344],[164.01118760732263,14.825618068219498],[164.09499093218577,14.856954256034314],[164.18851419717313,14.889074201213475],[164.31451007378175,14.927509348577644],[164.3924068744781,14.948920157839183],[164.4845629541172,14.971726311120435],[164.55974351804954,14.988348551544618],[164.67076645061158,15.00994963396846],[164.75466344975914,15.023888479969443],[164.84556844382908,15.036837417912679],[164.98570394997736,15.051759813764463],[165.060629796229,15.057445681173363],[165.1356688212595,15.061519975166831],[165.2237245949144,15.064229469714405],[165.3395905529617,15.066341332386784],[165.45825675254767,15.066801355398383],[165.4641938941334,15.12352754855769],[165.47612590748517,15.215340067390287],[165.49596967236286,15.336557223637087],[165.51000612987926,15.408312270794838],[165.53067540584541,15.50111808633089],[165.54842371078607,15.572097122884244],[165.58184039561795,15.690441364277646],[165.6068185456397,15.769261404490337],[165.63803531068132,15.859265080918803],[165.66662560568764,15.934895063956105],[165.71321428101461,16.047443665792613],[168.41521860725314,17.302616180592494],[169.88415281829847,17.94606149843962],[170.02047200727773,17.90620033927445],[170.13609641731605,17.86768281670878],[170.19986496669534,17.84447942118851],[170.29163868158068,17.80864537668286],[170.36103547700586,17.77955702273873],[170.48313265225042,17.724427040775538],[170.55105355677645,17.691350343743622],[170.61818133929793,17.656840617500663],[170.69766482287363,17.61357575102022],[170.82082853201175,17.540980508643642],[170.9156029742982,17.480704159869163],[171.00948075293488,17.41651973609703],[171.08943756499204,17.358170150632247],[171.19451837552302,17.276655465477447],[171.2977568160247,17.190869702974666],[171.3874149135681,17.110924940034224],[171.44420524187856,17.05730028378133],[171.5027992513847,16.999202075915193],[171.56920804121884,16.929724613999895],[171.6179308653175,16.876554647778946],[171.69135319259615,16.79163948657309],[171.77546743647312,16.687664020178488],[171.83560400721987,16.607696665369133],[171.89388189243616,16.52510021360426],[171.9485992555516,16.442341366760942],[171.9909651003596,16.374262921696797],[172.04111760819146,16.288684608507936],[172.07028674733587,16.23606423597593],[172.10913025885455,16.162062537556082],[172.13853115418985,16.102793049959416],[172.1697568881705,16.03629487291022],[172.20806489657824,15.948882932901185],[172.2437693361865,15.860456559422843],[172.2728032694557,15.782485052942945],[172.3004860738737,15.701725114822338],[172.32466184606758,15.624877375990181],[172.35452560537314,15.519221720606126],[172.3791469997348,15.41980232311873],[172.3933050545851,15.35551849188505],[172.41646844016682,15.233604649735057],[172.4285019896753,15.157262415328319],[172.44486651048126,15.026410272516316],[172.45402509828043,14.922725882493694],[172.45792665679048,14.860400614596756],[172.46207188480994,14.739694617712615],[172.51895472637997,14.686419977599883],[172.57147296380677,14.63495687066306],[172.64897416082962,14.55470172650358],[172.69881401845262,14.5001320680406],[172.75574284235844,14.434733277119136],[172.79936283043102,14.38213394872291],[172.84523584325987,14.324383337820876],[172.91155608224747,14.235949420829343],[172.97070572169227,14.15153040300578],[173.03107420511068,14.059158206386314],[173.0733330377898,13.99021081297876],[173.14414877454672,13.867260472492987],[173.18244430036444,13.796155502074882],[173.22861078176302,13.704390239917757],[173.25980289278974,13.638016414825813],[173.28949246510595,13.570990082126912],[173.33118140639735,13.469297945843692],[173.36028800398887,13.391955781334417],[173.3800414922214,13.335523573853933],[173.4116238568562,13.237302473530448],[173.43057171081674,13.173763242279932],[173.45166303502154,13.09605160659656],[173.47947597943383,12.97952037236746],[173.49785664267043,12.889966978393517],[173.51918464055964,12.764841996261254],[173.53169349975556,12.673279127429964],[173.5397003240116,12.601082314397487],[173.547421333828,12.510946095885842],[173.5519259687093,12.436658493095067],[173.55443479932686,12.371882065405131],[173.6198064226286,12.28623061664976],[173.66276690007302,12.22663381090176],[173.72064059938467,12.141672404757884],[173.78347927764676,12.042485086317853],[173.83851649004478,11.94867275584312],[173.87788937399617,11.876867032787402],[173.9223936546439,11.79025864062379],[173.95380779299606,11.725069489765232],[173.98414774872052,11.658411880903657],[174.02410783331058,11.564021752202223],[174.0585625345341,11.475337839869553],[174.07904118210539,11.418748593672817],[174.10427840342632,11.344062708127609],[174.1343918073367,11.24619602882376],[174.1540319890859,11.17575627073549],[174.17888993931993,11.076461096602372],[174.2035190849385,10.962130435071558],[174.21676535532507,10.89077303607354],[174.36111030043938,10.221909144979563],[174.50130098460866,9.57158223021871],[174.54257529286943,9.378289673566584],[174.79864142106342,8.895709954093135],[174.86438451183656,8.785695280612742],[174.90746340841045,8.707860859591108],[174.96096454367913,8.603775970884499],[174.99252495766146,8.537801734362617],[175.0226238519099,8.471156402146434],[175.05954200575925,8.383563989786296],[175.10452485254072,8.2661635778869],[175.13508084250728,8.177702159627174],[175.16977701709632,8.06602109060087],[175.1913435026013,7.988567466815297],[175.21607761079386,7.889283830984226],[175.2318736638393,7.817927761756991],[175.24743925032183,7.73905887846449],[175.26559490048467,7.630956603964165],[175.2766448533778,7.551336924359788],[175.2847972066419,7.480980896697403],[175.34950734907378,7.131255270225765],[175.43734338187042,6.656928997821296],[175.46007925095742,6.549571515812815],[175.47231727302463,6.483267119282274],[175.4848725516279,6.40554319975908],[175.50217104176082,6.271653257691909],[175.51177928518624,6.169807236614801],[175.52034003786312,6.034769135487181],[175.52270081129407,5.961728077588859],[175.52346571257326,5.878192605004841],[175.52153796900282,5.770972619391088],[175.51804248137583,5.695184844005539],[175.51225331161285,5.612495809511628],[175.50714444455335,5.617075000105899],[174.96726944420917,5.43684999979611],[174.54924166666925,5.297150000129548],[174.23687777786066,5.19243611120622],[173.8417611109435,5.059566666743237],[173.25170277746636,4.860686110934466],[172.75420555562116,4.693866666551884],[172.37841111139133,4.568416666688847],[171.79405277810494,4.452027777989329],[171.1888333336025,4.331038888697904],[170.83274722198618,4.259863888903098],[170.7264722222923,3.94466388906794],[170.54260277771706,3.399516666962256],[170.39949722192043,2.975405555230779],[170.34668098218745,2.818520790897196],[170.2334861113993,2.480783332996907],[170.1904166667638,2.349299999996433],[170.078738889189,2.00928611130179]]]}},{"type":"Feature","properties":{"id":12,"country":"Cook Islands","iso":"CK","area_km2":1976625},"geometry":{"type":"Polygon","coordinates":[[[-159.27578888884602,-5.800505555686755],[-158.38465555580913,-6.377736111532116],[-158.10091111085887,-6.56108611133476],[-157.66468888918075,-6.83598055555791],[-157.32613333308655,-7.046975000096054],[-156.77556388886228,-7.380088888890896],[-155.90987222182554,-7.918113888644868],[-154.90491388906457,-8.508366666388454],[-155.03996388912185,-9.226502777381143],[-155.15648611124496,-9.844652777703402],[-155.37612777737496,-11.00545277792321],[-155.43932547489067,-11.357620113677172],[-155.52351370869067,-11.445027184756682],[-155.61790195601012,-11.53587437220439],[-155.67412434356348,-11.586764030935058],[-155.75143966690695,-11.65312723233582],[-155.85051647215727,-11.73241397482498],[-155.8975744910697,-11.767994593075798],[-155.99966336687066,-11.840850253935855],[-156.06099503769065,-11.881934850812513],[-156.14208422840426,-11.933344133324866],[-156.2060272282739,-11.971652166913884],[-156.26323981256718,-12.004313995894066],[-156.33473331708876,-12.043104888079924],[-156.40055100142723,-12.076878871762318],[-156.4604311898474,-12.106046727574281],[-156.57509680477338,-12.15793790820777],[-156.66408869353825,-12.194742522649136],[-156.78244552364163,-12.239222835465341],[-156.89451089725992,-12.276782400187471],[-156.99400796019887,-12.306573015831944],[-157.06563193296716,-12.325993146966084],[-157.1376789980871,-12.34385597067633],[-157.21011380141067,-12.360152675405388],[-157.33504038410632,-12.384443058999878],[-157.42343749184647,-12.398678016676925],[-157.5399106613478,-12.413909755930277],[-157.6138374642273,-12.421469944482183],[-157.71758379415644,-12.429358013261492],[-157.79924654459228,-12.433344804119216],[-157.90007059678038,-12.436350967922692],[-157.97764796997774,-12.43684475777917],[-158.10823769151597,-12.433705091416712],[-158.21494156699947,-12.427390697722402],[-158.25916287326783,-12.485884471491048],[-158.30477860624762,-12.54357429002124],[-158.39985332587014,-12.655932229288723],[-158.47443449255766,-12.737449275163769],[-158.56224553460373,-12.8268554240384],[-158.6370967587083,-12.898031967001558],[-158.6919253661626,-12.947468025428805],[-158.76043868649595,-13.006297394708838],[-158.8636376773369,-13.089042135685816],[-158.95950433006067,-13.160726042872412],[-159.00222076477633,-13.191045082164663],[-159.0990986763626,-13.25608761475138],[-159.19354132996835,-13.314981703742518],[-159.27394083779916,-13.361784448293477],[-159.3646450663166,-13.411259701873533],[-159.43745173031294,-13.44837655913075],[-159.5381891795867,-13.496182463249923],[-159.63492072471155,-13.53831691879067],[-159.64663424597347,-13.671052824727909],[-159.66045687168702,-13.779966104252082],[-159.6733909015686,-13.862580799664002],[-159.68664701015138,-13.935355140227344],[-159.70134722759218,-14.006975376312383],[-159.71936949210823,-14.08537490612693],[-159.75504289431404,-14.219713146744212],[-159.7761162968294,-14.289804781765042],[-159.8011146869931,-14.366366185450943],[-159.84258905094384,-14.481142232627818],[-159.87215725075635,-14.555819500869077],[-159.92031404875428,-14.667228149958987],[-159.95384444296656,-14.738701202998016],[-159.9835650050207,-14.798562530836037],[-160.01739590319806,-14.863191084800533],[-160.05160407147054,-14.925082445098553],[-160.11218296117454,-15.027847861989088],[-160.17323051907306,-15.12343216356328],[-160.21465051091218,-15.184390853155207],[-160.2574515673357,-15.244450625395828],[-160.32419958684125,-15.332790872600597],[-160.39012464393699,-15.414388113720307],[-160.44206387444825,-15.475121334281951],[-160.51018574597524,-15.550453463656268],[-160.39509707646874,-15.52838573201582],[-160.30547330694736,-15.513918311280818],[-160.16360783703192,-15.495679394688139],[-160.08867204607782,-15.488335873501711],[-159.97601139411051,-15.480244146949616],[-159.90078247003476,-15.476802269708884],[-159.81796763140073,-15.474826689400032],[-159.71632876645918,-15.474942765795817],[-159.62729573820758,-15.477341418671429],[-159.55316667779977,-15.481014463046918],[-159.41999443519484,-15.491452091840372],[-159.33147907380007,-15.501127771829061],[-159.2358996744303,-15.514069099709133],[-159.16724417757672,-15.524940141474133],[-159.04419367150064,-15.547916933919254],[-158.97064592297062,-15.563755252402828],[-158.86101197802026,-15.590368800679542],[-158.7811940680516,-15.612050059462447],[-158.68039817363666,-15.642271588862528],[-158.60811926059517,-15.665935541591878],[-158.5028646830586,-15.703477921168968],[-158.38416226597562,-15.750327855845683],[-158.29460063061447,-15.788959526660705],[-158.23325593761126,-15.817121068082727],[-158.13193473929664,-15.866756859641157],[-158.13106403907386,-15.862662965823077],[-157.86861111101373,-16.40499999984999],[-157.24583333344134,-17.318333333216657],[-156.04194444428038,-18.345555555943918],[-155.1744444447551,-18.919722222302624],[-154.80555555554412,-19.257222222527346],[-156.3230555555692,-21.40555555594399],[-156.14251414301305,-24.894171157073018],[-156.24852145759894,-24.945638366717162],[-156.36187578633843,-24.99619992488644],[-156.45273465148284,-25.03353037382756],[-156.52008763683475,-25.05943673391795],[-156.60776012033296,-25.09098059767622],[-156.67714229637966,-25.11422631978867],[-156.79549740697956,-25.15053503816138],[-156.8674600167662,-25.170499101752014],[-157.00879692813567,-25.205597600648616],[-157.0887523750219,-25.22300193828876],[-157.23310583376707,-25.250069911297274],[-157.33384971679072,-25.26565562100997],[-157.46899308356382,-25.282396963149225],[-157.54879217431926,-25.290055517747717],[-157.66079119505747,-25.298046490553048],[-157.83030783124127,-25.30455290029603],[-157.95469488006438,-25.305889296453756],[-158.0389469954074,-25.30455290029603],[-158.11111908697598,-25.301982290749905],[-158.1992290708647,-25.29704690219269],[-158.30314236262984,-25.28867084148598],[-158.44646905460314,-25.272551519037236],[-158.55252147108877,-25.25718088488982],[-158.62047475930262,-25.24574547986984],[-158.70686176985458,-25.229435876164658],[-158.7849823812317,-25.21293190288482],[-158.86266686278532,-25.194843257610117],[-158.98595718927277,-25.162628512195923],[-159.0623231037281,-25.14046520600428],[-159.1381117631471,-25.116754440864625],[-159.2506284921111,-25.07831361518113],[-159.31002652610323,-25.056410370442123],[-159.39827527268557,-25.021763053322175],[-159.4709968329372,-24.991250338732087],[-159.56435775590558,-24.949382782189517],[-159.6703344917433,-24.898037000806767],[-159.75732420544767,-24.85272763267399],[-159.8174180251217,-24.81962699478983],[-159.9313831482135,-24.753295432438136],[-160.04329574770048,-24.683064241521393],[-160.1140883224179,-24.63557571264893],[-160.16715519125881,-24.598336588962198],[-160.2529132870185,-24.588302842102337],[-160.39613249381938,-24.567302905204826],[-160.5230266330725,-24.544098863071852],[-160.59752602890285,-24.528431550675435],[-160.72882795684473,-24.4973966951012],[-160.84366381343392,-24.466864633396],[-160.92962885758544,-24.441656783033977],[-161.01257915480397,-24.41567516048022],[-161.10794983321802,-24.383142147691785],[-161.24043104215878,-24.33328507434659],[-161.31633814678787,-24.302096827706293],[-161.4351700644466,-24.249252247892755],[-161.51027824104779,-24.21322060974326],[-161.61784919698272,-24.157834835409133],[-161.70707684482045,-24.108400804053645],[-161.82185776991992,-24.03987314313096],[-161.9193306253078,-23.97693661952931],[-162.02066997104197,-23.906552430549993],[-162.10701417476406,-23.842284238526588],[-162.16307322025276,-23.798292655981214],[-162.2491685779675,-23.726995738762156],[-162.31156887000714,-23.67232040006634],[-162.38634687850552,-23.603160352068414],[-162.43192017967232,-23.558907115370914],[-162.49856493092665,-23.49108696818888],[-162.5909926642799,-23.390318944663363],[-162.63595841584805,-23.338117581561008],[-162.69791832966706,-23.262460280717292],[-162.7753013944437,-23.16110692264614],[-162.81885134601274,-23.1002545581012],[-162.8813918666413,-23.00734561550759],[-162.94055409659416,-22.912571619284563],[-162.9898793441563,-22.827712744847204],[-163.02639846701544,-22.76130767640798],[-163.08202731191076,-22.65229906065298],[-163.13873065689427,-22.52906712534748],[-163.1624721536668,-22.472936289677875],[-163.19797335188858,-22.38271978868717],[-163.24095241112477,-22.260997174779575],[-163.26819913877904,-22.174211801433287],[-163.28605926272468,-22.11195286393344],[-163.30527462902074,-22.03892150432378],[-163.33252448541663,-21.92027241973622],[-163.35524807733668,-21.799872498117125],[-163.36608745846925,-21.733793981606766],[-163.37779349557326,-21.65044799258058],[-163.39083661231973,-21.526975085731465],[-163.39744225325708,-21.433113517374778],[-163.45538995058567,-21.428972885789975],[-163.55623018067823,-21.41957834466467],[-163.68756954649717,-21.40318554377764],[-163.7749174970448,-21.389664981453507],[-163.9097308234186,-21.364514036593405],[-163.9932153844821,-21.346343625857543],[-164.07618459264455,-21.326260843662794],[-164.14365985251996,-21.308423676711143],[-164.25520308605348,-21.27588773752902],[-164.32921421296544,-21.252155331103452],[-164.43963742362806,-21.213951233062858],[-164.51908808914374,-21.18403962173096],[-164.63317805252478,-21.137293175639414],[-164.70353785728625,-21.106155604897168],[-164.80762392140667,-21.056718379149814],[-164.91660586776646,-21.00042773665058],[-165.0035180509172,-20.952042708703942],[-165.101866287499,-20.893312105668954],[-165.17261453193476,-20.84830513457416],[-165.25466043403165,-20.793039857703064],[-165.35929241900965,-20.717467064353414],[-165.45207234756055,-20.64529965285655],[-165.55866708761576,-20.555713938147633],[-165.63600541471794,-20.485921986010638],[-165.7213992832502,-20.40351992090747],[-165.77906084688044,-20.344523331686347],[-165.84158025772257,-20.27710049599105],[-165.8937921114167,-20.217893282848593],[-165.94726374622473,-20.154148935125036],[-166.0207990841103,-20.061015853598576],[-166.06064302125824,-20.00756129062097],[-166.1330573110458,-19.90406317357646],[-166.18560345803309,-19.823222488027298],[-166.23483664379597,-19.74243988968908],[-166.30129614999703,-19.62506137088549],[-166.3741305553807,-19.196644444385356],[-166.41928888867116,-18.929475000270955],[-166.47691666657076,-18.586752778118097],[-166.57007777816676,-18.02969722184912],[-166.60015000032223,-17.830591666372214],[-166.64112365867769,-17.55526875286155],[-166.63139369418002,-17.542632093633557],[-166.02750000012463,-16.758333333616307],[-165.75305555596893,-16.39138888928575],[-165.5699999996,-16.144999999650125],[-165.27666666643313,-15.749444444605345],[-165.2008333331916,-15.64638888933571],[-165.3080555554193,-15.234444444555393],[-165.3686111113135,-15.002499999775097],[-165.62222222247732,-14.058333333616389],[-165.97888888891077,-13.748888888810953],[-166.1552777781467,-13.59555555554438],[-166.42833333361614,-13.35694444453027],[-166.6172222219277,-13.190277777897066],[-166.87249999987478,-12.964166666857878],[-167.18361111146328,-12.689444444605286],[-167.4222222224774,-12.47777777752232],[-168.17333333336632,-12.03194444448043],[-168.4661111112386,-11.731388888886002],[-168.48916666630822,-11.044444444655213],[-168.4950000000497,-10.875277777847046],[-168.51722222262742,-10.213611110763964],[-168.52359118283155,-10.024476331539347],[-168.46444444444444,-9.814166666666623],[-168.40899921332317,-9.627107361276401],[-168.27928034323074,-9.189466084564074],[-168.18277777777774,-8.86388888888878],[-168.1358803648286,-8.704669277024507],[-168.05410871340945,-8.427049472823924],[-168.00893116682596,-8.273668913189297],[-167.9368914734626,-8.215973604098394],[-167.85506702941964,-8.154178636734457],[-167.76537057758992,-8.09074135622842],[-167.70445371816444,-8.050075229188408],[-167.64267467779382,-8.010731612773498],[-167.56744163842077,-7.965294900639051],[-167.5091255751848,-7.931858266145881],[-167.4311582163785,-7.889520299422102],[-167.3813885175658,-7.863843480492108],[-167.28787678638443,-7.818354180500933],[-167.2208182597547,-7.787810808022257],[-167.1582404226573,-7.760807107761579],[-167.06726842190002,-7.724157343086745],[-166.96023806013818,-7.684870691529113],[-166.8718496380503,-7.655471193740425],[-166.81078252169587,-7.636946909671977],[-166.71250796926705,-7.609336305525929],[-166.64144041963942,-7.591055578551973],[-166.54582648180653,-7.569219839623685],[-166.4205885124497,-7.544807825420676],[-166.3532388006299,-7.533750076304855],[-166.25897009119663,-7.520545809141538],[-166.14979180214993,-7.50860604813046],[-166.08411742028258,-7.503143604693506],[-165.99641590307135,-7.497836356362555],[-165.92324530322804,-7.495152050026945],[-165.85003398298176,-7.494046548509246],[-165.7717740612238,-7.494629977391426],[-165.6743647555289,-7.497836356362555],[-165.60126879222085,-7.502098218357958],[-165.5209888564503,-7.50860604813046],[-165.41181056740362,-7.520545809141538],[-165.31754185797033,-7.533750076304855],[-165.24432246540934,-7.545847275331269],[-165.1589752177319,-7.562087204960335],[-165.08737954303115,-7.577449943060302],[-164.9948282491241,-7.599727607043363],[-164.88886199308644,-7.628639742430053],[-164.8117760166496,-7.65200803764067],[-164.68244927421443,-7.695750535858394],[-164.5909469936087,-7.730312457853415],[-164.52310061320253,-7.757885562968113],[-164.44248807576372,-7.792896280838534],[-164.36280957779948,-7.829975180410145],[-164.29716084279855,-7.862444079630336],[-164.20646017739492,-7.91026167763421],[-164.10153750455203,-7.970104225829232],[-164.03932707918125,-8.007940206175363],[-163.94689743566778,-8.067625652701636],[-163.88404500407353,-8.110666566408796],[-163.85086776823277,-8.063568490792989],[-163.772271394809,-7.957945873802828],[-163.70766305490577,-7.877159438956781],[-163.65725386617277,-7.81743090051549],[-163.5768360139707,-7.727704793541207],[-163.52724059387816,-7.675427742596014],[-163.4805899507655,-7.628220221286099],[-163.42192805863283,-7.571346720074999],[-163.37025548879956,-7.523430184954933],[-163.29090763737744,-7.453597791204857],[-163.21914802526098,-7.394096748865707],[-163.13262786018726,-7.326616078669034],[-163.0856075912172,-7.291785460830127],[-162.9776580108082,-7.216414497830613],[-162.91644741571537,-7.176375985163418],[-162.84813653457311,-7.13387272214824],[-162.75398512281498,-7.078877563848394],[-162.68927620902963,-7.043397050033605],[-162.5982603897051,-6.996521432517909],[-162.52578063556768,-6.961635156537],[-162.439086076661,-6.922645953947395],[-162.3309497466334,-6.878021683953364],[-162.26303559241842,-6.85219560364402],[-162.1798820583101,-6.822832581458314],[-162.0614552618507,-6.785139464714305],[-161.9770740281436,-6.761163128875083],[-161.8992039148285,-6.741122653487551],[-161.8065941937669,-6.719825246038127],[-161.72779231356424,-6.703847118049865],[-161.61977227576978,-6.685088877149724],[-161.48217556115299,-6.666374747996016],[-161.373076249669,-6.655603286362364],[-161.292878247533,-6.649956462120826],[-161.1906559123404,-6.645531681641557],[-161.11357499279143,-6.644239481766547],[-161.01230333003434,-6.645193038327818],[-160.93746082575643,-6.647811492706026],[-160.83552946890967,-6.654058562252672],[-160.76092222817806,-6.660596086739943],[-160.67296214688548,-6.670455024279718],[-160.5579695384631,-6.686874762560038],[-160.5060991303704,-6.63041550706977],[-160.4414052082834,-6.563312163625255],[-160.40490930232227,-6.526982180782824],[-160.3281166721465,-6.454162677165641],[-160.26829128931126,-6.400491125764631],[-160.1793053126899,-6.325239287862715],[-160.0934564906243,-6.257435986781289],[-160.02213670274648,-6.204385444232628],[-159.95096681836395,-6.154291532628022],[-159.8622750963184,-6.09557734941508],[-159.75806980997368,-6.03167242144491],[-159.68651189690632,-5.990549165411565],[-159.61290638672017,-5.950695841139932],[-159.55443293942835,-5.920721890602593],[-159.47559475359475,-5.882536458890229],[-159.368991076077,-5.834847107807605],[-159.27964315740553,-5.798219471850928],[-159.27578888884602,-5.800505555686755]]]}},{"type":"Feature","properties":{"id":13,"country":"Nauru","iso":"NR","area_km2":310636},"geometry":{"type":"Polygon","coordinates":[[[165.92438814908994,2.693850810815462],[166.26912823248196,2.579230069512263],[166.36843638152592,2.544539738150817],[166.45930204335477,2.512809565109521],[166.70196511280008,2.428104273293883],[167.09469927245422,2.291015859994218],[167.42538435320583,2.175480336248683],[167.70991755844918,2.076453970374516],[167.71001726898234,2.076419286221181],[167.91540104472253,2.004618814307037],[168.21444177956457,1.899787551254619],[168.37407861033975,1.843841899484261],[168.55985822218426,1.778840463180003],[168.56024444433862,1.777313889000936],[168.49238333333383,1.25803611111111],[168.42165208671818,0.715752675196015],[168.39301388888921,0.49618888888908],[168.34663611111134,0.139222222222429],[168.30530597882907,-0.180091318301166],[168.29038611111125,-0.295361111110935],[168.24006388888913,-0.687352777777619],[168.20449166666688,-0.964522222222129],[168.18825000000052,-1.101275],[168.14041843454086,-1.502997324866442],[168.13326388888893,-1.563086111111147],[168.06280833333366,-2.141719444444448],[168.0304916666669,-2.410913888888842],[167.9862666666671,-2.781330555555556],[167.9141500000006,-3.386202777777783],[167.8684111111116,-3.770672222222203],[167.7405498448177,-3.80781904103452],[167.64442455828774,-3.830278698709705],[167.55310923732443,-3.8490698984034],[167.4496547240319,-3.866984742093166],[167.3560019646542,-3.880343800394257],[167.29095858889636,-3.88801715460913],[167.21128208036092,-3.895655966213454],[167.1387059079432,-3.900924982546471],[167.03918610523922,-3.905549341805283],[166.92663193416197,-3.907306622600743],[166.7979009449529,-3.904564934343156],[166.69991857323205,-3.899161529327557],[166.63731935814317,-3.894177296501979],[166.56219819436112,-3.886578769600604],[166.458045772102,-3.873351152588839],[166.3690907984449,-3.859414883388851],[166.29849368030276,-3.846451399996852],[166.19202334839318,-3.823899258074036],[166.10078685699798,-3.801770352113053],[166.03133966799797,-3.782875134772681],[165.90755818259922,-3.745977744430149],[165.82322415159987,-3.717716760942338],[165.714113928687,-3.677081052641768],[165.62769230105275,-3.641772082114201],[165.54229177188418,-3.604043251320149],[165.42742129437627,-3.5487362364305],[165.3524835798036,-3.509728373822028],[165.29793631313,-3.479716974854284],[165.2265919590716,-3.438601796306216],[165.11178999197298,-3.367086272028928],[165.01261726104602,-3.300269885804539],[164.9360037039768,-3.244965153135695],[164.8609884216976,-3.187505392921466],[164.7830139474526,-3.124046595460626],[164.73455184113746,-3.08250885724317],[164.6488386935213,-3.003907393054249],[164.5898600918869,-2.947301930651705],[164.50565622906018,-2.861530610182186],[164.43560677620022,-2.786362626832727],[164.35911507647958,-2.698487678847115],[164.28077093473658,-2.600669530985513],[164.22433672798556,-2.525299531434428],[164.18681495040246,-2.472623153938741],[164.1244089062785,-2.379951860567644],[164.06208866693007,-2.280196659199461],[164.00047267265555,-2.173185769057397],[163.96227826569773,-2.10200613230937],[163.92923312929761,-2.036918734335856],[163.89760732207841,-1.971122058482194],[163.86741563148772,-1.904647417486103],[163.8386721642381,-1.83752643838892],[163.81139034082074,-1.769791048002787],[163.78095770485552,-1.688817789227173],[163.7517560731982,-1.60433259884924],[163.7307455307412,-1.538824423200538],[163.70592777528967,-1.454691787019556],[163.67846746743388,-1.350873210282302],[163.6491529243277,-1.221218677293166],[163.62921115924453,-1.116258742506417],[163.6163307300233,-1.036535896547832],[163.6049375994269,-0.953645816039682],[163.59760450655122,-0.89008524809428],[163.5889311429726,-0.79547884618853],[163.58448269201043,-0.729850090169876],[163.5810443999059,-0.656844608319261],[163.57909149860282,-0.576475202787151],[163.57944202499064,-0.469974510057057],[163.58415188485063,-0.344765400665054],[163.58931697694803,-0.26836770727202],[163.5986544190272,-0.168018486085444],[163.60687902683313,-0.098543931687573],[163.61755159351324,-0.0225901593207],[163.63075732192536,0.057859223086211],[163.65619926033597,0.186749856194766],[163.680970269984,0.292692886578877],[163.71560253941462,0.420239820583177],[163.74538030943214,0.516649888859945],[163.7815229286671,0.622198039289188],[163.8085768117709,0.694392937071044],[163.83228795253504,0.75389328755962],[163.88307759843784,0.871471473554536],[163.9177040869544,0.945208725422617],[163.95644041079103,1.022683566515482],[163.99501345759447,1.095225259382332],[164.02709602414657,1.152556461606707],[164.08273945191812,1.245998681296498],[164.13135304085304,1.322446494623591],[164.1820060541494,1.397542024491258],[164.22497461976596,1.458058419182919],[164.27341079230942,1.52298591938407],[164.32495234925042,1.588630115640967],[164.4044595083839,1.683789262901897],[164.4798492281749,1.767831431800246],[164.52426340567897,1.814418688214175],[164.62660080927137,1.917603884176756],[164.720522990648,2.005483505238331],[164.79044989026866,2.066292023139795],[164.85776787711123,2.121644104698873],[164.9150905484884,2.166544456049792],[164.9733749462247,2.210176012336134],[165.0325934256135,2.252517923355015],[165.09271788476272,2.293549949858473],[165.15371977798273,2.33325247385801],[165.2658444113366,2.401456611660763],[165.3524380224927,2.450032923773065],[165.42584611219914,2.48863861175397],[165.50041370927644,2.525502364973647],[165.5718700546761,2.558710282627757],[165.6597389234985,2.596704156693932],[165.73553205880776,2.627148974398224],[165.79269339427074,2.648757653034608],[165.92438814908994,2.693850810815462]]]}},{"type":"Feature","properties":{"id":14,"country":"Tuvalu","iso":"TV","area_km2":756320},"geometry":{"type":"MultiPolygon","coordinates":[[[[-180,-12.9380141321903],[-180,-4.06164558054817],[-179.960463888889,-4.11407222222206],[-179.915213888889,-4.17681388888886],[-179.854308333333,-4.266375],[-179.815002777778,-4.32761944444445],[-179.769627777778,-4.40215833333339],[-179.740477777778,-4.45245],[-179.695269444444,-4.53464166666663],[-179.605761111111,-4.58656666666663],[-179.501830555555,-4.65161111111105],[-179.412875,-4.71161388888873],[-179.338175,-4.76529166666667],[-179.277061111111,-4.81157777777779],[-179.217008333333,-4.85925],[-179.116330555555,-4.94383888888871],[-179.0716,-4.98316666666655],[-178.994758333333,-5.05410555555551],[-178.950988888889,-5.09649166666652],[-178.865777777778,-5.18361388888871],[-178.803961111111,-5.25095833333319],[-178.723744444444,-5.34403888888887],[-178.675102777778,-5.40395833333318],[-178.637183333333,-5.45268888888883],[-178.572988888889,-5.53961666666649],[-178.528852777778,-5.6029527777778],[-178.469516666667,-5.69329166666662],[-178.436919444444,-5.74575833333326],[-178.367116666667,-5.86593888888872],[-178.344955555555,-5.90662777777767],[-178.295866666666,-6.00174722222211],[-178.249888888889,-6.09821666666667],[-178.218927777778,-6.16799166666654],[-178.172702777778,-6.28104722222216],[-178.140736111111,-6.3669],[-178.101769444444,-6.48266666666663],[-177.971227777778,-6.66051111111092],[-177.84055,-6.8382888888888],[-177.709738888889,-7.01600277777773],[-177.578786111111,-7.19364722222208],[-177.447691666667,-7.371225],[-177.412033333333,-7.42041111111099],[-177.360216666666,-7.495375],[-177.327022222222,-7.54576666666664],[-177.263027777777,-7.64681666666651],[-177.222927777778,-7.71354444444427],[-177.1694,-7.80847777777764],[-177.133058333333,-7.87731944444431],[-177.105136111111,-7.9329833333332],[-177.062311111111,-8.02339166666663],[-177.019416666667,-8.12142222222215],[-176.988830555555,-8.19701388888885],[-176.951827777778,-8.29586388888885],[-176.932083333333,-8.35285277777777],[-176.904391666667,-8.43897777777775],[-176.883097222222,-8.51129166666661],[-176.859027777778,-8.60108611111107],[-176.842361111111,-8.66975833333332],[-176.817105555555,-8.78855555555539],[-176.803102777778,-8.86556944444438],[-176.788744444444,-8.95776666666656],[-176.778747222222,-9.03487777777774],[-176.772044444444,-9.0967194444444],[-176.765072222222,-9.17683333333329],[-176.760202777777,-9.25273333333315],[-176.756016666666,-9.37434722222216],[-176.756275,-9.49603055555549],[-176.759069444444,-9.58073611111101],[-176.762311111111,-9.64067777777777],[-176.773561111111,-9.77526666666661],[-176.785779992815,-9.87724444889975],[-176.786313888889,-9.8811833333332],[-176.897957313413,-9.99580713312248],[-177.125538888889,-10.2293666666667],[-177.288205555555,-10.3962138888888],[-177.419655555555,-10.5308722222222],[-177.599566666666,-10.7150972222222],[-177.714488888889,-10.8325],[-177.804977777778,-10.9904361111111],[-177.950277777777,-11.2432888888888],[-178.090258333333,-11.4861722222222],[-178.273683333333,-11.8031138888889],[-178.566219444444,-11.9967027777777],[-178.837269444444,-12.1756583333332],[-179.250302777778,-12.447561111111],[-179.358652777778,-12.5187138888889],[-179.583494444444,-12.6661166666666],[-179.854483333333,-12.8432305555555],[-180,-12.9380141321903]]],[[[180,-12.9380141321904],[179.707230994819,-13.1285448543456],[179.535055555556,-13.240386111111],[179.280697222223,-12.9145805555555],[179.004127777778,-12.5568388888889],[178.826525000001,-12.3263944444443],[178.668702777779,-12.1212444444444],[178.533641666667,-11.9437888888888],[178.398827777778,-11.7658416666666],[178.227761111111,-11.5387888888887],[178.104525213701,-11.37223420372],[177.854752777778,-11.0341749999998],[177.809452777778,-10.9727611111111],[177.313975000001,-10.2991888888888],[177.185186111112,-10.1118972222221],[177.008911111112,-10.060236111111],[176.789694444444,-9.99581388888875],[176.532716666667,-9.91990833333331],[176.235291666667,-9.83184166666668],[175.909252777778,-9.82098611111105],[175.503627777779,-9.80712222222223],[175.328047222223,-9.80040277777773],[175.101708333334,-9.79133888888869],[174.943888888889,-9.78492499999989],[174.942046966629,-9.78333545651061],[174.89186388889,-9.73911388888884],[174.823950000001,-9.67630277777779],[174.725447222222,-9.57865277777769],[174.651727777778,-9.49994722222222],[174.590616666667,-9.43063611111099],[174.550963888889,-9.3835083333333],[174.474755555556,-9.28770555555549],[174.428694444445,-9.22618055555547],[174.357316666667,-9.12461388888883],[174.306316666667,-9.04674722222219],[174.273541666667,-8.99406666666665],[174.233972222223,-8.92737777777772],[174.186133333334,-8.88874722222224],[174.115744444445,-8.82917222222218],[174.047044444445,-8.76768888888883],[174.002211111112,-8.72566111111105],[173.925555555556,-8.65006388888879],[173.840322222223,-8.55998333333336],[173.778647222223,-8.49038888888879],[173.699502777778,-8.39498888888888],[173.624427777778,-8.29733611111102],[173.572769444445,-8.22555833333323],[173.539402777778,-8.17695833333326],[173.483175000001,-8.09065277777771],[173.448177777778,-8.03395],[173.396313888889,-7.94514722222223],[173.345461111112,-7.85142222222217],[173.284361111112,-7.72833888888881],[173.234316666667,-7.61683611111103],[173.198877777778,-7.53069444444442],[173.165747222223,-7.44332777777771],[173.145027777778,-7.3845833333332],[173.106902777778,-7.26599166666654],[173.085333333334,-7.19118333333326],[173.043361111112,-7.10688888888876],[173.004763888889,-7.02385277777763],[172.968102777778,-6.93903333333323],[172.944975,-6.88193611111097],[172.917555555556,-6.80998611111109],[172.892063888889,-6.73826111111109],[172.859633333333,-6.63869444444444],[172.825869444445,-6.52176944444433],[172.802988888889,-6.43183611111112],[172.782613888889,-6.3413],[172.762025,-6.23501111111104],[172.751808333334,-6.17399444444432],[172.738555555556,-6.08209722222219],[172.729425,-6.005225],[172.7234,-5.94358888888878],[172.715597222222,-5.83549166666661],[172.712708333334,-5.77362777777773],[172.710513888889,-5.68075833333332],[172.71065,-5.60334166666662],[172.714575,-5.47954444444429],[172.719341666667,-5.402275],[172.724436111112,-5.34055277777772],[172.738027777778,-5.21744444444434],[172.756138888889,-5.09492222222225],[172.769741666667,-5.01871666666659],[172.785091666667,-4.9428444444444],[172.798625,-4.88241666666654],[172.817097222223,-4.80724999999985],[172.850227777778,-4.68793055555551],[172.877938888889,-4.59928888888882],[172.913336111111,-4.49689166666664],[172.940625,-4.4244805555555],[172.963644444445,-4.36701666666654],[172.995858333334,-4.29237777777777],[173.317587187405,-4.20294987138949],[173.575297222223,-4.13131666666672],[173.883619107343,-4.1232883220394],[174.394586111112,-4.10998333333333],[174.556594444445,-4.10678333333324],[174.666044100275,-4.10460877581262],[175.216222222222,-4.09367777777761],[175.520080555556,-4.08768888888881],[175.864636111112,-4.08077499999985],[176.147747222223,-4.0752],[176.350644444444,-4.12966944444436],[176.473700000001,-4.1618583333331],[176.727883333334,-4.22524444444429],[176.994766666667,-4.29093611111111],[177.282808333334,-4.36169722222215],[177.726632666924,-4.29588048940474],[177.825952220456,-4.2811306045039],[178.286594444445,-4.21235277777767],[178.694461754903,-4.15110409721103],[179.614282300778,-4.01222006498351],[179.923283333333,-3.96556388888877],[180,-4.06164558054782],[180,-12.9380141321904]]]]}},{"type":"Feature","properties":{"id":15,"country":"Micronesia","iso":"FM","area_km2":3026345},"geometry":{"type":"Polygon","coordinates":[[[147.74719339555887,11.63726431129902],[147.79556454067134,11.589523881422153],[147.87585388964536,11.50568612961132],[147.92201846897765,11.543891032545218],[147.989905420499,11.597633562938697],[148.098088056619,11.677649029679102],[148.21658642922048,11.759347689144633],[148.28428092492518,11.80417306283671],[148.34048917243777,11.839635482291797],[148.4106924223179,11.881812194277472],[148.50026260663438,11.932315832509715],[148.57216813195433,11.970326704014283],[148.63834318978675,12.003382807470743],[148.70524950795843,12.034996275158036],[148.81374029138183,12.082539029552706],[148.90311489024018,12.118374032735488],[148.98693111497923,12.149363612840574],[149.0636771872527,12.175554817001327],[149.12728594868807,12.195743540232286],[149.20556693976258,12.21871680463697],[149.33483010102876,12.252273400597034],[149.4726476990326,12.282184429168169],[149.59431362507408,12.303707257084326],[149.67151247991708,12.315021452378232],[149.76306826209114,12.326129508669993],[149.8266223492425,12.332367793638852],[149.91860364294396,12.339289565161465],[149.98238586471646,12.342633579076491],[150.10209807476647,12.345715063799261],[150.18393954297582,12.345347393067883],[150.33611659990143,12.341276858240548],[150.42512075721734,12.336063326461456],[150.52873532207778,12.32705197297031],[150.60991755305284,12.317767507064886],[150.72019709072353,12.301992330881504],[150.82455104399597,12.283675157982245],[150.94020464962526,12.259469971661971],[151.01238659686405,12.242234047363496],[151.10738985096108,12.21698493970328],[151.19020490273445,12.192575752069388],[151.29044173449873,12.159939762410204],[151.36687104666194,12.132732640898752],[151.4364909791756,12.106127986017839],[151.53212497188989,12.066743655495458],[151.64867551096646,12.08934854050284],[151.73460968049247,12.10324550057949],[151.80727382802493,12.113275307509554],[151.88014533134245,12.121744558664517],[151.9605027122307,12.129253528127975],[152.06300128408228,12.136065324255412],[152.16566891229095,12.13979326324855],[152.26045012377463,12.140538944216999],[152.3236215673817,12.139626446203664],[152.4062676779113,12.13668503538618],[152.48038261446655,12.13233790596965],[152.54698927763317,12.127047313982473],[152.65277813070648,12.116818036523256],[152.70613378264844,12.110662914561985],[152.79421974204766,12.098585490727984],[152.87223347349632,12.085920681894052],[153.0021577875519,12.060614591390419],[153.09845867163065,12.038768986000079],[153.15325596289247,12.025066020480551],[153.26040430491506,11.99536318136586],[153.32435598773876,11.975815976925887],[153.423149216064,11.942847099614056],[153.55042006693256,11.895549580448844],[153.63765978856887,11.859973787060753],[153.74697758045133,11.811689976011735],[153.8306522150282,11.771524801028889],[153.9068101828437,11.732455213437433],[153.964207922258,11.701387379723869],[154.05933428724805,11.646766968920602],[154.1421938815429,11.595726552338675],[154.20322069388024,11.55593847478086],[154.28227003783198,11.501550070179661],[154.39715472670943,11.499941570647081],[154.47706733708813,11.496526732422879],[154.57137381804765,11.49008273922712],[154.64376775437896,11.483344632648738],[154.7232083304007,11.474150694299254],[154.7952129079495,11.464177065319404],[154.88048882679837,11.450353938683449],[154.9830804730856,11.43069219838631],[155.0499736089951,11.416124847683719],[155.15596769815082,11.39011748653283],[155.22730981889302,11.370559273491807],[155.30525127092963,11.347257511924767],[155.36858284782048,11.326816716818172],[155.44828057688747,11.299142380416654],[155.54903714215098,11.260850519336131],[155.6105672942455,11.235658970984872],[155.67831541382557,11.206260427376918],[155.77201439195088,11.16264538557617],[155.83807911735792,11.12975687977628],[155.90338769458654,11.095441057259109],[155.9820087454075,11.051688503721522],[156.03793525241056,11.018806989251274],[156.1317543619746,10.960351963672252],[156.22959462639122,10.894665720646628],[156.29260931726665,10.849627239105928],[156.4181884489383,10.812278186788987],[156.48460034952652,10.79032541728428],[156.59922356411656,10.748783838903151],[156.67133356559205,10.720128257613098],[156.77890138918806,10.673995387477277],[156.84953371011292,10.641385160696672],[156.94557653103246,10.593684352251174],[157.01855690627625,10.55506002080341],[157.07873311464178,10.521468097674685],[157.17548048064,10.463756732287493],[157.2684345386232,10.404034219303838],[157.38686810607854,10.41945651590558],[157.46054378047168,10.426889811915402],[157.75944315088103,10.119566794072426],[157.99618012421396,9.86376964145596],[158.1667313341844,9.679180778770089],[158.35050814773317,9.513724394565287],[158.57909435761903,9.307787144561232],[158.79695990767394,9.111198410178702],[159.12913025475788,8.810926483670443],[159.29435560492774,8.661521654400914],[159.40592412110183,8.560509010782411],[159.7533543607154,8.445799276015862],[160.01247806061414,8.360789159891937],[160.1821518506275,8.306053308513441],[160.3245287577959,8.25217094343445],[160.52319390357573,8.176872855198312],[160.68865060524152,8.113148603725193],[161.003766807093,7.989315599335583],[161.56818168293862,7.944451266113148],[161.7040911398943,7.933668860629481],[162.09380842212133,7.904576314045784],[162.39224535843667,7.882186657488489],[162.62453496481706,7.864736864514882],[162.80118765848405,7.94488646963508],[163.07224938729993,8.067902306846051],[163.16929815478622,8.000965353268583],[163.41399605997074,7.831957274708543],[163.68358092392063,7.645327345780615],[163.90643298269603,7.490892182028702],[164.15232332955847,7.31944142698039],[164.44305733332985,7.107252350016026],[164.65436358451214,6.949757395887303],[164.88829529898916,6.769838056081625],[165.00427490346428,6.680537174651093],[165.18820384992821,6.538776925414922],[165.38457972827226,6.387801975181219],[165.50902632210725,6.292213092460358],[165.5499401745994,5.634080815877027],[165.5693333818301,5.322530620192154],[165.6016388031883,4.830803625886716],[165.61429992210427,4.600637856651844],[165.62175719943573,4.474660006054663],[165.6431599831469,4.109951996687457],[165.6544156631529,3.920045848337367],[165.67652822599732,3.562195220832947],[165.63445608717902,3.186320767589521],[165.55075015259777,3.085136178092242],[165.49132181325106,3.017284829831155],[165.43084898779082,2.951945143253866],[165.36849840307926,2.888113852672319],[165.28136812713777,2.804203132568574],[165.22743277850034,2.755211231313353],[165.13931416651556,2.679582913820568],[165.07666555007555,2.6289455526952],[164.99566644714915,2.567027578759848],[164.9366837893257,2.524335317820771],[164.84706090653586,2.463167159936532],[164.7789968677113,2.419385368540063],[164.67089543677494,2.354091470045418],[164.5985406056648,2.313401338301233],[164.52140058626802,2.272532374569593],[164.4736547424724,2.2485403671444],[164.38395151335166,2.205940170702419],[164.32414803350528,2.179338927849329],[164.25037330418505,2.148442548085285],[164.18947943862557,2.124480871195416],[164.0869952990943,2.087229798216725],[163.99030445908411,2.055511900353991],[163.91368661304674,2.032675459704834],[163.7801503554546,1.9975943941661],[163.7093216405814,1.981367191742635],[163.62389100236808,1.963948938892514],[163.57117668125923,1.954351874939206],[163.45419191622406,1.936176812909679],[163.35508590728878,1.92409740157396],[163.28409792967605,1.917295572632639],[163.2129821179308,1.912019352711042],[163.13464465752534,1.907980402073989],[163.0562380059795,1.905796504605163],[162.94172852325315,1.905862820612782],[162.86911924965366,1.907927887062456],[162.7675785052443,1.913485491362422],[162.69517464129686,1.919357383536507],[162.63013107089265,1.925999068402419],[162.52225628350092,1.938907190614501],[162.42875151936747,1.952188796775687],[162.346201069724,1.966165641831054],[162.27148638968552,1.980690985200937],[162.2004865949808,1.996142634774813],[162.09465333158633,2.022221929998182],[161.9697742223028,2.057386905881089],[161.89675283617467,2.080056384694515],[161.82097267534894,2.105561598588992],[161.7390119003791,2.135453449117506],[161.65785563013358,2.167479948440985],[161.60422406708759,2.19001623226346],[161.49816728709075,2.237872673784977],[161.43274413173665,2.269658721372949],[161.36158827497948,2.30626654886224],[161.27202322579151,2.355476319876317],[161.16550503692824,2.418848341078174],[161.06678561956087,2.48210999298189],[161.0066355616821,2.523104654955915],[160.92392736285788,2.582689625625846],[160.865973336101,2.626787315582263],[160.76654619994773,2.707223295418842],[160.70022730814375,2.76457458844655],[160.61317903148725,2.84458297572391],[160.48354316598468,2.850574085625681],[160.4082666075183,2.856423274414652],[160.32870902700043,2.86432723781185],[160.20819123393827,2.880149561852861],[160.105574927341,2.897183478634759],[159.98817074998058,2.920768675034466],[159.89790339412664,2.941909986257016],[159.79075071197613,2.970473782738964],[159.7210211008435,2.991138562994379],[159.65175292106053,3.013320721674049],[159.56450220611234,3.043634861459807],[159.45378371204882,3.086134600031855],[159.3737611685431,3.119662916810256],[159.26522996599047,3.039815322019606],[159.18932654858193,2.987830865502119],[159.09203891396513,2.925563203679062],[159.02614675766702,2.886003106058567],[158.92092397116463,2.826991356066301],[158.87264095871356,2.801530104630743],[158.7968813905642,2.763613267138666],[158.6873346906439,2.712897076838729],[158.59574393653364,2.674131746982638],[158.48589005698082,2.631613238660137],[158.4322803573531,2.612565510490015],[158.2959775306389,2.567856123261649],[158.21928205602265,2.545203646131498],[158.1561438018953,2.528036867107858],[158.03646949107448,2.499130349785929],[158.0080840445436,2.435589305502148],[157.976900756765,2.369575561762858],[157.9273633249575,2.271670573138493],[157.9611314918251,2.176928547814285],[157.98171366575357,2.114495495270987],[158.0152832731048,2.002542946100192],[158.0342852257825,1.932001119456174],[158.05872794823645,1.830353708257135],[158.07573120623047,1.751090775319099],[158.09347671607807,1.657344011716916],[158.10324893289223,1.59800835200393],[158.12182547836338,1.460415356083857],[158.1324846938135,1.351313491424619],[158.13804748360477,1.271112062871495],[158.14144649106268,1.198104923803243],[158.14335968360254,1.117332334020077],[158.1422233308422,0.975834332488517],[158.13837881363182,0.881231055468987],[158.12861742735257,0.746817013694354],[158.12064083380793,0.670783314198658],[158.10731906572258,0.569693076174673],[158.0924544018491,0.477388888086821],[158.07277906470208,0.375055303159812],[158.05730825147495,0.30420766655071],[158.0365983045684,0.219201279915239],[158.0197267235096,0.155914446094897],[157.9893302507909,0.050721762599395],[157.9694423579787,-0.01193862506743],[157.93643060728724,-0.107770923689046],[157.8917024341204,-0.224519968321729],[157.84900833766463,-0.325371579334842],[157.81563049095453,-0.398409763000046],[157.75681997146492,-0.517068456843759],[157.71888886712773,-0.587922970568528],[157.66452437190244,-0.682914136877812],[157.6227113097796,-0.751412075206957],[157.5792774759751,-0.818876505446241],[157.54255707584863,-0.873290298808129],[157.49624326841231,-0.93878580821837],[157.41713743534447,-1.043503012054217],[157.3577765415545,-1.116852389026363],[157.3097761158754,-1.173110965298591],[156.98993257193095,-1.168135073074993],[156.3943369300055,-1.155428462853209],[156.18809060100082,-1.15121185384379],[156.0186488765451,-1.147443684578278],[155.8754104845069,-1.137118651804272],[155.64734450904226,-1.120645669162045],[155.4851928761506,-1.109467875841688],[155.14176054841087,-1.085847685921806],[154.82213363585922,-1.059580111332934],[154.5689748989728,-1.038601310301999],[154.32056136381632,-1.018211944725365],[154.09940877369652,-1.000187257435883],[153.91821673581413,-0.985608157989887],[153.56274191210971,-0.785848828660406],[153.4817810195788,-0.740442472242137],[153.28578360113292,-0.633697193770331],[153.1074873127897,-0.536713246718833],[152.98501883894872,-0.463595322865672],[152.91779887411943,-0.402178293792986],[152.8102505766033,-0.297403113362762],[152.70549982895434,-0.188691868334914],[152.60354452945663,-0.076047092998749],[152.50439362906334,0.040544119715648],[152.40804668980323,0.161081290469284],[152.3145018222015,0.285561742880304],[152.23824449638656,0.393454246916178],[152.040085833495,0.691082546122743],[151.96111070429603,0.809609835525706],[151.78298594634455,1.077417193948676],[151.4204973603652,1.621144834366874],[151.43918793177798,1.725818252010797],[151.4578007118334,1.815004153319109],[151.49003965170883,1.94718377101438],[151.51030468241547,2.020212322940438],[151.54683237131692,2.138497191092583],[151.57684651435548,2.225663444412575],[151.60953822241115,2.312136712539342],[151.63843593177293,2.383873012429618],[151.67844237101897,2.475857608442013],[151.71034788814487,2.544193623836719],[151.63778698458228,2.59598710482112],[151.5912938829065,2.630770406629026],[151.49136610766018,2.703254063824062],[151.4052160423868,2.770433224613768],[151.33754273740763,2.826469999291135],[151.277461409317,2.878827450526487],[151.22895403130386,2.922967918534752],[151.15479934111718,2.99393501478923],[151.10903649703678,3.039970681701703],[151.0534170293727,3.09838198584012],[151.00921484179153,3.146886017475794],[150.94282769324357,3.223416903567383],[150.86882426003186,3.314653775351545],[150.8157561231467,3.384272943441729],[150.73958514124146,3.491258594508608],[150.6951001258702,3.558076503927637],[150.66287137891155,3.609184777055901],[150.57032219211553,3.569482914804794],[150.46215387050486,3.527165468811475],[150.38649869565873,3.500115462458766],[150.31743812976586,3.477189216409343],[150.21296252520065,3.445637227276379],[150.1427699925413,3.42650860688677],[150.07218218895733,3.408915436798097],[149.99412018280046,3.391350667299577],[149.88119461034333,3.369349583516581],[149.815309057767,3.358418672084142],[149.72169664478466,3.345155933699445],[149.64945663371682,3.336766348987879],[149.57039287003525,3.32939687516577],[149.4918788052626,3.323948420683166],[149.38847754340432,3.319671051677773],[149.30046252972218,3.318428751585728],[149.18938262870572,3.320200569800548],[149.1212690003645,3.323143495076366],[149.0435812560701,3.328217699387409],[148.9519445502008,3.336543647171695],[148.83952788070738,3.350262155674031],[148.78295366488,3.358643371294662],[148.6904099234795,3.374472162360533],[148.62615889142003,3.387026760176909],[148.52008427247145,3.410648978068011],[148.38487037546773,3.446059327675911],[148.30815296998404,3.468863668823332],[148.23889709832272,3.491186483269672],[148.14475384611367,3.524237609877858],[148.07477234746605,3.550880558790894],[147.98052986046488,3.589646542454133],[147.86773022636922,3.640549930235224],[147.79739465833725,3.674887358964583],[147.73591079165,3.706594571982038],[147.647722859023,3.754938232913176],[147.57890419906985,3.79511890411429],[147.49225377798987,3.848903694549989],[147.43137270438697,3.888928761453286],[147.33579693647962,3.955702554629298],[147.24268587755174,4.025652649850073],[147.11568694209907,4.019862249743113],[147.02085044389324,4.018704866336677],[146.8953516936257,4.021295139559157],[146.8154319237445,4.025396956404549],[146.6849266998079,4.036223662492191],[146.58377011969574,4.048182538593409],[146.49558527983717,4.061225786640819],[146.40645648997545,4.053544945043228],[146.3166179290744,4.048160984541894],[146.1787904700042,4.044634472103283],[146.11105908590818,4.044993605570525],[146.0150494023084,4.047809607727316],[145.9423854706134,4.051795554121597],[145.8698244267563,4.057362956535343],[145.75542521799983,4.069410987826899],[145.6290119453453,4.087335787416762],[145.5006715820281,4.042806196249018],[145.3962604165852,4.010816936052876],[145.3190682086312,3.989532023783994],[145.24534150400726,3.971029873829721],[145.17662493599235,3.955382178344948],[145.09798052438217,3.939313569565655],[144.98865361876952,3.920217348152249],[144.91943972836086,3.873951926940009],[144.83337295829554,3.819225910547488],[144.73342121431787,3.760140565434838],[144.66932097158568,3.724662893477827],[144.5658319988478,3.671152407058074],[144.48043000224303,3.630346260072017],[144.38051610803214,3.586297362833122],[144.31313937518237,3.558757148623627],[144.22594281650825,3.525589352067072],[144.10767464966594,3.485039774466131],[143.99626857623403,3.451263025368391],[143.9190348888492,3.430310555587781],[143.85548648721183,3.41454168455121],[143.7560624510215,3.392506994002673],[143.64182882993677,3.371074824943278],[143.56984463821996,3.359679397486346],[143.4599556788119,3.345366345380597],[143.37098326486594,3.336515757396398],[143.23698608943667,3.327636655507376],[143.1424969750556,3.32464280162408],[143.0451584361132,3.324332736067035],[142.98130900260836,3.325633635084259],[142.8098503569087,3.332843070951043],[142.7177238568706,3.339209637015244],[142.6399314422827,3.346591339818573],[142.534169525703,3.359591227952976],[142.41192078951295,3.378886080828067],[142.3235341300963,3.395750679550304],[142.2623795519751,3.408856147193575],[142.18424437607726,3.427329734679631],[142.07180613364616,3.457444175508385],[141.9743260324207,3.486998503278429],[141.90526422726273,3.509924463343381],[141.81050195190355,3.544203635789202],[141.69021191035156,3.592360936508101],[141.56723636096982,3.647237109105419],[141.49518506633822,3.682208279288758],[141.42392451680317,3.718733903347058],[141.31663776102417,3.778051481290987],[141.24356927650118,3.821515055675349],[141.17571167435474,3.864146192392994],[141.09684843071082,3.916612293422673],[141.00771949605817,3.979893833833486],[140.90923913377915,4.05508755484685],[140.84189417037967,4.109907473051564],[140.7424149832648,4.196499198079593],[140.66777072913615,4.266156965071985],[140.5850814952149,4.348512759156577],[140.49065175317608,4.449980229504078],[140.4314554838837,4.51805845603306],[140.3728816704527,4.589286456404963],[140.30151971246497,4.681727569871583],[140.24386814389985,4.761555586421338],[140.1341903821806,4.769069068682668],[140.0399459256644,4.778419269633673],[139.96043135971976,4.78841226371506],[139.85943192983999,4.803901181194675],[139.74502276199112,4.825295994214827],[139.67380448688797,4.840702864745566],[139.57469183106335,4.864865575186229],[139.50436422023293,4.883966193385234],[139.43284773173778,4.905090253812233],[139.3183031349819,4.941954971744664],[139.25464150600075,4.964314947077284],[139.14439643664653,5.006123917285038],[139.04150252642083,5.048647613796447],[138.96828627429252,5.081386403160124],[138.82929125059096,5.148057380443888],[138.7532237132041,5.186952266633909],[138.67690059208886,5.156860077730542],[138.56494251208724,5.11653000125861],[138.47480065302776,5.087259576868021],[138.4119286710717,5.068498504902195],[138.29224041806086,5.03642119028585],[138.22131388482828,5.019626884373324],[138.1285971912075,5.000109069777864],[138.04384370292453,4.984625898966186],[137.94109334967837,4.968867563487365],[137.86560060318575,4.959355855988036],[137.80368408615212,4.952842404553479],[137.69336012287172,4.944115766529535],[137.60685207796146,4.939826273763671],[137.48622141998285,4.937558374219677],[137.35858498480948,4.939849733478553],[137.24217057341357,4.946181288935449],[137.1260473579994,4.956560099369213],[137.03200060574372,4.96795500072281],[136.9541002113523,4.97944943548957],[136.7116394336135,5.738765845567485],[136.34552721470985,6.875790535405159],[136.28131993736596,7.103868368430582],[136.2264505924214,7.266737690891802],[136.15890597772935,7.466871649007572],[136.11431216867217,7.618465987515549],[136.07286737532988,7.92312857962051],[136.0414880596268,8.160029498462734],[136.00690006358744,8.420437110084634],[135.980601942626,8.616791788710344],[135.94339004321634,8.8991660778524],[135.91247168312228,9.102879956445037],[135.88113947390778,9.387316907249726],[135.84080548268733,9.750425922918154],[135.81518845788148,9.993099868764205],[135.78178170516176,10.305486046344171],[135.72691382161602,10.450245598455737],[135.6504124962403,10.651385294495924],[135.5507591751962,10.912052330850543],[135.31244183762126,11.488175979537957],[135.35406217772746,11.549267603317375],[135.39835147633974,11.611213764703592],[135.45937191428246,11.692069119994002],[135.51404218799703,11.760312097825192],[135.55633188810643,11.81100010067425],[135.60800258914847,11.870369420212654],[135.65253760502682,11.919357349162468],[135.72641714043922,11.996515950350926],[135.77193855162304,12.041736093146284],[135.83732872434146,12.103800854425955],[135.89201828131903,12.153209325250245],[135.96629079708273,12.216957157846636],[136.02194125988152,12.262273050561006],[136.08603494745537,12.312119441758952],[136.1453654855293,12.356097396877502],[136.23415378307126,12.418316331633477],[136.3138591797576,12.471300314458105],[136.38280605245794,12.51452045765312],[136.46510342118646,12.563182574816139],[136.53684369428143,12.603044202528096],[136.60900891862693,12.640918834836484],[136.6754156526105,12.673850389384057],[136.76960530983754,12.717523313350355],[136.87889218932312,12.763914702601525],[136.99579930059727,12.8086993612866],[137.0598700797406,12.83114084307556],[137.15888151506985,12.863097841892],[137.2302028443859,12.88407701344353],[137.30198420750574,12.903507690927327],[137.39593205052407,12.92643332543767],[137.5051206484994,12.949593207260847],[137.5921913677378,12.965435726477693],[137.66198671481553,12.976457551275061],[137.73224619750457,12.986078390605343],[137.80269884647507,12.994249032666843],[137.9015960759983,13.003244666908003],[137.98118976249796,13.008495771462819],[138.04934544853384,13.04371981481772],[138.15139387912419,13.092720625656511],[138.2311481800447,13.128166224192],[138.3412212108905,13.173145513254937],[138.4169364298725,13.20156409440753],[138.4739631153058,13.22158449962508],[138.65381936677082,13.281867608603335],[138.7321115678948,13.30588660108593],[138.83979724045028,13.335625998541161],[138.94844154444186,13.361858545435595],[139.04328461039668,13.38173046359016],[139.1310672014907,13.397672702333509],[139.2040509357021,13.40908501186388],[139.2922886044357,13.420754020281905],[139.4153578595781,13.433311769322799],[139.4816539589631,13.43824102900038],[139.61014859108516,13.444136204622268],[139.7046297833381,13.445432881322503],[139.82476119887045,13.443352444559736],[139.94738332727903,13.437020976337038],[140.03979938833132,13.429569385418958],[140.10657993721443,13.42254567754108],[140.2134587677082,13.408543338504373],[140.32154309533772,13.391000926151946],[140.41943388366715,13.372482250255729],[140.49229995957577,13.35679922310581],[140.58645848677,13.334059923626697],[140.70135566363334,13.302466812093854],[140.78320291358366,13.27727895995615],[140.90505778538878,13.23588172456202],[140.9639344509143,13.214041221025639],[141.04000010691962,13.184012146543424],[141.1424731847898,13.14017149991497],[141.21557398824896,13.10642185908165],[141.218749999813,13.09763888932342],[141.34719444436817,12.91683333329182],[141.66569444434347,12.553888889061113],[142.4731111111893,11.626055555219821],[142.86061111131383,11.178222222577688],[143.04436111067687,10.965222222427741],[143.47261111131402,10.953972222540159],[144.49866666693347,11.14141666654605],[144.94602777815967,11.222027777659932],[145.39586111130134,11.29349999972537],[145.87983333344172,11.369055555769378],[146.52661111071453,11.468222222177943],[146.86872222195322,11.52000000010004],[147.19386111080186,11.566333333616598],[147.5323888886368,11.614194444418189],[147.74238888893652,11.634166666658501],[147.74719339555887,11.63726431129902]]]}},{"type":"Feature","properties":{"id":16,"country":"Niue","iso":"NU","area_km2":319339},"geometry":{"type":"Polygon","coordinates":[[[-166.64112365867769,-17.55526875286155],[-166.60015000032223,-17.830591666372214],[-166.57007777816676,-18.02969722184912],[-166.47691666657076,-18.586752778118097],[-166.41928888867116,-18.929475000270955],[-166.3741305553807,-19.196644444385356],[-166.30129614999703,-19.62506137088549],[-166.29888019866206,-19.639133571956563],[-166.31042662948525,-19.70214925928073],[-166.33376029899844,-19.811776374779768],[-166.35848683220152,-19.911263989441466],[-166.38018083437788,-19.988902811515487],[-166.40162367749048,-20.059034880055506],[-166.44279386104762,-20.179934892181393],[-166.47479008829185,-20.2642311660353],[-166.50101259785293,-20.32891966071361],[-166.53676630951742,-20.411381250144387],[-166.5644815488843,-20.471263544776576],[-166.60156858192428,-20.546712353092417],[-166.6594399969581,-20.65543899901043],[-166.71057238091043,-20.743887220618575],[-166.76649329772727,-20.833899741879364],[-166.8127914659532,-20.90376606794959],[-166.85939785432743,-20.97113638143874],[-166.9348187072174,-21.073879506833705],[-166.9969840073059,-21.152677532541944],[-167.04514429916992,-21.21052746097338],[-167.09629541959777,-21.269156014338492],[-167.19684320005362,-21.378152849873942],[-167.27017304824744,-21.453825715284438],[-167.35152015013472,-21.532502407160294],[-167.41295379777944,-21.58857012391198],[-167.49908042582086,-21.66273573366699],[-167.54993879533905,-21.704291422411032],[-167.63019639644642,-21.766608529859653],[-167.702928782737,-21.819956425148703],[-167.81389061625882,-21.895999859805528],[-167.92543176246573,-21.96642860749418],[-168.00940820142722,-22.015731844149087],[-168.1101012736546,-22.07087018261275],[-168.17179688122098,-22.102631922425203],[-168.24114747937253,-22.1365601740127],[-168.34667937994928,-22.184737261615112],[-168.42515736032374,-22.217963791095883],[-168.49001567578262,-22.243820473535834],[-168.57003618592108,-22.273762129418586],[-168.665609168628,-22.306792784759153],[-168.7920990653194,-22.346067229818573],[-168.90499402215616,-22.377002980103228],[-169.02192541062905,-22.405630029502134],[-169.07893308889078,-22.41838132883518],[-169.18641441209522,-22.43990122676007],[-169.25442736043416,-22.451917501191545],[-169.36212088407137,-22.468316172853022],[-169.43213281397806,-22.477301233764763],[-169.54921077575653,-22.48936190592707],[-169.66666594018082,-22.497776843426507],[-169.77783556475936,-22.50237154990704],[-169.88635683519968,-22.503696198220922],[-169.98070030347597,-22.50233290783723],[-170.05917890348348,-22.49940371970571],[-170.16105884339066,-22.493161844643296],[-170.27830364020068,-22.482557971672932],[-170.36399787060512,-22.47247311903915],[-170.43389505960923,-22.462763183873633],[-170.5498644891547,-22.443696958447703],[-170.6879986647064,-22.416077366477126],[-170.7945335485842,-22.391049761836825],[-170.9301485333281,-22.354344459529017],[-171.01218621831924,-22.329441716761735],[-171.12448228872648,-22.291947398753237],[-171.2192984019996,-22.25711606415497],[-171.2968400064609,-22.226487615810655],[-171.40325833550366,-22.18108901784376],[-171.43150785220547,-22.126927878218922],[-171.55853221868682,-21.886555868558276],[-171.86940856585238,-20.922907575624052],[-171.88299987064744,-20.837726250166213],[-171.95029614744914,-20.411616622508916],[-171.96106962536282,-20.34121608745241],[-171.9885081118597,-20.15021149096738],[-172.01159194970862,-19.98868910831564],[-172.02701977624145,-19.891427733003255],[-172.0191969478808,-19.779058499150224],[-171.93947696778773,-18.95831092440949],[-171.86024197768495,-18.319208924652088],[-171.83976117084123,-18.130391151130482],[-171.79324965374832,-17.69402004848621],[-171.7881975754576,-17.64174025281035],[-171.76209900326631,-17.39637947713102],[-171.58037036150267,-17.165976175360015],[-171.54589804435892,-17.125526460277698],[-171.3052777777471,-16.840277777797],[-171.22305555546927,-16.825833332941855],[-170.67638888923574,-16.730277778196665],[-170.47388888856102,-16.693055555469314],[-170.08749999992483,-16.62305555596899],[-169.93249999987475,-16.594166666258516],[-169.6033333335663,-16.617777777522264],[-169.32972222190273,-16.636666666533316],[-168.875277777747,-16.79638888883592],[-168.2319444443803,-17.01861111101377],[-168.05944444400563,-17.077500000124815],[-167.7574999997251,-17.180277778196768],[-167.11055555559432,-17.39861111151346],[-166.64112365867769,-17.55526875286155]]]}},{"type":"Feature","properties":{"id":17,"country":"Fiji","iso":"FJ","area_km2":1307123},"geometry":{"type":"MultiPolygon","coordinates":[[[[-180,-13.9086437003001],[-179.953454087876,-13.9629432346398],[-179.58739737369,-14.3900189200371],[-179.441779873742,-14.5605212716393],[-179.357191215902,-14.6538625884875],[-179.270115580969,-14.7414570351139],[-179.180819268094,-14.8239245321913],[-179.135292421408,-14.8631333995867],[-179.042387791963,-14.9372932177078],[-178.995019576192,-14.9722684141559],[-178.842163699295,-15.080149967147],[-178.777055160067,-15.123845763571],[-178.687869077995,-15.1782388455462],[-178.60309539004,-15.2246046796621],[-178.532010219096,-15.2660148545018],[-178.286362315968,-15.412486749064],[-177.79629958186,-15.705984358691],[-177.708553581482,-15.7562567155747],[-177.630677484078,-15.7983380427663],[-177.55024490278,-15.8396678002287],[-177.467251991186,-15.8802461147663],[-177.383341879024,-15.9193064582264],[-177.383051382715,-15.9204825079612],[-177.366559463948,-15.9820672767833],[-177.345661574022,-16.0255902981536],[-177.310163185282,-16.0958963180604],[-177.253315711351,-16.2036311295728],[-177.209986848214,-16.2827522762964],[-177.091333029595,-16.4918171336535],[-177.051220738346,-16.5588824825403],[-177.009378382606,-16.625139953346],[-176.965803752741,-16.6905903104942],[-176.941903577787,-16.7246921941893],[-176.920604305144,-16.7552857992002],[-176.873792141094,-16.8192337912064],[-176.82535499114,-16.882430223376],[-176.775449950654,-16.9449503788567],[-176.723806035919,-17.0066689623027],[-176.672251958061,-17.0654973531203],[-176.670422960951,-17.0675876599424],[-176.615359403813,-17.1277357186284],[-176.430445777347,-17.3208028614713],[-176.267461612063,-17.491219494384],[-176.273166043278,-17.6937651140685],[-176.314680308349,-17.8507322165184],[-176.323675877839,-17.8861342141225],[-176.332295696189,-17.9215179024292],[-176.340539547562,-17.9568832922299],[-176.355898477033,-18.0275592176836],[-176.376252141323,-18.1334428224281],[-176.399593244632,-18.2794263527438],[-176.430445777347,-18.3876904243978],[-176.520145390897,-18.7024537366505],[-176.533976273286,-18.7541959724661],[-176.545653286569,-18.8010104846458],[-176.569784509047,-18.8559211129689],[-176.612536606379,-18.9609215888601],[-176.633966738474,-19.0649796373002],[-176.650135245745,-19.1887478257514],[-176.659948155083,-19.2955874242201],[-176.666262878828,-19.4019381206477],[-176.66831215678,-19.4549587004835],[-176.669393328939,-19.5078448577539],[-176.669505487888,-19.5605967219609],[-176.667669344764,-19.6732089067655],[-176.786965368771,-20.0777661765109],[-176.81355918191,-20.1679512478515],[-176.892777285443,-20.4323988101567],[-176.908438740555,-20.487027413784],[-176.933714874641,-20.5833020637391],[-176.951815631086,-20.6624719249392],[-176.967769112254,-20.7426565523579],[-176.981644475112,-20.8238195117609],[-176.993399034238,-20.9059782428015],[-176.999656532323,-20.96017787341],[-177.005394539726,-20.9786993569896],[-177.071409498449,-21.0440585399695],[-177.147223353275,-21.12447551893],[-177.190709883754,-21.1936235160124],[-177.598629374046,-21.8686265723582],[-177.777545593216,-22.1628938374901],[-177.978969652827,-22.4941802207404],[-178.161897741987,-22.7925789898282],[-178.229026413038,-22.9054379710853],[-178.553390003546,-23.4667542247275],[-179.088248833087,-24.3819587198891],[-179.227488321262,-24.3707578983625],[-179.306582032187,-24.362134428281],[-179.409045882484,-24.3485032924632],[-179.542286292724,-24.3265845719684],[-179.620194991429,-24.3115284070388],[-179.697707629422,-24.2948813213349],[-179.774784748441,-24.2766518470846],[-179.851387165858,-24.2568493229201],[-179.927475998648,-24.2354838879137],[-180,-24.2135114758824],[-180,-16.9673548940131],[-180,-16.9673547744033],[-180,-16.7929062839977],[-180,-16.770143508616],[-180,-16.7682266234598],[-180,-16.5279016492417],[-180,-16.4813057181842],[-180,-16.1687601807377],[-180,-16.168751954639],[-180,-16.1395083669174],[-180,-13.9086437003001]]],[[[174.942046966629,-9.78333545651061],[174.943888888889,-9.78492499999989],[175.101708333334,-9.79133888888869],[175.328047222223,-9.80040277777773],[175.503627777779,-9.80712222222223],[175.909252777778,-9.82098611111105],[176.235291666667,-9.83184166666668],[176.532716666667,-9.91990833333331],[176.789694444444,-9.99581388888875],[177.008911111112,-10.060236111111],[177.185186111112,-10.1118972222221],[177.313975000001,-10.2991888888888],[177.809452777778,-10.9727611111111],[177.854752777778,-11.0341749999998],[178.104525213701,-11.37223420372],[178.227761111111,-11.5387888888887],[178.398827777778,-11.7658416666666],[178.533641666667,-11.9437888888888],[178.668702777779,-12.1212444444444],[178.826525000001,-12.3263944444443],[179.004127777778,-12.5568388888889],[179.280697222223,-12.9145805555555],[179.535055555556,-13.240386111111],[179.504999999905,-13.3177777778167],[179.757270019565,-13.6189018290053],[180,-13.9086383388899],[180,-16.139508605238],[180,-16.1395120622319],[180,-16.1687604190581],[180,-16.4813057181842],[180,-16.4813058377942],[180,-16.4907170532493],[180,-16.527901887562],[180,-16.7682266234598],[180,-16.7701433899054],[180,-16.7929065223182],[180,-16.7929066419279],[180,-16.7929630276217],[180,-16.8564681826604],[180,-16.8568349810494],[180,-16.8585837748212],[180,-16.8587659459913],[180,-16.9673550127236],[180,-24.2135114758824],[179.936981238245,-24.1931187525543],[179.847722844469,-24.1621233737185],[179.774070356384,-24.1346234550508],[179.664920604736,-24.0905648156358],[179.593093295131,-24.0593417188915],[179.52205929253,-24.0266565290728],[179.410147580561,-23.9713585673679],[179.344292339371,-23.9365820003657],[179.220214599397,-23.866176505416],[179.151318369947,-23.8242487059685],[179.059266507257,-23.764813178452],[178.944240185187,-23.6848394298159],[178.846773235928,-23.6113783372071],[178.776999407272,-23.5554454326726],[178.680779089381,-23.4732558000724],[178.618551397235,-23.4167044325613],[178.550391637282,-23.3515320008613],[178.484224977194,-23.2846578998599],[178.407964766025,-23.2026266716284],[178.349484474441,-23.1358496584244],[178.31076563578,-23.0897090336501],[178.252277979743,-23.016440833194],[178.176107186855,-22.9141910262632],[178.133349824169,-22.8529044057933],[178.079444917867,-22.7710856483245],[178.055841959231,-22.8393981180547],[178.019516881042,-22.9356938525299],[177.967260730292,-23.0598178833015],[177.932713347261,-23.1345908649176],[177.872642534193,-23.2537725234921],[177.838875544509,-23.3157436316732],[177.791457425627,-23.397706831528],[177.74046048486,-23.4800079037507],[177.665605952417,-23.5917562104081],[177.621927268392,-23.6526243461949],[177.576779300577,-23.7125881966995],[177.530182310633,-23.7716180502792],[177.482157365141,-23.829684613502],[177.412557879555,-23.9093065701201],[177.355993126828,-23.9704483522105],[177.292416841439,-24.0356796844728],[177.24897885996,-24.0783004100919],[177.155349813215,-24.1651986272902],[177.067043726701,-24.2414874641642],[176.989291483576,-24.304547024923],[176.928564940037,-24.3512559564937],[176.866444972461,-24.3969285972273],[176.803209506332,-24.4413248295152],[176.738889217412,-24.4844222210528],[176.67351543222,-24.5261989695254],[176.607120112425,-24.5666339157196],[176.539735837975,-24.6057065567116],[176.475183750403,-24.641382304523],[176.402133734565,-24.6796862671653],[176.331984001223,-24.7145557230766],[176.260981467352,-24.7479876700322],[176.189161536983,-24.779965067612],[176.116560121208,-24.8104716015991],[176.043213617494,-24.8394916943364],[175.969158888639,-24.8670105145734],[175.840763109493,-24.9106015752506],[175.741808693527,-24.940782951145],[175.6419087868,-24.9683226582471],[175.541153287769,-24.993204564971],[175.409612629852,-25.0214751367772],[175.321699782306,-25.0377831883249],[175.235950467466,-25.051675578452],[175.146520843133,-25.0640844007593],[175.069522507542,-25.073251763105],[174.977643223065,-25.0823200636009],[174.908574796761,-25.087709209233],[174.808633726496,-25.0933327916334],[174.709745493811,-25.0963814225605],[174.580673148378,-25.0967739707385],[174.478076740822,-25.0941511637289],[174.366104995983,-25.0882173219136],[174.277910215356,-25.0812728857773],[174.275555555351,-25.0730555554125],[172.764722222247,-20.0225000001397],[172.897172786946,-19.8083016380128],[172.921407924072,-19.7654987704481],[173.011624280842,-19.6061632238518],[173.140741744237,-19.3781225188008],[173.230472492668,-19.2196446289916],[173.305708481454,-19.0867666477376],[173.457778803637,-18.818187769325],[173.608932565152,-18.550005004413],[173.600691494447,-18.5227754405303],[173.604082680681,-18.5226507839136],[173.604561492672,-18.5226331832633],[173.615658891542,-18.5196128446213],[173.594903573754,-18.4393490448678],[173.48480017681,-17.988164991795],[173.458293051685,-17.8696463606984],[173.436309332049,-17.7502838397498],[173.415858201829,-17.6055732588047],[173.402024837431,-17.460142918124],[173.394819611215,-17.3142700967114],[173.39424039164,-17.1682322528202],[173.400272669385,-17.022306508741],[173.41288970189,-16.8767691411551],[173.432052675234,-16.7318950776934],[173.457710882333,-16.5879574003093],[173.479838146889,-16.4864753839921],[173.505182784122,-16.3856980534991],[173.53371604798,-16.2857206792613],[173.56540635258,-16.186637645764],[173.607587786007,-16.0649405588141],[173.637884575469,-15.9853366404132],[173.670574081773,-15.9056819529031],[173.724183331598,-15.7855370647572],[173.768760938898,-15.6917006584914],[173.816259052838,-15.5992276821809],[173.866629927455,-15.5082040753577],[173.919823362404,-15.4187143389385],[173.99975937886,-15.2949458885842],[174.085077308457,-15.174639607842],[174.175611342719,-15.0580180128875],[174.271186909681,-14.9452965304933],[174.344505528945,-14.8650943590138],[174.426787129408,-14.7810026925242],[174.337504727431,-14.6828684178519],[174.261350412796,-14.5925410619852],[174.210931579697,-14.5289535282922],[174.131894729048,-14.4223992728535],[174.06940598142,-14.33133340539],[174.029484148577,-14.2695293387676],[173.990973456541,-14.2068854625609],[173.939464627966,-14.1178270914548],[173.897572221429,-14.0402994274582],[173.864280618714,-13.9748865837038],[173.823227101621,-13.88880968352],[173.773372087649,-13.7745939625931],[173.735624211239,-13.679222784296],[173.719081021981,-13.6345144124001],[173.68694504652,-13.5411145657536],[173.667075923419,-13.4783096679181],[173.642555306274,-13.3940043206401],[173.623861775994,-13.3232862368454],[173.598800230986,-13.2165007820079],[173.57965328425,-13.1215474159827],[173.560084290863,-13.0049156258942],[173.547419355411,-12.9107352911876],[173.534605918333,-12.7824258132444],[173.528049943349,-12.6808459770042],[173.525240121077,-12.6063276737151],[173.54233175324,-12.4153066934781],[173.57958124936,-11.9989956454505],[173.593401895521,-11.8445321406263],[173.593586332279,-11.8436442440862],[173.595083167633,-11.8364877199266],[173.596598986043,-11.8293386020699],[173.602802224737,-11.8007590085844],[173.619416493081,-11.7295596106602],[173.637591415854,-11.6587321518546],[173.657317317034,-11.5883099458748],[173.678583823613,-11.5183260943148],[173.701379871943,-11.4488134717569],[173.725693714179,-11.379804711407],[173.764982977505,-11.2773070636715],[173.793035479701,-11.2096990129011],[173.822559370238,-11.1427069298948],[173.853539909243,-11.0763621834288],[173.885961712462,-11.0106958226729],[173.919808759173,-10.9457385634979],[173.955064400181,-10.8815207751364],[174.007256756468,-10.7920585607034],[174.069449348907,-10.6930470780807],[174.135665554798,-10.5952984258465],[174.173531121077,-10.5425291405731],[174.241300530927,-10.4530985007211],[174.328327035344,-10.3466842283241],[174.36963299611,-10.299123783144],[174.430852071372,-10.2316489642721],[174.481495284371,-10.178529618733],[174.53327751253,-10.1265071376918],[174.591525269514,-10.0705827046076],[174.645619047844,-10.0209417708315],[174.695211011396,-9.97726014298412],[174.760900428251,-9.92192200117547],[174.808400140347,-9.88367569541703],[174.872347862223,-9.83430167841654],[174.942046966629,-9.78333545651061]]]]}},{"type":"Feature","properties":{"id":18,"country":"Vanuatu","iso":"VU","area_km2":637904},"geometry":{"type":"Polygon","coordinates":[[[171.62667518563612,-14.955219735949441],[171.65608607185047,-15.138815948053576],[171.7483466972221,-15.399328852911367],[171.84458094912665,-15.67082558043542],[171.94397176527534,-15.950661365432282],[171.9698111932328,-16.027010039881375],[172.0020143149093,-16.132036304731614],[172.03246361020817,-16.245113707931083],[172.0557829787023,-16.34484460899145],[172.06936309323274,-16.410483849849598],[172.08863348095107,-16.51863890556089],[172.1014113555461,-16.605430120759166],[172.32785087896818,-16.80011414889057],[172.4990265837031,-16.94731082462559],[172.61081254734935,-17.041516361500925],[172.67743458545303,-17.101259384734433],[172.74250596651095,-17.16259550108971],[172.78489505406313,-17.20444739144429],[172.84871778283653,-17.26989974342294],[172.90583506709916,-17.33123510729277],[172.9839275050621,-17.421131255435938],[173.0399547113694,-17.489169561087394],[173.1082920505847,-17.577826527898168],[173.17884725990476,-17.675634230262943],[173.2362251042703,-17.760913335677884],[173.27951789187776,-17.82897514301358],[173.31442127992224,-17.887499153911477],[173.3570892321525,-17.962322254560846],[173.39902141991777,-18.04019435054535],[173.43891223208485,-18.1190592037606],[173.46422092645938,-18.172216451999333],[173.50164851290654,-18.254995547773277],[173.53480616441598,-18.333356134712943],[173.57744234357406,-18.446244035137525],[173.59734237629849,-18.502888727264775],[173.60408268068105,-18.522650783913576],[173.60893256515195,-18.550005004412952],[173.45777880363661,-18.81818776932502],[173.30570848145416,-19.086766647737576],[173.23047249266793,-19.219644628991574],[173.14074174423675,-19.37812251880078],[173.01162428084237,-19.606163223851823],[172.92140792407193,-19.765498770448133],[172.89717278694573,-19.80830163801275],[172.76472222224712,-20.022500000139715],[172.1122102255221,-20.42621572557519],[172.04778603259982,-20.46466340319344],[171.9782244175232,-20.50777899930121],[171.86416208041604,-20.58238184144865],[171.75541007271713,-20.630965865981693],[171.67472182765064,-20.66922119120477],[171.59600369501473,-20.70838495580091],[171.51924443598276,-20.74845054975296],[171.44437889736886,-20.789387366433715],[171.37177364733654,-20.83107473571029],[171.22226857153763,-20.921216157699305],[171.0000835300314,-21.056802402808515],[170.75005156772662,-21.21142069011256],[170.52227288428665,-21.353121769353976],[170.28171974397148,-21.502522896114627],[170.05927827781656,-21.64288185769476],[169.90622125140962,-21.592585482633766],[169.5344310854264,-21.478699967529423],[169.43981418277886,-21.449849537326088],[169.16457222792664,-21.116914225111344],[169.05885293381638,-20.989020697147296],[168.87260128222422,-20.76298562198872],[168.82188380589363,-20.705986445018212],[168.78132890610468,-20.663731213224736],[168.73021874979597,-20.585982933765166],[168.68667507279687,-20.52457110457273],[168.64134286008564,-20.464263311902144],[168.5938294262876,-20.4053049123917],[168.54402458106992,-20.347767222279373],[168.4918170450206,-20.291722391475048],[168.4372543913772,-20.23714430456586],[168.36153761387007,-20.165382421661207],[168.28072880119325,-20.084106988546537],[168.20292878103876,-19.99900365499454],[168.1280368805981,-19.91018863679605],[168.091392282528,-19.86475181764206],[168.03930813346395,-19.797196760921707],[168.00064422285303,-19.749443154178124],[167.9208484757772,-19.65482869229018],[167.83681552161974,-19.561742346731705],[167.75846069080856,-19.48150038303615],[167.73632715307625,-19.463900609225647],[167.6261322020401,-19.38416749633282],[167.5495365431773,-19.333830516864694],[167.51970165570768,-19.30203596169008],[167.42656132654443,-19.211293414858986],[167.32856655680135,-19.123740708466784],[167.22577130670086,-19.039353230766793],[167.1522253451242,-18.98394602289035],[167.12895744662936,-18.951095234657203],[167.05111436873338,-18.85045434918875],[166.96880397962022,-18.75274009867644],[166.88342898605916,-18.659481219982197],[166.78600060214612,-18.56142414700659],[166.6939459030813,-18.470201265076142],[166.60431737075058,-18.386938100912474],[166.48610392405735,-18.278675366674648],[166.42067052182736,-18.217272529803225],[166.32577860649812,-18.134230576379764],[166.2354192005362,-18.060406959013733],[166.1809990642556,-17.942613927390596],[166.1269953941226,-17.836329811371456],[166.06939559682954,-17.732082028462628],[166.0082050422296,-17.629874558164218],[165.94999453871728,-17.539865727721036],[165.89559228365763,-17.46663922961659],[165.83034045364937,-17.384119899213914],[165.76247161537324,-17.303384237392507],[165.69206640743894,-17.224381904601003],[165.61907238228522,-17.1471531841719],[165.54439480018019,-17.07108366557857],[165.46752353058721,-16.9965252085714],[165.3880852541317,-16.923737091293532],[165.3060645690251,-16.852734059029515],[165.22146243214573,-16.78351958316199],[165.1054042943732,-16.693755396194504],[164.87413745188255,-16.51485514025235],[164.7812966707052,-16.44526450315422],[164.68556183880813,-16.377045058782386],[164.56597602667293,-16.295866309082683],[164.441451566837,-16.139049451870633],[164.24593899628783,-15.892189142115],[164.1659167576528,-15.791524510047992],[164.1155869673652,-15.723426804203513],[164.0461834432115,-15.63310677146012],[163.97424344957616,-15.543259138198579],[163.89976320031204,-15.453885690472148],[163.82430849154414,-15.366772664426733],[163.30859653600132,-14.787536340729389],[163.3563159001591,-14.642456665942248],[163.37546415814532,-14.576741274090423],[163.4144678883828,-14.429572347385687],[163.44958927502583,-14.282416277389075],[163.48083625279136,-14.135273092878847],[163.50821663409093,-13.9881428235324],[163.531738114423,-13.841025498127948],[163.55140826877707,-13.693921144545072],[163.55784738315074,-13.634086439337466],[163.6182507494731,-13.546653200684432],[163.7144738844627,-13.399282719721526],[163.80509426289066,-13.251930726121884],[163.91974716230223,-13.051507104469138],[163.9523367307559,-12.993448245539824],[164.15406291697073,-12.628272826129674],[164.41257814726444,-12.541796476925654],[164.574576973649,-12.492473908444026],[164.7939172976459,-12.432921691982415],[165.00475656596316,-12.383197182303846],[165.20709238010986,-12.343301584500423],[165.40097168379683,-12.313178284450146],[165.58629412437486,-12.292938155071411],[165.7630452740207,-12.282592322777262],[165.93121123730933,-12.282150029899825],[166.09077867099919,-12.291618612209064],[166.24173480651697,-12.311003473731077],[166.51809439923758,-12.36766525025098],[166.7140660979724,-12.410831697624445],[166.8137006609576,-12.427630572092895],[166.9142871680189,-12.438934806495936],[167.0161122987444,-12.443091640266815],[167.1190862944977,-12.440620920219146],[167.22245765479752,-12.435860815823702],[167.3268957702243,-12.42494872450392],[167.43249648962208,-12.407331999372175],[167.53882721390542,-12.38550720609254],[167.6463272690889,-12.356938712451395],[167.7510468750137,-12.322824043094855],[167.82011987043634,-12.296256359343388],[168.05896629355996,-12.57919264922117],[168.2242803636482,-12.7751345642085],[168.44910031802632,-13.041803240626976],[168.53737513595425,-13.13274159235047],[168.63465660841635,-13.22062454688519],[168.74102863046764,-13.305431346079686],[168.85647626256994,-13.387175126330888],[168.98085743432378,-13.465912456794314],[169.11436895156632,-13.541583960631115],[169.2567549391894,-13.614284980367273],[169.4075497974857,-13.684182094727717],[169.56745914352572,-13.751042175156002],[169.73533706565357,-13.81526339289104],[170.05833122070962,-13.927230252973587],[170.40203487778055,-14.18809672700533],[170.55644718256448,-14.304576251115932],[170.71883634709272,-14.420013818006296],[170.8892229028879,-14.534410942134144],[171.06762792736,-14.647769119971912],[171.1884916123618,-14.717354959268334],[171.41261645570424,-14.846392191013663],[171.62667518563612,-14.955219735949441]]]}},{"type":"Feature","properties":{"id":19,"country":"Samoa","iso":"WS","area_km2":133838},"geometry":{"type":"Polygon","coordinates":[[[-173.7746906500533,-11.048131664144776],[-173.75574910123993,-11.05221170120889],[-173.72289577332117,-11.074370729325565],[-173.1252666887064,-11.477061191620521],[-172.97351321246452,-11.579408331129358],[-172.81208473612145,-11.68671450507017],[-172.68335722635476,-11.757123548612768],[-172.40006298381942,-11.903171250053063],[-172.18086959465592,-12.016102606050211],[-171.99485050324802,-12.110266387083826],[-171.67940287963893,-12.270841327664996],[-171.48486580910952,-12.368061362941276],[-171.23719395473705,-12.490810894706911],[-171.11595388106656,-12.512412738856725],[-170.7911276891913,-12.569665369061354],[-170.55751593910918,-12.609317437649409],[-170.54265693017294,-12.61110281404342],[-170.7627449145459,-13.251170035468661],[-170.82990196100639,-13.465839661171358],[-170.94536246060875,-13.835136134824694],[-171.00629209760194,-13.95885170124491],[-171.07887947810516,-14.097254981831796],[-171.54056777608167,-15.096352877083547],[-171.6944451443278,-15.42694649048805],[-171.79431203816983,-15.715604544214159],[-171.84753245725693,-15.878383591829206],[-172.0308203498792,-15.689924973358728],[-172.23558950375252,-15.479738620940466],[-172.50102657931316,-15.233546332996752],[-172.6383619752248,-15.10555669808302],[-172.78674248207977,-15.022360771732082],[-173.0040846635763,-14.900943315781348],[-173.16904438998657,-14.808263853194106],[-173.46551775643925,-14.642787627247102],[-173.66024623327698,-14.538357068823558],[-174.06575829780706,-14.376515824345702],[-174.18847927519838,-14.32735091511259],[-174.45927703860437,-14.222024997955216],[-174.51139447157757,-14.154640220669492],[-174.50852300283407,-14.106277678472026],[-174.4945929620954,-13.887023426789597],[-174.47780902536599,-13.62624299671684],[-174.46505526638728,-13.431733027257252],[-174.45405142173547,-13.27984671845121],[-174.42989001621106,-12.946868695633682],[-174.42700457829855,-12.907301594992532],[-174.40065696854415,-12.549410288453927],[-174.38326239124623,-12.317007693949776],[-174.36582120928125,-12.08370980366439],[-174.35843538308634,-12.001840944803575],[-174.31366648623,-11.48786539120529],[-174.302565755505,-11.360421906545639],[-174.27380527099635,-11.029943993620293],[-174.26737647454445,-10.960825304544073],[-174.16459703182738,-10.966479199255502],[-173.86697852084188,-11.028255907683914],[-173.7746906500533,-11.048131664144776]]]}},{"type":"Feature","properties":{"id":20,"country":"New Caledonia","iso":"NC","area_km2":1201541},"geometry":{"type":"Polygon","coordinates":[[[170.05927827781656,-21.64288185769476],[170.08173422398934,-21.836503807069136],[170.11129828629217,-22.093288422575384],[170.1373499883882,-22.31414580170629],[170.17132382616998,-22.603748945416456],[170.19890856955706,-22.83630846948799],[170.22290232345793,-23.036471387798713],[170.2429742133617,-23.204644523138498],[170.2878631105697,-23.561229119504247],[170.30313968130613,-23.68190538633077],[170.33477195378717,-23.928685275297966],[170.55349191960877,-25.61528434378836],[170.4185630974093,-25.673082376350507],[170.34470993821358,-25.702126862264805],[170.20729789488226,-25.751550718690595],[170.11900987940257,-25.780190882902815],[170.00406668423048,-25.814039284585135],[169.92675149488608,-25.83465754201177],[169.80201597046081,-25.864376513165467],[169.71560020228773,-25.882451297189533],[169.58289636707414,-25.906335374277973],[169.49359523653143,-25.919743669734487],[169.424826399919,-25.92866498759902],[169.40830895029828,-25.927941692554896],[168.7620125954052,-25.847931447278285],[168.73692615891528,-25.845174114193938],[165.86200463230844,-26.20089744216307],[165.85737379736307,-26.201438266562647],[165.7969667015523,-26.183222785403117],[165.69729775748593,-26.150806638615393],[165.57796334273465,-26.10795079369406],[165.5111749985277,-26.081997738105002],[165.42303164349582,-26.045509877478736],[165.31837606030754,-25.99874033140108],[165.1827151786632,-25.932181444717756],[165.09700271360467,-25.88663481744277],[165.0323660720371,-25.85027189063517],[164.93066009518773,-25.789715901267698],[164.85472285067922,-25.741548937333505],[164.74543768440205,-25.667694331128246],[164.69780595288265,-25.633682001023445],[164.51537318512484,-25.498135594082285],[164.41672260726298,-25.419830164830202],[164.35784380764582,-25.37022987580805],[164.29926846356912,-25.318576858135387],[164.20041890530868,-25.225956676159583],[164.10378415241692,-25.12794547760157],[164.04097743785874,-25.077907571277294],[163.95284280894893,-25.003554168689888],[163.89564694215326,-24.952516849372984],[163.83008125324758,-24.891085800768977],[163.7783886770961,-24.84029371038629],[163.7005272377422,-24.759491855764395],[163.6345386966038,-24.68658485350805],[163.52095472148338,-24.575596696830047],[163.4776395748069,-24.531089505076537],[163.4271534086034,-24.498596385314855],[163.35979154784232,-24.466088920467172],[163.28319777485783,-24.427035345304787],[163.2159676971518,-24.39085917890789],[163.11993968716737,-24.33593974712153],[163.05356008932702,-24.295648325309884],[162.94947787610332,-24.228395175496814],[162.88580540129865,-24.184654073026962],[162.82323043034077,-24.139625344633714],[162.73163204458345,-24.069850476917807],[162.6909166059169,-24.03723333974672],[162.54290769263642,-23.92806563212315],[162.46207107472068,-23.86493749177174],[162.4005193532859,-23.940800521526782],[162.3391236210583,-24.012095751617437],[162.28349023818427,-24.07324474944548],[162.23113719092905,-24.128148227258833],[162.15514436921725,-24.203638354926],[162.10613744478744,-24.24989221175599],[162.0427353790349,-24.30713451774369],[161.97882828279953,-24.362025207197433],[161.90112999035742,-24.425273673241364],[161.8321781372115,-24.47820556553428],[161.75466955315792,-24.534755029320934],[161.67681589293957,-24.588461225305153],[161.56322884933192,-24.661501566444016],[161.45965930543295,-24.723045340569925],[161.38357392549662,-24.765346626645396],[161.27007770172506,-24.824253865523403],[161.19206834278023,-24.86192690670123],[161.07717549165605,-24.91332447824192],[160.97808210110836,-24.953994665721126],[160.84163076484808,-25.004719637900806],[160.73585339611785,-25.040087234638037],[160.67123095394587,-25.060163764745838],[160.54544777779304,-25.09621652257441],[160.3998451517327,-25.133657740112483],[160.30738522804612,-25.1551785085812],[160.16331444870312,-25.18445786683698],[160.04584224212593,-25.204179463311547],[159.95234320847274,-25.217265032555105],[159.81794045229074,-25.232001608687185],[159.72508125299763,-25.239577850137564],[159.59484539849686,-25.246657585778863],[159.453639254848,-25.24948020154993],[159.301670589726,-25.246856411494036],[159.1734547321506,-25.24032765000092],[159.0695896548389,-25.23195209561257],[158.982475171892,-25.222790728009628],[158.82864234077212,-25.201819867992413],[158.6108333328926,-25.14666666643336],[158.55966736498235,-25.026711872303892],[158.29055907192745,-24.39580755816411],[158.0698806556097,-23.87844347654577],[158.00718664451787,-23.7314620453176],[157.8983846236895,-23.47638382551129],[157.80111111098952,-23.24833333341644],[157.77119011613146,-23.204224927138426],[157.51868888267475,-22.831997101010373],[157.31194444428095,-22.527222221927758],[157.2177777782223,-22.175277777747084],[157.24333333346706,-21.789166666308404],[157.17138888908678,-21.215833333341507],[157.10694444433082,-20.89249999987487],[157.07611111153946,-20.71444444475516],[157.0525000002754,-20.541111110988766],[156.9388205791325,-20.340254219813005],[156.82611111113957,-20.141111110888986],[156.796825248987,-20.09725360826731],[156.4813472566464,-19.62480457990918],[156.25555555554482,-19.28666666663328],[156.62472222195353,-18.931666666982807],[156.94555555524497,-18.540277777996963],[157.36638888923645,-17.91111111138845],[157.64194444488086,-17.50777777772217],[158.27388888886182,-16.580833332891885],[158.38027777769813,-16.424444444155597],[158.76083333343936,-15.73527777782381],[160.2483333332174,-16.126944444030713],[162.32388888886172,-15.204722222352487],[163.16666666653376,-14.834166666358456],[163.30859653600132,-14.787536340729389],[163.82430849154414,-15.366772664426733],[163.89976320031204,-15.453885690472148],[163.97424344957616,-15.543259138198579],[164.0461834432115,-15.63310677146012],[164.1155869673652,-15.723426804203513],[164.1659167576528,-15.791524510047992],[164.24593899628783,-15.892189142115],[164.441451566837,-16.139049451870633],[164.56597602667293,-16.295866309082683],[164.68556183880813,-16.377045058782386],[164.7812966707052,-16.44526450315422],[164.87413745188255,-16.51485514025235],[165.1054042943732,-16.693755396194504],[165.22146243214573,-16.78351958316199],[165.3060645690251,-16.852734059029515],[165.3880852541317,-16.923737091293532],[165.46752353058721,-16.9965252085714],[165.54439480018019,-17.07108366557857],[165.61907238228522,-17.1471531841719],[165.69206640743894,-17.224381904601003],[165.76247161537324,-17.303384237392507],[165.83034045364937,-17.384119899213914],[165.89559228365763,-17.46663922961659],[165.94999453871728,-17.539865727721036],[166.0082050422296,-17.629874558164218],[166.06939559682954,-17.732082028462628],[166.1269953941226,-17.836329811371456],[166.1809990642556,-17.942613927390596],[166.2354192005362,-18.060406959013733],[166.32577860649812,-18.134230576379764],[166.42067052182736,-18.217272529803225],[166.48610392405735,-18.278675366674648],[166.60431737075058,-18.386938100912474],[166.6939459030813,-18.470201265076142],[166.78600060214612,-18.56142414700659],[166.88342898605916,-18.659481219982197],[166.96880397962022,-18.75274009867644],[167.05111436873338,-18.85045434918875],[167.12895744662936,-18.951095234657203],[167.1522253451242,-18.98394602289035],[167.22577130670086,-19.039353230766793],[167.32856655680135,-19.123740708466784],[167.42656132654443,-19.211293414858986],[167.51970165570768,-19.30203596169008],[167.5495365431773,-19.333830516864694],[167.6261322020401,-19.38416749633282],[167.73632715307625,-19.463900609225647],[167.75846069080856,-19.48150038303615],[167.83681552161974,-19.561742346731705],[167.9208484757772,-19.65482869229018],[168.00064422285303,-19.749443154178124],[168.03930813346395,-19.797196760921707],[168.091392282528,-19.86475181764206],[168.1280368805981,-19.91018863679605],[168.20292878103876,-19.99900365499454],[168.28072880119325,-20.084106988546537],[168.36153761387007,-20.165382421661207],[168.4372543913772,-20.23714430456586],[168.4918170450206,-20.291722391475048],[168.54402458106992,-20.347767222279373],[168.5938294262876,-20.4053049123917],[168.64134286008564,-20.464263311902144],[168.68667507279687,-20.52457110457273],[168.73021874979597,-20.585982933765166],[168.78132890610468,-20.663731213224736],[168.82188380589363,-20.705986445018212],[168.87260128222422,-20.76298562198872],[169.05885293381638,-20.989020697147296],[169.16457222792664,-21.116914225111344],[169.43981418277886,-21.449849537326088],[169.5344310854264,-21.478699967529423],[169.90622125140962,-21.592585482633766],[170.05927827781656,-21.64288185769476]]]}},{"type":"Feature","properties":{"id":21,"country":"Palau","iso":"PW","area_km2":617986},"geometry":{"type":"Polygon","coordinates":[[[135.31244183762126,11.488175979537957],[135.5507591751962,10.912052330850543],[135.6504124962403,10.651385294495924],[135.72691382161602,10.450245598455737],[135.78178170516176,10.305486046344171],[135.81518845788148,9.993099868764205],[135.84080548268733,9.750425922918154],[135.88113947390778,9.387316907249726],[135.91247168312228,9.102879956445037],[135.94339004321634,8.8991660778524],[135.980601942626,8.616791788710344],[136.00690006358744,8.420437110084634],[136.0414880596268,8.160029498462734],[136.07286737532988,7.92312857962051],[136.11431216867217,7.618465987515549],[136.15890597772935,7.466871649007572],[136.2264505924214,7.266737690891802],[136.28131993736596,7.103868368430582],[136.34552721470985,6.875790535405159],[136.7116394336135,5.738765845567485],[136.9541002113523,4.97944943548957],[136.9358579413118,4.961379900784962],[136.89977290935852,4.919100555390671],[136.78167765019677,4.787559149693678],[136.68564552902873,4.685764658258989],[136.62358533127238,4.624280242454276],[136.5339184872569,4.540806816569059],[136.44584596036887,4.463945727930664],[136.38704112070096,4.409698341681661],[136.30291812691192,4.336396713788261],[136.23451879788158,4.280141695047362],[136.17728942324854,4.234972584904867],[136.11910036254923,4.191061013437519],[136.03007743513015,4.127596582738548],[135.91445243345547,4.051441962408703],[135.85393339006876,4.014237504758938],[135.76527211176423,3.962878154942786],[135.54129850961957,3.961921986210953],[135.50278828404427,3.938612991169123],[134.71579111646705,3.462269038285868],[134.5002671591026,3.334083682116386],[133.9113633464422,2.981797537826438],[133.88680533270045,2.951473352613263],[133.43744809345552,2.396094190195228],[133.3925147804337,2.339213093309723],[133.22128435568882,2.112487966546936],[133.0987638263903,1.968514004617774],[132.96906215119796,1.833349531655912],[132.8321855444282,1.706990163465562],[132.72969064001168,1.621407206177722],[132.60563729632443,1.642191500038379],[132.3959927000033,1.688709195473379],[132.0505923912265,1.786500539468747],[131.81822991817697,1.851947899176807],[131.65148401047966,1.901153510826305],[131.1529437883261,2.040745606125469],[130.626427416393,2.002799015462443],[130.29043580047247,1.978479566678772],[130.2196921884445,1.975246715263836],[130.1156467215192,2.024669116587106],[130.09814811874142,2.065836305401589],[130.06831788975936,2.141779723755519],[130.0408317194091,2.217829540001546],[130.01571530491813,2.293986898077051],[129.99300526488187,2.370253437446436],[129.97270195093463,2.446629147317978],[129.9453252145876,2.563629992230574],[129.839290651443,3.011148266279804],[129.80984781712394,3.137436533169648],[129.7911157195156,3.232127970729564],[129.7753446910049,3.3285277703405],[129.75460117240644,3.473729563169101],[129.61430968154698,4.452560989698426],[129.58482363120632,4.752295584774004],[129.58050820379142,4.826493082689751],[129.55429927399248,4.880273709264813],[129.5539862020021,5.053415599850695],[129.55745330432742,5.245095693311939],[129.5633485851695,5.520435097802121],[129.57480530682025,6.005673405303966],[129.5289744964659,6.405568862825163],[129.52014161074723,6.482639959966235],[129.5088048172889,6.599029562664299],[129.63369428496347,6.962237703407453],[129.79600019205574,7.434550766504842],[129.82798794318947,7.522355181446599],[129.94384955301464,7.815060188876771],[129.9878399754348,7.855280025552659],[130.06444720587436,7.922037142600274],[130.16747757652936,8.005556735854796],[130.27306510736938,8.084450010559735],[130.33910214175089,8.130599086478853],[130.43093211552528,8.190942056131036],[130.48697964339638,8.225689307715513],[130.56309262442565,8.27049318041611],[130.62679968176022,8.305939062238167],[130.72694074112243,8.35806769177077],[130.79238085319437,8.389940853088135],[130.85899851596915,8.420582948644352],[130.95337142894843,8.461019699099964],[131.07938568410228,8.509822397385904],[131.1490295907436,8.534269570584442],[131.2023727088339,8.650572101821169],[131.22877264474207,8.704082859836376],[131.30612279792896,8.853609913267007],[131.32972028266548,8.964853066416069],[131.3526657544214,9.058479407199073],[131.3845816236437,9.172434317589989],[131.40798373336307,9.24744105336211],[131.43893985149313,9.33824228905037],[131.47435276506852,9.4326866936362],[131.4961848932185,9.486974634971602],[131.5427184895668,9.594366668087474],[131.6027206800159,9.719441190159074],[131.6469316593689,9.803994735768612],[131.6863129915516,9.874632247580323],[131.72726756444726,9.94392040220498],[131.79129186842553,10.045238029311733],[131.8522187651843,10.134684041535508],[131.89947427881557,10.200008124875083],[131.98020362739615,10.30441991624619],[132.05063527180053,10.388961298525302],[132.09424271882708,10.438567984425134],[132.14890964616396,10.498069840650771],[132.22560825581692,10.576891557199858],[132.27316181466634,10.623246737946758],[132.3324220095685,10.67852530769683],[132.41575285760885,10.751889495603933],[132.50035179380055,10.821538838646617],[132.5584186881725,10.866740160430112],[132.61748494877205,10.910669321931948],[132.70789616827423,10.974131043313179],[132.76933603742899,11.014787381232921],[132.8316741026782,11.054099265968333],[132.91944029823165,11.10631900941469],[132.99125077870067,11.146372473311189],[133.05649317392104,11.180831736795284],[133.13578437614868,11.220295276006325],[133.22285226971692,11.260707170999197],[133.290612431219,11.290107138234134],[133.36589437662465,11.320738352892747],[133.4791993110002,11.362909822730188],[133.563483875681,11.391452747746257],[133.6474071233405,11.417646875603054],[133.75427137672327,11.447565998971726],[133.83325266178113,11.467284831829673],[133.91269780815784,11.485105488127857],[134.0298163374546,11.507807720250142],[134.12351719426366,11.522875890809786],[134.22576285607144,11.536311201900645],[134.3357254807472,11.547266387833815],[134.45323666933697,11.554982825497234],[134.53895518683274,11.558055343979191],[134.68992749665742,11.558123451436288],[134.76639906436597,11.555723872258966],[134.89552568965942,11.547741096774416],[134.98834768849545,11.538961631674084],[135.05709910793777,11.530892463716441],[135.19878864977684,11.509684224947193],[135.31244183762126,11.488175979537957]]]}}]}