STRUCTURE,STRUCTURE_ID,STRUCTURE_NAME,ACTION,FREQ,Frequency,CLIMATE_CHANGE_INDICATORS,Climate Change Indicators,GEO_PICT,Pacific Island Countries and territories,TIME_PERIOD,Time,OBS_VALUE,Observation value,OBS_STATUS,Observation Status,UNIT_MEASURE,Unit of measure,ERROR_TYPE,Error type,ERROR_VAL,Error value,REPORTING_TYPE,Reporting Type,OBS_COMMENT,Comment
DATAFLOW,SPC:DF_CLIMATE_CHANGE(1.0),Climate Change indicators,I,A,Annual,RAIN_ANOM,Precipitation anomalies,TK,Tokelau,1979,,-14.2,,,,MM,Millimetre,SE,Standard error,0.7,,N,National,,
DATAFLOW,SPC:DF_CLIMATE_CHANGE(1.0),Climate Change indicators,I,A,Annual,RAIN_ANOM,Precipitation anomalies,TK,Tokelau,1980,,-8.3,,,,MM,Millimetre,SE,Standard error,0.8,,N,National,,
DATAFLOW,SPC:DF_CLIMATE_CHANGE(1.0),Climate Change indicators,I,A,Annual,RAIN_ANOM,Precipitation anomalies,TK,Tokelau,1981,,6.1,,,,MM,Millimetre,SE,Standard error,1.3,,N,National,,
DATAFLOW,SPC:DF_CLIMATE_CHANGE(1.0),Climate Change indicators,I,A,Annual,RAIN_ANOM,Precipitation anomalies,TK,Tokelau,1982,,-5.5,,,,MM,Millimetre,SE,Standard error,1.1,,N,National,,
DATAFLOW,SPC:DF_CLIMATE_CHANGE(1.0),Climate Change indicators,I,A,Annual,RAIN_ANOM,Precipitation anomalies,TK,Tokelau,1983,,14.7,,,,MM,Millimetre,SE,Standard error,1.5,,N,National,,
DATAFLOW,SPC:DF_CLIMATE_CHANGE(1.0),Climate Change indicators,I,A,Annual,RAIN_ANOM,Precipitation anomalies,TK,Tokelau,1984,,0.6,,,,MM,Millimetre,SE,Standard error,0.9,,N,National,,
DATAFLOW,SPC:DF_CLIMATE_CHANGE(1.0),Climate Change indicators,I,A,Annual,RAIN_ANOM,Precipitation anomalies,TK,Tokelau,1985,,-6.8,,,,MM,Millimetre,SE,Standard error,1,,N,National,,
DATAFLOW,SPC:DF_CLIMATE_CHANGE(1.0),Climate Change indicators,I,A,Annual,RAIN_ANOM,Precipitation anomalies,TK,Tokelau,1986,,1.7,,,,MM,Millimetre,SE,Standard error,1.2,,N,National,,
DATAFLOW,SPC:DF_CLIMATE_CHANGE(1.0),Climate Change indicators,I,A,Annual,RAIN_ANOM,Precipitation anomalies,TK,Tokelau,1987,,35.4,,,,MM,Millimetre,SE,Standard error,0.7,,N,National,,
DATAFLOW,SPC:DF_CLIMATE_CHANGE(1.0),Climate Change indicators,I,A,Annual,RAIN_ANOM,Precipitation anomalies,TK,Tokelau,1988,,-6.3,,,,MM,Millimetre,SE,Standard error,0.8,,N,National,,
DATAFLOW,SPC:DF_CLIMATE_CHANGE(1.0),Climate Change indicators,I,A,Annual,RAIN_ANOM,Precipitation anomalies,TK,Tokelau,1989,,-9.9,,,,MM,Millimetre,SE,Standard error,0.8,,N,National,,
DATAFLOW,SPC:DF_CLIMATE_CHANGE(1.0),Climate Change indicators,I,A,Annual,RAIN_ANOM,Precipitation anomalies,TK,Tokelau,1990,,0.7,,,,MM,Millimetre,SE,Standard error,1.6,,N,National,,
DATAFLOW,SPC:DF_CLIMATE_CHANGE(1.0),Climate Change indicators,I,A,Annual,RAIN_ANOM,Precipitation anomalies,TK,Tokelau,1991,,-13.9,,,,MM,Millimetre,SE,Standard error,0.7,,N,National,,
DATAFLOW,SPC:DF_CLIMATE_CHANGE(1.0),Climate Change indicators,I,A,Annual,RAIN_ANOM,Precipitation anomalies,TK,Tokelau,1992,,8.1,,,,MM,Millimetre,SE,Standard error,0.9,,N,National,,
DATAFLOW,SPC:DF_CLIMATE_CHANGE(1.0),Climate Change indicators,I,A,Annual,RAIN_ANOM,Precipitation anomalies,TK,Tokelau,1993,,10.5,,,,MM,Millimetre,SE,Standard error,0.9,,N,National,,
DATAFLOW,SPC:DF_CLIMATE_CHANGE(1.0),Climate Change indicators,I,A,Annual,RAIN_ANOM,Precipitation anomalies,TK,Tokelau,1994,,8.5,,,,MM,Millimetre,SE,Standard error,0.8,,N,National,,
DATAFLOW,SPC:DF_CLIMATE_CHANGE(1.0),Climate Change indicators,I,A,Annual,RAIN_ANOM,Precipitation anomalies,TK,Tokelau,1995,,12.4,,,,MM,Millimetre,SE,Standard error,1.2,,N,National,,
DATAFLOW,SPC:DF_CLIMATE_CHANGE(1.0),Climate Change indicators,I,A,Annual,RAIN_ANOM,Precipitation anomalies,TK,Tokelau,1996,,-19.6,,,,MM,Millimetre,SE,Standard error,0.7,,N,National,,
DATAFLOW,SPC:DF_CLIMATE_CHANGE(1.0),Climate Change indicators,I,A,Annual,RAIN_ANOM,Precipitation anomalies,TK,Tokelau,1997,,21,,,,MM,Millimetre,SE,Standard error,1.3,,N,National,,
DATAFLOW,SPC:DF_CLIMATE_CHANGE(1.0),Climate Change indicators,I,A,Annual,RAIN_ANOM,Precipitation anomalies,TK,Tokelau,1998,,19.1,,,,MM,Millimetre,SE,Standard error,1.2,,N,National,,
DATAFLOW,SPC:DF_CLIMATE_CHANGE(1.0),Climate Change indicators,I,A,Annual,RAIN_ANOM,Precipitation anomalies,TK,Tokelau,1999,,-31.9,,,,MM,Millimetre,SE,Standard error,0.6,,N,National,,
DATAFLOW,SPC:DF_CLIMATE_CHANGE(1.0),Climate Change indicators,I,A,Annual,RAIN_ANOM,Precipitation anomalies,TK,Tokelau,2000,,-32.1,,,,MM,Millimetre,SE,Standard error,0.6,,N,National,,
DATAFLOW,SPC:DF_CLIMATE_CHANGE(1.0),Climate Change indicators,I,A,Annual,RAIN_ANOM,Precipitation anomalies,TK,Tokelau,2001,,9.1,,,,MM,Millimetre,SE,Standard error,1.1,,N,National,,
DATAFLOW,SPC:DF_CLIMATE_CHANGE(1.0),Climate Change indicators,I,A,Annual,RAIN_ANOM,Precipitation anomalies,TK,Tokelau,2002,,-3.1,,,,MM,Millimetre,SE,Standard error,0.9,,N,National,,
DATAFLOW,SPC:DF_CLIMATE_CHANGE(1.0),Climate Change indicators,I,A,Annual,RAIN_ANOM,Precipitation anomalies,TK,Tokelau,2003,,16.3,,,,MM,Millimetre,SE,Standard error,1,,N,National,,
DATAFLOW,SPC:DF_CLIMATE_CHANGE(1.0),Climate Change indicators,I,A,Annual,RAIN_ANOM,Precipitation anomalies,TK,Tokelau,2004,,9.6,,,,MM,Millimetre,SE,Standard error,1.1,,N,National,,
DATAFLOW,SPC:DF_CLIMATE_CHANGE(1.0),Climate Change indicators,I,A,Annual,RAIN_ANOM,Precipitation anomalies,TK,Tokelau,2005,,5,,,,MM,Millimetre,SE,Standard error,1.7,,N,National,,
DATAFLOW,SPC:DF_CLIMATE_CHANGE(1.0),Climate Change indicators,I,A,Annual,RAIN_ANOM,Precipitation anomalies,TK,Tokelau,2006,,-4.7,,,,MM,Millimetre,SE,Standard error,0.9,,N,National,,
DATAFLOW,SPC:DF_CLIMATE_CHANGE(1.0),Climate Change indicators,I,A,Annual,RAIN_ANOM,Precipitation anomalies,TK,Tokelau,2007,,19.3,,,,MM,Millimetre,SE,Standard error,1.6,,N,National,,
DATAFLOW,SPC:DF_CLIMATE_CHANGE(1.0),Climate Change indicators,I,A,Annual,RAIN_ANOM,Precipitation anomalies,TK,Tokelau,2008,,-31.2,,,,MM,Millimetre,SE,Standard error,0.7,,N,National,,
DATAFLOW,SPC:DF_CLIMATE_CHANGE(1.0),Climate Change indicators,I,A,Annual,RAIN_ANOM,Precipitation anomalies,TK,Tokelau,2009,,-24.9,,,,MM,Millimetre,SE,Standard error,0.5,,N,National,,
DATAFLOW,SPC:DF_CLIMATE_CHANGE(1.0),Climate Change indicators,I,A,Annual,RAIN_ANOM,Precipitation anomalies,TK,Tokelau,2010,,-3.8,,,,MM,Millimetre,SE,Standard error,1.8,,N,National,,
DATAFLOW,SPC:DF_CLIMATE_CHANGE(1.0),Climate Change indicators,I,A,Annual,RAIN_ANOM,Precipitation anomalies,TK,Tokelau,2011,,-38.3,,,,MM,Millimetre,SE,Standard error,1,,N,National,,
DATAFLOW,SPC:DF_CLIMATE_CHANGE(1.0),Climate Change indicators,I,A,Annual,RAIN_ANOM,Precipitation anomalies,TK,Tokelau,2012,,-4.8,,,,MM,Millimetre,SE,Standard error,0.8,,N,National,,
DATAFLOW,SPC:DF_CLIMATE_CHANGE(1.0),Climate Change indicators,I,A,Annual,RAIN_ANOM,Precipitation anomalies,TK,Tokelau,2013,,20.1,,,,MM,Millimetre,SE,Standard error,1.4,,N,National,,
DATAFLOW,SPC:DF_CLIMATE_CHANGE(1.0),Climate Change indicators,I,A,Annual,RAIN_ANOM,Precipitation anomalies,TK,Tokelau,2014,,9.2,,,,MM,Millimetre,SE,Standard error,1.4,,N,National,,
DATAFLOW,SPC:DF_CLIMATE_CHANGE(1.0),Climate Change indicators,I,A,Annual,RAIN_ANOM,Precipitation anomalies,TK,Tokelau,2015,,22.4,,,,MM,Millimetre,SE,Standard error,1.2,,N,National,,
DATAFLOW,SPC:DF_CLIMATE_CHANGE(1.0),Climate Change indicators,I,A,Annual,RAIN_ANOM,Precipitation anomalies,TK,Tokelau,2016,,10,,,,MM,Millimetre,SE,Standard error,1.2,,N,National,,
DATAFLOW,SPC:DF_CLIMATE_CHANGE(1.0),Climate Change indicators,I,A,Annual,RAIN_ANOM,Precipitation anomalies,TK,Tokelau,2017,,-5.9,,,,MM,Millimetre,SE,Standard error,0.8,,N,National,,
DATAFLOW,SPC:DF_CLIMATE_CHANGE(1.0),Climate Change indicators,I,A,Annual,RAIN_ANOM,Precipitation anomalies,TK,Tokelau,2018,,-16.7,,,,MM,Millimetre,SE,Standard error,1.1,,N,National,,
DATAFLOW,SPC:DF_CLIMATE_CHANGE(1.0),Climate Change indicators,I,A,Annual,RAIN_ANOM,Precipitation anomalies,TK,Tokelau,2019,,18.3,,,,MM,Millimetre,SE,Standard error,1.1,,N,National,,
DATAFLOW,SPC:DF_CLIMATE_CHANGE(1.0),Climate Change indicators,I,A,Annual,RAIN_ANOM,Precipitation anomalies,TK,Tokelau,2020,,12.2,,,,MM,Millimetre,SE,Standard error,1.6,,N,National,,
DATAFLOW,SPC:DF_CLIMATE_CHANGE(1.0),Climate Change indicators,I,A,Annual,RAIN_ANOM,Precipitation anomalies,TK,Tokelau,2021,,-38.8,,,,MM,Millimetre,SE,Standard error,0.6,,N,National,,
DATAFLOW,SPC:DF_CLIMATE_CHANGE(1.0),Climate Change indicators,I,A,Annual,RAIN_ANOM,Precipitation anomalies,TK,Tokelau,2022,,-30.8,,,,MM,Millimetre,SE,Standard error,1.1,,N,National,,
DATAFLOW,SPC:DF_CLIMATE_CHANGE(1.0),Climate Change indicators,I,A,Annual,RAIN_ANOM,Precipitation anomalies,TK,Tokelau,2023,,-9.6,,,,MM,Millimetre,SE,Standard error,1.1,,N,National,,
DATAFLOW,SPC:DF_CLIMATE_CHANGE(1.0),Climate Change indicators,I,A,Annual,RAIN_ANOM,Precipitation anomalies,TK,Tokelau,2024,,11,,,,MM,Millimetre,SE,Standard error,1.3,,N,National,,
DATAFLOW,SPC:DF_CLIMATE_CHANGE(1.0),Climate Change indicators,I,A,Annual,RAIN_ANOM,Precipitation anomalies,TK,Tokelau,2025,,-5.6,,,,MM,Millimetre,SE,Standard error,0.7,,N,National,,
DATAFLOW,SPC:DF_CLIMATE_CHANGE(1.0),Climate Change indicators,I,A,Annual,RAIN_ANOM,Precipitation anomalies,MH,Marshall Islands,1979,,-2.2,,,,MM,Millimetre,SE,Standard error,0.5,,N,National,,
DATAFLOW,SPC:DF_CLIMATE_CHANGE(1.0),Climate Change indicators,I,A,Annual,RAIN_ANOM,Precipitation anomalies,MH,Marshall Islands,1980,,-1.7,,,,MM,Millimetre,SE,Standard error,0.5,,N,National,,
DATAFLOW,SPC:DF_CLIMATE_CHANGE(1.0),Climate Change indicators,I,A,Annual,RAIN_ANOM,Precipitation anomalies,MH,Marshall Islands,1981,,-5.5,,,,MM,Millimetre,SE,Standard error,0.4,,N,National,,
DATAFLOW,SPC:DF_CLIMATE_CHANGE(1.0),Climate Change indicators,I,A,Annual,RAIN_ANOM,Precipitation anomalies,MH,Marshall Islands,1982,,3,,,,MM,Millimetre,SE,Standard error,0.6,,N,National,,
DATAFLOW,SPC:DF_CLIMATE_CHANGE(1.0),Climate Change indicators,I,A,Annual,RAIN_ANOM,Precipitation anomalies,MH,Marshall Islands,1983,,-24.6,,,,MM,Millimetre,SE,Standard error,0.7,,N,National,,
DATAFLOW,SPC:DF_CLIMATE_CHANGE(1.0),Climate Change indicators,I,A,Annual,RAIN_ANOM,Precipitation anomalies,MH,Marshall Islands,1984,,-25.9,,,,MM,Millimetre,SE,Standard error,0.7,,N,National,,
DATAFLOW,SPC:DF_CLIMATE_CHANGE(1.0),Climate Change indicators,I,A,Annual,RAIN_ANOM,Precipitation anomalies,MH,Marshall Islands,1985,,-5.2,,,,MM,Millimetre,SE,Standard error,0.4,,N,National,,
DATAFLOW,SPC:DF_CLIMATE_CHANGE(1.0),Climate Change indicators,I,A,Annual,RAIN_ANOM,Precipitation anomalies,MH,Marshall Islands,1986,,10.9,,,,MM,Millimetre,SE,Standard error,0.7,,N,National,,
DATAFLOW,SPC:DF_CLIMATE_CHANGE(1.0),Climate Change indicators,I,A,Annual,RAIN_ANOM,Precipitation anomalies,MH,Marshall Islands,1987,,2.7,,,,MM,Millimetre,SE,Standard error,0.6,,N,National,,
DATAFLOW,SPC:DF_CLIMATE_CHANGE(1.0),Climate Change indicators,I,A,Annual,RAIN_ANOM,Precipitation anomalies,MH,Marshall Islands,1988,,-15.7,,,,MM,Millimetre,SE,Standard error,0.5,,N,National,,
DATAFLOW,SPC:DF_CLIMATE_CHANGE(1.0),Climate Change indicators,I,A,Annual,RAIN_ANOM,Precipitation anomalies,MH,Marshall Islands,1989,,3.4,,,,MM,Millimetre,SE,Standard error,0.6,,N,National,,
DATAFLOW,SPC:DF_CLIMATE_CHANGE(1.0),Climate Change indicators,I,A,Annual,RAIN_ANOM,Precipitation anomalies,MH,Marshall Islands,1990,,9.1,,,,MM,Millimetre,SE,Standard error,0.4,,N,National,,
DATAFLOW,SPC:DF_CLIMATE_CHANGE(1.0),Climate Change indicators,I,A,Annual,RAIN_ANOM,Precipitation anomalies,MH,Marshall Islands,1991,,12.1,,,,MM,Millimetre,SE,Standard error,0.8,,N,National,,
DATAFLOW,SPC:DF_CLIMATE_CHANGE(1.0),Climate Change indicators,I,A,Annual,RAIN_ANOM,Precipitation anomalies,MH,Marshall Islands,1992,,-11,,,,MM,Millimetre,SE,Standard error,0.9,,N,National,,
DATAFLOW,SPC:DF_CLIMATE_CHANGE(1.0),Climate Change indicators,I,A,Annual,RAIN_ANOM,Precipitation anomalies,MH,Marshall Islands,1993,,5.6,,,,MM,Millimetre,SE,Standard error,0.5,,N,National,,
DATAFLOW,SPC:DF_CLIMATE_CHANGE(1.0),Climate Change indicators,I,A,Annual,RAIN_ANOM,Precipitation anomalies,MH,Marshall Islands,1994,,0.3,,,,MM,Millimetre,SE,Standard error,0.5,,N,National,,
DATAFLOW,SPC:DF_CLIMATE_CHANGE(1.0),Climate Change indicators,I,A,Annual,RAIN_ANOM,Precipitation anomalies,MH,Marshall Islands,1995,,3.7,,,,MM,Millimetre,SE,Standard error,0.7,,N,National,,
DATAFLOW,SPC:DF_CLIMATE_CHANGE(1.0),Climate Change indicators,I,A,Annual,RAIN_ANOM,Precipitation anomalies,MH,Marshall Islands,1996,,3.2,,,,MM,Millimetre,SE,Standard error,0.4,,N,National,,
DATAFLOW,SPC:DF_CLIMATE_CHANGE(1.0),Climate Change indicators,I,A,Annual,RAIN_ANOM,Precipitation anomalies,MH,Marshall Islands,1997,,20.7,,,,MM,Millimetre,SE,Standard error,0.9,,N,National,,
DATAFLOW,SPC:DF_CLIMATE_CHANGE(1.0),Climate Change indicators,I,A,Annual,RAIN_ANOM,Precipitation anomalies,MH,Marshall Islands,1998,,-20.2,,,,MM,Millimetre,SE,Standard error,0.8,,N,National,,
DATAFLOW,SPC:DF_CLIMATE_CHANGE(1.0),Climate Change indicators,I,A,Annual,RAIN_ANOM,Precipitation anomalies,MH,Marshall Islands,1999,,-10.9,,,,MM,Millimetre,SE,Standard error,0.6,,N,National,,
DATAFLOW,SPC:DF_CLIMATE_CHANGE(1.0),Climate Change indicators,I,A,Annual,RAIN_ANOM,Precipitation anomalies,MH,Marshall Islands,2000,,-1.7,,,,MM,Millimetre,SE,Standard error,0.5,,N,National,,
DATAFLOW,SPC:DF_CLIMATE_CHANGE(1.0),Climate Change indicators,I,A,Annual,RAIN_ANOM,Precipitation anomalies,MH,Marshall Islands,2001,,-7.3,,,,MM,Millimetre,SE,Standard error,0.5,,N,National,,
DATAFLOW,SPC:DF_CLIMATE_CHANGE(1.0),Climate Change indicators,I,A,Annual,RAIN_ANOM,Precipitation anomalies,MH,Marshall Islands,2002,,13.5,,,,MM,Millimetre,SE,Standard error,0.6,,N,National,,
DATAFLOW,SPC:DF_CLIMATE_CHANGE(1.0),Climate Change indicators,I,A,Annual,RAIN_ANOM,Precipitation anomalies,MH,Marshall Islands,2003,,3.7,,,,MM,Millimetre,SE,Standard error,0.6,,N,National,,
DATAFLOW,SPC:DF_CLIMATE_CHANGE(1.0),Climate Change indicators,I,A,Annual,RAIN_ANOM,Precipitation anomalies,MH,Marshall Islands,2004,,9.1,,,,MM,Millimetre,SE,Standard error,0.6,,N,National,,
DATAFLOW,SPC:DF_CLIMATE_CHANGE(1.0),Climate Change indicators,I,A,Annual,RAIN_ANOM,Precipitation anomalies,MH,Marshall Islands,2005,,-6.5,,,,MM,Millimetre,SE,Standard error,0.4,,N,National,,
DATAFLOW,SPC:DF_CLIMATE_CHANGE(1.0),Climate Change indicators,I,A,Annual,RAIN_ANOM,Precipitation anomalies,MH,Marshall Islands,2006,,-1.7,,,,MM,Millimetre,SE,Standard error,0.5,,N,National,,
DATAFLOW,SPC:DF_CLIMATE_CHANGE(1.0),Climate Change indicators,I,A,Annual,RAIN_ANOM,Precipitation anomalies,MH,Marshall Islands,2007,,-8,,,,MM,Millimetre,SE,Standard error,0.5,,N,National,,
DATAFLOW,SPC:DF_CLIMATE_CHANGE(1.0),Climate Change indicators,I,A,Annual,RAIN_ANOM,Precipitation anomalies,MH,Marshall Islands,2008,,-16.4,,,,MM,Millimetre,SE,Standard error,0.3,,N,National,,
DATAFLOW,SPC:DF_CLIMATE_CHANGE(1.0),Climate Change indicators,I,A,Annual,RAIN_ANOM,Precipitation anomalies,MH,Marshall Islands,2009,,-6.4,,,,MM,Millimetre,SE,Standard error,0.6,,N,National,,
DATAFLOW,SPC:DF_CLIMATE_CHANGE(1.0),Climate Change indicators,I,A,Annual,RAIN_ANOM,Precipitation anomalies,MH,Marshall Islands,2010,,-6.4,,,,MM,Millimetre,SE,Standard error,0.6,,N,National,,
DATAFLOW,SPC:DF_CLIMATE_CHANGE(1.0),Climate Change indicators,I,A,Annual,RAIN_ANOM,Precipitation anomalies,MH,Marshall Islands,2011,,2.8,,,,MM,Millimetre,SE,Standard error,0.5,,N,National,,
DATAFLOW,SPC:DF_CLIMATE_CHANGE(1.0),Climate Change indicators,I,A,Annual,RAIN_ANOM,Precipitation anomalies,MH,Marshall Islands,2012,,-15.3,,,,MM,Millimetre,SE,Standard error,0.4,,N,National,,
DATAFLOW,SPC:DF_CLIMATE_CHANGE(1.0),Climate Change indicators,I,A,Annual,RAIN_ANOM,Precipitation anomalies,MH,Marshall Islands,2013,,-5.2,,,,MM,Millimetre,SE,Standard error,0.5,,N,National,,
DATAFLOW,SPC:DF_CLIMATE_CHANGE(1.0),Climate Change indicators,I,A,Annual,RAIN_ANOM,Precipitation anomalies,MH,Marshall Islands,2014,,2.2,,,,MM,Millimetre,SE,Standard error,0.5,,N,National,,
DATAFLOW,SPC:DF_CLIMATE_CHANGE(1.0),Climate Change indicators,I,A,Annual,RAIN_ANOM,Precipitation anomalies,MH,Marshall Islands,2015,,17.9,,,,MM,Millimetre,SE,Standard error,0.8,,N,National,,
DATAFLOW,SPC:DF_CLIMATE_CHANGE(1.0),Climate Change indicators,I,A,Annual,RAIN_ANOM,Precipitation anomalies,MH,Marshall Islands,2016,,-6.5,,,,MM,Millimetre,SE,Standard error,0.8,,N,National,,
DATAFLOW,SPC:DF_CLIMATE_CHANGE(1.0),Climate Change indicators,I,A,Annual,RAIN_ANOM,Precipitation anomalies,MH,Marshall Islands,2017,,-3.2,,,,MM,Millimetre,SE,Standard error,0.5,,N,National,,
DATAFLOW,SPC:DF_CLIMATE_CHANGE(1.0),Climate Change indicators,I,A,Annual,RAIN_ANOM,Precipitation anomalies,MH,Marshall Islands,2018,,17.2,,,,MM,Millimetre,SE,Standard error,0.5,,N,National,,
DATAFLOW,SPC:DF_CLIMATE_CHANGE(1.0),Climate Change indicators,I,A,Annual,RAIN_ANOM,Precipitation anomalies,MH,Marshall Islands,2019,,7,,,,MM,Millimetre,SE,Standard error,0.4,,N,National,,
DATAFLOW,SPC:DF_CLIMATE_CHANGE(1.0),Climate Change indicators,I,A,Annual,RAIN_ANOM,Precipitation anomalies,MH,Marshall Islands,2020,,8,,,,MM,Millimetre,SE,Standard error,0.5,,N,National,,
DATAFLOW,SPC:DF_CLIMATE_CHANGE(1.0),Climate Change indicators,I,A,Annual,RAIN_ANOM,Precipitation anomalies,MH,Marshall Islands,2021,,-2.1,,,,MM,Millimetre,SE,Standard error,0.6,,N,National,,
DATAFLOW,SPC:DF_CLIMATE_CHANGE(1.0),Climate Change indicators,I,A,Annual,RAIN_ANOM,Precipitation anomalies,MH,Marshall Islands,2022,,8.1,,,,MM,Millimetre,SE,Standard error,0.7,,N,National,,
DATAFLOW,SPC:DF_CLIMATE_CHANGE(1.0),Climate Change indicators,I,A,Annual,RAIN_ANOM,Precipitation anomalies,MH,Marshall Islands,2023,,8.9,,,,MM,Millimetre,SE,Standard error,0.4,,N,National,,
DATAFLOW,SPC:DF_CLIMATE_CHANGE(1.0),Climate Change indicators,I,A,Annual,RAIN_ANOM,Precipitation anomalies,MH,Marshall Islands,2024,,3,,,,MM,Millimetre,SE,Standard error,0.6,,N,National,,
DATAFLOW,SPC:DF_CLIMATE_CHANGE(1.0),Climate Change indicators,I,A,Annual,RAIN_ANOM,Precipitation anomalies,MH,Marshall Islands,2025,,-4.3,,,,MM,Millimetre,SE,Standard error,0.7,,N,National,,
DATAFLOW,SPC:DF_CLIMATE_CHANGE(1.0),Climate Change indicators,I,A,Annual,RAIN_ANOM,Precipitation anomalies,WF,Wallis and Futuna,1979,,-19.2,,,,MM,Millimetre,SE,Standard error,0.5,,N,National,,
DATAFLOW,SPC:DF_CLIMATE_CHANGE(1.0),Climate Change indicators,I,A,Annual,RAIN_ANOM,Precipitation anomalies,WF,Wallis and Futuna,1980,,-12.8,,,,MM,Millimetre,SE,Standard error,0.6,,N,National,,
DATAFLOW,SPC:DF_CLIMATE_CHANGE(1.0),Climate Change indicators,I,A,Annual,RAIN_ANOM,Precipitation anomalies,WF,Wallis and Futuna,1981,,-9.4,,,,MM,Millimetre,SE,Standard error,0.8,,N,National,,
DATAFLOW,SPC:DF_CLIMATE_CHANGE(1.0),Climate Change indicators,I,A,Annual,RAIN_ANOM,Precipitation anomalies,WF,Wallis and Futuna,1982,,-1.8,,,,MM,Millimetre,SE,Standard error,1.1,,N,National,,
DATAFLOW,SPC:DF_CLIMATE_CHANGE(1.0),Climate Change indicators,I,A,Annual,RAIN_ANOM,Precipitation anomalies,WF,Wallis and Futuna,1983,,-24.8,,,,MM,Millimetre,SE,Standard error,0.7,,N,National,,
DATAFLOW,SPC:DF_CLIMATE_CHANGE(1.0),Climate Change indicators,I,A,Annual,RAIN_ANOM,Precipitation anomalies,WF,Wallis and Futuna,1984,,-5.2,,,,MM,Millimetre,SE,Standard error,0.8,,N,National,,
DATAFLOW,SPC:DF_CLIMATE_CHANGE(1.0),Climate Change indicators,I,A,Annual,RAIN_ANOM,Precipitation anomalies,WF,Wallis and Futuna,1985,,-7.3,,,,MM,Millimetre,SE,Standard error,0.9,,N,National,,
DATAFLOW,SPC:DF_CLIMATE_CHANGE(1.0),Climate Change indicators,I,A,Annual,RAIN_ANOM,Precipitation anomalies,WF,Wallis and Futuna,1986,,-5.7,,,,MM,Millimetre,SE,Standard error,1.1,,N,National,,
DATAFLOW,SPC:DF_CLIMATE_CHANGE(1.0),Climate Change indicators,I,A,Annual,RAIN_ANOM,Precipitation anomalies,WF,Wallis and Futuna,1987,,-22.4,,,,MM,Millimetre,SE,Standard error,1.1,,N,National,,
DATAFLOW,SPC:DF_CLIMATE_CHANGE(1.0),Climate Change indicators,I,A,Annual,RAIN_ANOM,Precipitation anomalies,WF,Wallis and Futuna,1988,,8.8,,,,MM,Millimetre,SE,Standard error,1.4,,N,National,,
DATAFLOW,SPC:DF_CLIMATE_CHANGE(1.0),Climate Change indicators,I,A,Annual,RAIN_ANOM,Precipitation anomalies,WF,Wallis and Futuna,1989,,-16.9,,,,MM,Millimetre,SE,Standard error,1.3,,N,National,,
DATAFLOW,SPC:DF_CLIMATE_CHANGE(1.0),Climate Change indicators,I,A,Annual,RAIN_ANOM,Precipitation anomalies,WF,Wallis and Futuna,1990,,0.8,,,,MM,Millimetre,SE,Standard error,1.2,,N,National,,
DATAFLOW,SPC:DF_CLIMATE_CHANGE(1.0),Climate Change indicators,I,A,Annual,RAIN_ANOM,Precipitation anomalies,WF,Wallis and Futuna,1991,,-5.9,,,,MM,Millimetre,SE,Standard error,0.9,,N,National,,
DATAFLOW,SPC:DF_CLIMATE_CHANGE(1.0),Climate Change indicators,I,A,Annual,RAIN_ANOM,Precipitation anomalies,WF,Wallis and Futuna,1992,,-5.8,,,,MM,Millimetre,SE,Standard error,0.7,,N,National,,
DATAFLOW,SPC:DF_CLIMATE_CHANGE(1.0),Climate Change indicators,I,A,Annual,RAIN_ANOM,Precipitation anomalies,WF,Wallis and Futuna,1993,,2.6,,,,MM,Millimetre,SE,Standard error,0.9,,N,National,,
DATAFLOW,SPC:DF_CLIMATE_CHANGE(1.0),Climate Change indicators,I,A,Annual,RAIN_ANOM,Precipitation anomalies,WF,Wallis and Futuna,1994,,-7.6,,,,MM,Millimetre,SE,Standard error,0.9,,N,National,,
DATAFLOW,SPC:DF_CLIMATE_CHANGE(1.0),Climate Change indicators,I,A,Annual,RAIN_ANOM,Precipitation anomalies,WF,Wallis and Futuna,1995,,2.3,,,,MM,Millimetre,SE,Standard error,0.7,,N,National,,
DATAFLOW,SPC:DF_CLIMATE_CHANGE(1.0),Climate Change indicators,I,A,Annual,RAIN_ANOM,Precipitation anomalies,WF,Wallis and Futuna,1996,,-10,,,,MM,Millimetre,SE,Standard error,1,,N,National,,
DATAFLOW,SPC:DF_CLIMATE_CHANGE(1.0),Climate Change indicators,I,A,Annual,RAIN_ANOM,Precipitation anomalies,WF,Wallis and Futuna,1997,,4.7,,,,MM,Millimetre,SE,Standard error,1.3,,N,National,,
DATAFLOW,SPC:DF_CLIMATE_CHANGE(1.0),Climate Change indicators,I,A,Annual,RAIN_ANOM,Precipitation anomalies,WF,Wallis and Futuna,1998,,-20.5,,,,MM,Millimetre,SE,Standard error,1.3,,N,National,,
DATAFLOW,SPC:DF_CLIMATE_CHANGE(1.0),Climate Change indicators,I,A,Annual,RAIN_ANOM,Precipitation anomalies,WF,Wallis and Futuna,1999,,6.6,,,,MM,Millimetre,SE,Standard error,1.3,,N,National,,
DATAFLOW,SPC:DF_CLIMATE_CHANGE(1.0),Climate Change indicators,I,A,Annual,RAIN_ANOM,Precipitation anomalies,WF,Wallis and Futuna,2000,,-5.5,,,,MM,Millimetre,SE,Standard error,0.6,,N,National,,
DATAFLOW,SPC:DF_CLIMATE_CHANGE(1.0),Climate Change indicators,I,A,Annual,RAIN_ANOM,Precipitation anomalies,WF,Wallis and Futuna,2001,,-10.4,,,,MM,Millimetre,SE,Standard error,0.5,,N,National,,
DATAFLOW,SPC:DF_CLIMATE_CHANGE(1.0),Climate Change indicators,I,A,Annual,RAIN_ANOM,Precipitation anomalies,WF,Wallis and Futuna,2002,,-5.3,,,,MM,Millimetre,SE,Standard error,0.7,,N,National,,
DATAFLOW,SPC:DF_CLIMATE_CHANGE(1.0),Climate Change indicators,I,A,Annual,RAIN_ANOM,Precipitation anomalies,WF,Wallis and Futuna,2003,,-7.8,,,,MM,Millimetre,SE,Standard error,1,,N,National,,
DATAFLOW,SPC:DF_CLIMATE_CHANGE(1.0),Climate Change indicators,I,A,Annual,RAIN_ANOM,Precipitation anomalies,WF,Wallis and Futuna,2004,,-0.4,,,,MM,Millimetre,SE,Standard error,0.7,,N,National,,
DATAFLOW,SPC:DF_CLIMATE_CHANGE(1.0),Climate Change indicators,I,A,Annual,RAIN_ANOM,Precipitation anomalies,WF,Wallis and Futuna,2005,,-3.8,,,,MM,Millimetre,SE,Standard error,0.8,,N,National,,
DATAFLOW,SPC:DF_CLIMATE_CHANGE(1.0),Climate Change indicators,I,A,Annual,RAIN_ANOM,Precipitation anomalies,WF,Wallis and Futuna,2006,,16.8,,,,MM,Millimetre,SE,Standard error,1.8,,N,National,,
DATAFLOW,SPC:DF_CLIMATE_CHANGE(1.0),Climate Change indicators,I,A,Annual,RAIN_ANOM,Precipitation anomalies,WF,Wallis and Futuna,2007,,8.4,,,,MM,Millimetre,SE,Standard error,0.8,,N,National,,
DATAFLOW,SPC:DF_CLIMATE_CHANGE(1.0),Climate Change indicators,I,A,Annual,RAIN_ANOM,Precipitation anomalies,WF,Wallis and Futuna,2008,,-8.7,,,,MM,Millimetre,SE,Standard error,1.4,,N,National,,
DATAFLOW,SPC:DF_CLIMATE_CHANGE(1.0),Climate Change indicators,I,A,Annual,RAIN_ANOM,Precipitation anomalies,WF,Wallis and Futuna,2009,,2.4,,,,MM,Millimetre,SE,Standard error,1.2,,N,National,,
DATAFLOW,SPC:DF_CLIMATE_CHANGE(1.0),Climate Change indicators,I,A,Annual,RAIN_ANOM,Precipitation anomalies,WF,Wallis and Futuna,2010,,-2.6,,,,MM,Millimetre,SE,Standard error,1.2,,N,National,,
DATAFLOW,SPC:DF_CLIMATE_CHANGE(1.0),Climate Change indicators,I,A,Annual,RAIN_ANOM,Precipitation anomalies,WF,Wallis and Futuna,2011,,-11.6,,,,MM,Millimetre,SE,Standard error,1.5,,N,National,,
DATAFLOW,SPC:DF_CLIMATE_CHANGE(1.0),Climate Change indicators,I,A,Annual,RAIN_ANOM,Precipitation anomalies,WF,Wallis and Futuna,2012,,-3.4,,,,MM,Millimetre,SE,Standard error,1.1,,N,National,,
DATAFLOW,SPC:DF_CLIMATE_CHANGE(1.0),Climate Change indicators,I,A,Annual,RAIN_ANOM,Precipitation anomalies,WF,Wallis and Futuna,2013,,13.9,,,,MM,Millimetre,SE,Standard error,1.1,,N,National,,
DATAFLOW,SPC:DF_CLIMATE_CHANGE(1.0),Climate Change indicators,I,A,Annual,RAIN_ANOM,Precipitation anomalies,WF,Wallis and Futuna,2014,,-5.1,,,,MM,Millimetre,SE,Standard error,0.9,,N,National,,
DATAFLOW,SPC:DF_CLIMATE_CHANGE(1.0),Climate Change indicators,I,A,Annual,RAIN_ANOM,Precipitation anomalies,WF,Wallis and Futuna,2015,,-14.9,,,,MM,Millimetre,SE,Standard error,0.8,,N,National,,
DATAFLOW,SPC:DF_CLIMATE_CHANGE(1.0),Climate Change indicators,I,A,Annual,RAIN_ANOM,Precipitation anomalies,WF,Wallis and Futuna,2016,,-5.2,,,,MM,Millimetre,SE,Standard error,1.3,,N,National,,
DATAFLOW,SPC:DF_CLIMATE_CHANGE(1.0),Climate Change indicators,I,A,Annual,RAIN_ANOM,Precipitation anomalies,WF,Wallis and Futuna,2017,,14.8,,,,MM,Millimetre,SE,Standard error,1.3,,N,National,,
DATAFLOW,SPC:DF_CLIMATE_CHANGE(1.0),Climate Change indicators,I,A,Annual,RAIN_ANOM,Precipitation anomalies,WF,Wallis and Futuna,2018,,8,,,,MM,Millimetre,SE,Standard error,1.2,,N,National,,
DATAFLOW,SPC:DF_CLIMATE_CHANGE(1.0),Climate Change indicators,I,A,Annual,RAIN_ANOM,Precipitation anomalies,WF,Wallis and Futuna,2019,,37.7,,,,MM,Millimetre,SE,Standard error,1.2,,N,National,,
DATAFLOW,SPC:DF_CLIMATE_CHANGE(1.0),Climate Change indicators,I,A,Annual,RAIN_ANOM,Precipitation anomalies,WF,Wallis and Futuna,2020,,16.1,,,,MM,Millimetre,SE,Standard error,1,,N,National,,
DATAFLOW,SPC:DF_CLIMATE_CHANGE(1.0),Climate Change indicators,I,A,Annual,RAIN_ANOM,Precipitation anomalies,WF,Wallis and Futuna,2021,,3.3,,,,MM,Millimetre,SE,Standard error,1.8,,N,National,,
DATAFLOW,SPC:DF_CLIMATE_CHANGE(1.0),Climate Change indicators,I,A,Annual,RAIN_ANOM,Precipitation anomalies,WF,Wallis and Futuna,2022,,-10.9,,,,MM,Millimetre,SE,Standard error,1.2,,N,National,,
DATAFLOW,SPC:DF_CLIMATE_CHANGE(1.0),Climate Change indicators,I,A,Annual,RAIN_ANOM,Precipitation anomalies,WF,Wallis and Futuna,2023,,-3.1,,,,MM,Millimetre,SE,Standard error,0.8,,N,National,,
DATAFLOW,SPC:DF_CLIMATE_CHANGE(1.0),Climate Change indicators,I,A,Annual,RAIN_ANOM,Precipitation anomalies,WF,Wallis and Futuna,2024,,-3.4,,,,MM,Millimetre,SE,Standard error,0.8,,N,National,,
DATAFLOW,SPC:DF_CLIMATE_CHANGE(1.0),Climate Change indicators,I,A,Annual,RAIN_ANOM,Precipitation anomalies,WF,Wallis and Futuna,2025,,13.8,,,,MM,Millimetre,SE,Standard error,1.4,,N,National,,
DATAFLOW,SPC:DF_CLIMATE_CHANGE(1.0),Climate Change indicators,I,A,Annual,RAIN_ANOM,Precipitation anomalies,SB,Solomon Islands,1979,,5.5,,,,MM,Millimetre,SE,Standard error,0.8,,N,National,,
DATAFLOW,SPC:DF_CLIMATE_CHANGE(1.0),Climate Change indicators,I,A,Annual,RAIN_ANOM,Precipitation anomalies,SB,Solomon Islands,1980,,6.8,,,,MM,Millimetre,SE,Standard error,0.7,,N,National,,
DATAFLOW,SPC:DF_CLIMATE_CHANGE(1.0),Climate Change indicators,I,A,Annual,RAIN_ANOM,Precipitation anomalies,SB,Solomon Islands,1981,,-6.7,,,,MM,Millimetre,SE,Standard error,1,,N,National,,
DATAFLOW,SPC:DF_CLIMATE_CHANGE(1.0),Climate Change indicators,I,A,Annual,RAIN_ANOM,Precipitation anomalies,SB,Solomon Islands,1982,,7.5,,,,MM,Millimetre,SE,Standard error,1,,N,National,,
DATAFLOW,SPC:DF_CLIMATE_CHANGE(1.0),Climate Change indicators,I,A,Annual,RAIN_ANOM,Precipitation anomalies,SB,Solomon Islands,1983,,-2.8,,,,MM,Millimetre,SE,Standard error,0.5,,N,National,,
DATAFLOW,SPC:DF_CLIMATE_CHANGE(1.0),Climate Change indicators,I,A,Annual,RAIN_ANOM,Precipitation anomalies,SB,Solomon Islands,1984,,1.5,,,,MM,Millimetre,SE,Standard error,0.7,,N,National,,
DATAFLOW,SPC:DF_CLIMATE_CHANGE(1.0),Climate Change indicators,I,A,Annual,RAIN_ANOM,Precipitation anomalies,SB,Solomon Islands,1985,,7.4,,,,MM,Millimetre,SE,Standard error,0.8,,N,National,,
DATAFLOW,SPC:DF_CLIMATE_CHANGE(1.0),Climate Change indicators,I,A,Annual,RAIN_ANOM,Precipitation anomalies,SB,Solomon Islands,1986,,-0.5,,,,MM,Millimetre,SE,Standard error,0.7,,N,National,,
DATAFLOW,SPC:DF_CLIMATE_CHANGE(1.0),Climate Change indicators,I,A,Annual,RAIN_ANOM,Precipitation anomalies,SB,Solomon Islands,1987,,-22,,,,MM,Millimetre,SE,Standard error,1,,N,National,,
DATAFLOW,SPC:DF_CLIMATE_CHANGE(1.0),Climate Change indicators,I,A,Annual,RAIN_ANOM,Precipitation anomalies,SB,Solomon Islands,1988,,1.7,,,,MM,Millimetre,SE,Standard error,0.6,,N,National,,
DATAFLOW,SPC:DF_CLIMATE_CHANGE(1.0),Climate Change indicators,I,A,Annual,RAIN_ANOM,Precipitation anomalies,SB,Solomon Islands,1989,,-11,,,,MM,Millimetre,SE,Standard error,0.7,,N,National,,
DATAFLOW,SPC:DF_CLIMATE_CHANGE(1.0),Climate Change indicators,I,A,Annual,RAIN_ANOM,Precipitation anomalies,SB,Solomon Islands,1990,,-7.9,,,,MM,Millimetre,SE,Standard error,0.5,,N,National,,
DATAFLOW,SPC:DF_CLIMATE_CHANGE(1.0),Climate Change indicators,I,A,Annual,RAIN_ANOM,Precipitation anomalies,SB,Solomon Islands,1991,,-3.3,,,,MM,Millimetre,SE,Standard error,0.9,,N,National,,
DATAFLOW,SPC:DF_CLIMATE_CHANGE(1.0),Climate Change indicators,I,A,Annual,RAIN_ANOM,Precipitation anomalies,SB,Solomon Islands,1992,,-18.9,,,,MM,Millimetre,SE,Standard error,0.7,,N,National,,
DATAFLOW,SPC:DF_CLIMATE_CHANGE(1.0),Climate Change indicators,I,A,Annual,RAIN_ANOM,Precipitation anomalies,SB,Solomon Islands,1993,,-20.4,,,,MM,Millimetre,SE,Standard error,0.7,,N,National,,
DATAFLOW,SPC:DF_CLIMATE_CHANGE(1.0),Climate Change indicators,I,A,Annual,RAIN_ANOM,Precipitation anomalies,SB,Solomon Islands,1994,,-8.4,,,,MM,Millimetre,SE,Standard error,0.8,,N,National,,
DATAFLOW,SPC:DF_CLIMATE_CHANGE(1.0),Climate Change indicators,I,A,Annual,RAIN_ANOM,Precipitation anomalies,SB,Solomon Islands,1995,,-12,,,,MM,Millimetre,SE,Standard error,0.4,,N,National,,
DATAFLOW,SPC:DF_CLIMATE_CHANGE(1.0),Climate Change indicators,I,A,Annual,RAIN_ANOM,Precipitation anomalies,SB,Solomon Islands,1996,,5.1,,,,MM,Millimetre,SE,Standard error,0.6,,N,National,,
DATAFLOW,SPC:DF_CLIMATE_CHANGE(1.0),Climate Change indicators,I,A,Annual,RAIN_ANOM,Precipitation anomalies,SB,Solomon Islands,1997,,-28,,,,MM,Millimetre,SE,Standard error,0.7,,N,National,,
DATAFLOW,SPC:DF_CLIMATE_CHANGE(1.0),Climate Change indicators,I,A,Annual,RAIN_ANOM,Precipitation anomalies,SB,Solomon Islands,1998,,-2.3,,,,MM,Millimetre,SE,Standard error,0.8,,N,National,,
DATAFLOW,SPC:DF_CLIMATE_CHANGE(1.0),Climate Change indicators,I,A,Annual,RAIN_ANOM,Precipitation anomalies,SB,Solomon Islands,1999,,-5.1,,,,MM,Millimetre,SE,Standard error,1,,N,National,,
DATAFLOW,SPC:DF_CLIMATE_CHANGE(1.0),Climate Change indicators,I,A,Annual,RAIN_ANOM,Precipitation anomalies,SB,Solomon Islands,2000,,4.4,,,,MM,Millimetre,SE,Standard error,0.6,,N,National,,
DATAFLOW,SPC:DF_CLIMATE_CHANGE(1.0),Climate Change indicators,I,A,Annual,RAIN_ANOM,Precipitation anomalies,SB,Solomon Islands,2001,,-0.7,,,,MM,Millimetre,SE,Standard error,1,,N,National,,
DATAFLOW,SPC:DF_CLIMATE_CHANGE(1.0),Climate Change indicators,I,A,Annual,RAIN_ANOM,Precipitation anomalies,SB,Solomon Islands,2002,,1.4,,,,MM,Millimetre,SE,Standard error,0.9,,N,National,,
DATAFLOW,SPC:DF_CLIMATE_CHANGE(1.0),Climate Change indicators,I,A,Annual,RAIN_ANOM,Precipitation anomalies,SB,Solomon Islands,2003,,-10.5,,,,MM,Millimetre,SE,Standard error,0.5,,N,National,,
DATAFLOW,SPC:DF_CLIMATE_CHANGE(1.0),Climate Change indicators,I,A,Annual,RAIN_ANOM,Precipitation anomalies,SB,Solomon Islands,2004,,3.5,,,,MM,Millimetre,SE,Standard error,0.6,,N,National,,
DATAFLOW,SPC:DF_CLIMATE_CHANGE(1.0),Climate Change indicators,I,A,Annual,RAIN_ANOM,Precipitation anomalies,SB,Solomon Islands,2005,,-10.3,,,,MM,Millimetre,SE,Standard error,0.5,,N,National,,
DATAFLOW,SPC:DF_CLIMATE_CHANGE(1.0),Climate Change indicators,I,A,Annual,RAIN_ANOM,Precipitation anomalies,SB,Solomon Islands,2006,,8.7,,,,MM,Millimetre,SE,Standard error,0.7,,N,National,,
DATAFLOW,SPC:DF_CLIMATE_CHANGE(1.0),Climate Change indicators,I,A,Annual,RAIN_ANOM,Precipitation anomalies,SB,Solomon Islands,2007,,-6.2,,,,MM,Millimetre,SE,Standard error,0.5,,N,National,,
DATAFLOW,SPC:DF_CLIMATE_CHANGE(1.0),Climate Change indicators,I,A,Annual,RAIN_ANOM,Precipitation anomalies,SB,Solomon Islands,2008,,-8.4,,,,MM,Millimetre,SE,Standard error,0.9,,N,National,,
DATAFLOW,SPC:DF_CLIMATE_CHANGE(1.0),Climate Change indicators,I,A,Annual,RAIN_ANOM,Precipitation anomalies,SB,Solomon Islands,2009,,8,,,,MM,Millimetre,SE,Standard error,0.7,,N,National,,
DATAFLOW,SPC:DF_CLIMATE_CHANGE(1.0),Climate Change indicators,I,A,Annual,RAIN_ANOM,Precipitation anomalies,SB,Solomon Islands,2010,,-3.9,,,,MM,Millimetre,SE,Standard error,0.5,,N,National,,
DATAFLOW,SPC:DF_CLIMATE_CHANGE(1.0),Climate Change indicators,I,A,Annual,RAIN_ANOM,Precipitation anomalies,SB,Solomon Islands,2011,,-4.3,,,,MM,Millimetre,SE,Standard error,0.4,,N,National,,
DATAFLOW,SPC:DF_CLIMATE_CHANGE(1.0),Climate Change indicators,I,A,Annual,RAIN_ANOM,Precipitation anomalies,SB,Solomon Islands,2012,,18.1,,,,MM,Millimetre,SE,Standard error,0.8,,N,National,,
DATAFLOW,SPC:DF_CLIMATE_CHANGE(1.0),Climate Change indicators,I,A,Annual,RAIN_ANOM,Precipitation anomalies,SB,Solomon Islands,2013,,7.5,,,,MM,Millimetre,SE,Standard error,0.8,,N,National,,
DATAFLOW,SPC:DF_CLIMATE_CHANGE(1.0),Climate Change indicators,I,A,Annual,RAIN_ANOM,Precipitation anomalies,SB,Solomon Islands,2014,,12.2,,,,MM,Millimetre,SE,Standard error,1,,N,National,,
DATAFLOW,SPC:DF_CLIMATE_CHANGE(1.0),Climate Change indicators,I,A,Annual,RAIN_ANOM,Precipitation anomalies,SB,Solomon Islands,2015,,13.2,,,,MM,Millimetre,SE,Standard error,0.9,,N,National,,
DATAFLOW,SPC:DF_CLIMATE_CHANGE(1.0),Climate Change indicators,I,A,Annual,RAIN_ANOM,Precipitation anomalies,SB,Solomon Islands,2016,,-1.5,,,,MM,Millimetre,SE,Standard error,0.7,,N,National,,
DATAFLOW,SPC:DF_CLIMATE_CHANGE(1.0),Climate Change indicators,I,A,Annual,RAIN_ANOM,Precipitation anomalies,SB,Solomon Islands,2017,,12,,,,MM,Millimetre,SE,Standard error,0.7,,N,National,,
DATAFLOW,SPC:DF_CLIMATE_CHANGE(1.0),Climate Change indicators,I,A,Annual,RAIN_ANOM,Precipitation anomalies,SB,Solomon Islands,2018,,14.8,,,,MM,Millimetre,SE,Standard error,0.6,,N,National,,
DATAFLOW,SPC:DF_CLIMATE_CHANGE(1.0),Climate Change indicators,I,A,Annual,RAIN_ANOM,Precipitation anomalies,SB,Solomon Islands,2019,,21.5,,,,MM,Millimetre,SE,Standard error,0.6,,N,National,,
DATAFLOW,SPC:DF_CLIMATE_CHANGE(1.0),Climate Change indicators,I,A,Annual,RAIN_ANOM,Precipitation anomalies,SB,Solomon Islands,2020,,13.8,,,,MM,Millimetre,SE,Standard error,0.5,,N,National,,
DATAFLOW,SPC:DF_CLIMATE_CHANGE(1.0),Climate Change indicators,I,A,Annual,RAIN_ANOM,Precipitation anomalies,SB,Solomon Islands,2021,,10.3,,,,MM,Millimetre,SE,Standard error,0.9,,N,National,,
DATAFLOW,SPC:DF_CLIMATE_CHANGE(1.0),Climate Change indicators,I,A,Annual,RAIN_ANOM,Precipitation anomalies,SB,Solomon Islands,2022,,-3.2,,,,MM,Millimetre,SE,Standard error,0.7,,N,National,,
DATAFLOW,SPC:DF_CLIMATE_CHANGE(1.0),Climate Change indicators,I,A,Annual,RAIN_ANOM,Precipitation anomalies,SB,Solomon Islands,2023,,24.4,,,,MM,Millimetre,SE,Standard error,0.6,,N,National,,
DATAFLOW,SPC:DF_CLIMATE_CHANGE(1.0),Climate Change indicators,I,A,Annual,RAIN_ANOM,Precipitation anomalies,SB,Solomon Islands,2024,,18,,,,MM,Millimetre,SE,Standard error,0.9,,N,National,,
DATAFLOW,SPC:DF_CLIMATE_CHANGE(1.0),Climate Change indicators,I,A,Annual,RAIN_ANOM,Precipitation anomalies,SB,Solomon Islands,2025,,6.1,,,,MM,Millimetre,SE,Standard error,0.6,,N,National,,
DATAFLOW,SPC:DF_CLIMATE_CHANGE(1.0),Climate Change indicators,I,A,Annual,RAIN_ANOM,Precipitation anomalies,MP,Northern Mariana Islands,1979,,-7.6,,,,MM,Millimetre,SE,Standard error,0.7,,N,National,,
DATAFLOW,SPC:DF_CLIMATE_CHANGE(1.0),Climate Change indicators,I,A,Annual,RAIN_ANOM,Precipitation anomalies,MP,Northern Mariana Islands,1980,,-5.9,,,,MM,Millimetre,SE,Standard error,0.7,,N,National,,
DATAFLOW,SPC:DF_CLIMATE_CHANGE(1.0),Climate Change indicators,I,A,Annual,RAIN_ANOM,Precipitation anomalies,MP,Northern Mariana Islands,1981,,-5.9,,,,MM,Millimetre,SE,Standard error,0.7,,N,National,,
DATAFLOW,SPC:DF_CLIMATE_CHANGE(1.0),Climate Change indicators,I,A,Annual,RAIN_ANOM,Precipitation anomalies,MP,Northern Mariana Islands,1982,,-6,,,,MM,Millimetre,SE,Standard error,0.7,,N,National,,
DATAFLOW,SPC:DF_CLIMATE_CHANGE(1.0),Climate Change indicators,I,A,Annual,RAIN_ANOM,Precipitation anomalies,MP,Northern Mariana Islands,1983,,-20.3,,,,MM,Millimetre,SE,Standard error,0.9,,N,National,,
DATAFLOW,SPC:DF_CLIMATE_CHANGE(1.0),Climate Change indicators,I,A,Annual,RAIN_ANOM,Precipitation anomalies,MP,Northern Mariana Islands,1984,,1.1,,,,MM,Millimetre,SE,Standard error,1,,N,National,,
DATAFLOW,SPC:DF_CLIMATE_CHANGE(1.0),Climate Change indicators,I,A,Annual,RAIN_ANOM,Precipitation anomalies,MP,Northern Mariana Islands,1985,,-2.2,,,,MM,Millimetre,SE,Standard error,0.9,,N,National,,
DATAFLOW,SPC:DF_CLIMATE_CHANGE(1.0),Climate Change indicators,I,A,Annual,RAIN_ANOM,Precipitation anomalies,MP,Northern Mariana Islands,1986,,3.4,,,,MM,Millimetre,SE,Standard error,0.8,,N,National,,
DATAFLOW,SPC:DF_CLIMATE_CHANGE(1.0),Climate Change indicators,I,A,Annual,RAIN_ANOM,Precipitation anomalies,MP,Northern Mariana Islands,1987,,-10.8,,,,MM,Millimetre,SE,Standard error,0.8,,N,National,,
DATAFLOW,SPC:DF_CLIMATE_CHANGE(1.0),Climate Change indicators,I,A,Annual,RAIN_ANOM,Precipitation anomalies,MP,Northern Mariana Islands,1988,,-16.5,,,,MM,Millimetre,SE,Standard error,0.7,,N,National,,
DATAFLOW,SPC:DF_CLIMATE_CHANGE(1.0),Climate Change indicators,I,A,Annual,RAIN_ANOM,Precipitation anomalies,MP,Northern Mariana Islands,1989,,15,,,,MM,Millimetre,SE,Standard error,1.1,,N,National,,
DATAFLOW,SPC:DF_CLIMATE_CHANGE(1.0),Climate Change indicators,I,A,Annual,RAIN_ANOM,Precipitation anomalies,MP,Northern Mariana Islands,1990,,17.7,,,,MM,Millimetre,SE,Standard error,1.5,,N,National,,
DATAFLOW,SPC:DF_CLIMATE_CHANGE(1.0),Climate Change indicators,I,A,Annual,RAIN_ANOM,Precipitation anomalies,MP,Northern Mariana Islands,1991,,17,,,,MM,Millimetre,SE,Standard error,1.4,,N,National,,
DATAFLOW,SPC:DF_CLIMATE_CHANGE(1.0),Climate Change indicators,I,A,Annual,RAIN_ANOM,Precipitation anomalies,MP,Northern Mariana Islands,1992,,-2.6,,,,MM,Millimetre,SE,Standard error,1.1,,N,National,,
DATAFLOW,SPC:DF_CLIMATE_CHANGE(1.0),Climate Change indicators,I,A,Annual,RAIN_ANOM,Precipitation anomalies,MP,Northern Mariana Islands,1993,,-18.2,,,,MM,Millimetre,SE,Standard error,0.7,,N,National,,
DATAFLOW,SPC:DF_CLIMATE_CHANGE(1.0),Climate Change indicators,I,A,Annual,RAIN_ANOM,Precipitation anomalies,MP,Northern Mariana Islands,1994,,3.6,,,,MM,Millimetre,SE,Standard error,1.5,,N,National,,
DATAFLOW,SPC:DF_CLIMATE_CHANGE(1.0),Climate Change indicators,I,A,Annual,RAIN_ANOM,Precipitation anomalies,MP,Northern Mariana Islands,1995,,-6.8,,,,MM,Millimetre,SE,Standard error,0.9,,N,National,,
DATAFLOW,SPC:DF_CLIMATE_CHANGE(1.0),Climate Change indicators,I,A,Annual,RAIN_ANOM,Precipitation anomalies,MP,Northern Mariana Islands,1996,,5.5,,,,MM,Millimetre,SE,Standard error,1.1,,N,National,,
DATAFLOW,SPC:DF_CLIMATE_CHANGE(1.0),Climate Change indicators,I,A,Annual,RAIN_ANOM,Precipitation anomalies,MP,Northern Mariana Islands,1997,,3.6,,,,MM,Millimetre,SE,Standard error,1.1,,N,National,,
DATAFLOW,SPC:DF_CLIMATE_CHANGE(1.0),Climate Change indicators,I,A,Annual,RAIN_ANOM,Precipitation anomalies,MP,Northern Mariana Islands,1998,,-27,,,,MM,Millimetre,SE,Standard error,0.5,,N,National,,
DATAFLOW,SPC:DF_CLIMATE_CHANGE(1.0),Climate Change indicators,I,A,Annual,RAIN_ANOM,Precipitation anomalies,MP,Northern Mariana Islands,1999,,-11.3,,,,MM,Millimetre,SE,Standard error,0.6,,N,National,,
DATAFLOW,SPC:DF_CLIMATE_CHANGE(1.0),Climate Change indicators,I,A,Annual,RAIN_ANOM,Precipitation anomalies,MP,Northern Mariana Islands,2000,,-13.2,,,,MM,Millimetre,SE,Standard error,0.6,,N,National,,
DATAFLOW,SPC:DF_CLIMATE_CHANGE(1.0),Climate Change indicators,I,A,Annual,RAIN_ANOM,Precipitation anomalies,MP,Northern Mariana Islands,2001,,-2.1,,,,MM,Millimetre,SE,Standard error,1.1,,N,National,,
DATAFLOW,SPC:DF_CLIMATE_CHANGE(1.0),Climate Change indicators,I,A,Annual,RAIN_ANOM,Precipitation anomalies,MP,Northern Mariana Islands,2002,,11.9,,,,MM,Millimetre,SE,Standard error,1.1,,N,National,,
DATAFLOW,SPC:DF_CLIMATE_CHANGE(1.0),Climate Change indicators,I,A,Annual,RAIN_ANOM,Precipitation anomalies,MP,Northern Mariana Islands,2003,,3.6,,,,MM,Millimetre,SE,Standard error,0.8,,N,National,,
DATAFLOW,SPC:DF_CLIMATE_CHANGE(1.0),Climate Change indicators,I,A,Annual,RAIN_ANOM,Precipitation anomalies,MP,Northern Mariana Islands,2004,,25.3,,,,MM,Millimetre,SE,Standard error,1.8,,N,National,,
DATAFLOW,SPC:DF_CLIMATE_CHANGE(1.0),Climate Change indicators,I,A,Annual,RAIN_ANOM,Precipitation anomalies,MP,Northern Mariana Islands,2005,,6.1,,,,MM,Millimetre,SE,Standard error,1.2,,N,National,,
DATAFLOW,SPC:DF_CLIMATE_CHANGE(1.0),Climate Change indicators,I,A,Annual,RAIN_ANOM,Precipitation anomalies,MP,Northern Mariana Islands,2006,,8.3,,,,MM,Millimetre,SE,Standard error,1.3,,N,National,,
DATAFLOW,SPC:DF_CLIMATE_CHANGE(1.0),Climate Change indicators,I,A,Annual,RAIN_ANOM,Precipitation anomalies,MP,Northern Mariana Islands,2007,,2.5,,,,MM,Millimetre,SE,Standard error,0.9,,N,National,,
DATAFLOW,SPC:DF_CLIMATE_CHANGE(1.0),Climate Change indicators,I,A,Annual,RAIN_ANOM,Precipitation anomalies,MP,Northern Mariana Islands,2008,,-18.6,,,,MM,Millimetre,SE,Standard error,0.6,,N,National,,
DATAFLOW,SPC:DF_CLIMATE_CHANGE(1.0),Climate Change indicators,I,A,Annual,RAIN_ANOM,Precipitation anomalies,MP,Northern Mariana Islands,2009,,6.2,,,,MM,Millimetre,SE,Standard error,1.1,,N,National,,
DATAFLOW,SPC:DF_CLIMATE_CHANGE(1.0),Climate Change indicators,I,A,Annual,RAIN_ANOM,Precipitation anomalies,MP,Northern Mariana Islands,2010,,-14.8,,,,MM,Millimetre,SE,Standard error,0.7,,N,National,,
DATAFLOW,SPC:DF_CLIMATE_CHANGE(1.0),Climate Change indicators,I,A,Annual,RAIN_ANOM,Precipitation anomalies,MP,Northern Mariana Islands,2011,,6.1,,,,MM,Millimetre,SE,Standard error,1.2,,N,National,,
DATAFLOW,SPC:DF_CLIMATE_CHANGE(1.0),Climate Change indicators,I,A,Annual,RAIN_ANOM,Precipitation anomalies,MP,Northern Mariana Islands,2012,,-3.8,,,,MM,Millimetre,SE,Standard error,1,,N,National,,
DATAFLOW,SPC:DF_CLIMATE_CHANGE(1.0),Climate Change indicators,I,A,Annual,RAIN_ANOM,Precipitation anomalies,MP,Northern Mariana Islands,2013,,-7.9,,,,MM,Millimetre,SE,Standard error,1.4,,N,National,,
DATAFLOW,SPC:DF_CLIMATE_CHANGE(1.0),Climate Change indicators,I,A,Annual,RAIN_ANOM,Precipitation anomalies,MP,Northern Mariana Islands,2014,,14.9,,,,MM,Millimetre,SE,Standard error,1.2,,N,National,,
DATAFLOW,SPC:DF_CLIMATE_CHANGE(1.0),Climate Change indicators,I,A,Annual,RAIN_ANOM,Precipitation anomalies,MP,Northern Mariana Islands,2015,,17.1,,,,MM,Millimetre,SE,Standard error,1,,N,National,,
DATAFLOW,SPC:DF_CLIMATE_CHANGE(1.0),Climate Change indicators,I,A,Annual,RAIN_ANOM,Precipitation anomalies,MP,Northern Mariana Islands,2016,,-4.2,,,,MM,Millimetre,SE,Standard error,1.2,,N,National,,
DATAFLOW,SPC:DF_CLIMATE_CHANGE(1.0),Climate Change indicators,I,A,Annual,RAIN_ANOM,Precipitation anomalies,MP,Northern Mariana Islands,2017,,-7.5,,,,MM,Millimetre,SE,Standard error,0.7,,N,National,,
DATAFLOW,SPC:DF_CLIMATE_CHANGE(1.0),Climate Change indicators,I,A,Annual,RAIN_ANOM,Precipitation anomalies,MP,Northern Mariana Islands,2018,,15.3,,,,MM,Millimetre,SE,Standard error,1.3,,N,National,,
DATAFLOW,SPC:DF_CLIMATE_CHANGE(1.0),Climate Change indicators,I,A,Annual,RAIN_ANOM,Precipitation anomalies,MP,Northern Mariana Islands,2019,,3.4,,,,MM,Millimetre,SE,Standard error,1.1,,N,National,,
DATAFLOW,SPC:DF_CLIMATE_CHANGE(1.0),Climate Change indicators,I,A,Annual,RAIN_ANOM,Precipitation anomalies,MP,Northern Mariana Islands,2020,,-12.4,,,,MM,Millimetre,SE,Standard error,0.7,,N,National,,
DATAFLOW,SPC:DF_CLIMATE_CHANGE(1.0),Climate Change indicators,I,A,Annual,RAIN_ANOM,Precipitation anomalies,MP,Northern Mariana Islands,2021,,-8.9,,,,MM,Millimetre,SE,Standard error,0.8,,N,National,,
DATAFLOW,SPC:DF_CLIMATE_CHANGE(1.0),Climate Change indicators,I,A,Annual,RAIN_ANOM,Precipitation anomalies,MP,Northern Mariana Islands,2022,,-2.5,,,,MM,Millimetre,SE,Standard error,0.9,,N,National,,
DATAFLOW,SPC:DF_CLIMATE_CHANGE(1.0),Climate Change indicators,I,A,Annual,RAIN_ANOM,Precipitation anomalies,MP,Northern Mariana Islands,2023,,14,,,,MM,Millimetre,SE,Standard error,0.9,,N,National,,
DATAFLOW,SPC:DF_CLIMATE_CHANGE(1.0),Climate Change indicators,I,A,Annual,RAIN_ANOM,Precipitation anomalies,MP,Northern Mariana Islands,2024,,0.2,,,,MM,Millimetre,SE,Standard error,1.3,,N,National,,
DATAFLOW,SPC:DF_CLIMATE_CHANGE(1.0),Climate Change indicators,I,A,Annual,RAIN_ANOM,Precipitation anomalies,MP,Northern Mariana Islands,2025,,-12.8,,,,MM,Millimetre,SE,Standard error,0.8,,N,National,,
DATAFLOW,SPC:DF_CLIMATE_CHANGE(1.0),Climate Change indicators,I,A,Annual,RAIN_ANOM,Precipitation anomalies,PN,Pitcairn,1979,,6.8,,,,MM,Millimetre,SE,Standard error,0.5,,N,National,,
DATAFLOW,SPC:DF_CLIMATE_CHANGE(1.0),Climate Change indicators,I,A,Annual,RAIN_ANOM,Precipitation anomalies,PN,Pitcairn,1980,,-2.1,,,,MM,Millimetre,SE,Standard error,0.5,,N,National,,
DATAFLOW,SPC:DF_CLIMATE_CHANGE(1.0),Climate Change indicators,I,A,Annual,RAIN_ANOM,Precipitation anomalies,PN,Pitcairn,1981,,-6.4,,,,MM,Millimetre,SE,Standard error,0.2,,N,National,,
DATAFLOW,SPC:DF_CLIMATE_CHANGE(1.0),Climate Change indicators,I,A,Annual,RAIN_ANOM,Precipitation anomalies,PN,Pitcairn,1982,,0.3,,,,MM,Millimetre,SE,Standard error,0.3,,N,National,,
DATAFLOW,SPC:DF_CLIMATE_CHANGE(1.0),Climate Change indicators,I,A,Annual,RAIN_ANOM,Precipitation anomalies,PN,Pitcairn,1983,,-6.2,,,,MM,Millimetre,SE,Standard error,0.4,,N,National,,
DATAFLOW,SPC:DF_CLIMATE_CHANGE(1.0),Climate Change indicators,I,A,Annual,RAIN_ANOM,Precipitation anomalies,PN,Pitcairn,1984,,4.1,,,,MM,Millimetre,SE,Standard error,0.5,,N,National,,
DATAFLOW,SPC:DF_CLIMATE_CHANGE(1.0),Climate Change indicators,I,A,Annual,RAIN_ANOM,Precipitation anomalies,PN,Pitcairn,1985,,3,,,,MM,Millimetre,SE,Standard error,0.5,,N,National,,
DATAFLOW,SPC:DF_CLIMATE_CHANGE(1.0),Climate Change indicators,I,A,Annual,RAIN_ANOM,Precipitation anomalies,PN,Pitcairn,1986,,-1.6,,,,MM,Millimetre,SE,Standard error,0.4,,N,National,,
DATAFLOW,SPC:DF_CLIMATE_CHANGE(1.0),Climate Change indicators,I,A,Annual,RAIN_ANOM,Precipitation anomalies,PN,Pitcairn,1987,,7.5,,,,MM,Millimetre,SE,Standard error,0.3,,N,National,,
DATAFLOW,SPC:DF_CLIMATE_CHANGE(1.0),Climate Change indicators,I,A,Annual,RAIN_ANOM,Precipitation anomalies,PN,Pitcairn,1988,,-13.4,,,,MM,Millimetre,SE,Standard error,0.9,,N,National,,
DATAFLOW,SPC:DF_CLIMATE_CHANGE(1.0),Climate Change indicators,I,A,Annual,RAIN_ANOM,Precipitation anomalies,PN,Pitcairn,1989,,-4,,,,MM,Millimetre,SE,Standard error,0.6,,N,National,,
DATAFLOW,SPC:DF_CLIMATE_CHANGE(1.0),Climate Change indicators,I,A,Annual,RAIN_ANOM,Precipitation anomalies,PN,Pitcairn,1990,,2.7,,,,MM,Millimetre,SE,Standard error,0.9,,N,National,,
DATAFLOW,SPC:DF_CLIMATE_CHANGE(1.0),Climate Change indicators,I,A,Annual,RAIN_ANOM,Precipitation anomalies,PN,Pitcairn,1991,,5.4,,,,MM,Millimetre,SE,Standard error,0.5,,N,National,,
DATAFLOW,SPC:DF_CLIMATE_CHANGE(1.0),Climate Change indicators,I,A,Annual,RAIN_ANOM,Precipitation anomalies,PN,Pitcairn,1992,,12.7,,,,MM,Millimetre,SE,Standard error,0.9,,N,National,,
DATAFLOW,SPC:DF_CLIMATE_CHANGE(1.0),Climate Change indicators,I,A,Annual,RAIN_ANOM,Precipitation anomalies,PN,Pitcairn,1993,,3.5,,,,MM,Millimetre,SE,Standard error,0.6,,N,National,,
DATAFLOW,SPC:DF_CLIMATE_CHANGE(1.0),Climate Change indicators,I,A,Annual,RAIN_ANOM,Precipitation anomalies,PN,Pitcairn,1994,,15,,,,MM,Millimetre,SE,Standard error,1,,N,National,,
DATAFLOW,SPC:DF_CLIMATE_CHANGE(1.0),Climate Change indicators,I,A,Annual,RAIN_ANOM,Precipitation anomalies,PN,Pitcairn,1995,,1.4,,,,MM,Millimetre,SE,Standard error,1,,N,National,,
DATAFLOW,SPC:DF_CLIMATE_CHANGE(1.0),Climate Change indicators,I,A,Annual,RAIN_ANOM,Precipitation anomalies,PN,Pitcairn,1996,,-7.2,,,,MM,Millimetre,SE,Standard error,0.5,,N,National,,
DATAFLOW,SPC:DF_CLIMATE_CHANGE(1.0),Climate Change indicators,I,A,Annual,RAIN_ANOM,Precipitation anomalies,PN,Pitcairn,1997,,-3,,,,MM,Millimetre,SE,Standard error,0.7,,N,National,,
DATAFLOW,SPC:DF_CLIMATE_CHANGE(1.0),Climate Change indicators,I,A,Annual,RAIN_ANOM,Precipitation anomalies,PN,Pitcairn,1998,,-3.5,,,,MM,Millimetre,SE,Standard error,0.7,,N,National,,
DATAFLOW,SPC:DF_CLIMATE_CHANGE(1.0),Climate Change indicators,I,A,Annual,RAIN_ANOM,Precipitation anomalies,PN,Pitcairn,1999,,-9.8,,,,MM,Millimetre,SE,Standard error,0.5,,N,National,,
DATAFLOW,SPC:DF_CLIMATE_CHANGE(1.0),Climate Change indicators,I,A,Annual,RAIN_ANOM,Precipitation anomalies,PN,Pitcairn,2000,,-8.5,,,,MM,Millimetre,SE,Standard error,0.7,,N,National,,
DATAFLOW,SPC:DF_CLIMATE_CHANGE(1.0),Climate Change indicators,I,A,Annual,RAIN_ANOM,Precipitation anomalies,PN,Pitcairn,2001,,3.7,,,,MM,Millimetre,SE,Standard error,0.7,,N,National,,
DATAFLOW,SPC:DF_CLIMATE_CHANGE(1.0),Climate Change indicators,I,A,Annual,RAIN_ANOM,Precipitation anomalies,PN,Pitcairn,2002,,3.6,,,,MM,Millimetre,SE,Standard error,0.8,,N,National,,
DATAFLOW,SPC:DF_CLIMATE_CHANGE(1.0),Climate Change indicators,I,A,Annual,RAIN_ANOM,Precipitation anomalies,PN,Pitcairn,2003,,7.6,,,,MM,Millimetre,SE,Standard error,0.7,,N,National,,
DATAFLOW,SPC:DF_CLIMATE_CHANGE(1.0),Climate Change indicators,I,A,Annual,RAIN_ANOM,Precipitation anomalies,PN,Pitcairn,2004,,10.6,,,,MM,Millimetre,SE,Standard error,1.3,,N,National,,
DATAFLOW,SPC:DF_CLIMATE_CHANGE(1.0),Climate Change indicators,I,A,Annual,RAIN_ANOM,Precipitation anomalies,PN,Pitcairn,2005,,11.8,,,,MM,Millimetre,SE,Standard error,0.9,,N,National,,
DATAFLOW,SPC:DF_CLIMATE_CHANGE(1.0),Climate Change indicators,I,A,Annual,RAIN_ANOM,Precipitation anomalies,PN,Pitcairn,2006,,-11.9,,,,MM,Millimetre,SE,Standard error,0.7,,N,National,,
DATAFLOW,SPC:DF_CLIMATE_CHANGE(1.0),Climate Change indicators,I,A,Annual,RAIN_ANOM,Precipitation anomalies,PN,Pitcairn,2007,,2,,,,MM,Millimetre,SE,Standard error,0.6,,N,National,,
DATAFLOW,SPC:DF_CLIMATE_CHANGE(1.0),Climate Change indicators,I,A,Annual,RAIN_ANOM,Precipitation anomalies,PN,Pitcairn,2008,,-12.5,,,,MM,Millimetre,SE,Standard error,0.4,,N,National,,
DATAFLOW,SPC:DF_CLIMATE_CHANGE(1.0),Climate Change indicators,I,A,Annual,RAIN_ANOM,Precipitation anomalies,PN,Pitcairn,2009,,-2.9,,,,MM,Millimetre,SE,Standard error,0.8,,N,National,,
DATAFLOW,SPC:DF_CLIMATE_CHANGE(1.0),Climate Change indicators,I,A,Annual,RAIN_ANOM,Precipitation anomalies,PN,Pitcairn,2010,,-9.8,,,,MM,Millimetre,SE,Standard error,0.7,,N,National,,
DATAFLOW,SPC:DF_CLIMATE_CHANGE(1.0),Climate Change indicators,I,A,Annual,RAIN_ANOM,Precipitation anomalies,PN,Pitcairn,2011,,-28.3,,,,MM,Millimetre,SE,Standard error,0.4,,N,National,,
DATAFLOW,SPC:DF_CLIMATE_CHANGE(1.0),Climate Change indicators,I,A,Annual,RAIN_ANOM,Precipitation anomalies,PN,Pitcairn,2012,,24.2,,,,MM,Millimetre,SE,Standard error,0.5,,N,National,,
DATAFLOW,SPC:DF_CLIMATE_CHANGE(1.0),Climate Change indicators,I,A,Annual,RAIN_ANOM,Precipitation anomalies,PN,Pitcairn,2013,,3,,,,MM,Millimetre,SE,Standard error,0.7,,N,National,,
DATAFLOW,SPC:DF_CLIMATE_CHANGE(1.0),Climate Change indicators,I,A,Annual,RAIN_ANOM,Precipitation anomalies,PN,Pitcairn,2014,,-5.7,,,,MM,Millimetre,SE,Standard error,0.5,,N,National,,
DATAFLOW,SPC:DF_CLIMATE_CHANGE(1.0),Climate Change indicators,I,A,Annual,RAIN_ANOM,Precipitation anomalies,PN,Pitcairn,2015,,-5.3,,,,MM,Millimetre,SE,Standard error,0.5,,N,National,,
DATAFLOW,SPC:DF_CLIMATE_CHANGE(1.0),Climate Change indicators,I,A,Annual,RAIN_ANOM,Precipitation anomalies,PN,Pitcairn,2016,,6.4,,,,MM,Millimetre,SE,Standard error,0.9,,N,National,,
DATAFLOW,SPC:DF_CLIMATE_CHANGE(1.0),Climate Change indicators,I,A,Annual,RAIN_ANOM,Precipitation anomalies,PN,Pitcairn,2017,,-3.5,,,,MM,Millimetre,SE,Standard error,0.4,,N,National,,
DATAFLOW,SPC:DF_CLIMATE_CHANGE(1.0),Climate Change indicators,I,A,Annual,RAIN_ANOM,Precipitation anomalies,PN,Pitcairn,2018,,-10.5,,,,MM,Millimetre,SE,Standard error,0.5,,N,National,,
DATAFLOW,SPC:DF_CLIMATE_CHANGE(1.0),Climate Change indicators,I,A,Annual,RAIN_ANOM,Precipitation anomalies,PN,Pitcairn,2019,,23.9,,,,MM,Millimetre,SE,Standard error,0.7,,N,National,,
DATAFLOW,SPC:DF_CLIMATE_CHANGE(1.0),Climate Change indicators,I,A,Annual,RAIN_ANOM,Precipitation anomalies,PN,Pitcairn,2020,,-12.3,,,,MM,Millimetre,SE,Standard error,0.6,,N,National,,
DATAFLOW,SPC:DF_CLIMATE_CHANGE(1.0),Climate Change indicators,I,A,Annual,RAIN_ANOM,Precipitation anomalies,PN,Pitcairn,2021,,-12.2,,,,MM,Millimetre,SE,Standard error,0.5,,N,National,,
DATAFLOW,SPC:DF_CLIMATE_CHANGE(1.0),Climate Change indicators,I,A,Annual,RAIN_ANOM,Precipitation anomalies,PN,Pitcairn,2022,,-10.9,,,,MM,Millimetre,SE,Standard error,0.5,,N,National,,
DATAFLOW,SPC:DF_CLIMATE_CHANGE(1.0),Climate Change indicators,I,A,Annual,RAIN_ANOM,Precipitation anomalies,PN,Pitcairn,2023,,0.6,,,,MM,Millimetre,SE,Standard error,0.8,,N,National,,
DATAFLOW,SPC:DF_CLIMATE_CHANGE(1.0),Climate Change indicators,I,A,Annual,RAIN_ANOM,Precipitation anomalies,PN,Pitcairn,2024,,-5.1,,,,MM,Millimetre,SE,Standard error,0.5,,N,National,,
DATAFLOW,SPC:DF_CLIMATE_CHANGE(1.0),Climate Change indicators,I,A,Annual,RAIN_ANOM,Precipitation anomalies,PN,Pitcairn,2025,,-7.6,,,,MM,Millimetre,SE,Standard error,0.7,,N,National,,
DATAFLOW,SPC:DF_CLIMATE_CHANGE(1.0),Climate Change indicators,I,A,Annual,RAIN_ANOM,Precipitation anomalies,VU,Vanuatu,1979,,2.5,,,,MM,Millimetre,SE,Standard error,0.9,,N,National,,
DATAFLOW,SPC:DF_CLIMATE_CHANGE(1.0),Climate Change indicators,I,A,Annual,RAIN_ANOM,Precipitation anomalies,VU,Vanuatu,1980,,-3.3,,,,MM,Millimetre,SE,Standard error,0.7,,N,National,,
DATAFLOW,SPC:DF_CLIMATE_CHANGE(1.0),Climate Change indicators,I,A,Annual,RAIN_ANOM,Precipitation anomalies,VU,Vanuatu,1981,,-2.8,,,,MM,Millimetre,SE,Standard error,0.8,,N,National,,
DATAFLOW,SPC:DF_CLIMATE_CHANGE(1.0),Climate Change indicators,I,A,Annual,RAIN_ANOM,Precipitation anomalies,VU,Vanuatu,1982,,-0.6,,,,MM,Millimetre,SE,Standard error,0.7,,N,National,,
DATAFLOW,SPC:DF_CLIMATE_CHANGE(1.0),Climate Change indicators,I,A,Annual,RAIN_ANOM,Precipitation anomalies,VU,Vanuatu,1983,,-21.6,,,,MM,Millimetre,SE,Standard error,0.4,,N,National,,
DATAFLOW,SPC:DF_CLIMATE_CHANGE(1.0),Climate Change indicators,I,A,Annual,RAIN_ANOM,Precipitation anomalies,VU,Vanuatu,1984,,8.3,,,,MM,Millimetre,SE,Standard error,0.8,,N,National,,
DATAFLOW,SPC:DF_CLIMATE_CHANGE(1.0),Climate Change indicators,I,A,Annual,RAIN_ANOM,Precipitation anomalies,VU,Vanuatu,1985,,12.2,,,,MM,Millimetre,SE,Standard error,0.6,,N,National,,
DATAFLOW,SPC:DF_CLIMATE_CHANGE(1.0),Climate Change indicators,I,A,Annual,RAIN_ANOM,Precipitation anomalies,VU,Vanuatu,1986,,-0.9,,,,MM,Millimetre,SE,Standard error,1,,N,National,,
DATAFLOW,SPC:DF_CLIMATE_CHANGE(1.0),Climate Change indicators,I,A,Annual,RAIN_ANOM,Precipitation anomalies,VU,Vanuatu,1987,,-15.2,,,,MM,Millimetre,SE,Standard error,1,,N,National,,
DATAFLOW,SPC:DF_CLIMATE_CHANGE(1.0),Climate Change indicators,I,A,Annual,RAIN_ANOM,Precipitation anomalies,VU,Vanuatu,1988,,29.9,,,,MM,Millimetre,SE,Standard error,1.2,,N,National,,
DATAFLOW,SPC:DF_CLIMATE_CHANGE(1.0),Climate Change indicators,I,A,Annual,RAIN_ANOM,Precipitation anomalies,VU,Vanuatu,1989,,9.2,,,,MM,Millimetre,SE,Standard error,1,,N,National,,
DATAFLOW,SPC:DF_CLIMATE_CHANGE(1.0),Climate Change indicators,I,A,Annual,RAIN_ANOM,Precipitation anomalies,VU,Vanuatu,1990,,-9.3,,,,MM,Millimetre,SE,Standard error,0.8,,N,National,,
DATAFLOW,SPC:DF_CLIMATE_CHANGE(1.0),Climate Change indicators,I,A,Annual,RAIN_ANOM,Precipitation anomalies,VU,Vanuatu,1991,,-9.9,,,,MM,Millimetre,SE,Standard error,0.8,,N,National,,
DATAFLOW,SPC:DF_CLIMATE_CHANGE(1.0),Climate Change indicators,I,A,Annual,RAIN_ANOM,Precipitation anomalies,VU,Vanuatu,1992,,-11.6,,,,MM,Millimetre,SE,Standard error,0.9,,N,National,,
DATAFLOW,SPC:DF_CLIMATE_CHANGE(1.0),Climate Change indicators,I,A,Annual,RAIN_ANOM,Precipitation anomalies,VU,Vanuatu,1993,,-24.3,,,,MM,Millimetre,SE,Standard error,0.5,,N,National,,
DATAFLOW,SPC:DF_CLIMATE_CHANGE(1.0),Climate Change indicators,I,A,Annual,RAIN_ANOM,Precipitation anomalies,VU,Vanuatu,1994,,-11.7,,,,MM,Millimetre,SE,Standard error,0.9,,N,National,,
DATAFLOW,SPC:DF_CLIMATE_CHANGE(1.0),Climate Change indicators,I,A,Annual,RAIN_ANOM,Precipitation anomalies,VU,Vanuatu,1995,,-18.3,,,,MM,Millimetre,SE,Standard error,0.5,,N,National,,
DATAFLOW,SPC:DF_CLIMATE_CHANGE(1.0),Climate Change indicators,I,A,Annual,RAIN_ANOM,Precipitation anomalies,VU,Vanuatu,1996,,4.5,,,,MM,Millimetre,SE,Standard error,1.2,,N,National,,
DATAFLOW,SPC:DF_CLIMATE_CHANGE(1.0),Climate Change indicators,I,A,Annual,RAIN_ANOM,Precipitation anomalies,VU,Vanuatu,1997,,-16.9,,,,MM,Millimetre,SE,Standard error,0.7,,N,National,,
DATAFLOW,SPC:DF_CLIMATE_CHANGE(1.0),Climate Change indicators,I,A,Annual,RAIN_ANOM,Precipitation anomalies,VU,Vanuatu,1998,,0.9,,,,MM,Millimetre,SE,Standard error,1,,N,National,,
DATAFLOW,SPC:DF_CLIMATE_CHANGE(1.0),Climate Change indicators,I,A,Annual,RAIN_ANOM,Precipitation anomalies,VU,Vanuatu,1999,,22.6,,,,MM,Millimetre,SE,Standard error,1.1,,N,National,,
DATAFLOW,SPC:DF_CLIMATE_CHANGE(1.0),Climate Change indicators,I,A,Annual,RAIN_ANOM,Precipitation anomalies,VU,Vanuatu,2000,,23.6,,,,MM,Millimetre,SE,Standard error,0.9,,N,National,,
DATAFLOW,SPC:DF_CLIMATE_CHANGE(1.0),Climate Change indicators,I,A,Annual,RAIN_ANOM,Precipitation anomalies,VU,Vanuatu,2001,,1.8,,,,MM,Millimetre,SE,Standard error,0.9,,N,National,,
DATAFLOW,SPC:DF_CLIMATE_CHANGE(1.0),Climate Change indicators,I,A,Annual,RAIN_ANOM,Precipitation anomalies,VU,Vanuatu,2002,,8.6,,,,MM,Millimetre,SE,Standard error,0.8,,N,National,,
DATAFLOW,SPC:DF_CLIMATE_CHANGE(1.0),Climate Change indicators,I,A,Annual,RAIN_ANOM,Precipitation anomalies,VU,Vanuatu,2003,,-7.6,,,,MM,Millimetre,SE,Standard error,0.7,,N,National,,
DATAFLOW,SPC:DF_CLIMATE_CHANGE(1.0),Climate Change indicators,I,A,Annual,RAIN_ANOM,Precipitation anomalies,VU,Vanuatu,2004,,-13.6,,,,MM,Millimetre,SE,Standard error,0.6,,N,National,,
DATAFLOW,SPC:DF_CLIMATE_CHANGE(1.0),Climate Change indicators,I,A,Annual,RAIN_ANOM,Precipitation anomalies,VU,Vanuatu,2005,,-3.5,,,,MM,Millimetre,SE,Standard error,1,,N,National,,
DATAFLOW,SPC:DF_CLIMATE_CHANGE(1.0),Climate Change indicators,I,A,Annual,RAIN_ANOM,Precipitation anomalies,VU,Vanuatu,2006,,-7.3,,,,MM,Millimetre,SE,Standard error,0.5,,N,National,,
DATAFLOW,SPC:DF_CLIMATE_CHANGE(1.0),Climate Change indicators,I,A,Annual,RAIN_ANOM,Precipitation anomalies,VU,Vanuatu,2007,,7.2,,,,MM,Millimetre,SE,Standard error,0.6,,N,National,,
DATAFLOW,SPC:DF_CLIMATE_CHANGE(1.0),Climate Change indicators,I,A,Annual,RAIN_ANOM,Precipitation anomalies,VU,Vanuatu,2008,,7.4,,,,MM,Millimetre,SE,Standard error,0.9,,N,National,,
DATAFLOW,SPC:DF_CLIMATE_CHANGE(1.0),Climate Change indicators,I,A,Annual,RAIN_ANOM,Precipitation anomalies,VU,Vanuatu,2009,,5.9,,,,MM,Millimetre,SE,Standard error,0.8,,N,National,,
DATAFLOW,SPC:DF_CLIMATE_CHANGE(1.0),Climate Change indicators,I,A,Annual,RAIN_ANOM,Precipitation anomalies,VU,Vanuatu,2010,,1.1,,,,MM,Millimetre,SE,Standard error,1,,N,National,,
DATAFLOW,SPC:DF_CLIMATE_CHANGE(1.0),Climate Change indicators,I,A,Annual,RAIN_ANOM,Precipitation anomalies,VU,Vanuatu,2011,,17.7,,,,MM,Millimetre,SE,Standard error,1,,N,National,,
DATAFLOW,SPC:DF_CLIMATE_CHANGE(1.0),Climate Change indicators,I,A,Annual,RAIN_ANOM,Precipitation anomalies,VU,Vanuatu,2012,,17.7,,,,MM,Millimetre,SE,Standard error,1,,N,National,,
DATAFLOW,SPC:DF_CLIMATE_CHANGE(1.0),Climate Change indicators,I,A,Annual,RAIN_ANOM,Precipitation anomalies,VU,Vanuatu,2013,,9,,,,MM,Millimetre,SE,Standard error,0.9,,N,National,,
DATAFLOW,SPC:DF_CLIMATE_CHANGE(1.0),Climate Change indicators,I,A,Annual,RAIN_ANOM,Precipitation anomalies,VU,Vanuatu,2014,,0.4,,,,MM,Millimetre,SE,Standard error,1,,N,National,,
DATAFLOW,SPC:DF_CLIMATE_CHANGE(1.0),Climate Change indicators,I,A,Annual,RAIN_ANOM,Precipitation anomalies,VU,Vanuatu,2015,,-3.4,,,,MM,Millimetre,SE,Standard error,0.9,,N,National,,
DATAFLOW,SPC:DF_CLIMATE_CHANGE(1.0),Climate Change indicators,I,A,Annual,RAIN_ANOM,Precipitation anomalies,VU,Vanuatu,2016,,-13.3,,,,MM,Millimetre,SE,Standard error,0.8,,N,National,,
DATAFLOW,SPC:DF_CLIMATE_CHANGE(1.0),Climate Change indicators,I,A,Annual,RAIN_ANOM,Precipitation anomalies,VU,Vanuatu,2017,,1.7,,,,MM,Millimetre,SE,Standard error,1.2,,N,National,,
DATAFLOW,SPC:DF_CLIMATE_CHANGE(1.0),Climate Change indicators,I,A,Annual,RAIN_ANOM,Precipitation anomalies,VU,Vanuatu,2018,,-0.3,,,,MM,Millimetre,SE,Standard error,0.9,,N,National,,
DATAFLOW,SPC:DF_CLIMATE_CHANGE(1.0),Climate Change indicators,I,A,Annual,RAIN_ANOM,Precipitation anomalies,VU,Vanuatu,2019,,-2.4,,,,MM,Millimetre,SE,Standard error,0.7,,N,National,,
DATAFLOW,SPC:DF_CLIMATE_CHANGE(1.0),Climate Change indicators,I,A,Annual,RAIN_ANOM,Precipitation anomalies,VU,Vanuatu,2020,,14.1,,,,MM,Millimetre,SE,Standard error,1,,N,National,,
DATAFLOW,SPC:DF_CLIMATE_CHANGE(1.0),Climate Change indicators,I,A,Annual,RAIN_ANOM,Precipitation anomalies,VU,Vanuatu,2021,,11.9,,,,MM,Millimetre,SE,Standard error,1.1,,N,National,,
DATAFLOW,SPC:DF_CLIMATE_CHANGE(1.0),Climate Change indicators,I,A,Annual,RAIN_ANOM,Precipitation anomalies,VU,Vanuatu,2022,,33.7,,,,MM,Millimetre,SE,Standard error,1.1,,N,National,,
DATAFLOW,SPC:DF_CLIMATE_CHANGE(1.0),Climate Change indicators,I,A,Annual,RAIN_ANOM,Precipitation anomalies,VU,Vanuatu,2023,,8.7,,,,MM,Millimetre,SE,Standard error,1.1,,N,National,,
DATAFLOW,SPC:DF_CLIMATE_CHANGE(1.0),Climate Change indicators,I,A,Annual,RAIN_ANOM,Precipitation anomalies,VU,Vanuatu,2024,,8,,,,MM,Millimetre,SE,Standard error,1.4,,N,National,,
DATAFLOW,SPC:DF_CLIMATE_CHANGE(1.0),Climate Change indicators,I,A,Annual,RAIN_ANOM,Precipitation anomalies,VU,Vanuatu,2025,,-0.3,,,,MM,Millimetre,SE,Standard error,0.9,,N,National,,
DATAFLOW,SPC:DF_CLIMATE_CHANGE(1.0),Climate Change indicators,I,A,Annual,RAIN_ANOM,Precipitation anomalies,GU,Guam,1979,,-9.5,,,,MM,Millimetre,SE,Standard error,0.8,,N,National,,
DATAFLOW,SPC:DF_CLIMATE_CHANGE(1.0),Climate Change indicators,I,A,Annual,RAIN_ANOM,Precipitation anomalies,GU,Guam,1980,,-6.5,,,,MM,Millimetre,SE,Standard error,0.9,,N,National,,
DATAFLOW,SPC:DF_CLIMATE_CHANGE(1.0),Climate Change indicators,I,A,Annual,RAIN_ANOM,Precipitation anomalies,GU,Guam,1981,,-9.3,,,,MM,Millimetre,SE,Standard error,0.7,,N,National,,
DATAFLOW,SPC:DF_CLIMATE_CHANGE(1.0),Climate Change indicators,I,A,Annual,RAIN_ANOM,Precipitation anomalies,GU,Guam,1982,,-6.1,,,,MM,Millimetre,SE,Standard error,0.7,,N,National,,
DATAFLOW,SPC:DF_CLIMATE_CHANGE(1.0),Climate Change indicators,I,A,Annual,RAIN_ANOM,Precipitation anomalies,GU,Guam,1983,,-20.8,,,,MM,Millimetre,SE,Standard error,1,,N,National,,
DATAFLOW,SPC:DF_CLIMATE_CHANGE(1.0),Climate Change indicators,I,A,Annual,RAIN_ANOM,Precipitation anomalies,GU,Guam,1984,,2.4,,,,MM,Millimetre,SE,Standard error,1.2,,N,National,,
DATAFLOW,SPC:DF_CLIMATE_CHANGE(1.0),Climate Change indicators,I,A,Annual,RAIN_ANOM,Precipitation anomalies,GU,Guam,1985,,-2.2,,,,MM,Millimetre,SE,Standard error,1,,N,National,,
DATAFLOW,SPC:DF_CLIMATE_CHANGE(1.0),Climate Change indicators,I,A,Annual,RAIN_ANOM,Precipitation anomalies,GU,Guam,1986,,1.7,,,,MM,Millimetre,SE,Standard error,0.9,,N,National,,
DATAFLOW,SPC:DF_CLIMATE_CHANGE(1.0),Climate Change indicators,I,A,Annual,RAIN_ANOM,Precipitation anomalies,GU,Guam,1987,,-11,,,,MM,Millimetre,SE,Standard error,1,,N,National,,
DATAFLOW,SPC:DF_CLIMATE_CHANGE(1.0),Climate Change indicators,I,A,Annual,RAIN_ANOM,Precipitation anomalies,GU,Guam,1988,,-18.5,,,,MM,Millimetre,SE,Standard error,0.7,,N,National,,
DATAFLOW,SPC:DF_CLIMATE_CHANGE(1.0),Climate Change indicators,I,A,Annual,RAIN_ANOM,Precipitation anomalies,GU,Guam,1989,,1.2,,,,MM,Millimetre,SE,Standard error,0.9,,N,National,,
DATAFLOW,SPC:DF_CLIMATE_CHANGE(1.0),Climate Change indicators,I,A,Annual,RAIN_ANOM,Precipitation anomalies,GU,Guam,1990,,13.2,,,,MM,Millimetre,SE,Standard error,1.6,,N,National,,
DATAFLOW,SPC:DF_CLIMATE_CHANGE(1.0),Climate Change indicators,I,A,Annual,RAIN_ANOM,Precipitation anomalies,GU,Guam,1991,,7,,,,MM,Millimetre,SE,Standard error,1.4,,N,National,,
DATAFLOW,SPC:DF_CLIMATE_CHANGE(1.0),Climate Change indicators,I,A,Annual,RAIN_ANOM,Precipitation anomalies,GU,Guam,1992,,-5,,,,MM,Millimetre,SE,Standard error,1.4,,N,National,,
DATAFLOW,SPC:DF_CLIMATE_CHANGE(1.0),Climate Change indicators,I,A,Annual,RAIN_ANOM,Precipitation anomalies,GU,Guam,1993,,-15,,,,MM,Millimetre,SE,Standard error,1,,N,National,,
DATAFLOW,SPC:DF_CLIMATE_CHANGE(1.0),Climate Change indicators,I,A,Annual,RAIN_ANOM,Precipitation anomalies,GU,Guam,1994,,0.3,,,,MM,Millimetre,SE,Standard error,1.3,,N,National,,
DATAFLOW,SPC:DF_CLIMATE_CHANGE(1.0),Climate Change indicators,I,A,Annual,RAIN_ANOM,Precipitation anomalies,GU,Guam,1995,,-8.1,,,,MM,Millimetre,SE,Standard error,0.8,,N,National,,
DATAFLOW,SPC:DF_CLIMATE_CHANGE(1.0),Climate Change indicators,I,A,Annual,RAIN_ANOM,Precipitation anomalies,GU,Guam,1996,,3.7,,,,MM,Millimetre,SE,Standard error,1,,N,National,,
DATAFLOW,SPC:DF_CLIMATE_CHANGE(1.0),Climate Change indicators,I,A,Annual,RAIN_ANOM,Precipitation anomalies,GU,Guam,1997,,16.1,,,,MM,Millimetre,SE,Standard error,1.4,,N,National,,
DATAFLOW,SPC:DF_CLIMATE_CHANGE(1.0),Climate Change indicators,I,A,Annual,RAIN_ANOM,Precipitation anomalies,GU,Guam,1998,,-27,,,,MM,Millimetre,SE,Standard error,0.6,,N,National,,
DATAFLOW,SPC:DF_CLIMATE_CHANGE(1.0),Climate Change indicators,I,A,Annual,RAIN_ANOM,Precipitation anomalies,GU,Guam,1999,,-8.6,,,,MM,Millimetre,SE,Standard error,0.7,,N,National,,
DATAFLOW,SPC:DF_CLIMATE_CHANGE(1.0),Climate Change indicators,I,A,Annual,RAIN_ANOM,Precipitation anomalies,GU,Guam,2000,,-8.2,,,,MM,Millimetre,SE,Standard error,0.8,,N,National,,
DATAFLOW,SPC:DF_CLIMATE_CHANGE(1.0),Climate Change indicators,I,A,Annual,RAIN_ANOM,Precipitation anomalies,GU,Guam,2001,,-3.9,,,,MM,Millimetre,SE,Standard error,1.2,,N,National,,
DATAFLOW,SPC:DF_CLIMATE_CHANGE(1.0),Climate Change indicators,I,A,Annual,RAIN_ANOM,Precipitation anomalies,GU,Guam,2002,,8.9,,,,MM,Millimetre,SE,Standard error,1.3,,N,National,,
DATAFLOW,SPC:DF_CLIMATE_CHANGE(1.0),Climate Change indicators,I,A,Annual,RAIN_ANOM,Precipitation anomalies,GU,Guam,2003,,4.6,,,,MM,Millimetre,SE,Standard error,0.9,,N,National,,
DATAFLOW,SPC:DF_CLIMATE_CHANGE(1.0),Climate Change indicators,I,A,Annual,RAIN_ANOM,Precipitation anomalies,GU,Guam,2004,,18.3,,,,MM,Millimetre,SE,Standard error,1.7,,N,National,,
DATAFLOW,SPC:DF_CLIMATE_CHANGE(1.0),Climate Change indicators,I,A,Annual,RAIN_ANOM,Precipitation anomalies,GU,Guam,2005,,4.1,,,,MM,Millimetre,SE,Standard error,1,,N,National,,
DATAFLOW,SPC:DF_CLIMATE_CHANGE(1.0),Climate Change indicators,I,A,Annual,RAIN_ANOM,Precipitation anomalies,GU,Guam,2006,,8.8,,,,MM,Millimetre,SE,Standard error,1.5,,N,National,,
DATAFLOW,SPC:DF_CLIMATE_CHANGE(1.0),Climate Change indicators,I,A,Annual,RAIN_ANOM,Precipitation anomalies,GU,Guam,2007,,2.5,,,,MM,Millimetre,SE,Standard error,1,,N,National,,
DATAFLOW,SPC:DF_CLIMATE_CHANGE(1.0),Climate Change indicators,I,A,Annual,RAIN_ANOM,Precipitation anomalies,GU,Guam,2008,,-15.5,,,,MM,Millimetre,SE,Standard error,0.7,,N,National,,
DATAFLOW,SPC:DF_CLIMATE_CHANGE(1.0),Climate Change indicators,I,A,Annual,RAIN_ANOM,Precipitation anomalies,GU,Guam,2009,,11.2,,,,MM,Millimetre,SE,Standard error,1.1,,N,National,,
DATAFLOW,SPC:DF_CLIMATE_CHANGE(1.0),Climate Change indicators,I,A,Annual,RAIN_ANOM,Precipitation anomalies,GU,Guam,2010,,-13.6,,,,MM,Millimetre,SE,Standard error,0.9,,N,National,,
DATAFLOW,SPC:DF_CLIMATE_CHANGE(1.0),Climate Change indicators,I,A,Annual,RAIN_ANOM,Precipitation anomalies,GU,Guam,2011,,6.6,,,,MM,Millimetre,SE,Standard error,1.2,,N,National,,
DATAFLOW,SPC:DF_CLIMATE_CHANGE(1.0),Climate Change indicators,I,A,Annual,RAIN_ANOM,Precipitation anomalies,GU,Guam,2012,,4.8,,,,MM,Millimetre,SE,Standard error,1.4,,N,National,,
DATAFLOW,SPC:DF_CLIMATE_CHANGE(1.0),Climate Change indicators,I,A,Annual,RAIN_ANOM,Precipitation anomalies,GU,Guam,2013,,-5.5,,,,MM,Millimetre,SE,Standard error,1.4,,N,National,,
DATAFLOW,SPC:DF_CLIMATE_CHANGE(1.0),Climate Change indicators,I,A,Annual,RAIN_ANOM,Precipitation anomalies,GU,Guam,2014,,5,,,,MM,Millimetre,SE,Standard error,1.4,,N,National,,
DATAFLOW,SPC:DF_CLIMATE_CHANGE(1.0),Climate Change indicators,I,A,Annual,RAIN_ANOM,Precipitation anomalies,GU,Guam,2015,,15.2,,,,MM,Millimetre,SE,Standard error,1.2,,N,National,,
DATAFLOW,SPC:DF_CLIMATE_CHANGE(1.0),Climate Change indicators,I,A,Annual,RAIN_ANOM,Precipitation anomalies,GU,Guam,2016,,-8.2,,,,MM,Millimetre,SE,Standard error,1.2,,N,National,,
DATAFLOW,SPC:DF_CLIMATE_CHANGE(1.0),Climate Change indicators,I,A,Annual,RAIN_ANOM,Precipitation anomalies,GU,Guam,2017,,-0.7,,,,MM,Millimetre,SE,Standard error,0.8,,N,National,,
DATAFLOW,SPC:DF_CLIMATE_CHANGE(1.0),Climate Change indicators,I,A,Annual,RAIN_ANOM,Precipitation anomalies,GU,Guam,2018,,8.5,,,,MM,Millimetre,SE,Standard error,1.3,,N,National,,
DATAFLOW,SPC:DF_CLIMATE_CHANGE(1.0),Climate Change indicators,I,A,Annual,RAIN_ANOM,Precipitation anomalies,GU,Guam,2019,,6.2,,,,MM,Millimetre,SE,Standard error,1.1,,N,National,,
DATAFLOW,SPC:DF_CLIMATE_CHANGE(1.0),Climate Change indicators,I,A,Annual,RAIN_ANOM,Precipitation anomalies,GU,Guam,2020,,-12.4,,,,MM,Millimetre,SE,Standard error,0.8,,N,National,,
DATAFLOW,SPC:DF_CLIMATE_CHANGE(1.0),Climate Change indicators,I,A,Annual,RAIN_ANOM,Precipitation anomalies,GU,Guam,2021,,-5.4,,,,MM,Millimetre,SE,Standard error,0.9,,N,National,,
DATAFLOW,SPC:DF_CLIMATE_CHANGE(1.0),Climate Change indicators,I,A,Annual,RAIN_ANOM,Precipitation anomalies,GU,Guam,2022,,-1.3,,,,MM,Millimetre,SE,Standard error,0.9,,N,National,,
DATAFLOW,SPC:DF_CLIMATE_CHANGE(1.0),Climate Change indicators,I,A,Annual,RAIN_ANOM,Precipitation anomalies,GU,Guam,2023,,15.2,,,,MM,Millimetre,SE,Standard error,0.9,,N,National,,
DATAFLOW,SPC:DF_CLIMATE_CHANGE(1.0),Climate Change indicators,I,A,Annual,RAIN_ANOM,Precipitation anomalies,GU,Guam,2024,,-8.3,,,,MM,Millimetre,SE,Standard error,1,,N,National,,
DATAFLOW,SPC:DF_CLIMATE_CHANGE(1.0),Climate Change indicators,I,A,Annual,RAIN_ANOM,Precipitation anomalies,GU,Guam,2025,,-3.1,,,,MM,Millimetre,SE,Standard error,1,,N,National,,
DATAFLOW,SPC:DF_CLIMATE_CHANGE(1.0),Climate Change indicators,I,A,Annual,RAIN_ANOM,Precipitation anomalies,PF,French Polynesia,1979,,4.7,,,,MM,Millimetre,SE,Standard error,0.8,,N,National,,
DATAFLOW,SPC:DF_CLIMATE_CHANGE(1.0),Climate Change indicators,I,A,Annual,RAIN_ANOM,Precipitation anomalies,PF,French Polynesia,1980,,-3.3,,,,MM,Millimetre,SE,Standard error,0.4,,N,National,,
DATAFLOW,SPC:DF_CLIMATE_CHANGE(1.0),Climate Change indicators,I,A,Annual,RAIN_ANOM,Precipitation anomalies,PF,French Polynesia,1981,,2.5,,,,MM,Millimetre,SE,Standard error,0.6,,N,National,,
DATAFLOW,SPC:DF_CLIMATE_CHANGE(1.0),Climate Change indicators,I,A,Annual,RAIN_ANOM,Precipitation anomalies,PF,French Polynesia,1982,,-7,,,,MM,Millimetre,SE,Standard error,0.4,,N,National,,
DATAFLOW,SPC:DF_CLIMATE_CHANGE(1.0),Climate Change indicators,I,A,Annual,RAIN_ANOM,Precipitation anomalies,PF,French Polynesia,1983,,1.7,,,,MM,Millimetre,SE,Standard error,0.5,,N,National,,
DATAFLOW,SPC:DF_CLIMATE_CHANGE(1.0),Climate Change indicators,I,A,Annual,RAIN_ANOM,Precipitation anomalies,PF,French Polynesia,1984,,6.9,,,,MM,Millimetre,SE,Standard error,0.6,,N,National,,
DATAFLOW,SPC:DF_CLIMATE_CHANGE(1.0),Climate Change indicators,I,A,Annual,RAIN_ANOM,Precipitation anomalies,PF,French Polynesia,1985,,4.4,,,,MM,Millimetre,SE,Standard error,0.6,,N,National,,
DATAFLOW,SPC:DF_CLIMATE_CHANGE(1.0),Climate Change indicators,I,A,Annual,RAIN_ANOM,Precipitation anomalies,PF,French Polynesia,1986,,-0.8,,,,MM,Millimetre,SE,Standard error,0.6,,N,National,,
DATAFLOW,SPC:DF_CLIMATE_CHANGE(1.0),Climate Change indicators,I,A,Annual,RAIN_ANOM,Precipitation anomalies,PF,French Polynesia,1987,,2.1,,,,MM,Millimetre,SE,Standard error,0.5,,N,National,,
DATAFLOW,SPC:DF_CLIMATE_CHANGE(1.0),Climate Change indicators,I,A,Annual,RAIN_ANOM,Precipitation anomalies,PF,French Polynesia,1988,,-5.7,,,,MM,Millimetre,SE,Standard error,0.4,,N,National,,
DATAFLOW,SPC:DF_CLIMATE_CHANGE(1.0),Climate Change indicators,I,A,Annual,RAIN_ANOM,Precipitation anomalies,PF,French Polynesia,1989,,-3.6,,,,MM,Millimetre,SE,Standard error,0.6,,N,National,,
DATAFLOW,SPC:DF_CLIMATE_CHANGE(1.0),Climate Change indicators,I,A,Annual,RAIN_ANOM,Precipitation anomalies,PF,French Polynesia,1990,,-6,,,,MM,Millimetre,SE,Standard error,0.7,,N,National,,
DATAFLOW,SPC:DF_CLIMATE_CHANGE(1.0),Climate Change indicators,I,A,Annual,RAIN_ANOM,Precipitation anomalies,PF,French Polynesia,1991,,-3.3,,,,MM,Millimetre,SE,Standard error,0.7,,N,National,,
DATAFLOW,SPC:DF_CLIMATE_CHANGE(1.0),Climate Change indicators,I,A,Annual,RAIN_ANOM,Precipitation anomalies,PF,French Polynesia,1992,,4.5,,,,MM,Millimetre,SE,Standard error,0.6,,N,National,,
DATAFLOW,SPC:DF_CLIMATE_CHANGE(1.0),Climate Change indicators,I,A,Annual,RAIN_ANOM,Precipitation anomalies,PF,French Polynesia,1993,,-0.6,,,,MM,Millimetre,SE,Standard error,0.5,,N,National,,
DATAFLOW,SPC:DF_CLIMATE_CHANGE(1.0),Climate Change indicators,I,A,Annual,RAIN_ANOM,Precipitation anomalies,PF,French Polynesia,1994,,1.6,,,,MM,Millimetre,SE,Standard error,0.6,,N,National,,
DATAFLOW,SPC:DF_CLIMATE_CHANGE(1.0),Climate Change indicators,I,A,Annual,RAIN_ANOM,Precipitation anomalies,PF,French Polynesia,1995,,7.8,,,,MM,Millimetre,SE,Standard error,0.8,,N,National,,
DATAFLOW,SPC:DF_CLIMATE_CHANGE(1.0),Climate Change indicators,I,A,Annual,RAIN_ANOM,Precipitation anomalies,PF,French Polynesia,1996,,-5.2,,,,MM,Millimetre,SE,Standard error,0.4,,N,National,,
DATAFLOW,SPC:DF_CLIMATE_CHANGE(1.0),Climate Change indicators,I,A,Annual,RAIN_ANOM,Precipitation anomalies,PF,French Polynesia,1997,,2.3,,,,MM,Millimetre,SE,Standard error,0.6,,N,National,,
DATAFLOW,SPC:DF_CLIMATE_CHANGE(1.0),Climate Change indicators,I,A,Annual,RAIN_ANOM,Precipitation anomalies,PF,French Polynesia,1998,,20,,,,MM,Millimetre,SE,Standard error,1.1,,N,National,,
DATAFLOW,SPC:DF_CLIMATE_CHANGE(1.0),Climate Change indicators,I,A,Annual,RAIN_ANOM,Precipitation anomalies,PF,French Polynesia,1999,,-9.3,,,,MM,Millimetre,SE,Standard error,0.4,,N,National,,
DATAFLOW,SPC:DF_CLIMATE_CHANGE(1.0),Climate Change indicators,I,A,Annual,RAIN_ANOM,Precipitation anomalies,PF,French Polynesia,2000,,-2,,,,MM,Millimetre,SE,Standard error,0.7,,N,National,,
DATAFLOW,SPC:DF_CLIMATE_CHANGE(1.0),Climate Change indicators,I,A,Annual,RAIN_ANOM,Precipitation anomalies,PF,French Polynesia,2001,,4.3,,,,MM,Millimetre,SE,Standard error,0.7,,N,National,,
DATAFLOW,SPC:DF_CLIMATE_CHANGE(1.0),Climate Change indicators,I,A,Annual,RAIN_ANOM,Precipitation anomalies,PF,French Polynesia,2002,,-7,,,,MM,Millimetre,SE,Standard error,0.5,,N,National,,
DATAFLOW,SPC:DF_CLIMATE_CHANGE(1.0),Climate Change indicators,I,A,Annual,RAIN_ANOM,Precipitation anomalies,PF,French Polynesia,2003,,6.8,,,,MM,Millimetre,SE,Standard error,0.6,,N,National,,
DATAFLOW,SPC:DF_CLIMATE_CHANGE(1.0),Climate Change indicators,I,A,Annual,RAIN_ANOM,Precipitation anomalies,PF,French Polynesia,2004,,5.4,,,,MM,Millimetre,SE,Standard error,0.8,,N,National,,
DATAFLOW,SPC:DF_CLIMATE_CHANGE(1.0),Climate Change indicators,I,A,Annual,RAIN_ANOM,Precipitation anomalies,PF,French Polynesia,2005,,-2.9,,,,MM,Millimetre,SE,Standard error,0.8,,N,National,,
DATAFLOW,SPC:DF_CLIMATE_CHANGE(1.0),Climate Change indicators,I,A,Annual,RAIN_ANOM,Precipitation anomalies,PF,French Polynesia,2006,,-2.3,,,,MM,Millimetre,SE,Standard error,0.5,,N,National,,
DATAFLOW,SPC:DF_CLIMATE_CHANGE(1.0),Climate Change indicators,I,A,Annual,RAIN_ANOM,Precipitation anomalies,PF,French Polynesia,2007,,3.1,,,,MM,Millimetre,SE,Standard error,0.7,,N,National,,
DATAFLOW,SPC:DF_CLIMATE_CHANGE(1.0),Climate Change indicators,I,A,Annual,RAIN_ANOM,Precipitation anomalies,PF,French Polynesia,2008,,-14.6,,,,MM,Millimetre,SE,Standard error,0.4,,N,National,,
DATAFLOW,SPC:DF_CLIMATE_CHANGE(1.0),Climate Change indicators,I,A,Annual,RAIN_ANOM,Precipitation anomalies,PF,French Polynesia,2009,,-5.2,,,,MM,Millimetre,SE,Standard error,0.4,,N,National,,
DATAFLOW,SPC:DF_CLIMATE_CHANGE(1.0),Climate Change indicators,I,A,Annual,RAIN_ANOM,Precipitation anomalies,PF,French Polynesia,2010,,1.9,,,,MM,Millimetre,SE,Standard error,0.9,,N,National,,
DATAFLOW,SPC:DF_CLIMATE_CHANGE(1.0),Climate Change indicators,I,A,Annual,RAIN_ANOM,Precipitation anomalies,PF,French Polynesia,2011,,-20.4,,,,MM,Millimetre,SE,Standard error,0.3,,N,National,,
DATAFLOW,SPC:DF_CLIMATE_CHANGE(1.0),Climate Change indicators,I,A,Annual,RAIN_ANOM,Precipitation anomalies,PF,French Polynesia,2012,,-1.5,,,,MM,Millimetre,SE,Standard error,0.8,,N,National,,
DATAFLOW,SPC:DF_CLIMATE_CHANGE(1.0),Climate Change indicators,I,A,Annual,RAIN_ANOM,Precipitation anomalies,PF,French Polynesia,2013,,1.5,,,,MM,Millimetre,SE,Standard error,0.8,,N,National,,
DATAFLOW,SPC:DF_CLIMATE_CHANGE(1.0),Climate Change indicators,I,A,Annual,RAIN_ANOM,Precipitation anomalies,PF,French Polynesia,2014,,8.5,,,,MM,Millimetre,SE,Standard error,0.7,,N,National,,
DATAFLOW,SPC:DF_CLIMATE_CHANGE(1.0),Climate Change indicators,I,A,Annual,RAIN_ANOM,Precipitation anomalies,PF,French Polynesia,2015,,-7.2,,,,MM,Millimetre,SE,Standard error,0.6,,N,National,,
DATAFLOW,SPC:DF_CLIMATE_CHANGE(1.0),Climate Change indicators,I,A,Annual,RAIN_ANOM,Precipitation anomalies,PF,French Polynesia,2016,,9.7,,,,MM,Millimetre,SE,Standard error,0.9,,N,National,,
DATAFLOW,SPC:DF_CLIMATE_CHANGE(1.0),Climate Change indicators,I,A,Annual,RAIN_ANOM,Precipitation anomalies,PF,French Polynesia,2017,,1.1,,,,MM,Millimetre,SE,Standard error,0.6,,N,National,,
DATAFLOW,SPC:DF_CLIMATE_CHANGE(1.0),Climate Change indicators,I,A,Annual,RAIN_ANOM,Precipitation anomalies,PF,French Polynesia,2018,,-5.2,,,,MM,Millimetre,SE,Standard error,0.8,,N,National,,
DATAFLOW,SPC:DF_CLIMATE_CHANGE(1.0),Climate Change indicators,I,A,Annual,RAIN_ANOM,Precipitation anomalies,PF,French Polynesia,2019,,14.6,,,,MM,Millimetre,SE,Standard error,0.6,,N,National,,
DATAFLOW,SPC:DF_CLIMATE_CHANGE(1.0),Climate Change indicators,I,A,Annual,RAIN_ANOM,Precipitation anomalies,PF,French Polynesia,2020,,-6.5,,,,MM,Millimetre,SE,Standard error,0.4,,N,National,,
DATAFLOW,SPC:DF_CLIMATE_CHANGE(1.0),Climate Change indicators,I,A,Annual,RAIN_ANOM,Precipitation anomalies,PF,French Polynesia,2021,,-14.9,,,,MM,Millimetre,SE,Standard error,0.3,,N,National,,
DATAFLOW,SPC:DF_CLIMATE_CHANGE(1.0),Climate Change indicators,I,A,Annual,RAIN_ANOM,Precipitation anomalies,PF,French Polynesia,2022,,-9.6,,,,MM,Millimetre,SE,Standard error,0.8,,N,National,,
DATAFLOW,SPC:DF_CLIMATE_CHANGE(1.0),Climate Change indicators,I,A,Annual,RAIN_ANOM,Precipitation anomalies,PF,French Polynesia,2023,,-1.3,,,,MM,Millimetre,SE,Standard error,0.5,,N,National,,
DATAFLOW,SPC:DF_CLIMATE_CHANGE(1.0),Climate Change indicators,I,A,Annual,RAIN_ANOM,Precipitation anomalies,PF,French Polynesia,2024,,-0.4,,,,MM,Millimetre,SE,Standard error,0.7,,N,National,,
DATAFLOW,SPC:DF_CLIMATE_CHANGE(1.0),Climate Change indicators,I,A,Annual,RAIN_ANOM,Precipitation anomalies,PF,French Polynesia,2025,,5.3,,,,MM,Millimetre,SE,Standard error,0.7,,N,National,,
DATAFLOW,SPC:DF_CLIMATE_CHANGE(1.0),Climate Change indicators,I,A,Annual,RAIN_ANOM,Precipitation anomalies,TO,Tonga,1979,,-19.5,,,,MM,Millimetre,SE,Standard error,0.4,,N,National,,
DATAFLOW,SPC:DF_CLIMATE_CHANGE(1.0),Climate Change indicators,I,A,Annual,RAIN_ANOM,Precipitation anomalies,TO,Tonga,1980,,-16.5,,,,MM,Millimetre,SE,Standard error,0.6,,N,National,,
DATAFLOW,SPC:DF_CLIMATE_CHANGE(1.0),Climate Change indicators,I,A,Annual,RAIN_ANOM,Precipitation anomalies,TO,Tonga,1981,,-14.8,,,,MM,Millimetre,SE,Standard error,0.5,,N,National,,
DATAFLOW,SPC:DF_CLIMATE_CHANGE(1.0),Climate Change indicators,I,A,Annual,RAIN_ANOM,Precipitation anomalies,TO,Tonga,1982,,-2.2,,,,MM,Millimetre,SE,Standard error,0.9,,N,National,,
DATAFLOW,SPC:DF_CLIMATE_CHANGE(1.0),Climate Change indicators,I,A,Annual,RAIN_ANOM,Precipitation anomalies,TO,Tonga,1983,,-26,,,,MM,Millimetre,SE,Standard error,0.6,,N,National,,
DATAFLOW,SPC:DF_CLIMATE_CHANGE(1.0),Climate Change indicators,I,A,Annual,RAIN_ANOM,Precipitation anomalies,TO,Tonga,1984,,-9.2,,,,MM,Millimetre,SE,Standard error,0.6,,N,National,,
DATAFLOW,SPC:DF_CLIMATE_CHANGE(1.0),Climate Change indicators,I,A,Annual,RAIN_ANOM,Precipitation anomalies,TO,Tonga,1985,,-12.7,,,,MM,Millimetre,SE,Standard error,0.8,,N,National,,
DATAFLOW,SPC:DF_CLIMATE_CHANGE(1.0),Climate Change indicators,I,A,Annual,RAIN_ANOM,Precipitation anomalies,TO,Tonga,1986,,-13.4,,,,MM,Millimetre,SE,Standard error,0.8,,N,National,,
DATAFLOW,SPC:DF_CLIMATE_CHANGE(1.0),Climate Change indicators,I,A,Annual,RAIN_ANOM,Precipitation anomalies,TO,Tonga,1987,,-26.3,,,,MM,Millimetre,SE,Standard error,0.8,,N,National,,
DATAFLOW,SPC:DF_CLIMATE_CHANGE(1.0),Climate Change indicators,I,A,Annual,RAIN_ANOM,Precipitation anomalies,TO,Tonga,1988,,3,,,,MM,Millimetre,SE,Standard error,1.1,,N,National,,
DATAFLOW,SPC:DF_CLIMATE_CHANGE(1.0),Climate Change indicators,I,A,Annual,RAIN_ANOM,Precipitation anomalies,TO,Tonga,1989,,-10.7,,,,MM,Millimetre,SE,Standard error,1.2,,N,National,,
DATAFLOW,SPC:DF_CLIMATE_CHANGE(1.0),Climate Change indicators,I,A,Annual,RAIN_ANOM,Precipitation anomalies,TO,Tonga,1990,,-3.6,,,,MM,Millimetre,SE,Standard error,0.7,,N,National,,
DATAFLOW,SPC:DF_CLIMATE_CHANGE(1.0),Climate Change indicators,I,A,Annual,RAIN_ANOM,Precipitation anomalies,TO,Tonga,1991,,-8,,,,MM,Millimetre,SE,Standard error,0.7,,N,National,,
DATAFLOW,SPC:DF_CLIMATE_CHANGE(1.0),Climate Change indicators,I,A,Annual,RAIN_ANOM,Precipitation anomalies,TO,Tonga,1992,,-10.5,,,,MM,Millimetre,SE,Standard error,0.5,,N,National,,
DATAFLOW,SPC:DF_CLIMATE_CHANGE(1.0),Climate Change indicators,I,A,Annual,RAIN_ANOM,Precipitation anomalies,TO,Tonga,1993,,0.1,,,,MM,Millimetre,SE,Standard error,0.9,,N,National,,
DATAFLOW,SPC:DF_CLIMATE_CHANGE(1.0),Climate Change indicators,I,A,Annual,RAIN_ANOM,Precipitation anomalies,TO,Tonga,1994,,-16.1,,,,MM,Millimetre,SE,Standard error,0.9,,N,National,,
DATAFLOW,SPC:DF_CLIMATE_CHANGE(1.0),Climate Change indicators,I,A,Annual,RAIN_ANOM,Precipitation anomalies,TO,Tonga,1995,,-3.2,,,,MM,Millimetre,SE,Standard error,0.7,,N,National,,
DATAFLOW,SPC:DF_CLIMATE_CHANGE(1.0),Climate Change indicators,I,A,Annual,RAIN_ANOM,Precipitation anomalies,TO,Tonga,1996,,-4.2,,,,MM,Millimetre,SE,Standard error,1.2,,N,National,,
DATAFLOW,SPC:DF_CLIMATE_CHANGE(1.0),Climate Change indicators,I,A,Annual,RAIN_ANOM,Precipitation anomalies,TO,Tonga,1997,,-3.4,,,,MM,Millimetre,SE,Standard error,1.1,,N,National,,
DATAFLOW,SPC:DF_CLIMATE_CHANGE(1.0),Climate Change indicators,I,A,Annual,RAIN_ANOM,Precipitation anomalies,TO,Tonga,1998,,-21.8,,,,MM,Millimetre,SE,Standard error,1.1,,N,National,,
DATAFLOW,SPC:DF_CLIMATE_CHANGE(1.0),Climate Change indicators,I,A,Annual,RAIN_ANOM,Precipitation anomalies,TO,Tonga,1999,,12.7,,,,MM,Millimetre,SE,Standard error,1,,N,National,,
DATAFLOW,SPC:DF_CLIMATE_CHANGE(1.0),Climate Change indicators,I,A,Annual,RAIN_ANOM,Precipitation anomalies,TO,Tonga,2000,,3.9,,,,MM,Millimetre,SE,Standard error,0.7,,N,National,,
DATAFLOW,SPC:DF_CLIMATE_CHANGE(1.0),Climate Change indicators,I,A,Annual,RAIN_ANOM,Precipitation anomalies,TO,Tonga,2001,,-8,,,,MM,Millimetre,SE,Standard error,0.7,,N,National,,
DATAFLOW,SPC:DF_CLIMATE_CHANGE(1.0),Climate Change indicators,I,A,Annual,RAIN_ANOM,Precipitation anomalies,TO,Tonga,2002,,-5.3,,,,MM,Millimetre,SE,Standard error,1,,N,National,,
DATAFLOW,SPC:DF_CLIMATE_CHANGE(1.0),Climate Change indicators,I,A,Annual,RAIN_ANOM,Precipitation anomalies,TO,Tonga,2003,,-17,,,,MM,Millimetre,SE,Standard error,0.9,,N,National,,
DATAFLOW,SPC:DF_CLIMATE_CHANGE(1.0),Climate Change indicators,I,A,Annual,RAIN_ANOM,Precipitation anomalies,TO,Tonga,2004,,-3.5,,,,MM,Millimetre,SE,Standard error,0.8,,N,National,,
DATAFLOW,SPC:DF_CLIMATE_CHANGE(1.0),Climate Change indicators,I,A,Annual,RAIN_ANOM,Precipitation anomalies,TO,Tonga,2005,,4.9,,,,MM,Millimetre,SE,Standard error,1.1,,N,National,,
DATAFLOW,SPC:DF_CLIMATE_CHANGE(1.0),Climate Change indicators,I,A,Annual,RAIN_ANOM,Precipitation anomalies,TO,Tonga,2006,,3.5,,,,MM,Millimetre,SE,Standard error,1.4,,N,National,,
DATAFLOW,SPC:DF_CLIMATE_CHANGE(1.0),Climate Change indicators,I,A,Annual,RAIN_ANOM,Precipitation anomalies,TO,Tonga,2007,,7.6,,,,MM,Millimetre,SE,Standard error,0.7,,N,National,,
DATAFLOW,SPC:DF_CLIMATE_CHANGE(1.0),Climate Change indicators,I,A,Annual,RAIN_ANOM,Precipitation anomalies,TO,Tonga,2008,,3.5,,,,MM,Millimetre,SE,Standard error,1.4,,N,National,,
DATAFLOW,SPC:DF_CLIMATE_CHANGE(1.0),Climate Change indicators,I,A,Annual,RAIN_ANOM,Precipitation anomalies,TO,Tonga,2009,,1.3,,,,MM,Millimetre,SE,Standard error,1.2,,N,National,,
DATAFLOW,SPC:DF_CLIMATE_CHANGE(1.0),Climate Change indicators,I,A,Annual,RAIN_ANOM,Precipitation anomalies,TO,Tonga,2010,,-2.8,,,,MM,Millimetre,SE,Standard error,1.1,,N,National,,
DATAFLOW,SPC:DF_CLIMATE_CHANGE(1.0),Climate Change indicators,I,A,Annual,RAIN_ANOM,Precipitation anomalies,TO,Tonga,2011,,5.3,,,,MM,Millimetre,SE,Standard error,1.1,,N,National,,
DATAFLOW,SPC:DF_CLIMATE_CHANGE(1.0),Climate Change indicators,I,A,Annual,RAIN_ANOM,Precipitation anomalies,TO,Tonga,2012,,8.1,,,,MM,Millimetre,SE,Standard error,1.2,,N,National,,
DATAFLOW,SPC:DF_CLIMATE_CHANGE(1.0),Climate Change indicators,I,A,Annual,RAIN_ANOM,Precipitation anomalies,TO,Tonga,2013,,8.5,,,,MM,Millimetre,SE,Standard error,1,,N,National,,
DATAFLOW,SPC:DF_CLIMATE_CHANGE(1.0),Climate Change indicators,I,A,Annual,RAIN_ANOM,Precipitation anomalies,TO,Tonga,2014,,1.1,,,,MM,Millimetre,SE,Standard error,1.1,,N,National,,
DATAFLOW,SPC:DF_CLIMATE_CHANGE(1.0),Climate Change indicators,I,A,Annual,RAIN_ANOM,Precipitation anomalies,TO,Tonga,2015,,-21.5,,,,MM,Millimetre,SE,Standard error,0.7,,N,National,,
DATAFLOW,SPC:DF_CLIMATE_CHANGE(1.0),Climate Change indicators,I,A,Annual,RAIN_ANOM,Precipitation anomalies,TO,Tonga,2016,,-4.3,,,,MM,Millimetre,SE,Standard error,1.2,,N,National,,
DATAFLOW,SPC:DF_CLIMATE_CHANGE(1.0),Climate Change indicators,I,A,Annual,RAIN_ANOM,Precipitation anomalies,TO,Tonga,2017,,16.9,,,,MM,Millimetre,SE,Standard error,1.5,,N,National,,
DATAFLOW,SPC:DF_CLIMATE_CHANGE(1.0),Climate Change indicators,I,A,Annual,RAIN_ANOM,Precipitation anomalies,TO,Tonga,2018,,7.8,,,,MM,Millimetre,SE,Standard error,1.2,,N,National,,
DATAFLOW,SPC:DF_CLIMATE_CHANGE(1.0),Climate Change indicators,I,A,Annual,RAIN_ANOM,Precipitation anomalies,TO,Tonga,2019,,37,,,,MM,Millimetre,SE,Standard error,1.2,,N,National,,
DATAFLOW,SPC:DF_CLIMATE_CHANGE(1.0),Climate Change indicators,I,A,Annual,RAIN_ANOM,Precipitation anomalies,TO,Tonga,2020,,7.3,,,,MM,Millimetre,SE,Standard error,0.9,,N,National,,
DATAFLOW,SPC:DF_CLIMATE_CHANGE(1.0),Climate Change indicators,I,A,Annual,RAIN_ANOM,Precipitation anomalies,TO,Tonga,2021,,3.2,,,,MM,Millimetre,SE,Standard error,1.4,,N,National,,
DATAFLOW,SPC:DF_CLIMATE_CHANGE(1.0),Climate Change indicators,I,A,Annual,RAIN_ANOM,Precipitation anomalies,TO,Tonga,2022,,1.4,,,,MM,Millimetre,SE,Standard error,1.1,,N,National,,
DATAFLOW,SPC:DF_CLIMATE_CHANGE(1.0),Climate Change indicators,I,A,Annual,RAIN_ANOM,Precipitation anomalies,TO,Tonga,2023,,-10.9,,,,MM,Millimetre,SE,Standard error,0.8,,N,National,,
DATAFLOW,SPC:DF_CLIMATE_CHANGE(1.0),Climate Change indicators,I,A,Annual,RAIN_ANOM,Precipitation anomalies,TO,Tonga,2024,,-2,,,,MM,Millimetre,SE,Standard error,0.8,,N,National,,
DATAFLOW,SPC:DF_CLIMATE_CHANGE(1.0),Climate Change indicators,I,A,Annual,RAIN_ANOM,Precipitation anomalies,TO,Tonga,2025,,16.3,,,,MM,Millimetre,SE,Standard error,1.1,,N,National,,
DATAFLOW,SPC:DF_CLIMATE_CHANGE(1.0),Climate Change indicators,I,A,Annual,RAIN_ANOM,Precipitation anomalies,NC,New Caledonia,1979,,-4.4,,,,MM,Millimetre,SE,Standard error,0.6,,N,National,,
DATAFLOW,SPC:DF_CLIMATE_CHANGE(1.0),Climate Change indicators,I,A,Annual,RAIN_ANOM,Precipitation anomalies,NC,New Caledonia,1980,,-0.5,,,,MM,Millimetre,SE,Standard error,0.9,,N,National,,
DATAFLOW,SPC:DF_CLIMATE_CHANGE(1.0),Climate Change indicators,I,A,Annual,RAIN_ANOM,Precipitation anomalies,NC,New Caledonia,1981,,9.1,,,,MM,Millimetre,SE,Standard error,1.4,,N,National,,
DATAFLOW,SPC:DF_CLIMATE_CHANGE(1.0),Climate Change indicators,I,A,Annual,RAIN_ANOM,Precipitation anomalies,NC,New Caledonia,1982,,8.3,,,,MM,Millimetre,SE,Standard error,1,,N,National,,
DATAFLOW,SPC:DF_CLIMATE_CHANGE(1.0),Climate Change indicators,I,A,Annual,RAIN_ANOM,Precipitation anomalies,NC,New Caledonia,1983,,-3.1,,,,MM,Millimetre,SE,Standard error,0.5,,N,National,,
DATAFLOW,SPC:DF_CLIMATE_CHANGE(1.0),Climate Change indicators,I,A,Annual,RAIN_ANOM,Precipitation anomalies,NC,New Caledonia,1984,,16.2,,,,MM,Millimetre,SE,Standard error,1,,N,National,,
DATAFLOW,SPC:DF_CLIMATE_CHANGE(1.0),Climate Change indicators,I,A,Annual,RAIN_ANOM,Precipitation anomalies,NC,New Caledonia,1985,,13.9,,,,MM,Millimetre,SE,Standard error,0.7,,N,National,,
DATAFLOW,SPC:DF_CLIMATE_CHANGE(1.0),Climate Change indicators,I,A,Annual,RAIN_ANOM,Precipitation anomalies,NC,New Caledonia,1986,,8.9,,,,MM,Millimetre,SE,Standard error,1.1,,N,National,,
DATAFLOW,SPC:DF_CLIMATE_CHANGE(1.0),Climate Change indicators,I,A,Annual,RAIN_ANOM,Precipitation anomalies,NC,New Caledonia,1987,,-14.8,,,,MM,Millimetre,SE,Standard error,0.3,,N,National,,
DATAFLOW,SPC:DF_CLIMATE_CHANGE(1.0),Climate Change indicators,I,A,Annual,RAIN_ANOM,Precipitation anomalies,NC,New Caledonia,1988,,35.8,,,,MM,Millimetre,SE,Standard error,1.3,,N,National,,
DATAFLOW,SPC:DF_CLIMATE_CHANGE(1.0),Climate Change indicators,I,A,Annual,RAIN_ANOM,Precipitation anomalies,NC,New Caledonia,1989,,37.3,,,,MM,Millimetre,SE,Standard error,1.7,,N,National,,
DATAFLOW,SPC:DF_CLIMATE_CHANGE(1.0),Climate Change indicators,I,A,Annual,RAIN_ANOM,Precipitation anomalies,NC,New Caledonia,1990,,25.8,,,,MM,Millimetre,SE,Standard error,1.6,,N,National,,
DATAFLOW,SPC:DF_CLIMATE_CHANGE(1.0),Climate Change indicators,I,A,Annual,RAIN_ANOM,Precipitation anomalies,NC,New Caledonia,1991,,-7.4,,,,MM,Millimetre,SE,Standard error,0.9,,N,National,,
DATAFLOW,SPC:DF_CLIMATE_CHANGE(1.0),Climate Change indicators,I,A,Annual,RAIN_ANOM,Precipitation anomalies,NC,New Caledonia,1992,,6.3,,,,MM,Millimetre,SE,Standard error,1.3,,N,National,,
DATAFLOW,SPC:DF_CLIMATE_CHANGE(1.0),Climate Change indicators,I,A,Annual,RAIN_ANOM,Precipitation anomalies,NC,New Caledonia,1993,,-10.2,,,,MM,Millimetre,SE,Standard error,0.8,,N,National,,
DATAFLOW,SPC:DF_CLIMATE_CHANGE(1.0),Climate Change indicators,I,A,Annual,RAIN_ANOM,Precipitation anomalies,NC,New Caledonia,1994,,-12.7,,,,MM,Millimetre,SE,Standard error,0.8,,N,National,,
DATAFLOW,SPC:DF_CLIMATE_CHANGE(1.0),Climate Change indicators,I,A,Annual,RAIN_ANOM,Precipitation anomalies,NC,New Caledonia,1995,,-0.5,,,,MM,Millimetre,SE,Standard error,1.1,,N,National,,
DATAFLOW,SPC:DF_CLIMATE_CHANGE(1.0),Climate Change indicators,I,A,Annual,RAIN_ANOM,Precipitation anomalies,NC,New Caledonia,1996,,23.4,,,,MM,Millimetre,SE,Standard error,1.3,,N,National,,
DATAFLOW,SPC:DF_CLIMATE_CHANGE(1.0),Climate Change indicators,I,A,Annual,RAIN_ANOM,Precipitation anomalies,NC,New Caledonia,1997,,-0.9,,,,MM,Millimetre,SE,Standard error,0.8,,N,National,,
DATAFLOW,SPC:DF_CLIMATE_CHANGE(1.0),Climate Change indicators,I,A,Annual,RAIN_ANOM,Precipitation anomalies,NC,New Caledonia,1998,,11.3,,,,MM,Millimetre,SE,Standard error,0.6,,N,National,,
DATAFLOW,SPC:DF_CLIMATE_CHANGE(1.0),Climate Change indicators,I,A,Annual,RAIN_ANOM,Precipitation anomalies,NC,New Caledonia,1999,,34.2,,,,MM,Millimetre,SE,Standard error,1.3,,N,National,,
DATAFLOW,SPC:DF_CLIMATE_CHANGE(1.0),Climate Change indicators,I,A,Annual,RAIN_ANOM,Precipitation anomalies,NC,New Caledonia,2000,,9.9,,,,MM,Millimetre,SE,Standard error,1,,N,National,,
DATAFLOW,SPC:DF_CLIMATE_CHANGE(1.0),Climate Change indicators,I,A,Annual,RAIN_ANOM,Precipitation anomalies,NC,New Caledonia,2001,,2,,,,MM,Millimetre,SE,Standard error,0.9,,N,National,,
DATAFLOW,SPC:DF_CLIMATE_CHANGE(1.0),Climate Change indicators,I,A,Annual,RAIN_ANOM,Precipitation anomalies,NC,New Caledonia,2002,,8.4,,,,MM,Millimetre,SE,Standard error,1.1,,N,National,,
DATAFLOW,SPC:DF_CLIMATE_CHANGE(1.0),Climate Change indicators,I,A,Annual,RAIN_ANOM,Precipitation anomalies,NC,New Caledonia,2003,,0.7,,,,MM,Millimetre,SE,Standard error,0.6,,N,National,,
DATAFLOW,SPC:DF_CLIMATE_CHANGE(1.0),Climate Change indicators,I,A,Annual,RAIN_ANOM,Precipitation anomalies,NC,New Caledonia,2004,,-4,,,,MM,Millimetre,SE,Standard error,0.9,,N,National,,
DATAFLOW,SPC:DF_CLIMATE_CHANGE(1.0),Climate Change indicators,I,A,Annual,RAIN_ANOM,Precipitation anomalies,NC,New Caledonia,2005,,1.1,,,,MM,Millimetre,SE,Standard error,0.9,,N,National,,
DATAFLOW,SPC:DF_CLIMATE_CHANGE(1.0),Climate Change indicators,I,A,Annual,RAIN_ANOM,Precipitation anomalies,NC,New Caledonia,2006,,1.8,,,,MM,Millimetre,SE,Standard error,0.9,,N,National,,
DATAFLOW,SPC:DF_CLIMATE_CHANGE(1.0),Climate Change indicators,I,A,Annual,RAIN_ANOM,Precipitation anomalies,NC,New Caledonia,2007,,5.3,,,,MM,Millimetre,SE,Standard error,0.7,,N,National,,
DATAFLOW,SPC:DF_CLIMATE_CHANGE(1.0),Climate Change indicators,I,A,Annual,RAIN_ANOM,Precipitation anomalies,NC,New Caledonia,2008,,32.4,,,,MM,Millimetre,SE,Standard error,1.6,,N,National,,
DATAFLOW,SPC:DF_CLIMATE_CHANGE(1.0),Climate Change indicators,I,A,Annual,RAIN_ANOM,Precipitation anomalies,NC,New Caledonia,2009,,9.7,,,,MM,Millimetre,SE,Standard error,1.3,,N,National,,
DATAFLOW,SPC:DF_CLIMATE_CHANGE(1.0),Climate Change indicators,I,A,Annual,RAIN_ANOM,Precipitation anomalies,NC,New Caledonia,2010,,-10.8,,,,MM,Millimetre,SE,Standard error,0.5,,N,National,,
DATAFLOW,SPC:DF_CLIMATE_CHANGE(1.0),Climate Change indicators,I,A,Annual,RAIN_ANOM,Precipitation anomalies,NC,New Caledonia,2011,,3.1,,,,MM,Millimetre,SE,Standard error,0.9,,N,National,,
DATAFLOW,SPC:DF_CLIMATE_CHANGE(1.0),Climate Change indicators,I,A,Annual,RAIN_ANOM,Precipitation anomalies,NC,New Caledonia,2012,,-4.1,,,,MM,Millimetre,SE,Standard error,0.5,,N,National,,
DATAFLOW,SPC:DF_CLIMATE_CHANGE(1.0),Climate Change indicators,I,A,Annual,RAIN_ANOM,Precipitation anomalies,NC,New Caledonia,2013,,-6.1,,,,MM,Millimetre,SE,Standard error,0.5,,N,National,,
DATAFLOW,SPC:DF_CLIMATE_CHANGE(1.0),Climate Change indicators,I,A,Annual,RAIN_ANOM,Precipitation anomalies,NC,New Caledonia,2014,,-12.8,,,,MM,Millimetre,SE,Standard error,0.5,,N,National,,
DATAFLOW,SPC:DF_CLIMATE_CHANGE(1.0),Climate Change indicators,I,A,Annual,RAIN_ANOM,Precipitation anomalies,NC,New Caledonia,2015,,-12.3,,,,MM,Millimetre,SE,Standard error,0.6,,N,National,,
DATAFLOW,SPC:DF_CLIMATE_CHANGE(1.0),Climate Change indicators,I,A,Annual,RAIN_ANOM,Precipitation anomalies,NC,New Caledonia,2016,,-16,,,,MM,Millimetre,SE,Standard error,0.6,,N,National,,
DATAFLOW,SPC:DF_CLIMATE_CHANGE(1.0),Climate Change indicators,I,A,Annual,RAIN_ANOM,Precipitation anomalies,NC,New Caledonia,2017,,-18.5,,,,MM,Millimetre,SE,Standard error,0.5,,N,National,,
DATAFLOW,SPC:DF_CLIMATE_CHANGE(1.0),Climate Change indicators,I,A,Annual,RAIN_ANOM,Precipitation anomalies,NC,New Caledonia,2018,,-9.6,,,,MM,Millimetre,SE,Standard error,0.7,,N,National,,
DATAFLOW,SPC:DF_CLIMATE_CHANGE(1.0),Climate Change indicators,I,A,Annual,RAIN_ANOM,Precipitation anomalies,NC,New Caledonia,2019,,-15.3,,,,MM,Millimetre,SE,Standard error,0.6,,N,National,,
DATAFLOW,SPC:DF_CLIMATE_CHANGE(1.0),Climate Change indicators,I,A,Annual,RAIN_ANOM,Precipitation anomalies,NC,New Caledonia,2020,,-8.3,,,,MM,Millimetre,SE,Standard error,0.7,,N,National,,
DATAFLOW,SPC:DF_CLIMATE_CHANGE(1.0),Climate Change indicators,I,A,Annual,RAIN_ANOM,Precipitation anomalies,NC,New Caledonia,2021,,3.5,,,,MM,Millimetre,SE,Standard error,1,,N,National,,
DATAFLOW,SPC:DF_CLIMATE_CHANGE(1.0),Climate Change indicators,I,A,Annual,RAIN_ANOM,Precipitation anomalies,NC,New Caledonia,2022,,14.5,,,,MM,Millimetre,SE,Standard error,0.8,,N,National,,
DATAFLOW,SPC:DF_CLIMATE_CHANGE(1.0),Climate Change indicators,I,A,Annual,RAIN_ANOM,Precipitation anomalies,NC,New Caledonia,2023,,-8.5,,,,MM,Millimetre,SE,Standard error,0.7,,N,National,,
DATAFLOW,SPC:DF_CLIMATE_CHANGE(1.0),Climate Change indicators,I,A,Annual,RAIN_ANOM,Precipitation anomalies,NC,New Caledonia,2024,,-9.3,,,,MM,Millimetre,SE,Standard error,0.6,,N,National,,
DATAFLOW,SPC:DF_CLIMATE_CHANGE(1.0),Climate Change indicators,I,A,Annual,RAIN_ANOM,Precipitation anomalies,NC,New Caledonia,2025,,-6.6,,,,MM,Millimetre,SE,Standard error,0.7,,N,National,,
DATAFLOW,SPC:DF_CLIMATE_CHANGE(1.0),Climate Change indicators,I,A,Annual,RAIN_ANOM,Precipitation anomalies,FM,"Micronesia, Federated State of",1979,,7,,,,MM,Millimetre,SE,Standard error,0.9,,N,National,,
DATAFLOW,SPC:DF_CLIMATE_CHANGE(1.0),Climate Change indicators,I,A,Annual,RAIN_ANOM,Precipitation anomalies,FM,"Micronesia, Federated State of",1980,,0.4,,,,MM,Millimetre,SE,Standard error,0.9,,N,National,,
DATAFLOW,SPC:DF_CLIMATE_CHANGE(1.0),Climate Change indicators,I,A,Annual,RAIN_ANOM,Precipitation anomalies,FM,"Micronesia, Federated State of",1981,,-6.3,,,,MM,Millimetre,SE,Standard error,0.7,,N,National,,
DATAFLOW,SPC:DF_CLIMATE_CHANGE(1.0),Climate Change indicators,I,A,Annual,RAIN_ANOM,Precipitation anomalies,FM,"Micronesia, Federated State of",1982,,-2.5,,,,MM,Millimetre,SE,Standard error,1.2,,N,National,,
DATAFLOW,SPC:DF_CLIMATE_CHANGE(1.0),Climate Change indicators,I,A,Annual,RAIN_ANOM,Precipitation anomalies,FM,"Micronesia, Federated State of",1983,,-44.4,,,,MM,Millimetre,SE,Standard error,1.4,,N,National,,
DATAFLOW,SPC:DF_CLIMATE_CHANGE(1.0),Climate Change indicators,I,A,Annual,RAIN_ANOM,Precipitation anomalies,FM,"Micronesia, Federated State of",1984,,-26.4,,,,MM,Millimetre,SE,Standard error,1.1,,N,National,,
DATAFLOW,SPC:DF_CLIMATE_CHANGE(1.0),Climate Change indicators,I,A,Annual,RAIN_ANOM,Precipitation anomalies,FM,"Micronesia, Federated State of",1985,,-6.3,,,,MM,Millimetre,SE,Standard error,0.7,,N,National,,
DATAFLOW,SPC:DF_CLIMATE_CHANGE(1.0),Climate Change indicators,I,A,Annual,RAIN_ANOM,Precipitation anomalies,FM,"Micronesia, Federated State of",1986,,19.5,,,,MM,Millimetre,SE,Standard error,1,,N,National,,
DATAFLOW,SPC:DF_CLIMATE_CHANGE(1.0),Climate Change indicators,I,A,Annual,RAIN_ANOM,Precipitation anomalies,FM,"Micronesia, Federated State of",1987,,-1.1,,,,MM,Millimetre,SE,Standard error,1.1,,N,National,,
DATAFLOW,SPC:DF_CLIMATE_CHANGE(1.0),Climate Change indicators,I,A,Annual,RAIN_ANOM,Precipitation anomalies,FM,"Micronesia, Federated State of",1988,,-11,,,,MM,Millimetre,SE,Standard error,0.9,,N,National,,
DATAFLOW,SPC:DF_CLIMATE_CHANGE(1.0),Climate Change indicators,I,A,Annual,RAIN_ANOM,Precipitation anomalies,FM,"Micronesia, Federated State of",1989,,13.3,,,,MM,Millimetre,SE,Standard error,1.2,,N,National,,
DATAFLOW,SPC:DF_CLIMATE_CHANGE(1.0),Climate Change indicators,I,A,Annual,RAIN_ANOM,Precipitation anomalies,FM,"Micronesia, Federated State of",1990,,5.4,,,,MM,Millimetre,SE,Standard error,1.1,,N,National,,
DATAFLOW,SPC:DF_CLIMATE_CHANGE(1.0),Climate Change indicators,I,A,Annual,RAIN_ANOM,Precipitation anomalies,FM,"Micronesia, Federated State of",1991,,-10.9,,,,MM,Millimetre,SE,Standard error,0.8,,N,National,,
DATAFLOW,SPC:DF_CLIMATE_CHANGE(1.0),Climate Change indicators,I,A,Annual,RAIN_ANOM,Precipitation anomalies,FM,"Micronesia, Federated State of",1992,,-33.4,,,,MM,Millimetre,SE,Standard error,0.9,,N,National,,
DATAFLOW,SPC:DF_CLIMATE_CHANGE(1.0),Climate Change indicators,I,A,Annual,RAIN_ANOM,Precipitation anomalies,FM,"Micronesia, Federated State of",1993,,18.7,,,,MM,Millimetre,SE,Standard error,0.8,,N,National,,
DATAFLOW,SPC:DF_CLIMATE_CHANGE(1.0),Climate Change indicators,I,A,Annual,RAIN_ANOM,Precipitation anomalies,FM,"Micronesia, Federated State of",1994,,-9.8,,,,MM,Millimetre,SE,Standard error,0.9,,N,National,,
DATAFLOW,SPC:DF_CLIMATE_CHANGE(1.0),Climate Change indicators,I,A,Annual,RAIN_ANOM,Precipitation anomalies,FM,"Micronesia, Federated State of",1995,,-12.3,,,,MM,Millimetre,SE,Standard error,0.7,,N,National,,
DATAFLOW,SPC:DF_CLIMATE_CHANGE(1.0),Climate Change indicators,I,A,Annual,RAIN_ANOM,Precipitation anomalies,FM,"Micronesia, Federated State of",1996,,-1.8,,,,MM,Millimetre,SE,Standard error,0.9,,N,National,,
DATAFLOW,SPC:DF_CLIMATE_CHANGE(1.0),Climate Change indicators,I,A,Annual,RAIN_ANOM,Precipitation anomalies,FM,"Micronesia, Federated State of",1997,,-13.2,,,,MM,Millimetre,SE,Standard error,1,,N,National,,
DATAFLOW,SPC:DF_CLIMATE_CHANGE(1.0),Climate Change indicators,I,A,Annual,RAIN_ANOM,Precipitation anomalies,FM,"Micronesia, Federated State of",1998,,-39.4,,,,MM,Millimetre,SE,Standard error,1,,N,National,,
DATAFLOW,SPC:DF_CLIMATE_CHANGE(1.0),Climate Change indicators,I,A,Annual,RAIN_ANOM,Precipitation anomalies,FM,"Micronesia, Federated State of",1999,,15.2,,,,MM,Millimetre,SE,Standard error,1.2,,N,National,,
DATAFLOW,SPC:DF_CLIMATE_CHANGE(1.0),Climate Change indicators,I,A,Annual,RAIN_ANOM,Precipitation anomalies,FM,"Micronesia, Federated State of",2000,,8.8,,,,MM,Millimetre,SE,Standard error,0.7,,N,National,,
DATAFLOW,SPC:DF_CLIMATE_CHANGE(1.0),Climate Change indicators,I,A,Annual,RAIN_ANOM,Precipitation anomalies,FM,"Micronesia, Federated State of",2001,,0.9,,,,MM,Millimetre,SE,Standard error,0.7,,N,National,,
DATAFLOW,SPC:DF_CLIMATE_CHANGE(1.0),Climate Change indicators,I,A,Annual,RAIN_ANOM,Precipitation anomalies,FM,"Micronesia, Federated State of",2002,,6.2,,,,MM,Millimetre,SE,Standard error,1,,N,National,,
DATAFLOW,SPC:DF_CLIMATE_CHANGE(1.0),Climate Change indicators,I,A,Annual,RAIN_ANOM,Precipitation anomalies,FM,"Micronesia, Federated State of",2003,,-3.1,,,,MM,Millimetre,SE,Standard error,0.9,,N,National,,
DATAFLOW,SPC:DF_CLIMATE_CHANGE(1.0),Climate Change indicators,I,A,Annual,RAIN_ANOM,Precipitation anomalies,FM,"Micronesia, Federated State of",2004,,8.6,,,,MM,Millimetre,SE,Standard error,1.2,,N,National,,
DATAFLOW,SPC:DF_CLIMATE_CHANGE(1.0),Climate Change indicators,I,A,Annual,RAIN_ANOM,Precipitation anomalies,FM,"Micronesia, Federated State of",2005,,9.1,,,,MM,Millimetre,SE,Standard error,1.2,,N,National,,
DATAFLOW,SPC:DF_CLIMATE_CHANGE(1.0),Climate Change indicators,I,A,Annual,RAIN_ANOM,Precipitation anomalies,FM,"Micronesia, Federated State of",2006,,4.8,,,,MM,Millimetre,SE,Standard error,0.7,,N,National,,
DATAFLOW,SPC:DF_CLIMATE_CHANGE(1.0),Climate Change indicators,I,A,Annual,RAIN_ANOM,Precipitation anomalies,FM,"Micronesia, Federated State of",2007,,0.9,,,,MM,Millimetre,SE,Standard error,0.5,,N,National,,
DATAFLOW,SPC:DF_CLIMATE_CHANGE(1.0),Climate Change indicators,I,A,Annual,RAIN_ANOM,Precipitation anomalies,FM,"Micronesia, Federated State of",2008,,-1.8,,,,MM,Millimetre,SE,Standard error,0.8,,N,National,,
DATAFLOW,SPC:DF_CLIMATE_CHANGE(1.0),Climate Change indicators,I,A,Annual,RAIN_ANOM,Precipitation anomalies,FM,"Micronesia, Federated State of",2009,,8.9,,,,MM,Millimetre,SE,Standard error,1.1,,N,National,,
DATAFLOW,SPC:DF_CLIMATE_CHANGE(1.0),Climate Change indicators,I,A,Annual,RAIN_ANOM,Precipitation anomalies,FM,"Micronesia, Federated State of",2010,,-7.8,,,,MM,Millimetre,SE,Standard error,1,,N,National,,
DATAFLOW,SPC:DF_CLIMATE_CHANGE(1.0),Climate Change indicators,I,A,Annual,RAIN_ANOM,Precipitation anomalies,FM,"Micronesia, Federated State of",2011,,16.9,,,,MM,Millimetre,SE,Standard error,0.8,,N,National,,
DATAFLOW,SPC:DF_CLIMATE_CHANGE(1.0),Climate Change indicators,I,A,Annual,RAIN_ANOM,Precipitation anomalies,FM,"Micronesia, Federated State of",2012,,1,,,,MM,Millimetre,SE,Standard error,0.6,,N,National,,
DATAFLOW,SPC:DF_CLIMATE_CHANGE(1.0),Climate Change indicators,I,A,Annual,RAIN_ANOM,Precipitation anomalies,FM,"Micronesia, Federated State of",2013,,-2.4,,,,MM,Millimetre,SE,Standard error,0.6,,N,National,,
DATAFLOW,SPC:DF_CLIMATE_CHANGE(1.0),Climate Change indicators,I,A,Annual,RAIN_ANOM,Precipitation anomalies,FM,"Micronesia, Federated State of",2014,,14.9,,,,MM,Millimetre,SE,Standard error,1,,N,National,,
DATAFLOW,SPC:DF_CLIMATE_CHANGE(1.0),Climate Change indicators,I,A,Annual,RAIN_ANOM,Precipitation anomalies,FM,"Micronesia, Federated State of",2015,,-11.8,,,,MM,Millimetre,SE,Standard error,0.9,,N,National,,
DATAFLOW,SPC:DF_CLIMATE_CHANGE(1.0),Climate Change indicators,I,A,Annual,RAIN_ANOM,Precipitation anomalies,FM,"Micronesia, Federated State of",2016,,-12.3,,,,MM,Millimetre,SE,Standard error,0.8,,N,National,,
DATAFLOW,SPC:DF_CLIMATE_CHANGE(1.0),Climate Change indicators,I,A,Annual,RAIN_ANOM,Precipitation anomalies,FM,"Micronesia, Federated State of",2017,,5,,,,MM,Millimetre,SE,Standard error,0.6,,N,National,,
DATAFLOW,SPC:DF_CLIMATE_CHANGE(1.0),Climate Change indicators,I,A,Annual,RAIN_ANOM,Precipitation anomalies,FM,"Micronesia, Federated State of",2018,,-0.4,,,,MM,Millimetre,SE,Standard error,0.6,,N,National,,
DATAFLOW,SPC:DF_CLIMATE_CHANGE(1.0),Climate Change indicators,I,A,Annual,RAIN_ANOM,Precipitation anomalies,FM,"Micronesia, Federated State of",2019,,34.7,,,,MM,Millimetre,SE,Standard error,1,,N,National,,
DATAFLOW,SPC:DF_CLIMATE_CHANGE(1.0),Climate Change indicators,I,A,Annual,RAIN_ANOM,Precipitation anomalies,FM,"Micronesia, Federated State of",2020,,5.6,,,,MM,Millimetre,SE,Standard error,1.1,,N,National,,
DATAFLOW,SPC:DF_CLIMATE_CHANGE(1.0),Climate Change indicators,I,A,Annual,RAIN_ANOM,Precipitation anomalies,FM,"Micronesia, Federated State of",2021,,20.1,,,,MM,Millimetre,SE,Standard error,1,,N,National,,
DATAFLOW,SPC:DF_CLIMATE_CHANGE(1.0),Climate Change indicators,I,A,Annual,RAIN_ANOM,Precipitation anomalies,FM,"Micronesia, Federated State of",2022,,4.6,,,,MM,Millimetre,SE,Standard error,0.8,,N,National,,
DATAFLOW,SPC:DF_CLIMATE_CHANGE(1.0),Climate Change indicators,I,A,Annual,RAIN_ANOM,Precipitation anomalies,FM,"Micronesia, Federated State of",2023,,23.4,,,,MM,Millimetre,SE,Standard error,0.8,,N,National,,
DATAFLOW,SPC:DF_CLIMATE_CHANGE(1.0),Climate Change indicators,I,A,Annual,RAIN_ANOM,Precipitation anomalies,FM,"Micronesia, Federated State of",2024,,8.7,,,,MM,Millimetre,SE,Standard error,0.6,,N,National,,
DATAFLOW,SPC:DF_CLIMATE_CHANGE(1.0),Climate Change indicators,I,A,Annual,RAIN_ANOM,Precipitation anomalies,FM,"Micronesia, Federated State of",2025,,5.7,,,,MM,Millimetre,SE,Standard error,0.6,,N,National,,
DATAFLOW,SPC:DF_CLIMATE_CHANGE(1.0),Climate Change indicators,I,A,Annual,RAIN_ANOM,Precipitation anomalies,NU,Niue,1979,,-18.1,,,,MM,Millimetre,SE,Standard error,0.3,,N,National,,
DATAFLOW,SPC:DF_CLIMATE_CHANGE(1.0),Climate Change indicators,I,A,Annual,RAIN_ANOM,Precipitation anomalies,NU,Niue,1980,,-12.6,,,,MM,Millimetre,SE,Standard error,0.5,,N,National,,
DATAFLOW,SPC:DF_CLIMATE_CHANGE(1.0),Climate Change indicators,I,A,Annual,RAIN_ANOM,Precipitation anomalies,NU,Niue,1981,,-6,,,,MM,Millimetre,SE,Standard error,0.6,,N,National,,
DATAFLOW,SPC:DF_CLIMATE_CHANGE(1.0),Climate Change indicators,I,A,Annual,RAIN_ANOM,Precipitation anomalies,NU,Niue,1982,,-6.8,,,,MM,Millimetre,SE,Standard error,0.9,,N,National,,
DATAFLOW,SPC:DF_CLIMATE_CHANGE(1.0),Climate Change indicators,I,A,Annual,RAIN_ANOM,Precipitation anomalies,NU,Niue,1983,,-24.1,,,,MM,Millimetre,SE,Standard error,0.6,,N,National,,
DATAFLOW,SPC:DF_CLIMATE_CHANGE(1.0),Climate Change indicators,I,A,Annual,RAIN_ANOM,Precipitation anomalies,NU,Niue,1984,,-5.9,,,,MM,Millimetre,SE,Standard error,0.6,,N,National,,
DATAFLOW,SPC:DF_CLIMATE_CHANGE(1.0),Climate Change indicators,I,A,Annual,RAIN_ANOM,Precipitation anomalies,NU,Niue,1985,,-4.5,,,,MM,Millimetre,SE,Standard error,0.6,,N,National,,
DATAFLOW,SPC:DF_CLIMATE_CHANGE(1.0),Climate Change indicators,I,A,Annual,RAIN_ANOM,Precipitation anomalies,NU,Niue,1986,,-13.7,,,,MM,Millimetre,SE,Standard error,0.7,,N,National,,
DATAFLOW,SPC:DF_CLIMATE_CHANGE(1.0),Climate Change indicators,I,A,Annual,RAIN_ANOM,Precipitation anomalies,NU,Niue,1987,,-18.2,,,,MM,Millimetre,SE,Standard error,0.7,,N,National,,
DATAFLOW,SPC:DF_CLIMATE_CHANGE(1.0),Climate Change indicators,I,A,Annual,RAIN_ANOM,Precipitation anomalies,NU,Niue,1988,,20.8,,,,MM,Millimetre,SE,Standard error,1.1,,N,National,,
DATAFLOW,SPC:DF_CLIMATE_CHANGE(1.0),Climate Change indicators,I,A,Annual,RAIN_ANOM,Precipitation anomalies,NU,Niue,1989,,2,,,,MM,Millimetre,SE,Standard error,1.5,,N,National,,
DATAFLOW,SPC:DF_CLIMATE_CHANGE(1.0),Climate Change indicators,I,A,Annual,RAIN_ANOM,Precipitation anomalies,NU,Niue,1990,,-8.8,,,,MM,Millimetre,SE,Standard error,0.9,,N,National,,
DATAFLOW,SPC:DF_CLIMATE_CHANGE(1.0),Climate Change indicators,I,A,Annual,RAIN_ANOM,Precipitation anomalies,NU,Niue,1991,,-6.7,,,,MM,Millimetre,SE,Standard error,1,,N,National,,
DATAFLOW,SPC:DF_CLIMATE_CHANGE(1.0),Climate Change indicators,I,A,Annual,RAIN_ANOM,Precipitation anomalies,NU,Niue,1992,,-12.7,,,,MM,Millimetre,SE,Standard error,0.5,,N,National,,
DATAFLOW,SPC:DF_CLIMATE_CHANGE(1.0),Climate Change indicators,I,A,Annual,RAIN_ANOM,Precipitation anomalies,NU,Niue,1993,,-8.5,,,,MM,Millimetre,SE,Standard error,0.6,,N,National,,
DATAFLOW,SPC:DF_CLIMATE_CHANGE(1.0),Climate Change indicators,I,A,Annual,RAIN_ANOM,Precipitation anomalies,NU,Niue,1994,,-7.6,,,,MM,Millimetre,SE,Standard error,1,,N,National,,
DATAFLOW,SPC:DF_CLIMATE_CHANGE(1.0),Climate Change indicators,I,A,Annual,RAIN_ANOM,Precipitation anomalies,NU,Niue,1995,,-3,,,,MM,Millimetre,SE,Standard error,0.7,,N,National,,
DATAFLOW,SPC:DF_CLIMATE_CHANGE(1.0),Climate Change indicators,I,A,Annual,RAIN_ANOM,Precipitation anomalies,NU,Niue,1996,,5.3,,,,MM,Millimetre,SE,Standard error,1.3,,N,National,,
DATAFLOW,SPC:DF_CLIMATE_CHANGE(1.0),Climate Change indicators,I,A,Annual,RAIN_ANOM,Precipitation anomalies,NU,Niue,1997,,-23,,,,MM,Millimetre,SE,Standard error,0.6,,N,National,,
DATAFLOW,SPC:DF_CLIMATE_CHANGE(1.0),Climate Change indicators,I,A,Annual,RAIN_ANOM,Precipitation anomalies,NU,Niue,1998,,-23.5,,,,MM,Millimetre,SE,Standard error,0.6,,N,National,,
DATAFLOW,SPC:DF_CLIMATE_CHANGE(1.0),Climate Change indicators,I,A,Annual,RAIN_ANOM,Precipitation anomalies,NU,Niue,1999,,5.5,,,,MM,Millimetre,SE,Standard error,0.9,,N,National,,
DATAFLOW,SPC:DF_CLIMATE_CHANGE(1.0),Climate Change indicators,I,A,Annual,RAIN_ANOM,Precipitation anomalies,NU,Niue,2000,,0.8,,,,MM,Millimetre,SE,Standard error,0.8,,N,National,,
DATAFLOW,SPC:DF_CLIMATE_CHANGE(1.0),Climate Change indicators,I,A,Annual,RAIN_ANOM,Precipitation anomalies,NU,Niue,2001,,-7.9,,,,MM,Millimetre,SE,Standard error,0.6,,N,National,,
DATAFLOW,SPC:DF_CLIMATE_CHANGE(1.0),Climate Change indicators,I,A,Annual,RAIN_ANOM,Precipitation anomalies,NU,Niue,2002,,-18.7,,,,MM,Millimetre,SE,Standard error,0.6,,N,National,,
DATAFLOW,SPC:DF_CLIMATE_CHANGE(1.0),Climate Change indicators,I,A,Annual,RAIN_ANOM,Precipitation anomalies,NU,Niue,2003,,-6.6,,,,MM,Millimetre,SE,Standard error,0.6,,N,National,,
DATAFLOW,SPC:DF_CLIMATE_CHANGE(1.0),Climate Change indicators,I,A,Annual,RAIN_ANOM,Precipitation anomalies,NU,Niue,2004,,-5.4,,,,MM,Millimetre,SE,Standard error,0.5,,N,National,,
DATAFLOW,SPC:DF_CLIMATE_CHANGE(1.0),Climate Change indicators,I,A,Annual,RAIN_ANOM,Precipitation anomalies,NU,Niue,2005,,14.8,,,,MM,Millimetre,SE,Standard error,1,,N,National,,
DATAFLOW,SPC:DF_CLIMATE_CHANGE(1.0),Climate Change indicators,I,A,Annual,RAIN_ANOM,Precipitation anomalies,NU,Niue,2006,,16.5,,,,MM,Millimetre,SE,Standard error,1.6,,N,National,,
DATAFLOW,SPC:DF_CLIMATE_CHANGE(1.0),Climate Change indicators,I,A,Annual,RAIN_ANOM,Precipitation anomalies,NU,Niue,2007,,18.5,,,,MM,Millimetre,SE,Standard error,1.3,,N,National,,
DATAFLOW,SPC:DF_CLIMATE_CHANGE(1.0),Climate Change indicators,I,A,Annual,RAIN_ANOM,Precipitation anomalies,NU,Niue,2008,,19.7,,,,MM,Millimetre,SE,Standard error,1.2,,N,National,,
DATAFLOW,SPC:DF_CLIMATE_CHANGE(1.0),Climate Change indicators,I,A,Annual,RAIN_ANOM,Precipitation anomalies,NU,Niue,2009,,-1.6,,,,MM,Millimetre,SE,Standard error,0.8,,N,National,,
DATAFLOW,SPC:DF_CLIMATE_CHANGE(1.0),Climate Change indicators,I,A,Annual,RAIN_ANOM,Precipitation anomalies,NU,Niue,2010,,4.1,,,,MM,Millimetre,SE,Standard error,0.9,,N,National,,
DATAFLOW,SPC:DF_CLIMATE_CHANGE(1.0),Climate Change indicators,I,A,Annual,RAIN_ANOM,Precipitation anomalies,NU,Niue,2011,,-0.7,,,,MM,Millimetre,SE,Standard error,0.8,,N,National,,
DATAFLOW,SPC:DF_CLIMATE_CHANGE(1.0),Climate Change indicators,I,A,Annual,RAIN_ANOM,Precipitation anomalies,NU,Niue,2012,,6.7,,,,MM,Millimetre,SE,Standard error,1.8,,N,National,,
DATAFLOW,SPC:DF_CLIMATE_CHANGE(1.0),Climate Change indicators,I,A,Annual,RAIN_ANOM,Precipitation anomalies,NU,Niue,2013,,-1,,,,MM,Millimetre,SE,Standard error,0.8,,N,National,,
DATAFLOW,SPC:DF_CLIMATE_CHANGE(1.0),Climate Change indicators,I,A,Annual,RAIN_ANOM,Precipitation anomalies,NU,Niue,2014,,-11,,,,MM,Millimetre,SE,Standard error,0.7,,N,National,,
DATAFLOW,SPC:DF_CLIMATE_CHANGE(1.0),Climate Change indicators,I,A,Annual,RAIN_ANOM,Precipitation anomalies,NU,Niue,2015,,-10.4,,,,MM,Millimetre,SE,Standard error,0.7,,N,National,,
DATAFLOW,SPC:DF_CLIMATE_CHANGE(1.0),Climate Change indicators,I,A,Annual,RAIN_ANOM,Precipitation anomalies,NU,Niue,2016,,2,,,,MM,Millimetre,SE,Standard error,0.9,,N,National,,
DATAFLOW,SPC:DF_CLIMATE_CHANGE(1.0),Climate Change indicators,I,A,Annual,RAIN_ANOM,Precipitation anomalies,NU,Niue,2017,,13.6,,,,MM,Millimetre,SE,Standard error,1.4,,N,National,,
DATAFLOW,SPC:DF_CLIMATE_CHANGE(1.0),Climate Change indicators,I,A,Annual,RAIN_ANOM,Precipitation anomalies,NU,Niue,2018,,7.2,,,,MM,Millimetre,SE,Standard error,1,,N,National,,
DATAFLOW,SPC:DF_CLIMATE_CHANGE(1.0),Climate Change indicators,I,A,Annual,RAIN_ANOM,Precipitation anomalies,NU,Niue,2019,,20.7,,,,MM,Millimetre,SE,Standard error,0.6,,N,National,,
DATAFLOW,SPC:DF_CLIMATE_CHANGE(1.0),Climate Change indicators,I,A,Annual,RAIN_ANOM,Precipitation anomalies,NU,Niue,2020,,12.7,,,,MM,Millimetre,SE,Standard error,1,,N,National,,
DATAFLOW,SPC:DF_CLIMATE_CHANGE(1.0),Climate Change indicators,I,A,Annual,RAIN_ANOM,Precipitation anomalies,NU,Niue,2021,,-5.1,,,,MM,Millimetre,SE,Standard error,0.9,,N,National,,
DATAFLOW,SPC:DF_CLIMATE_CHANGE(1.0),Climate Change indicators,I,A,Annual,RAIN_ANOM,Precipitation anomalies,NU,Niue,2022,,-1.8,,,,MM,Millimetre,SE,Standard error,0.8,,N,National,,
DATAFLOW,SPC:DF_CLIMATE_CHANGE(1.0),Climate Change indicators,I,A,Annual,RAIN_ANOM,Precipitation anomalies,NU,Niue,2023,,5,,,,MM,Millimetre,SE,Standard error,1,,N,National,,
DATAFLOW,SPC:DF_CLIMATE_CHANGE(1.0),Climate Change indicators,I,A,Annual,RAIN_ANOM,Precipitation anomalies,NU,Niue,2024,,1.8,,,,MM,Millimetre,SE,Standard error,0.9,,N,National,,
DATAFLOW,SPC:DF_CLIMATE_CHANGE(1.0),Climate Change indicators,I,A,Annual,RAIN_ANOM,Precipitation anomalies,NU,Niue,2025,,11.6,,,,MM,Millimetre,SE,Standard error,1.3,,N,National,,
DATAFLOW,SPC:DF_CLIMATE_CHANGE(1.0),Climate Change indicators,I,A,Annual,RAIN_ANOM,Precipitation anomalies,PG,Papua New Guinea,1979,,-11.1,,,,MM,Millimetre,SE,Standard error,0.6,,N,National,,
DATAFLOW,SPC:DF_CLIMATE_CHANGE(1.0),Climate Change indicators,I,A,Annual,RAIN_ANOM,Precipitation anomalies,PG,Papua New Guinea,1980,,-2.8,,,,MM,Millimetre,SE,Standard error,0.7,,N,National,,
DATAFLOW,SPC:DF_CLIMATE_CHANGE(1.0),Climate Change indicators,I,A,Annual,RAIN_ANOM,Precipitation anomalies,PG,Papua New Guinea,1981,,5.9,,,,MM,Millimetre,SE,Standard error,0.5,,N,National,,
DATAFLOW,SPC:DF_CLIMATE_CHANGE(1.0),Climate Change indicators,I,A,Annual,RAIN_ANOM,Precipitation anomalies,PG,Papua New Guinea,1982,,-17.7,,,,MM,Millimetre,SE,Standard error,0.9,,N,National,,
DATAFLOW,SPC:DF_CLIMATE_CHANGE(1.0),Climate Change indicators,I,A,Annual,RAIN_ANOM,Precipitation anomalies,PG,Papua New Guinea,1983,,13.1,,,,MM,Millimetre,SE,Standard error,0.5,,N,National,,
DATAFLOW,SPC:DF_CLIMATE_CHANGE(1.0),Climate Change indicators,I,A,Annual,RAIN_ANOM,Precipitation anomalies,PG,Papua New Guinea,1984,,4.5,,,,MM,Millimetre,SE,Standard error,0.5,,N,National,,
DATAFLOW,SPC:DF_CLIMATE_CHANGE(1.0),Climate Change indicators,I,A,Annual,RAIN_ANOM,Precipitation anomalies,PG,Papua New Guinea,1985,,10,,,,MM,Millimetre,SE,Standard error,0.4,,N,National,,
DATAFLOW,SPC:DF_CLIMATE_CHANGE(1.0),Climate Change indicators,I,A,Annual,RAIN_ANOM,Precipitation anomalies,PG,Papua New Guinea,1986,,0.5,,,,MM,Millimetre,SE,Standard error,0.7,,N,National,,
DATAFLOW,SPC:DF_CLIMATE_CHANGE(1.0),Climate Change indicators,I,A,Annual,RAIN_ANOM,Precipitation anomalies,PG,Papua New Guinea,1987,,-10,,,,MM,Millimetre,SE,Standard error,1,,N,National,,
DATAFLOW,SPC:DF_CLIMATE_CHANGE(1.0),Climate Change indicators,I,A,Annual,RAIN_ANOM,Precipitation anomalies,PG,Papua New Guinea,1988,,11.8,,,,MM,Millimetre,SE,Standard error,0.4,,N,National,,
DATAFLOW,SPC:DF_CLIMATE_CHANGE(1.0),Climate Change indicators,I,A,Annual,RAIN_ANOM,Precipitation anomalies,PG,Papua New Guinea,1989,,3.4,,,,MM,Millimetre,SE,Standard error,0.4,,N,National,,
DATAFLOW,SPC:DF_CLIMATE_CHANGE(1.0),Climate Change indicators,I,A,Annual,RAIN_ANOM,Precipitation anomalies,PG,Papua New Guinea,1990,,3.2,,,,MM,Millimetre,SE,Standard error,0.5,,N,National,,
DATAFLOW,SPC:DF_CLIMATE_CHANGE(1.0),Climate Change indicators,I,A,Annual,RAIN_ANOM,Precipitation anomalies,PG,Papua New Guinea,1991,,-8.1,,,,MM,Millimetre,SE,Standard error,0.8,,N,National,,
DATAFLOW,SPC:DF_CLIMATE_CHANGE(1.0),Climate Change indicators,I,A,Annual,RAIN_ANOM,Precipitation anomalies,PG,Papua New Guinea,1992,,-14.3,,,,MM,Millimetre,SE,Standard error,0.8,,N,National,,
DATAFLOW,SPC:DF_CLIMATE_CHANGE(1.0),Climate Change indicators,I,A,Annual,RAIN_ANOM,Precipitation anomalies,PG,Papua New Guinea,1993,,-18.7,,,,MM,Millimetre,SE,Standard error,0.8,,N,National,,
DATAFLOW,SPC:DF_CLIMATE_CHANGE(1.0),Climate Change indicators,I,A,Annual,RAIN_ANOM,Precipitation anomalies,PG,Papua New Guinea,1994,,-10.2,,,,MM,Millimetre,SE,Standard error,0.6,,N,National,,
DATAFLOW,SPC:DF_CLIMATE_CHANGE(1.0),Climate Change indicators,I,A,Annual,RAIN_ANOM,Precipitation anomalies,PG,Papua New Guinea,1995,,5,,,,MM,Millimetre,SE,Standard error,0.7,,N,National,,
DATAFLOW,SPC:DF_CLIMATE_CHANGE(1.0),Climate Change indicators,I,A,Annual,RAIN_ANOM,Precipitation anomalies,PG,Papua New Guinea,1996,,-2.8,,,,MM,Millimetre,SE,Standard error,0.6,,N,National,,
DATAFLOW,SPC:DF_CLIMATE_CHANGE(1.0),Climate Change indicators,I,A,Annual,RAIN_ANOM,Precipitation anomalies,PG,Papua New Guinea,1997,,-26.7,,,,MM,Millimetre,SE,Standard error,0.9,,N,National,,
DATAFLOW,SPC:DF_CLIMATE_CHANGE(1.0),Climate Change indicators,I,A,Annual,RAIN_ANOM,Precipitation anomalies,PG,Papua New Guinea,1998,,12.3,,,,MM,Millimetre,SE,Standard error,0.6,,N,National,,
DATAFLOW,SPC:DF_CLIMATE_CHANGE(1.0),Climate Change indicators,I,A,Annual,RAIN_ANOM,Precipitation anomalies,PG,Papua New Guinea,1999,,7.4,,,,MM,Millimetre,SE,Standard error,0.6,,N,National,,
DATAFLOW,SPC:DF_CLIMATE_CHANGE(1.0),Climate Change indicators,I,A,Annual,RAIN_ANOM,Precipitation anomalies,PG,Papua New Guinea,2000,,5.5,,,,MM,Millimetre,SE,Standard error,0.6,,N,National,,
DATAFLOW,SPC:DF_CLIMATE_CHANGE(1.0),Climate Change indicators,I,A,Annual,RAIN_ANOM,Precipitation anomalies,PG,Papua New Guinea,2001,,6,,,,MM,Millimetre,SE,Standard error,0.9,,N,National,,
DATAFLOW,SPC:DF_CLIMATE_CHANGE(1.0),Climate Change indicators,I,A,Annual,RAIN_ANOM,Precipitation anomalies,PG,Papua New Guinea,2002,,-5.4,,,,MM,Millimetre,SE,Standard error,0.8,,N,National,,
DATAFLOW,SPC:DF_CLIMATE_CHANGE(1.0),Climate Change indicators,I,A,Annual,RAIN_ANOM,Precipitation anomalies,PG,Papua New Guinea,2003,,1.2,,,,MM,Millimetre,SE,Standard error,0.7,,N,National,,
DATAFLOW,SPC:DF_CLIMATE_CHANGE(1.0),Climate Change indicators,I,A,Annual,RAIN_ANOM,Precipitation anomalies,PG,Papua New Guinea,2004,,-9.2,,,,MM,Millimetre,SE,Standard error,0.8,,N,National,,
DATAFLOW,SPC:DF_CLIMATE_CHANGE(1.0),Climate Change indicators,I,A,Annual,RAIN_ANOM,Precipitation anomalies,PG,Papua New Guinea,2005,,5.2,,,,MM,Millimetre,SE,Standard error,0.8,,N,National,,
DATAFLOW,SPC:DF_CLIMATE_CHANGE(1.0),Climate Change indicators,I,A,Annual,RAIN_ANOM,Precipitation anomalies,PG,Papua New Guinea,2006,,1.3,,,,MM,Millimetre,SE,Standard error,0.9,,N,National,,
DATAFLOW,SPC:DF_CLIMATE_CHANGE(1.0),Climate Change indicators,I,A,Annual,RAIN_ANOM,Precipitation anomalies,PG,Papua New Guinea,2007,,4.9,,,,MM,Millimetre,SE,Standard error,0.6,,N,National,,
DATAFLOW,SPC:DF_CLIMATE_CHANGE(1.0),Climate Change indicators,I,A,Annual,RAIN_ANOM,Precipitation anomalies,PG,Papua New Guinea,2008,,9.6,,,,MM,Millimetre,SE,Standard error,0.6,,N,National,,
DATAFLOW,SPC:DF_CLIMATE_CHANGE(1.0),Climate Change indicators,I,A,Annual,RAIN_ANOM,Precipitation anomalies,PG,Papua New Guinea,2009,,5.3,,,,MM,Millimetre,SE,Standard error,0.8,,N,National,,
DATAFLOW,SPC:DF_CLIMATE_CHANGE(1.0),Climate Change indicators,I,A,Annual,RAIN_ANOM,Precipitation anomalies,PG,Papua New Guinea,2010,,10.1,,,,MM,Millimetre,SE,Standard error,0.4,,N,National,,
DATAFLOW,SPC:DF_CLIMATE_CHANGE(1.0),Climate Change indicators,I,A,Annual,RAIN_ANOM,Precipitation anomalies,PG,Papua New Guinea,2011,,5.2,,,,MM,Millimetre,SE,Standard error,0.6,,N,National,,
DATAFLOW,SPC:DF_CLIMATE_CHANGE(1.0),Climate Change indicators,I,A,Annual,RAIN_ANOM,Precipitation anomalies,PG,Papua New Guinea,2012,,7.6,,,,MM,Millimetre,SE,Standard error,0.6,,N,National,,
DATAFLOW,SPC:DF_CLIMATE_CHANGE(1.0),Climate Change indicators,I,A,Annual,RAIN_ANOM,Precipitation anomalies,PG,Papua New Guinea,2013,,6.8,,,,MM,Millimetre,SE,Standard error,0.7,,N,National,,
DATAFLOW,SPC:DF_CLIMATE_CHANGE(1.0),Climate Change indicators,I,A,Annual,RAIN_ANOM,Precipitation anomalies,PG,Papua New Guinea,2014,,-2.1,,,,MM,Millimetre,SE,Standard error,0.6,,N,National,,
DATAFLOW,SPC:DF_CLIMATE_CHANGE(1.0),Climate Change indicators,I,A,Annual,RAIN_ANOM,Precipitation anomalies,PG,Papua New Guinea,2015,,-20.2,,,,MM,Millimetre,SE,Standard error,0.8,,N,National,,
DATAFLOW,SPC:DF_CLIMATE_CHANGE(1.0),Climate Change indicators,I,A,Annual,RAIN_ANOM,Precipitation anomalies,PG,Papua New Guinea,2016,,1.2,,,,MM,Millimetre,SE,Standard error,0.6,,N,National,,
DATAFLOW,SPC:DF_CLIMATE_CHANGE(1.0),Climate Change indicators,I,A,Annual,RAIN_ANOM,Precipitation anomalies,PG,Papua New Guinea,2017,,7,,,,MM,Millimetre,SE,Standard error,0.5,,N,National,,
DATAFLOW,SPC:DF_CLIMATE_CHANGE(1.0),Climate Change indicators,I,A,Annual,RAIN_ANOM,Precipitation anomalies,PG,Papua New Guinea,2018,,-3.4,,,,MM,Millimetre,SE,Standard error,0.5,,N,National,,
DATAFLOW,SPC:DF_CLIMATE_CHANGE(1.0),Climate Change indicators,I,A,Annual,RAIN_ANOM,Precipitation anomalies,PG,Papua New Guinea,2019,,22,,,,MM,Millimetre,SE,Standard error,0.6,,N,National,,
DATAFLOW,SPC:DF_CLIMATE_CHANGE(1.0),Climate Change indicators,I,A,Annual,RAIN_ANOM,Precipitation anomalies,PG,Papua New Guinea,2020,,-2.4,,,,MM,Millimetre,SE,Standard error,0.6,,N,National,,
DATAFLOW,SPC:DF_CLIMATE_CHANGE(1.0),Climate Change indicators,I,A,Annual,RAIN_ANOM,Precipitation anomalies,PG,Papua New Guinea,2021,,3.2,,,,MM,Millimetre,SE,Standard error,0.5,,N,National,,
DATAFLOW,SPC:DF_CLIMATE_CHANGE(1.0),Climate Change indicators,I,A,Annual,RAIN_ANOM,Precipitation anomalies,PG,Papua New Guinea,2022,,-6.4,,,,MM,Millimetre,SE,Standard error,0.4,,N,National,,
DATAFLOW,SPC:DF_CLIMATE_CHANGE(1.0),Climate Change indicators,I,A,Annual,RAIN_ANOM,Precipitation anomalies,PG,Papua New Guinea,2023,,0.2,,,,MM,Millimetre,SE,Standard error,0.6,,N,National,,
DATAFLOW,SPC:DF_CLIMATE_CHANGE(1.0),Climate Change indicators,I,A,Annual,RAIN_ANOM,Precipitation anomalies,PG,Papua New Guinea,2024,,2.8,,,,MM,Millimetre,SE,Standard error,0.6,,N,National,,
DATAFLOW,SPC:DF_CLIMATE_CHANGE(1.0),Climate Change indicators,I,A,Annual,RAIN_ANOM,Precipitation anomalies,PG,Papua New Guinea,2025,,11.5,,,,MM,Millimetre,SE,Standard error,0.6,,N,National,,
DATAFLOW,SPC:DF_CLIMATE_CHANGE(1.0),Climate Change indicators,I,A,Annual,RAIN_ANOM,Precipitation anomalies,PW,Palau,1979,,-17.6,,,,MM,Millimetre,SE,Standard error,1.1,,N,National,,
DATAFLOW,SPC:DF_CLIMATE_CHANGE(1.0),Climate Change indicators,I,A,Annual,RAIN_ANOM,Precipitation anomalies,PW,Palau,1980,,-12.2,,,,MM,Millimetre,SE,Standard error,0.8,,N,National,,
DATAFLOW,SPC:DF_CLIMATE_CHANGE(1.0),Climate Change indicators,I,A,Annual,RAIN_ANOM,Precipitation anomalies,PW,Palau,1981,,-10.4,,,,MM,Millimetre,SE,Standard error,1,,N,National,,
DATAFLOW,SPC:DF_CLIMATE_CHANGE(1.0),Climate Change indicators,I,A,Annual,RAIN_ANOM,Precipitation anomalies,PW,Palau,1982,,-23.1,,,,MM,Millimetre,SE,Standard error,0.8,,N,National,,
DATAFLOW,SPC:DF_CLIMATE_CHANGE(1.0),Climate Change indicators,I,A,Annual,RAIN_ANOM,Precipitation anomalies,PW,Palau,1983,,-29.4,,,,MM,Millimetre,SE,Standard error,1.3,,N,National,,
DATAFLOW,SPC:DF_CLIMATE_CHANGE(1.0),Climate Change indicators,I,A,Annual,RAIN_ANOM,Precipitation anomalies,PW,Palau,1984,,14.3,,,,MM,Millimetre,SE,Standard error,1.4,,N,National,,
DATAFLOW,SPC:DF_CLIMATE_CHANGE(1.0),Climate Change indicators,I,A,Annual,RAIN_ANOM,Precipitation anomalies,PW,Palau,1985,,13.9,,,,MM,Millimetre,SE,Standard error,1,,N,National,,
DATAFLOW,SPC:DF_CLIMATE_CHANGE(1.0),Climate Change indicators,I,A,Annual,RAIN_ANOM,Precipitation anomalies,PW,Palau,1986,,-3.9,,,,MM,Millimetre,SE,Standard error,0.9,,N,National,,
DATAFLOW,SPC:DF_CLIMATE_CHANGE(1.0),Climate Change indicators,I,A,Annual,RAIN_ANOM,Precipitation anomalies,PW,Palau,1987,,-18.5,,,,MM,Millimetre,SE,Standard error,1.3,,N,National,,
DATAFLOW,SPC:DF_CLIMATE_CHANGE(1.0),Climate Change indicators,I,A,Annual,RAIN_ANOM,Precipitation anomalies,PW,Palau,1988,,-3,,,,MM,Millimetre,SE,Standard error,1.2,,N,National,,
DATAFLOW,SPC:DF_CLIMATE_CHANGE(1.0),Climate Change indicators,I,A,Annual,RAIN_ANOM,Precipitation anomalies,PW,Palau,1989,,-10.6,,,,MM,Millimetre,SE,Standard error,0.6,,N,National,,
DATAFLOW,SPC:DF_CLIMATE_CHANGE(1.0),Climate Change indicators,I,A,Annual,RAIN_ANOM,Precipitation anomalies,PW,Palau,1990,,-14.5,,,,MM,Millimetre,SE,Standard error,1.2,,N,National,,
DATAFLOW,SPC:DF_CLIMATE_CHANGE(1.0),Climate Change indicators,I,A,Annual,RAIN_ANOM,Precipitation anomalies,PW,Palau,1991,,-12.6,,,,MM,Millimetre,SE,Standard error,1.2,,N,National,,
DATAFLOW,SPC:DF_CLIMATE_CHANGE(1.0),Climate Change indicators,I,A,Annual,RAIN_ANOM,Precipitation anomalies,PW,Palau,1992,,-19.2,,,,MM,Millimetre,SE,Standard error,1.3,,N,National,,
DATAFLOW,SPC:DF_CLIMATE_CHANGE(1.0),Climate Change indicators,I,A,Annual,RAIN_ANOM,Precipitation anomalies,PW,Palau,1993,,5.2,,,,MM,Millimetre,SE,Standard error,0.8,,N,National,,
DATAFLOW,SPC:DF_CLIMATE_CHANGE(1.0),Climate Change indicators,I,A,Annual,RAIN_ANOM,Precipitation anomalies,PW,Palau,1994,,3.3,,,,MM,Millimetre,SE,Standard error,1.2,,N,National,,
DATAFLOW,SPC:DF_CLIMATE_CHANGE(1.0),Climate Change indicators,I,A,Annual,RAIN_ANOM,Precipitation anomalies,PW,Palau,1995,,3.3,,,,MM,Millimetre,SE,Standard error,1,,N,National,,
DATAFLOW,SPC:DF_CLIMATE_CHANGE(1.0),Climate Change indicators,I,A,Annual,RAIN_ANOM,Precipitation anomalies,PW,Palau,1996,,2.7,,,,MM,Millimetre,SE,Standard error,0.7,,N,National,,
DATAFLOW,SPC:DF_CLIMATE_CHANGE(1.0),Climate Change indicators,I,A,Annual,RAIN_ANOM,Precipitation anomalies,PW,Palau,1997,,-25.4,,,,MM,Millimetre,SE,Standard error,1,,N,National,,
DATAFLOW,SPC:DF_CLIMATE_CHANGE(1.0),Climate Change indicators,I,A,Annual,RAIN_ANOM,Precipitation anomalies,PW,Palau,1998,,-22.5,,,,MM,Millimetre,SE,Standard error,1.1,,N,National,,
DATAFLOW,SPC:DF_CLIMATE_CHANGE(1.0),Climate Change indicators,I,A,Annual,RAIN_ANOM,Precipitation anomalies,PW,Palau,1999,,17.2,,,,MM,Millimetre,SE,Standard error,0.8,,N,National,,
DATAFLOW,SPC:DF_CLIMATE_CHANGE(1.0),Climate Change indicators,I,A,Annual,RAIN_ANOM,Precipitation anomalies,PW,Palau,2000,,19.8,,,,MM,Millimetre,SE,Standard error,1.1,,N,National,,
DATAFLOW,SPC:DF_CLIMATE_CHANGE(1.0),Climate Change indicators,I,A,Annual,RAIN_ANOM,Precipitation anomalies,PW,Palau,2001,,13.6,,,,MM,Millimetre,SE,Standard error,1.1,,N,National,,
DATAFLOW,SPC:DF_CLIMATE_CHANGE(1.0),Climate Change indicators,I,A,Annual,RAIN_ANOM,Precipitation anomalies,PW,Palau,2002,,-11.7,,,,MM,Millimetre,SE,Standard error,1.2,,N,National,,
DATAFLOW,SPC:DF_CLIMATE_CHANGE(1.0),Climate Change indicators,I,A,Annual,RAIN_ANOM,Precipitation anomalies,PW,Palau,2003,,-1.2,,,,MM,Millimetre,SE,Standard error,1,,N,National,,
DATAFLOW,SPC:DF_CLIMATE_CHANGE(1.0),Climate Change indicators,I,A,Annual,RAIN_ANOM,Precipitation anomalies,PW,Palau,2004,,-6.6,,,,MM,Millimetre,SE,Standard error,0.9,,N,National,,
DATAFLOW,SPC:DF_CLIMATE_CHANGE(1.0),Climate Change indicators,I,A,Annual,RAIN_ANOM,Precipitation anomalies,PW,Palau,2005,,7.6,,,,MM,Millimetre,SE,Standard error,1.4,,N,National,,
DATAFLOW,SPC:DF_CLIMATE_CHANGE(1.0),Climate Change indicators,I,A,Annual,RAIN_ANOM,Precipitation anomalies,PW,Palau,2006,,1.5,,,,MM,Millimetre,SE,Standard error,1.1,,N,National,,
DATAFLOW,SPC:DF_CLIMATE_CHANGE(1.0),Climate Change indicators,I,A,Annual,RAIN_ANOM,Precipitation anomalies,PW,Palau,2007,,-8.8,,,,MM,Millimetre,SE,Standard error,0.7,,N,National,,
DATAFLOW,SPC:DF_CLIMATE_CHANGE(1.0),Climate Change indicators,I,A,Annual,RAIN_ANOM,Precipitation anomalies,PW,Palau,2008,,-1.1,,,,MM,Millimetre,SE,Standard error,0.8,,N,National,,
DATAFLOW,SPC:DF_CLIMATE_CHANGE(1.0),Climate Change indicators,I,A,Annual,RAIN_ANOM,Precipitation anomalies,PW,Palau,2009,,20.5,,,,MM,Millimetre,SE,Standard error,1.5,,N,National,,
DATAFLOW,SPC:DF_CLIMATE_CHANGE(1.0),Climate Change indicators,I,A,Annual,RAIN_ANOM,Precipitation anomalies,PW,Palau,2010,,-20.3,,,,MM,Millimetre,SE,Standard error,0.9,,N,National,,
DATAFLOW,SPC:DF_CLIMATE_CHANGE(1.0),Climate Change indicators,I,A,Annual,RAIN_ANOM,Precipitation anomalies,PW,Palau,2011,,31.6,,,,MM,Millimetre,SE,Standard error,1.1,,N,National,,
DATAFLOW,SPC:DF_CLIMATE_CHANGE(1.0),Climate Change indicators,I,A,Annual,RAIN_ANOM,Precipitation anomalies,PW,Palau,2012,,13.5,,,,MM,Millimetre,SE,Standard error,1.3,,N,National,,
DATAFLOW,SPC:DF_CLIMATE_CHANGE(1.0),Climate Change indicators,I,A,Annual,RAIN_ANOM,Precipitation anomalies,PW,Palau,2013,,0.6,,,,MM,Millimetre,SE,Standard error,1.1,,N,National,,
DATAFLOW,SPC:DF_CLIMATE_CHANGE(1.0),Climate Change indicators,I,A,Annual,RAIN_ANOM,Precipitation anomalies,PW,Palau,2014,,21.1,,,,MM,Millimetre,SE,Standard error,1.3,,N,National,,
DATAFLOW,SPC:DF_CLIMATE_CHANGE(1.0),Climate Change indicators,I,A,Annual,RAIN_ANOM,Precipitation anomalies,PW,Palau,2015,,-25,,,,MM,Millimetre,SE,Standard error,0.9,,N,National,,
DATAFLOW,SPC:DF_CLIMATE_CHANGE(1.0),Climate Change indicators,I,A,Annual,RAIN_ANOM,Precipitation anomalies,PW,Palau,2016,,-6.3,,,,MM,Millimetre,SE,Standard error,1.2,,N,National,,
DATAFLOW,SPC:DF_CLIMATE_CHANGE(1.0),Climate Change indicators,I,A,Annual,RAIN_ANOM,Precipitation anomalies,PW,Palau,2017,,15.6,,,,MM,Millimetre,SE,Standard error,1,,N,National,,
DATAFLOW,SPC:DF_CLIMATE_CHANGE(1.0),Climate Change indicators,I,A,Annual,RAIN_ANOM,Precipitation anomalies,PW,Palau,2018,,-8.4,,,,MM,Millimetre,SE,Standard error,1,,N,National,,
DATAFLOW,SPC:DF_CLIMATE_CHANGE(1.0),Climate Change indicators,I,A,Annual,RAIN_ANOM,Precipitation anomalies,PW,Palau,2019,,-9.1,,,,MM,Millimetre,SE,Standard error,0.7,,N,National,,
DATAFLOW,SPC:DF_CLIMATE_CHANGE(1.0),Climate Change indicators,I,A,Annual,RAIN_ANOM,Precipitation anomalies,PW,Palau,2020,,1,,,,MM,Millimetre,SE,Standard error,1,,N,National,,
DATAFLOW,SPC:DF_CLIMATE_CHANGE(1.0),Climate Change indicators,I,A,Annual,RAIN_ANOM,Precipitation anomalies,PW,Palau,2021,,15.3,,,,MM,Millimetre,SE,Standard error,1,,N,National,,
DATAFLOW,SPC:DF_CLIMATE_CHANGE(1.0),Climate Change indicators,I,A,Annual,RAIN_ANOM,Precipitation anomalies,PW,Palau,2022,,9.3,,,,MM,Millimetre,SE,Standard error,0.9,,N,National,,
DATAFLOW,SPC:DF_CLIMATE_CHANGE(1.0),Climate Change indicators,I,A,Annual,RAIN_ANOM,Precipitation anomalies,PW,Palau,2023,,7.9,,,,MM,Millimetre,SE,Standard error,1.4,,N,National,,
DATAFLOW,SPC:DF_CLIMATE_CHANGE(1.0),Climate Change indicators,I,A,Annual,RAIN_ANOM,Precipitation anomalies,PW,Palau,2024,,-0.7,,,,MM,Millimetre,SE,Standard error,0.9,,N,National,,
DATAFLOW,SPC:DF_CLIMATE_CHANGE(1.0),Climate Change indicators,I,A,Annual,RAIN_ANOM,Precipitation anomalies,PW,Palau,2025,,9.7,,,,MM,Millimetre,SE,Standard error,0.8,,N,National,,
DATAFLOW,SPC:DF_CLIMATE_CHANGE(1.0),Climate Change indicators,I,A,Annual,RAIN_ANOM,Precipitation anomalies,WS,Samoa,1979,,-19.5,,,,MM,Millimetre,SE,Standard error,0.6,,N,National,,
DATAFLOW,SPC:DF_CLIMATE_CHANGE(1.0),Climate Change indicators,I,A,Annual,RAIN_ANOM,Precipitation anomalies,WS,Samoa,1980,,-8.4,,,,MM,Millimetre,SE,Standard error,0.5,,N,National,,
DATAFLOW,SPC:DF_CLIMATE_CHANGE(1.0),Climate Change indicators,I,A,Annual,RAIN_ANOM,Precipitation anomalies,WS,Samoa,1981,,0.2,,,,MM,Millimetre,SE,Standard error,0.8,,N,National,,
DATAFLOW,SPC:DF_CLIMATE_CHANGE(1.0),Climate Change indicators,I,A,Annual,RAIN_ANOM,Precipitation anomalies,WS,Samoa,1982,,-9.8,,,,MM,Millimetre,SE,Standard error,1.1,,N,National,,
DATAFLOW,SPC:DF_CLIMATE_CHANGE(1.0),Climate Change indicators,I,A,Annual,RAIN_ANOM,Precipitation anomalies,WS,Samoa,1983,,-19.6,,,,MM,Millimetre,SE,Standard error,0.8,,N,National,,
DATAFLOW,SPC:DF_CLIMATE_CHANGE(1.0),Climate Change indicators,I,A,Annual,RAIN_ANOM,Precipitation anomalies,WS,Samoa,1984,,0.9,,,,MM,Millimetre,SE,Standard error,1,,N,National,,
DATAFLOW,SPC:DF_CLIMATE_CHANGE(1.0),Climate Change indicators,I,A,Annual,RAIN_ANOM,Precipitation anomalies,WS,Samoa,1985,,-7.5,,,,MM,Millimetre,SE,Standard error,0.7,,N,National,,
DATAFLOW,SPC:DF_CLIMATE_CHANGE(1.0),Climate Change indicators,I,A,Annual,RAIN_ANOM,Precipitation anomalies,WS,Samoa,1986,,-5.5,,,,MM,Millimetre,SE,Standard error,0.8,,N,National,,
DATAFLOW,SPC:DF_CLIMATE_CHANGE(1.0),Climate Change indicators,I,A,Annual,RAIN_ANOM,Precipitation anomalies,WS,Samoa,1987,,-8.2,,,,MM,Millimetre,SE,Standard error,1,,N,National,,
DATAFLOW,SPC:DF_CLIMATE_CHANGE(1.0),Climate Change indicators,I,A,Annual,RAIN_ANOM,Precipitation anomalies,WS,Samoa,1988,,10.4,,,,MM,Millimetre,SE,Standard error,0.9,,N,National,,
DATAFLOW,SPC:DF_CLIMATE_CHANGE(1.0),Climate Change indicators,I,A,Annual,RAIN_ANOM,Precipitation anomalies,WS,Samoa,1989,,-17.3,,,,MM,Millimetre,SE,Standard error,1.1,,N,National,,
DATAFLOW,SPC:DF_CLIMATE_CHANGE(1.0),Climate Change indicators,I,A,Annual,RAIN_ANOM,Precipitation anomalies,WS,Samoa,1990,,2.8,,,,MM,Millimetre,SE,Standard error,1.6,,N,National,,
DATAFLOW,SPC:DF_CLIMATE_CHANGE(1.0),Climate Change indicators,I,A,Annual,RAIN_ANOM,Precipitation anomalies,WS,Samoa,1991,,-8,,,,MM,Millimetre,SE,Standard error,0.9,,N,National,,
DATAFLOW,SPC:DF_CLIMATE_CHANGE(1.0),Climate Change indicators,I,A,Annual,RAIN_ANOM,Precipitation anomalies,WS,Samoa,1992,,-4.8,,,,MM,Millimetre,SE,Standard error,0.8,,N,National,,
DATAFLOW,SPC:DF_CLIMATE_CHANGE(1.0),Climate Change indicators,I,A,Annual,RAIN_ANOM,Precipitation anomalies,WS,Samoa,1993,,3.3,,,,MM,Millimetre,SE,Standard error,0.9,,N,National,,
DATAFLOW,SPC:DF_CLIMATE_CHANGE(1.0),Climate Change indicators,I,A,Annual,RAIN_ANOM,Precipitation anomalies,WS,Samoa,1994,,3.9,,,,MM,Millimetre,SE,Standard error,1,,N,National,,
DATAFLOW,SPC:DF_CLIMATE_CHANGE(1.0),Climate Change indicators,I,A,Annual,RAIN_ANOM,Precipitation anomalies,WS,Samoa,1995,,3,,,,MM,Millimetre,SE,Standard error,0.7,,N,National,,
DATAFLOW,SPC:DF_CLIMATE_CHANGE(1.0),Climate Change indicators,I,A,Annual,RAIN_ANOM,Precipitation anomalies,WS,Samoa,1996,,-6.7,,,,MM,Millimetre,SE,Standard error,1,,N,National,,
DATAFLOW,SPC:DF_CLIMATE_CHANGE(1.0),Climate Change indicators,I,A,Annual,RAIN_ANOM,Precipitation anomalies,WS,Samoa,1997,,1.1,,,,MM,Millimetre,SE,Standard error,1.2,,N,National,,
DATAFLOW,SPC:DF_CLIMATE_CHANGE(1.0),Climate Change indicators,I,A,Annual,RAIN_ANOM,Precipitation anomalies,WS,Samoa,1998,,-21.2,,,,MM,Millimetre,SE,Standard error,1.1,,N,National,,
DATAFLOW,SPC:DF_CLIMATE_CHANGE(1.0),Climate Change indicators,I,A,Annual,RAIN_ANOM,Precipitation anomalies,WS,Samoa,1999,,0,,,,MM,Millimetre,SE,Standard error,1.1,,N,National,,
DATAFLOW,SPC:DF_CLIMATE_CHANGE(1.0),Climate Change indicators,I,A,Annual,RAIN_ANOM,Precipitation anomalies,WS,Samoa,2000,,-2.8,,,,MM,Millimetre,SE,Standard error,0.7,,N,National,,
DATAFLOW,SPC:DF_CLIMATE_CHANGE(1.0),Climate Change indicators,I,A,Annual,RAIN_ANOM,Precipitation anomalies,WS,Samoa,2001,,1.2,,,,MM,Millimetre,SE,Standard error,0.8,,N,National,,
DATAFLOW,SPC:DF_CLIMATE_CHANGE(1.0),Climate Change indicators,I,A,Annual,RAIN_ANOM,Precipitation anomalies,WS,Samoa,2002,,-2.4,,,,MM,Millimetre,SE,Standard error,0.6,,N,National,,
DATAFLOW,SPC:DF_CLIMATE_CHANGE(1.0),Climate Change indicators,I,A,Annual,RAIN_ANOM,Precipitation anomalies,WS,Samoa,2003,,-5.6,,,,MM,Millimetre,SE,Standard error,0.7,,N,National,,
DATAFLOW,SPC:DF_CLIMATE_CHANGE(1.0),Climate Change indicators,I,A,Annual,RAIN_ANOM,Precipitation anomalies,WS,Samoa,2004,,-7,,,,MM,Millimetre,SE,Standard error,0.6,,N,National,,
DATAFLOW,SPC:DF_CLIMATE_CHANGE(1.0),Climate Change indicators,I,A,Annual,RAIN_ANOM,Precipitation anomalies,WS,Samoa,2005,,-5.1,,,,MM,Millimetre,SE,Standard error,0.7,,N,National,,
DATAFLOW,SPC:DF_CLIMATE_CHANGE(1.0),Climate Change indicators,I,A,Annual,RAIN_ANOM,Precipitation anomalies,WS,Samoa,2006,,14.9,,,,MM,Millimetre,SE,Standard error,1.8,,N,National,,
DATAFLOW,SPC:DF_CLIMATE_CHANGE(1.0),Climate Change indicators,I,A,Annual,RAIN_ANOM,Precipitation anomalies,WS,Samoa,2007,,6.3,,,,MM,Millimetre,SE,Standard error,0.9,,N,National,,
DATAFLOW,SPC:DF_CLIMATE_CHANGE(1.0),Climate Change indicators,I,A,Annual,RAIN_ANOM,Precipitation anomalies,WS,Samoa,2008,,-11.1,,,,MM,Millimetre,SE,Standard error,0.9,,N,National,,
DATAFLOW,SPC:DF_CLIMATE_CHANGE(1.0),Climate Change indicators,I,A,Annual,RAIN_ANOM,Precipitation anomalies,WS,Samoa,2009,,-9.4,,,,MM,Millimetre,SE,Standard error,0.8,,N,National,,
DATAFLOW,SPC:DF_CLIMATE_CHANGE(1.0),Climate Change indicators,I,A,Annual,RAIN_ANOM,Precipitation anomalies,WS,Samoa,2010,,-1.9,,,,MM,Millimetre,SE,Standard error,0.9,,N,National,,
DATAFLOW,SPC:DF_CLIMATE_CHANGE(1.0),Climate Change indicators,I,A,Annual,RAIN_ANOM,Precipitation anomalies,WS,Samoa,2011,,-11.1,,,,MM,Millimetre,SE,Standard error,1.7,,N,National,,
DATAFLOW,SPC:DF_CLIMATE_CHANGE(1.0),Climate Change indicators,I,A,Annual,RAIN_ANOM,Precipitation anomalies,WS,Samoa,2012,,-6.9,,,,MM,Millimetre,SE,Standard error,1,,N,National,,
DATAFLOW,SPC:DF_CLIMATE_CHANGE(1.0),Climate Change indicators,I,A,Annual,RAIN_ANOM,Precipitation anomalies,WS,Samoa,2013,,7.6,,,,MM,Millimetre,SE,Standard error,1.1,,N,National,,
DATAFLOW,SPC:DF_CLIMATE_CHANGE(1.0),Climate Change indicators,I,A,Annual,RAIN_ANOM,Precipitation anomalies,WS,Samoa,2014,,0,,,,MM,Millimetre,SE,Standard error,1,,N,National,,
DATAFLOW,SPC:DF_CLIMATE_CHANGE(1.0),Climate Change indicators,I,A,Annual,RAIN_ANOM,Precipitation anomalies,WS,Samoa,2015,,0.7,,,,MM,Millimetre,SE,Standard error,0.9,,N,National,,
DATAFLOW,SPC:DF_CLIMATE_CHANGE(1.0),Climate Change indicators,I,A,Annual,RAIN_ANOM,Precipitation anomalies,WS,Samoa,2016,,0.3,,,,MM,Millimetre,SE,Standard error,1.3,,N,National,,
DATAFLOW,SPC:DF_CLIMATE_CHANGE(1.0),Climate Change indicators,I,A,Annual,RAIN_ANOM,Precipitation anomalies,WS,Samoa,2017,,12.6,,,,MM,Millimetre,SE,Standard error,1.2,,N,National,,
DATAFLOW,SPC:DF_CLIMATE_CHANGE(1.0),Climate Change indicators,I,A,Annual,RAIN_ANOM,Precipitation anomalies,WS,Samoa,2018,,1.3,,,,MM,Millimetre,SE,Standard error,1,,N,National,,
DATAFLOW,SPC:DF_CLIMATE_CHANGE(1.0),Climate Change indicators,I,A,Annual,RAIN_ANOM,Precipitation anomalies,WS,Samoa,2019,,20.4,,,,MM,Millimetre,SE,Standard error,1,,N,National,,
DATAFLOW,SPC:DF_CLIMATE_CHANGE(1.0),Climate Change indicators,I,A,Annual,RAIN_ANOM,Precipitation anomalies,WS,Samoa,2020,,27.3,,,,MM,Millimetre,SE,Standard error,1.5,,N,National,,
DATAFLOW,SPC:DF_CLIMATE_CHANGE(1.0),Climate Change indicators,I,A,Annual,RAIN_ANOM,Precipitation anomalies,WS,Samoa,2021,,-18.1,,,,MM,Millimetre,SE,Standard error,1,,N,National,,
DATAFLOW,SPC:DF_CLIMATE_CHANGE(1.0),Climate Change indicators,I,A,Annual,RAIN_ANOM,Precipitation anomalies,WS,Samoa,2022,,-20.7,,,,MM,Millimetre,SE,Standard error,0.8,,N,National,,
DATAFLOW,SPC:DF_CLIMATE_CHANGE(1.0),Climate Change indicators,I,A,Annual,RAIN_ANOM,Precipitation anomalies,WS,Samoa,2023,,-3.2,,,,MM,Millimetre,SE,Standard error,0.9,,N,National,,
DATAFLOW,SPC:DF_CLIMATE_CHANGE(1.0),Climate Change indicators,I,A,Annual,RAIN_ANOM,Precipitation anomalies,WS,Samoa,2024,,-1.8,,,,MM,Millimetre,SE,Standard error,0.9,,N,National,,
DATAFLOW,SPC:DF_CLIMATE_CHANGE(1.0),Climate Change indicators,I,A,Annual,RAIN_ANOM,Precipitation anomalies,WS,Samoa,2025,,13.9,,,,MM,Millimetre,SE,Standard error,1.3,,N,National,,
DATAFLOW,SPC:DF_CLIMATE_CHANGE(1.0),Climate Change indicators,I,A,Annual,RAIN_ANOM,Precipitation anomalies,AS,American Samoa,1979,,-16.4,,,,MM,Millimetre,SE,Standard error,0.6,,N,National,,
DATAFLOW,SPC:DF_CLIMATE_CHANGE(1.0),Climate Change indicators,I,A,Annual,RAIN_ANOM,Precipitation anomalies,AS,American Samoa,1980,,-10.2,,,,MM,Millimetre,SE,Standard error,0.5,,N,National,,
DATAFLOW,SPC:DF_CLIMATE_CHANGE(1.0),Climate Change indicators,I,A,Annual,RAIN_ANOM,Precipitation anomalies,AS,American Samoa,1981,,0.7,,,,MM,Millimetre,SE,Standard error,0.8,,N,National,,
DATAFLOW,SPC:DF_CLIMATE_CHANGE(1.0),Climate Change indicators,I,A,Annual,RAIN_ANOM,Precipitation anomalies,AS,American Samoa,1982,,-13.2,,,,MM,Millimetre,SE,Standard error,1,,N,National,,
DATAFLOW,SPC:DF_CLIMATE_CHANGE(1.0),Climate Change indicators,I,A,Annual,RAIN_ANOM,Precipitation anomalies,AS,American Samoa,1983,,-16.6,,,,MM,Millimetre,SE,Standard error,0.8,,N,National,,
DATAFLOW,SPC:DF_CLIMATE_CHANGE(1.0),Climate Change indicators,I,A,Annual,RAIN_ANOM,Precipitation anomalies,AS,American Samoa,1984,,2.5,,,,MM,Millimetre,SE,Standard error,1,,N,National,,
DATAFLOW,SPC:DF_CLIMATE_CHANGE(1.0),Climate Change indicators,I,A,Annual,RAIN_ANOM,Precipitation anomalies,AS,American Samoa,1985,,-7.7,,,,MM,Millimetre,SE,Standard error,0.7,,N,National,,
DATAFLOW,SPC:DF_CLIMATE_CHANGE(1.0),Climate Change indicators,I,A,Annual,RAIN_ANOM,Precipitation anomalies,AS,American Samoa,1986,,-5.5,,,,MM,Millimetre,SE,Standard error,0.8,,N,National,,
DATAFLOW,SPC:DF_CLIMATE_CHANGE(1.0),Climate Change indicators,I,A,Annual,RAIN_ANOM,Precipitation anomalies,AS,American Samoa,1987,,-4,,,,MM,Millimetre,SE,Standard error,1,,N,National,,
DATAFLOW,SPC:DF_CLIMATE_CHANGE(1.0),Climate Change indicators,I,A,Annual,RAIN_ANOM,Precipitation anomalies,AS,American Samoa,1988,,9.4,,,,MM,Millimetre,SE,Standard error,0.9,,N,National,,
DATAFLOW,SPC:DF_CLIMATE_CHANGE(1.0),Climate Change indicators,I,A,Annual,RAIN_ANOM,Precipitation anomalies,AS,American Samoa,1989,,-13.5,,,,MM,Millimetre,SE,Standard error,1,,N,National,,
DATAFLOW,SPC:DF_CLIMATE_CHANGE(1.0),Climate Change indicators,I,A,Annual,RAIN_ANOM,Precipitation anomalies,AS,American Samoa,1990,,-0.3,,,,MM,Millimetre,SE,Standard error,1.6,,N,National,,
DATAFLOW,SPC:DF_CLIMATE_CHANGE(1.0),Climate Change indicators,I,A,Annual,RAIN_ANOM,Precipitation anomalies,AS,American Samoa,1991,,-11.1,,,,MM,Millimetre,SE,Standard error,0.8,,N,National,,
DATAFLOW,SPC:DF_CLIMATE_CHANGE(1.0),Climate Change indicators,I,A,Annual,RAIN_ANOM,Precipitation anomalies,AS,American Samoa,1992,,-9.2,,,,MM,Millimetre,SE,Standard error,0.7,,N,National,,
DATAFLOW,SPC:DF_CLIMATE_CHANGE(1.0),Climate Change indicators,I,A,Annual,RAIN_ANOM,Precipitation anomalies,AS,American Samoa,1993,,2.1,,,,MM,Millimetre,SE,Standard error,0.7,,N,National,,
DATAFLOW,SPC:DF_CLIMATE_CHANGE(1.0),Climate Change indicators,I,A,Annual,RAIN_ANOM,Precipitation anomalies,AS,American Samoa,1994,,6.7,,,,MM,Millimetre,SE,Standard error,0.9,,N,National,,
DATAFLOW,SPC:DF_CLIMATE_CHANGE(1.0),Climate Change indicators,I,A,Annual,RAIN_ANOM,Precipitation anomalies,AS,American Samoa,1995,,8.6,,,,MM,Millimetre,SE,Standard error,0.7,,N,National,,
DATAFLOW,SPC:DF_CLIMATE_CHANGE(1.0),Climate Change indicators,I,A,Annual,RAIN_ANOM,Precipitation anomalies,AS,American Samoa,1996,,-5.2,,,,MM,Millimetre,SE,Standard error,1.1,,N,National,,
DATAFLOW,SPC:DF_CLIMATE_CHANGE(1.0),Climate Change indicators,I,A,Annual,RAIN_ANOM,Precipitation anomalies,AS,American Samoa,1997,,0.8,,,,MM,Millimetre,SE,Standard error,1.3,,N,National,,
DATAFLOW,SPC:DF_CLIMATE_CHANGE(1.0),Climate Change indicators,I,A,Annual,RAIN_ANOM,Precipitation anomalies,AS,American Samoa,1998,,-18.9,,,,MM,Millimetre,SE,Standard error,1,,N,National,,
DATAFLOW,SPC:DF_CLIMATE_CHANGE(1.0),Climate Change indicators,I,A,Annual,RAIN_ANOM,Precipitation anomalies,AS,American Samoa,1999,,-4.6,,,,MM,Millimetre,SE,Standard error,1,,N,National,,
DATAFLOW,SPC:DF_CLIMATE_CHANGE(1.0),Climate Change indicators,I,A,Annual,RAIN_ANOM,Precipitation anomalies,AS,American Samoa,2000,,-8.3,,,,MM,Millimetre,SE,Standard error,0.7,,N,National,,
DATAFLOW,SPC:DF_CLIMATE_CHANGE(1.0),Climate Change indicators,I,A,Annual,RAIN_ANOM,Precipitation anomalies,AS,American Samoa,2001,,0.6,,,,MM,Millimetre,SE,Standard error,0.8,,N,National,,
DATAFLOW,SPC:DF_CLIMATE_CHANGE(1.0),Climate Change indicators,I,A,Annual,RAIN_ANOM,Precipitation anomalies,AS,American Samoa,2002,,-6.9,,,,MM,Millimetre,SE,Standard error,0.6,,N,National,,
DATAFLOW,SPC:DF_CLIMATE_CHANGE(1.0),Climate Change indicators,I,A,Annual,RAIN_ANOM,Precipitation anomalies,AS,American Samoa,2003,,2.5,,,,MM,Millimetre,SE,Standard error,0.7,,N,National,,
DATAFLOW,SPC:DF_CLIMATE_CHANGE(1.0),Climate Change indicators,I,A,Annual,RAIN_ANOM,Precipitation anomalies,AS,American Samoa,2004,,-7,,,,MM,Millimetre,SE,Standard error,0.8,,N,National,,
DATAFLOW,SPC:DF_CLIMATE_CHANGE(1.0),Climate Change indicators,I,A,Annual,RAIN_ANOM,Precipitation anomalies,AS,American Samoa,2005,,-0.3,,,,MM,Millimetre,SE,Standard error,0.9,,N,National,,
DATAFLOW,SPC:DF_CLIMATE_CHANGE(1.0),Climate Change indicators,I,A,Annual,RAIN_ANOM,Precipitation anomalies,AS,American Samoa,2006,,11.3,,,,MM,Millimetre,SE,Standard error,1.6,,N,National,,
DATAFLOW,SPC:DF_CLIMATE_CHANGE(1.0),Climate Change indicators,I,A,Annual,RAIN_ANOM,Precipitation anomalies,AS,American Samoa,2007,,10.7,,,,MM,Millimetre,SE,Standard error,1.1,,N,National,,
DATAFLOW,SPC:DF_CLIMATE_CHANGE(1.0),Climate Change indicators,I,A,Annual,RAIN_ANOM,Precipitation anomalies,AS,American Samoa,2008,,-10.9,,,,MM,Millimetre,SE,Standard error,0.9,,N,National,,
DATAFLOW,SPC:DF_CLIMATE_CHANGE(1.0),Climate Change indicators,I,A,Annual,RAIN_ANOM,Precipitation anomalies,AS,American Samoa,2009,,-11.1,,,,MM,Millimetre,SE,Standard error,0.7,,N,National,,
DATAFLOW,SPC:DF_CLIMATE_CHANGE(1.0),Climate Change indicators,I,A,Annual,RAIN_ANOM,Precipitation anomalies,AS,American Samoa,2010,,1.6,,,,MM,Millimetre,SE,Standard error,1.1,,N,National,,
DATAFLOW,SPC:DF_CLIMATE_CHANGE(1.0),Climate Change indicators,I,A,Annual,RAIN_ANOM,Precipitation anomalies,AS,American Samoa,2011,,-11.2,,,,MM,Millimetre,SE,Standard error,1.6,,N,National,,
DATAFLOW,SPC:DF_CLIMATE_CHANGE(1.0),Climate Change indicators,I,A,Annual,RAIN_ANOM,Precipitation anomalies,AS,American Samoa,2012,,-7.9,,,,MM,Millimetre,SE,Standard error,0.9,,N,National,,
DATAFLOW,SPC:DF_CLIMATE_CHANGE(1.0),Climate Change indicators,I,A,Annual,RAIN_ANOM,Precipitation anomalies,AS,American Samoa,2013,,4.9,,,,MM,Millimetre,SE,Standard error,1.2,,N,National,,
DATAFLOW,SPC:DF_CLIMATE_CHANGE(1.0),Climate Change indicators,I,A,Annual,RAIN_ANOM,Precipitation anomalies,AS,American Samoa,2014,,1,,,,MM,Millimetre,SE,Standard error,1.1,,N,National,,
DATAFLOW,SPC:DF_CLIMATE_CHANGE(1.0),Climate Change indicators,I,A,Annual,RAIN_ANOM,Precipitation anomalies,AS,American Samoa,2015,,5.7,,,,MM,Millimetre,SE,Standard error,1,,N,National,,
DATAFLOW,SPC:DF_CLIMATE_CHANGE(1.0),Climate Change indicators,I,A,Annual,RAIN_ANOM,Precipitation anomalies,AS,American Samoa,2016,,5.2,,,,MM,Millimetre,SE,Standard error,1.2,,N,National,,
DATAFLOW,SPC:DF_CLIMATE_CHANGE(1.0),Climate Change indicators,I,A,Annual,RAIN_ANOM,Precipitation anomalies,AS,American Samoa,2017,,8.2,,,,MM,Millimetre,SE,Standard error,1,,N,National,,
DATAFLOW,SPC:DF_CLIMATE_CHANGE(1.0),Climate Change indicators,I,A,Annual,RAIN_ANOM,Precipitation anomalies,AS,American Samoa,2018,,0.8,,,,MM,Millimetre,SE,Standard error,1.2,,N,National,,
DATAFLOW,SPC:DF_CLIMATE_CHANGE(1.0),Climate Change indicators,I,A,Annual,RAIN_ANOM,Precipitation anomalies,AS,American Samoa,2019,,21.2,,,,MM,Millimetre,SE,Standard error,0.9,,N,National,,
DATAFLOW,SPC:DF_CLIMATE_CHANGE(1.0),Climate Change indicators,I,A,Annual,RAIN_ANOM,Precipitation anomalies,AS,American Samoa,2020,,20.8,,,,MM,Millimetre,SE,Standard error,1.6,,N,National,,
DATAFLOW,SPC:DF_CLIMATE_CHANGE(1.0),Climate Change indicators,I,A,Annual,RAIN_ANOM,Precipitation anomalies,AS,American Samoa,2021,,-24.7,,,,MM,Millimetre,SE,Standard error,0.7,,N,National,,
DATAFLOW,SPC:DF_CLIMATE_CHANGE(1.0),Climate Change indicators,I,A,Annual,RAIN_ANOM,Precipitation anomalies,AS,American Samoa,2022,,-22.5,,,,MM,Millimetre,SE,Standard error,1,,N,National,,
DATAFLOW,SPC:DF_CLIMATE_CHANGE(1.0),Climate Change indicators,I,A,Annual,RAIN_ANOM,Precipitation anomalies,AS,American Samoa,2023,,-3.2,,,,MM,Millimetre,SE,Standard error,1.1,,N,National,,
DATAFLOW,SPC:DF_CLIMATE_CHANGE(1.0),Climate Change indicators,I,A,Annual,RAIN_ANOM,Precipitation anomalies,AS,American Samoa,2024,,2.9,,,,MM,Millimetre,SE,Standard error,1,,N,National,,
DATAFLOW,SPC:DF_CLIMATE_CHANGE(1.0),Climate Change indicators,I,A,Annual,RAIN_ANOM,Precipitation anomalies,AS,American Samoa,2025,,11.7,,,,MM,Millimetre,SE,Standard error,1.3,,N,National,,
DATAFLOW,SPC:DF_CLIMATE_CHANGE(1.0),Climate Change indicators,I,A,Annual,RAIN_ANOM,Precipitation anomalies,TV,Tuvalu,1979,,-6.4,,,,MM,Millimetre,SE,Standard error,0.9,,N,National,,
DATAFLOW,SPC:DF_CLIMATE_CHANGE(1.0),Climate Change indicators,I,A,Annual,RAIN_ANOM,Precipitation anomalies,TV,Tuvalu,1980,,-1.6,,,,MM,Millimetre,SE,Standard error,0.8,,N,National,,
DATAFLOW,SPC:DF_CLIMATE_CHANGE(1.0),Climate Change indicators,I,A,Annual,RAIN_ANOM,Precipitation anomalies,TV,Tuvalu,1981,,-7.6,,,,MM,Millimetre,SE,Standard error,1.2,,N,National,,
DATAFLOW,SPC:DF_CLIMATE_CHANGE(1.0),Climate Change indicators,I,A,Annual,RAIN_ANOM,Precipitation anomalies,TV,Tuvalu,1982,,4.3,,,,MM,Millimetre,SE,Standard error,0.9,,N,National,,
DATAFLOW,SPC:DF_CLIMATE_CHANGE(1.0),Climate Change indicators,I,A,Annual,RAIN_ANOM,Precipitation anomalies,TV,Tuvalu,1983,,14.1,,,,MM,Millimetre,SE,Standard error,1.3,,N,National,,
DATAFLOW,SPC:DF_CLIMATE_CHANGE(1.0),Climate Change indicators,I,A,Annual,RAIN_ANOM,Precipitation anomalies,TV,Tuvalu,1984,,-4.9,,,,MM,Millimetre,SE,Standard error,0.8,,N,National,,
DATAFLOW,SPC:DF_CLIMATE_CHANGE(1.0),Climate Change indicators,I,A,Annual,RAIN_ANOM,Precipitation anomalies,TV,Tuvalu,1985,,-5.8,,,,MM,Millimetre,SE,Standard error,1.3,,N,National,,
DATAFLOW,SPC:DF_CLIMATE_CHANGE(1.0),Climate Change indicators,I,A,Annual,RAIN_ANOM,Precipitation anomalies,TV,Tuvalu,1986,,-0.5,,,,MM,Millimetre,SE,Standard error,1.1,,N,National,,
DATAFLOW,SPC:DF_CLIMATE_CHANGE(1.0),Climate Change indicators,I,A,Annual,RAIN_ANOM,Precipitation anomalies,TV,Tuvalu,1987,,37.3,,,,MM,Millimetre,SE,Standard error,0.8,,N,National,,
DATAFLOW,SPC:DF_CLIMATE_CHANGE(1.0),Climate Change indicators,I,A,Annual,RAIN_ANOM,Precipitation anomalies,TV,Tuvalu,1988,,2.7,,,,MM,Millimetre,SE,Standard error,1,,N,National,,
DATAFLOW,SPC:DF_CLIMATE_CHANGE(1.0),Climate Change indicators,I,A,Annual,RAIN_ANOM,Precipitation anomalies,TV,Tuvalu,1989,,-15.3,,,,MM,Millimetre,SE,Standard error,0.8,,N,National,,
DATAFLOW,SPC:DF_CLIMATE_CHANGE(1.0),Climate Change indicators,I,A,Annual,RAIN_ANOM,Precipitation anomalies,TV,Tuvalu,1990,,-2.3,,,,MM,Millimetre,SE,Standard error,1.4,,N,National,,
DATAFLOW,SPC:DF_CLIMATE_CHANGE(1.0),Climate Change indicators,I,A,Annual,RAIN_ANOM,Precipitation anomalies,TV,Tuvalu,1991,,-1.6,,,,MM,Millimetre,SE,Standard error,0.9,,N,National,,
DATAFLOW,SPC:DF_CLIMATE_CHANGE(1.0),Climate Change indicators,I,A,Annual,RAIN_ANOM,Precipitation anomalies,TV,Tuvalu,1992,,10.7,,,,MM,Millimetre,SE,Standard error,1,,N,National,,
DATAFLOW,SPC:DF_CLIMATE_CHANGE(1.0),Climate Change indicators,I,A,Annual,RAIN_ANOM,Precipitation anomalies,TV,Tuvalu,1993,,24.6,,,,MM,Millimetre,SE,Standard error,0.7,,N,National,,
DATAFLOW,SPC:DF_CLIMATE_CHANGE(1.0),Climate Change indicators,I,A,Annual,RAIN_ANOM,Precipitation anomalies,TV,Tuvalu,1994,,10.2,,,,MM,Millimetre,SE,Standard error,0.7,,N,National,,
DATAFLOW,SPC:DF_CLIMATE_CHANGE(1.0),Climate Change indicators,I,A,Annual,RAIN_ANOM,Precipitation anomalies,TV,Tuvalu,1995,,8.5,,,,MM,Millimetre,SE,Standard error,0.8,,N,National,,
DATAFLOW,SPC:DF_CLIMATE_CHANGE(1.0),Climate Change indicators,I,A,Annual,RAIN_ANOM,Precipitation anomalies,TV,Tuvalu,1996,,-13.2,,,,MM,Millimetre,SE,Standard error,0.7,,N,National,,
DATAFLOW,SPC:DF_CLIMATE_CHANGE(1.0),Climate Change indicators,I,A,Annual,RAIN_ANOM,Precipitation anomalies,TV,Tuvalu,1997,,21.7,,,,MM,Millimetre,SE,Standard error,1.4,,N,National,,
DATAFLOW,SPC:DF_CLIMATE_CHANGE(1.0),Climate Change indicators,I,A,Annual,RAIN_ANOM,Precipitation anomalies,TV,Tuvalu,1998,,25.5,,,,MM,Millimetre,SE,Standard error,1.2,,N,National,,
DATAFLOW,SPC:DF_CLIMATE_CHANGE(1.0),Climate Change indicators,I,A,Annual,RAIN_ANOM,Precipitation anomalies,TV,Tuvalu,1999,,-35.6,,,,MM,Millimetre,SE,Standard error,0.5,,N,National,,
DATAFLOW,SPC:DF_CLIMATE_CHANGE(1.0),Climate Change indicators,I,A,Annual,RAIN_ANOM,Precipitation anomalies,TV,Tuvalu,2000,,-34.5,,,,MM,Millimetre,SE,Standard error,0.3,,N,National,,
DATAFLOW,SPC:DF_CLIMATE_CHANGE(1.0),Climate Change indicators,I,A,Annual,RAIN_ANOM,Precipitation anomalies,TV,Tuvalu,2001,,-12.8,,,,MM,Millimetre,SE,Standard error,0.7,,N,National,,
DATAFLOW,SPC:DF_CLIMATE_CHANGE(1.0),Climate Change indicators,I,A,Annual,RAIN_ANOM,Precipitation anomalies,TV,Tuvalu,2002,,6.8,,,,MM,Millimetre,SE,Standard error,1,,N,National,,
DATAFLOW,SPC:DF_CLIMATE_CHANGE(1.0),Climate Change indicators,I,A,Annual,RAIN_ANOM,Precipitation anomalies,TV,Tuvalu,2003,,7.3,,,,MM,Millimetre,SE,Standard error,0.9,,N,National,,
DATAFLOW,SPC:DF_CLIMATE_CHANGE(1.0),Climate Change indicators,I,A,Annual,RAIN_ANOM,Precipitation anomalies,TV,Tuvalu,2004,,2.3,,,,MM,Millimetre,SE,Standard error,1,,N,National,,
DATAFLOW,SPC:DF_CLIMATE_CHANGE(1.0),Climate Change indicators,I,A,Annual,RAIN_ANOM,Precipitation anomalies,TV,Tuvalu,2005,,-1.7,,,,MM,Millimetre,SE,Standard error,1.1,,N,National,,
DATAFLOW,SPC:DF_CLIMATE_CHANGE(1.0),Climate Change indicators,I,A,Annual,RAIN_ANOM,Precipitation anomalies,TV,Tuvalu,2006,,-2.7,,,,MM,Millimetre,SE,Standard error,0.9,,N,National,,
DATAFLOW,SPC:DF_CLIMATE_CHANGE(1.0),Climate Change indicators,I,A,Annual,RAIN_ANOM,Precipitation anomalies,TV,Tuvalu,2007,,3.7,,,,MM,Millimetre,SE,Standard error,1,,N,National,,
DATAFLOW,SPC:DF_CLIMATE_CHANGE(1.0),Climate Change indicators,I,A,Annual,RAIN_ANOM,Precipitation anomalies,TV,Tuvalu,2008,,-29.7,,,,MM,Millimetre,SE,Standard error,0.9,,N,National,,
DATAFLOW,SPC:DF_CLIMATE_CHANGE(1.0),Climate Change indicators,I,A,Annual,RAIN_ANOM,Precipitation anomalies,TV,Tuvalu,2009,,-4.3,,,,MM,Millimetre,SE,Standard error,0.7,,N,National,,
DATAFLOW,SPC:DF_CLIMATE_CHANGE(1.0),Climate Change indicators,I,A,Annual,RAIN_ANOM,Precipitation anomalies,TV,Tuvalu,2010,,-8,,,,MM,Millimetre,SE,Standard error,1.5,,N,National,,
DATAFLOW,SPC:DF_CLIMATE_CHANGE(1.0),Climate Change indicators,I,A,Annual,RAIN_ANOM,Precipitation anomalies,TV,Tuvalu,2011,,-41.5,,,,MM,Millimetre,SE,Standard error,0.9,,N,National,,
DATAFLOW,SPC:DF_CLIMATE_CHANGE(1.0),Climate Change indicators,I,A,Annual,RAIN_ANOM,Precipitation anomalies,TV,Tuvalu,2012,,-8,,,,MM,Millimetre,SE,Standard error,0.7,,N,National,,
DATAFLOW,SPC:DF_CLIMATE_CHANGE(1.0),Climate Change indicators,I,A,Annual,RAIN_ANOM,Precipitation anomalies,TV,Tuvalu,2013,,8.5,,,,MM,Millimetre,SE,Standard error,1.3,,N,National,,
DATAFLOW,SPC:DF_CLIMATE_CHANGE(1.0),Climate Change indicators,I,A,Annual,RAIN_ANOM,Precipitation anomalies,TV,Tuvalu,2014,,-3.7,,,,MM,Millimetre,SE,Standard error,0.9,,N,National,,
DATAFLOW,SPC:DF_CLIMATE_CHANGE(1.0),Climate Change indicators,I,A,Annual,RAIN_ANOM,Precipitation anomalies,TV,Tuvalu,2015,,29.4,,,,MM,Millimetre,SE,Standard error,1,,N,National,,
DATAFLOW,SPC:DF_CLIMATE_CHANGE(1.0),Climate Change indicators,I,A,Annual,RAIN_ANOM,Precipitation anomalies,TV,Tuvalu,2016,,5.9,,,,MM,Millimetre,SE,Standard error,1.1,,N,National,,
DATAFLOW,SPC:DF_CLIMATE_CHANGE(1.0),Climate Change indicators,I,A,Annual,RAIN_ANOM,Precipitation anomalies,TV,Tuvalu,2017,,-1.6,,,,MM,Millimetre,SE,Standard error,0.8,,N,National,,
DATAFLOW,SPC:DF_CLIMATE_CHANGE(1.0),Climate Change indicators,I,A,Annual,RAIN_ANOM,Precipitation anomalies,TV,Tuvalu,2018,,-9,,,,MM,Millimetre,SE,Standard error,1.4,,N,National,,
DATAFLOW,SPC:DF_CLIMATE_CHANGE(1.0),Climate Change indicators,I,A,Annual,RAIN_ANOM,Precipitation anomalies,TV,Tuvalu,2019,,37.7,,,,MM,Millimetre,SE,Standard error,1.3,,N,National,,
DATAFLOW,SPC:DF_CLIMATE_CHANGE(1.0),Climate Change indicators,I,A,Annual,RAIN_ANOM,Precipitation anomalies,TV,Tuvalu,2020,,5.2,,,,MM,Millimetre,SE,Standard error,1.3,,N,National,,
DATAFLOW,SPC:DF_CLIMATE_CHANGE(1.0),Climate Change indicators,I,A,Annual,RAIN_ANOM,Precipitation anomalies,TV,Tuvalu,2021,,-15.2,,,,MM,Millimetre,SE,Standard error,1,,N,National,,
DATAFLOW,SPC:DF_CLIMATE_CHANGE(1.0),Climate Change indicators,I,A,Annual,RAIN_ANOM,Precipitation anomalies,TV,Tuvalu,2022,,-35.8,,,,MM,Millimetre,SE,Standard error,1,,N,National,,
DATAFLOW,SPC:DF_CLIMATE_CHANGE(1.0),Climate Change indicators,I,A,Annual,RAIN_ANOM,Precipitation anomalies,TV,Tuvalu,2023,,-12,,,,MM,Millimetre,SE,Standard error,0.8,,N,National,,
DATAFLOW,SPC:DF_CLIMATE_CHANGE(1.0),Climate Change indicators,I,A,Annual,RAIN_ANOM,Precipitation anomalies,TV,Tuvalu,2024,,4.5,,,,MM,Millimetre,SE,Standard error,0.8,,N,National,,
DATAFLOW,SPC:DF_CLIMATE_CHANGE(1.0),Climate Change indicators,I,A,Annual,RAIN_ANOM,Precipitation anomalies,TV,Tuvalu,2025,,-15.6,,,,MM,Millimetre,SE,Standard error,0.5,,N,National,,
DATAFLOW,SPC:DF_CLIMATE_CHANGE(1.0),Climate Change indicators,I,A,Annual,RAIN_ANOM,Precipitation anomalies,CK,Cook Islands,1979,,-7.4,,,,MM,Millimetre,SE,Standard error,0.5,,N,National,,
DATAFLOW,SPC:DF_CLIMATE_CHANGE(1.0),Climate Change indicators,I,A,Annual,RAIN_ANOM,Precipitation anomalies,CK,Cook Islands,1980,,-4.7,,,,MM,Millimetre,SE,Standard error,0.6,,N,National,,
DATAFLOW,SPC:DF_CLIMATE_CHANGE(1.0),Climate Change indicators,I,A,Annual,RAIN_ANOM,Precipitation anomalies,CK,Cook Islands,1981,,5.5,,,,MM,Millimetre,SE,Standard error,0.8,,N,National,,
DATAFLOW,SPC:DF_CLIMATE_CHANGE(1.0),Climate Change indicators,I,A,Annual,RAIN_ANOM,Precipitation anomalies,CK,Cook Islands,1982,,-18.8,,,,MM,Millimetre,SE,Standard error,0.5,,N,National,,
DATAFLOW,SPC:DF_CLIMATE_CHANGE(1.0),Climate Change indicators,I,A,Annual,RAIN_ANOM,Precipitation anomalies,CK,Cook Islands,1983,,-11.2,,,,MM,Millimetre,SE,Standard error,0.5,,N,National,,
DATAFLOW,SPC:DF_CLIMATE_CHANGE(1.0),Climate Change indicators,I,A,Annual,RAIN_ANOM,Precipitation anomalies,CK,Cook Islands,1984,,6.8,,,,MM,Millimetre,SE,Standard error,0.7,,N,National,,
DATAFLOW,SPC:DF_CLIMATE_CHANGE(1.0),Climate Change indicators,I,A,Annual,RAIN_ANOM,Precipitation anomalies,CK,Cook Islands,1985,,0.1,,,,MM,Millimetre,SE,Standard error,0.8,,N,National,,
DATAFLOW,SPC:DF_CLIMATE_CHANGE(1.0),Climate Change indicators,I,A,Annual,RAIN_ANOM,Precipitation anomalies,CK,Cook Islands,1986,,-6.3,,,,MM,Millimetre,SE,Standard error,0.6,,N,National,,
DATAFLOW,SPC:DF_CLIMATE_CHANGE(1.0),Climate Change indicators,I,A,Annual,RAIN_ANOM,Precipitation anomalies,CK,Cook Islands,1987,,0.5,,,,MM,Millimetre,SE,Standard error,0.6,,N,National,,
DATAFLOW,SPC:DF_CLIMATE_CHANGE(1.0),Climate Change indicators,I,A,Annual,RAIN_ANOM,Precipitation anomalies,CK,Cook Islands,1988,,22.2,,,,MM,Millimetre,SE,Standard error,1,,N,National,,
DATAFLOW,SPC:DF_CLIMATE_CHANGE(1.0),Climate Change indicators,I,A,Annual,RAIN_ANOM,Precipitation anomalies,CK,Cook Islands,1989,,-11.6,,,,MM,Millimetre,SE,Standard error,0.5,,N,National,,
DATAFLOW,SPC:DF_CLIMATE_CHANGE(1.0),Climate Change indicators,I,A,Annual,RAIN_ANOM,Precipitation anomalies,CK,Cook Islands,1990,,-4.7,,,,MM,Millimetre,SE,Standard error,1.1,,N,National,,
DATAFLOW,SPC:DF_CLIMATE_CHANGE(1.0),Climate Change indicators,I,A,Annual,RAIN_ANOM,Precipitation anomalies,CK,Cook Islands,1991,,-9.9,,,,MM,Millimetre,SE,Standard error,0.6,,N,National,,
DATAFLOW,SPC:DF_CLIMATE_CHANGE(1.0),Climate Change indicators,I,A,Annual,RAIN_ANOM,Precipitation anomalies,CK,Cook Islands,1992,,-6,,,,MM,Millimetre,SE,Standard error,0.7,,N,National,,
DATAFLOW,SPC:DF_CLIMATE_CHANGE(1.0),Climate Change indicators,I,A,Annual,RAIN_ANOM,Precipitation anomalies,CK,Cook Islands,1993,,0.5,,,,MM,Millimetre,SE,Standard error,0.6,,N,National,,
DATAFLOW,SPC:DF_CLIMATE_CHANGE(1.0),Climate Change indicators,I,A,Annual,RAIN_ANOM,Precipitation anomalies,CK,Cook Islands,1994,,-1.4,,,,MM,Millimetre,SE,Standard error,0.6,,N,National,,
DATAFLOW,SPC:DF_CLIMATE_CHANGE(1.0),Climate Change indicators,I,A,Annual,RAIN_ANOM,Precipitation anomalies,CK,Cook Islands,1995,,6.7,,,,MM,Millimetre,SE,Standard error,0.7,,N,National,,
DATAFLOW,SPC:DF_CLIMATE_CHANGE(1.0),Climate Change indicators,I,A,Annual,RAIN_ANOM,Precipitation anomalies,CK,Cook Islands,1996,,2.3,,,,MM,Millimetre,SE,Standard error,1.1,,N,National,,
DATAFLOW,SPC:DF_CLIMATE_CHANGE(1.0),Climate Change indicators,I,A,Annual,RAIN_ANOM,Precipitation anomalies,CK,Cook Islands,1997,,-4.1,,,,MM,Millimetre,SE,Standard error,0.7,,N,National,,
DATAFLOW,SPC:DF_CLIMATE_CHANGE(1.0),Climate Change indicators,I,A,Annual,RAIN_ANOM,Precipitation anomalies,CK,Cook Islands,1998,,-5.8,,,,MM,Millimetre,SE,Standard error,0.6,,N,National,,
DATAFLOW,SPC:DF_CLIMATE_CHANGE(1.0),Climate Change indicators,I,A,Annual,RAIN_ANOM,Precipitation anomalies,CK,Cook Islands,1999,,1.3,,,,MM,Millimetre,SE,Standard error,0.7,,N,National,,
DATAFLOW,SPC:DF_CLIMATE_CHANGE(1.0),Climate Change indicators,I,A,Annual,RAIN_ANOM,Precipitation anomalies,CK,Cook Islands,2000,,-13.9,,,,MM,Millimetre,SE,Standard error,0.5,,N,National,,
DATAFLOW,SPC:DF_CLIMATE_CHANGE(1.0),Climate Change indicators,I,A,Annual,RAIN_ANOM,Precipitation anomalies,CK,Cook Islands,2001,,3.6,,,,MM,Millimetre,SE,Standard error,0.6,,N,National,,
DATAFLOW,SPC:DF_CLIMATE_CHANGE(1.0),Climate Change indicators,I,A,Annual,RAIN_ANOM,Precipitation anomalies,CK,Cook Islands,2002,,-8.3,,,,MM,Millimetre,SE,Standard error,0.6,,N,National,,
DATAFLOW,SPC:DF_CLIMATE_CHANGE(1.0),Climate Change indicators,I,A,Annual,RAIN_ANOM,Precipitation anomalies,CK,Cook Islands,2003,,12.4,,,,MM,Millimetre,SE,Standard error,1,,N,National,,
DATAFLOW,SPC:DF_CLIMATE_CHANGE(1.0),Climate Change indicators,I,A,Annual,RAIN_ANOM,Precipitation anomalies,CK,Cook Islands,2004,,2,,,,MM,Millimetre,SE,Standard error,0.7,,N,National,,
DATAFLOW,SPC:DF_CLIMATE_CHANGE(1.0),Climate Change indicators,I,A,Annual,RAIN_ANOM,Precipitation anomalies,CK,Cook Islands,2005,,12.4,,,,MM,Millimetre,SE,Standard error,1.4,,N,National,,
DATAFLOW,SPC:DF_CLIMATE_CHANGE(1.0),Climate Change indicators,I,A,Annual,RAIN_ANOM,Precipitation anomalies,CK,Cook Islands,2006,,3.5,,,,MM,Millimetre,SE,Standard error,0.7,,N,National,,
DATAFLOW,SPC:DF_CLIMATE_CHANGE(1.0),Climate Change indicators,I,A,Annual,RAIN_ANOM,Precipitation anomalies,CK,Cook Islands,2007,,4,,,,MM,Millimetre,SE,Standard error,0.9,,N,National,,
DATAFLOW,SPC:DF_CLIMATE_CHANGE(1.0),Climate Change indicators,I,A,Annual,RAIN_ANOM,Precipitation anomalies,CK,Cook Islands,2008,,-7.3,,,,MM,Millimetre,SE,Standard error,0.8,,N,National,,
DATAFLOW,SPC:DF_CLIMATE_CHANGE(1.0),Climate Change indicators,I,A,Annual,RAIN_ANOM,Precipitation anomalies,CK,Cook Islands,2009,,-3.8,,,,MM,Millimetre,SE,Standard error,0.5,,N,National,,
DATAFLOW,SPC:DF_CLIMATE_CHANGE(1.0),Climate Change indicators,I,A,Annual,RAIN_ANOM,Precipitation anomalies,CK,Cook Islands,2010,,0.7,,,,MM,Millimetre,SE,Standard error,1,,N,National,,
DATAFLOW,SPC:DF_CLIMATE_CHANGE(1.0),Climate Change indicators,I,A,Annual,RAIN_ANOM,Precipitation anomalies,CK,Cook Islands,2011,,-14.2,,,,MM,Millimetre,SE,Standard error,0.7,,N,National,,
DATAFLOW,SPC:DF_CLIMATE_CHANGE(1.0),Climate Change indicators,I,A,Annual,RAIN_ANOM,Precipitation anomalies,CK,Cook Islands,2012,,-1.1,,,,MM,Millimetre,SE,Standard error,0.7,,N,National,,
DATAFLOW,SPC:DF_CLIMATE_CHANGE(1.0),Climate Change indicators,I,A,Annual,RAIN_ANOM,Precipitation anomalies,CK,Cook Islands,2013,,-3.4,,,,MM,Millimetre,SE,Standard error,0.8,,N,National,,
DATAFLOW,SPC:DF_CLIMATE_CHANGE(1.0),Climate Change indicators,I,A,Annual,RAIN_ANOM,Precipitation anomalies,CK,Cook Islands,2014,,3.1,,,,MM,Millimetre,SE,Standard error,1,,N,National,,
DATAFLOW,SPC:DF_CLIMATE_CHANGE(1.0),Climate Change indicators,I,A,Annual,RAIN_ANOM,Precipitation anomalies,CK,Cook Islands,2015,,-5.9,,,,MM,Millimetre,SE,Standard error,0.8,,N,National,,
DATAFLOW,SPC:DF_CLIMATE_CHANGE(1.0),Climate Change indicators,I,A,Annual,RAIN_ANOM,Precipitation anomalies,CK,Cook Islands,2016,,11.1,,,,MM,Millimetre,SE,Standard error,0.7,,N,National,,
DATAFLOW,SPC:DF_CLIMATE_CHANGE(1.0),Climate Change indicators,I,A,Annual,RAIN_ANOM,Precipitation anomalies,CK,Cook Islands,2017,,-0.6,,,,MM,Millimetre,SE,Standard error,0.7,,N,National,,
DATAFLOW,SPC:DF_CLIMATE_CHANGE(1.0),Climate Change indicators,I,A,Annual,RAIN_ANOM,Precipitation anomalies,CK,Cook Islands,2018,,1.1,,,,MM,Millimetre,SE,Standard error,0.9,,N,National,,
DATAFLOW,SPC:DF_CLIMATE_CHANGE(1.0),Climate Change indicators,I,A,Annual,RAIN_ANOM,Precipitation anomalies,CK,Cook Islands,2019,,21.2,,,,MM,Millimetre,SE,Standard error,0.8,,N,National,,
DATAFLOW,SPC:DF_CLIMATE_CHANGE(1.0),Climate Change indicators,I,A,Annual,RAIN_ANOM,Precipitation anomalies,CK,Cook Islands,2020,,-0.1,,,,MM,Millimetre,SE,Standard error,0.7,,N,National,,
DATAFLOW,SPC:DF_CLIMATE_CHANGE(1.0),Climate Change indicators,I,A,Annual,RAIN_ANOM,Precipitation anomalies,CK,Cook Islands,2021,,-13.8,,,,MM,Millimetre,SE,Standard error,0.5,,N,National,,
DATAFLOW,SPC:DF_CLIMATE_CHANGE(1.0),Climate Change indicators,I,A,Annual,RAIN_ANOM,Precipitation anomalies,CK,Cook Islands,2022,,-8.1,,,,MM,Millimetre,SE,Standard error,0.9,,N,National,,
DATAFLOW,SPC:DF_CLIMATE_CHANGE(1.0),Climate Change indicators,I,A,Annual,RAIN_ANOM,Precipitation anomalies,CK,Cook Islands,2023,,-5.2,,,,MM,Millimetre,SE,Standard error,0.6,,N,National,,
DATAFLOW,SPC:DF_CLIMATE_CHANGE(1.0),Climate Change indicators,I,A,Annual,RAIN_ANOM,Precipitation anomalies,CK,Cook Islands,2024,,3.7,,,,MM,Millimetre,SE,Standard error,0.8,,N,National,,
DATAFLOW,SPC:DF_CLIMATE_CHANGE(1.0),Climate Change indicators,I,A,Annual,RAIN_ANOM,Precipitation anomalies,CK,Cook Islands,2025,,-7.2,,,,MM,Millimetre,SE,Standard error,0.6,,N,National,,
DATAFLOW,SPC:DF_CLIMATE_CHANGE(1.0),Climate Change indicators,I,A,Annual,RAIN_ANOM,Precipitation anomalies,FJ,Fiji,1979,,4.7,,,,MM,Millimetre,SE,Standard error,1.1,,N,National,,
DATAFLOW,SPC:DF_CLIMATE_CHANGE(1.0),Climate Change indicators,I,A,Annual,RAIN_ANOM,Precipitation anomalies,FJ,Fiji,1980,,11.9,,,,MM,Millimetre,SE,Standard error,1.2,,N,National,,
DATAFLOW,SPC:DF_CLIMATE_CHANGE(1.0),Climate Change indicators,I,A,Annual,RAIN_ANOM,Precipitation anomalies,FJ,Fiji,1981,,4.7,,,,MM,Millimetre,SE,Standard error,1.1,,N,National,,
DATAFLOW,SPC:DF_CLIMATE_CHANGE(1.0),Climate Change indicators,I,A,Annual,RAIN_ANOM,Precipitation anomalies,FJ,Fiji,1982,,7.7,,,,MM,Millimetre,SE,Standard error,1.3,,N,National,,
DATAFLOW,SPC:DF_CLIMATE_CHANGE(1.0),Climate Change indicators,I,A,Annual,RAIN_ANOM,Precipitation anomalies,FJ,Fiji,1983,,-11.1,,,,MM,Millimetre,SE,Standard error,0.9,,N,National,,
DATAFLOW,SPC:DF_CLIMATE_CHANGE(1.0),Climate Change indicators,I,A,Annual,RAIN_ANOM,Precipitation anomalies,FJ,Fiji,1984,,3.6,,,,MM,Millimetre,SE,Standard error,1,,N,National,,
DATAFLOW,SPC:DF_CLIMATE_CHANGE(1.0),Climate Change indicators,I,A,Annual,RAIN_ANOM,Precipitation anomalies,FJ,Fiji,1985,,12.7,,,,MM,Millimetre,SE,Standard error,1,,N,National,,
DATAFLOW,SPC:DF_CLIMATE_CHANGE(1.0),Climate Change indicators,I,A,Annual,RAIN_ANOM,Precipitation anomalies,FJ,Fiji,1986,,8.6,,,,MM,Millimetre,SE,Standard error,1.7,,N,National,,
DATAFLOW,SPC:DF_CLIMATE_CHANGE(1.0),Climate Change indicators,I,A,Annual,RAIN_ANOM,Precipitation anomalies,FJ,Fiji,1987,,-21.8,,,,MM,Millimetre,SE,Standard error,1,,N,National,,
DATAFLOW,SPC:DF_CLIMATE_CHANGE(1.0),Climate Change indicators,I,A,Annual,RAIN_ANOM,Precipitation anomalies,FJ,Fiji,1988,,6.5,,,,MM,Millimetre,SE,Standard error,1,,N,National,,
DATAFLOW,SPC:DF_CLIMATE_CHANGE(1.0),Climate Change indicators,I,A,Annual,RAIN_ANOM,Precipitation anomalies,FJ,Fiji,1989,,6.2,,,,MM,Millimetre,SE,Standard error,1.3,,N,National,,
DATAFLOW,SPC:DF_CLIMATE_CHANGE(1.0),Climate Change indicators,I,A,Annual,RAIN_ANOM,Precipitation anomalies,FJ,Fiji,1990,,0.2,,,,MM,Millimetre,SE,Standard error,0.8,,N,National,,
DATAFLOW,SPC:DF_CLIMATE_CHANGE(1.0),Climate Change indicators,I,A,Annual,RAIN_ANOM,Precipitation anomalies,FJ,Fiji,1991,,-9.4,,,,MM,Millimetre,SE,Standard error,0.8,,N,National,,
DATAFLOW,SPC:DF_CLIMATE_CHANGE(1.0),Climate Change indicators,I,A,Annual,RAIN_ANOM,Precipitation anomalies,FJ,Fiji,1992,,-15.3,,,,MM,Millimetre,SE,Standard error,0.6,,N,National,,
DATAFLOW,SPC:DF_CLIMATE_CHANGE(1.0),Climate Change indicators,I,A,Annual,RAIN_ANOM,Precipitation anomalies,FJ,Fiji,1993,,-4.6,,,,MM,Millimetre,SE,Standard error,1,,N,National,,
DATAFLOW,SPC:DF_CLIMATE_CHANGE(1.0),Climate Change indicators,I,A,Annual,RAIN_ANOM,Precipitation anomalies,FJ,Fiji,1994,,-9.7,,,,MM,Millimetre,SE,Standard error,1.1,,N,National,,
DATAFLOW,SPC:DF_CLIMATE_CHANGE(1.0),Climate Change indicators,I,A,Annual,RAIN_ANOM,Precipitation anomalies,FJ,Fiji,1995,,-10.9,,,,MM,Millimetre,SE,Standard error,1,,N,National,,
DATAFLOW,SPC:DF_CLIMATE_CHANGE(1.0),Climate Change indicators,I,A,Annual,RAIN_ANOM,Precipitation anomalies,FJ,Fiji,1996,,10.3,,,,MM,Millimetre,SE,Standard error,1,,N,National,,
DATAFLOW,SPC:DF_CLIMATE_CHANGE(1.0),Climate Change indicators,I,A,Annual,RAIN_ANOM,Precipitation anomalies,FJ,Fiji,1997,,8.9,,,,MM,Millimetre,SE,Standard error,1.5,,N,National,,
DATAFLOW,SPC:DF_CLIMATE_CHANGE(1.0),Climate Change indicators,I,A,Annual,RAIN_ANOM,Precipitation anomalies,FJ,Fiji,1998,,-24.2,,,,MM,Millimetre,SE,Standard error,0.8,,N,National,,
DATAFLOW,SPC:DF_CLIMATE_CHANGE(1.0),Climate Change indicators,I,A,Annual,RAIN_ANOM,Precipitation anomalies,FJ,Fiji,1999,,19.6,,,,MM,Millimetre,SE,Standard error,1.2,,N,National,,
DATAFLOW,SPC:DF_CLIMATE_CHANGE(1.0),Climate Change indicators,I,A,Annual,RAIN_ANOM,Precipitation anomalies,FJ,Fiji,2000,,21.7,,,,MM,Millimetre,SE,Standard error,1,,N,National,,
DATAFLOW,SPC:DF_CLIMATE_CHANGE(1.0),Climate Change indicators,I,A,Annual,RAIN_ANOM,Precipitation anomalies,FJ,Fiji,2001,,-1.8,,,,MM,Millimetre,SE,Standard error,0.8,,N,National,,
DATAFLOW,SPC:DF_CLIMATE_CHANGE(1.0),Climate Change indicators,I,A,Annual,RAIN_ANOM,Precipitation anomalies,FJ,Fiji,2002,,-0.1,,,,MM,Millimetre,SE,Standard error,0.9,,N,National,,
DATAFLOW,SPC:DF_CLIMATE_CHANGE(1.0),Climate Change indicators,I,A,Annual,RAIN_ANOM,Precipitation anomalies,FJ,Fiji,2003,,-17.8,,,,MM,Millimetre,SE,Standard error,0.7,,N,National,,
DATAFLOW,SPC:DF_CLIMATE_CHANGE(1.0),Climate Change indicators,I,A,Annual,RAIN_ANOM,Precipitation anomalies,FJ,Fiji,2004,,-10,,,,MM,Millimetre,SE,Standard error,0.9,,N,National,,
DATAFLOW,SPC:DF_CLIMATE_CHANGE(1.0),Climate Change indicators,I,A,Annual,RAIN_ANOM,Precipitation anomalies,FJ,Fiji,2005,,-5.1,,,,MM,Millimetre,SE,Standard error,0.7,,N,National,,
DATAFLOW,SPC:DF_CLIMATE_CHANGE(1.0),Climate Change indicators,I,A,Annual,RAIN_ANOM,Precipitation anomalies,FJ,Fiji,2006,,-10.9,,,,MM,Millimetre,SE,Standard error,0.6,,N,National,,
DATAFLOW,SPC:DF_CLIMATE_CHANGE(1.0),Climate Change indicators,I,A,Annual,RAIN_ANOM,Precipitation anomalies,FJ,Fiji,2007,,10.9,,,,MM,Millimetre,SE,Standard error,1.1,,N,National,,
DATAFLOW,SPC:DF_CLIMATE_CHANGE(1.0),Climate Change indicators,I,A,Annual,RAIN_ANOM,Precipitation anomalies,FJ,Fiji,2008,,5.4,,,,MM,Millimetre,SE,Standard error,1.2,,N,National,,
DATAFLOW,SPC:DF_CLIMATE_CHANGE(1.0),Climate Change indicators,I,A,Annual,RAIN_ANOM,Precipitation anomalies,FJ,Fiji,2009,,14.4,,,,MM,Millimetre,SE,Standard error,1.7,,N,National,,
DATAFLOW,SPC:DF_CLIMATE_CHANGE(1.0),Climate Change indicators,I,A,Annual,RAIN_ANOM,Precipitation anomalies,FJ,Fiji,2010,,0.2,,,,MM,Millimetre,SE,Standard error,1.1,,N,National,,
DATAFLOW,SPC:DF_CLIMATE_CHANGE(1.0),Climate Change indicators,I,A,Annual,RAIN_ANOM,Precipitation anomalies,FJ,Fiji,2011,,10.5,,,,MM,Millimetre,SE,Standard error,0.7,,N,National,,
DATAFLOW,SPC:DF_CLIMATE_CHANGE(1.0),Climate Change indicators,I,A,Annual,RAIN_ANOM,Precipitation anomalies,FJ,Fiji,2012,,23.9,,,,MM,Millimetre,SE,Standard error,1.2,,N,National,,
DATAFLOW,SPC:DF_CLIMATE_CHANGE(1.0),Climate Change indicators,I,A,Annual,RAIN_ANOM,Precipitation anomalies,FJ,Fiji,2013,,8.1,,,,MM,Millimetre,SE,Standard error,0.9,,N,National,,
DATAFLOW,SPC:DF_CLIMATE_CHANGE(1.0),Climate Change indicators,I,A,Annual,RAIN_ANOM,Precipitation anomalies,FJ,Fiji,2014,,-14.4,,,,MM,Millimetre,SE,Standard error,0.9,,N,National,,
DATAFLOW,SPC:DF_CLIMATE_CHANGE(1.0),Climate Change indicators,I,A,Annual,RAIN_ANOM,Precipitation anomalies,FJ,Fiji,2015,,-21,,,,MM,Millimetre,SE,Standard error,0.8,,N,National,,
DATAFLOW,SPC:DF_CLIMATE_CHANGE(1.0),Climate Change indicators,I,A,Annual,RAIN_ANOM,Precipitation anomalies,FJ,Fiji,2016,,-0.7,,,,MM,Millimetre,SE,Standard error,1.3,,N,National,,
DATAFLOW,SPC:DF_CLIMATE_CHANGE(1.0),Climate Change indicators,I,A,Annual,RAIN_ANOM,Precipitation anomalies,FJ,Fiji,2017,,-2.1,,,,MM,Millimetre,SE,Standard error,1.2,,N,National,,
DATAFLOW,SPC:DF_CLIMATE_CHANGE(1.0),Climate Change indicators,I,A,Annual,RAIN_ANOM,Precipitation anomalies,FJ,Fiji,2018,,1.8,,,,MM,Millimetre,SE,Standard error,1.1,,N,National,,
DATAFLOW,SPC:DF_CLIMATE_CHANGE(1.0),Climate Change indicators,I,A,Annual,RAIN_ANOM,Precipitation anomalies,FJ,Fiji,2019,,19.9,,,,MM,Millimetre,SE,Standard error,1,,N,National,,
DATAFLOW,SPC:DF_CLIMATE_CHANGE(1.0),Climate Change indicators,I,A,Annual,RAIN_ANOM,Precipitation anomalies,FJ,Fiji,2020,,2.1,,,,MM,Millimetre,SE,Standard error,1.2,,N,National,,
DATAFLOW,SPC:DF_CLIMATE_CHANGE(1.0),Climate Change indicators,I,A,Annual,RAIN_ANOM,Precipitation anomalies,FJ,Fiji,2021,,8.1,,,,MM,Millimetre,SE,Standard error,1.2,,N,National,,
DATAFLOW,SPC:DF_CLIMATE_CHANGE(1.0),Climate Change indicators,I,A,Annual,RAIN_ANOM,Precipitation anomalies,FJ,Fiji,2022,,12.7,,,,MM,Millimetre,SE,Standard error,1.4,,N,National,,
DATAFLOW,SPC:DF_CLIMATE_CHANGE(1.0),Climate Change indicators,I,A,Annual,RAIN_ANOM,Precipitation anomalies,FJ,Fiji,2023,,-3.3,,,,MM,Millimetre,SE,Standard error,0.9,,N,National,,
DATAFLOW,SPC:DF_CLIMATE_CHANGE(1.0),Climate Change indicators,I,A,Annual,RAIN_ANOM,Precipitation anomalies,FJ,Fiji,2024,,16.6,,,,MM,Millimetre,SE,Standard error,1.5,,N,National,,
DATAFLOW,SPC:DF_CLIMATE_CHANGE(1.0),Climate Change indicators,I,A,Annual,RAIN_ANOM,Precipitation anomalies,FJ,Fiji,2025,,1.3,,,,MM,Millimetre,SE,Standard error,1,,N,National,,
DATAFLOW,SPC:DF_CLIMATE_CHANGE(1.0),Climate Change indicators,I,A,Annual,RAIN_ANOM,Precipitation anomalies,NR,Naoero,1979,,21.6,,,,MM,Millimetre,SE,Standard error,0.9,,N,National,,
DATAFLOW,SPC:DF_CLIMATE_CHANGE(1.0),Climate Change indicators,I,A,Annual,RAIN_ANOM,Precipitation anomalies,NR,Naoero,1980,,25.5,,,,MM,Millimetre,SE,Standard error,0.7,,N,National,,
DATAFLOW,SPC:DF_CLIMATE_CHANGE(1.0),Climate Change indicators,I,A,Annual,RAIN_ANOM,Precipitation anomalies,NR,Naoero,1981,,4.5,,,,MM,Millimetre,SE,Standard error,1.1,,N,National,,
DATAFLOW,SPC:DF_CLIMATE_CHANGE(1.0),Climate Change indicators,I,A,Annual,RAIN_ANOM,Precipitation anomalies,NR,Naoero,1982,,16.2,,,,MM,Millimetre,SE,Standard error,0.6,,N,National,,
DATAFLOW,SPC:DF_CLIMATE_CHANGE(1.0),Climate Change indicators,I,A,Annual,RAIN_ANOM,Precipitation anomalies,NR,Naoero,1983,,-13.5,,,,MM,Millimetre,SE,Standard error,0.5,,N,National,,
DATAFLOW,SPC:DF_CLIMATE_CHANGE(1.0),Climate Change indicators,I,A,Annual,RAIN_ANOM,Precipitation anomalies,NR,Naoero,1984,,-31.8,,,,MM,Millimetre,SE,Standard error,0.8,,N,National,,
DATAFLOW,SPC:DF_CLIMATE_CHANGE(1.0),Climate Change indicators,I,A,Annual,RAIN_ANOM,Precipitation anomalies,NR,Naoero,1985,,-11.1,,,,MM,Millimetre,SE,Standard error,0.9,,N,National,,
DATAFLOW,SPC:DF_CLIMATE_CHANGE(1.0),Climate Change indicators,I,A,Annual,RAIN_ANOM,Precipitation anomalies,NR,Naoero,1986,,18.2,,,,MM,Millimetre,SE,Standard error,1.2,,N,National,,
DATAFLOW,SPC:DF_CLIMATE_CHANGE(1.0),Climate Change indicators,I,A,Annual,RAIN_ANOM,Precipitation anomalies,NR,Naoero,1987,,37.9,,,,MM,Millimetre,SE,Standard error,0.9,,N,National,,
DATAFLOW,SPC:DF_CLIMATE_CHANGE(1.0),Climate Change indicators,I,A,Annual,RAIN_ANOM,Precipitation anomalies,NR,Naoero,1988,,-25.4,,,,MM,Millimetre,SE,Standard error,1.3,,N,National,,
DATAFLOW,SPC:DF_CLIMATE_CHANGE(1.0),Climate Change indicators,I,A,Annual,RAIN_ANOM,Precipitation anomalies,NR,Naoero,1989,,-34.2,,,,MM,Millimetre,SE,Standard error,0.8,,N,National,,
DATAFLOW,SPC:DF_CLIMATE_CHANGE(1.0),Climate Change indicators,I,A,Annual,RAIN_ANOM,Precipitation anomalies,NR,Naoero,1990,,27.4,,,,MM,Millimetre,SE,Standard error,0.9,,N,National,,
DATAFLOW,SPC:DF_CLIMATE_CHANGE(1.0),Climate Change indicators,I,A,Annual,RAIN_ANOM,Precipitation anomalies,NR,Naoero,1991,,26.5,,,,MM,Millimetre,SE,Standard error,1,,N,National,,
DATAFLOW,SPC:DF_CLIMATE_CHANGE(1.0),Climate Change indicators,I,A,Annual,RAIN_ANOM,Precipitation anomalies,NR,Naoero,1992,,40.5,,,,MM,Millimetre,SE,Standard error,1,,N,National,,
DATAFLOW,SPC:DF_CLIMATE_CHANGE(1.0),Climate Change indicators,I,A,Annual,RAIN_ANOM,Precipitation anomalies,NR,Naoero,1993,,53.6,,,,MM,Millimetre,SE,Standard error,1,,N,National,,
DATAFLOW,SPC:DF_CLIMATE_CHANGE(1.0),Climate Change indicators,I,A,Annual,RAIN_ANOM,Precipitation anomalies,NR,Naoero,1994,,7.8,,,,MM,Millimetre,SE,Standard error,1,,N,National,,
DATAFLOW,SPC:DF_CLIMATE_CHANGE(1.0),Climate Change indicators,I,A,Annual,RAIN_ANOM,Precipitation anomalies,NR,Naoero,1995,,-14.3,,,,MM,Millimetre,SE,Standard error,1.1,,N,National,,
DATAFLOW,SPC:DF_CLIMATE_CHANGE(1.0),Climate Change indicators,I,A,Annual,RAIN_ANOM,Precipitation anomalies,NR,Naoero,1996,,-43.3,,,,MM,Millimetre,SE,Standard error,0.5,,N,National,,
DATAFLOW,SPC:DF_CLIMATE_CHANGE(1.0),Climate Change indicators,I,A,Annual,RAIN_ANOM,Precipitation anomalies,NR,Naoero,1997,,28.9,,,,MM,Millimetre,SE,Standard error,0.8,,N,National,,
DATAFLOW,SPC:DF_CLIMATE_CHANGE(1.0),Climate Change indicators,I,A,Annual,RAIN_ANOM,Precipitation anomalies,NR,Naoero,1998,,-30.2,,,,MM,Millimetre,SE,Standard error,0.5,,N,National,,
DATAFLOW,SPC:DF_CLIMATE_CHANGE(1.0),Climate Change indicators,I,A,Annual,RAIN_ANOM,Precipitation anomalies,NR,Naoero,1999,,-54.4,,,,MM,Millimetre,SE,Standard error,0.2,,N,National,,
DATAFLOW,SPC:DF_CLIMATE_CHANGE(1.0),Climate Change indicators,I,A,Annual,RAIN_ANOM,Precipitation anomalies,NR,Naoero,2000,,-44.2,,,,MM,Millimetre,SE,Standard error,0.3,,N,National,,
DATAFLOW,SPC:DF_CLIMATE_CHANGE(1.0),Climate Change indicators,I,A,Annual,RAIN_ANOM,Precipitation anomalies,NR,Naoero,2001,,-1.4,,,,MM,Millimetre,SE,Standard error,1.3,,N,National,,
DATAFLOW,SPC:DF_CLIMATE_CHANGE(1.0),Climate Change indicators,I,A,Annual,RAIN_ANOM,Precipitation anomalies,NR,Naoero,2002,,46.1,,,,MM,Millimetre,SE,Standard error,0.8,,N,National,,
DATAFLOW,SPC:DF_CLIMATE_CHANGE(1.0),Climate Change indicators,I,A,Annual,RAIN_ANOM,Precipitation anomalies,NR,Naoero,2003,,9.4,,,,MM,Millimetre,SE,Standard error,0.9,,N,National,,
DATAFLOW,SPC:DF_CLIMATE_CHANGE(1.0),Climate Change indicators,I,A,Annual,RAIN_ANOM,Precipitation anomalies,NR,Naoero,2004,,26.4,,,,MM,Millimetre,SE,Standard error,1,,N,National,,
DATAFLOW,SPC:DF_CLIMATE_CHANGE(1.0),Climate Change indicators,I,A,Annual,RAIN_ANOM,Precipitation anomalies,NR,Naoero,2005,,10,,,,MM,Millimetre,SE,Standard error,1,,N,National,,
DATAFLOW,SPC:DF_CLIMATE_CHANGE(1.0),Climate Change indicators,I,A,Annual,RAIN_ANOM,Precipitation anomalies,NR,Naoero,2006,,-4.1,,,,MM,Millimetre,SE,Standard error,1.1,,N,National,,
DATAFLOW,SPC:DF_CLIMATE_CHANGE(1.0),Climate Change indicators,I,A,Annual,RAIN_ANOM,Precipitation anomalies,NR,Naoero,2007,,-11.8,,,,MM,Millimetre,SE,Standard error,1.1,,N,National,,
DATAFLOW,SPC:DF_CLIMATE_CHANGE(1.0),Climate Change indicators,I,A,Annual,RAIN_ANOM,Precipitation anomalies,NR,Naoero,2008,,-49.1,,,,MM,Millimetre,SE,Standard error,0.3,,N,National,,
DATAFLOW,SPC:DF_CLIMATE_CHANGE(1.0),Climate Change indicators,I,A,Annual,RAIN_ANOM,Precipitation anomalies,NR,Naoero,2009,,3.6,,,,MM,Millimetre,SE,Standard error,1.3,,N,National,,
DATAFLOW,SPC:DF_CLIMATE_CHANGE(1.0),Climate Change indicators,I,A,Annual,RAIN_ANOM,Precipitation anomalies,NR,Naoero,2010,,-6.8,,,,MM,Millimetre,SE,Standard error,1.6,,N,National,,
DATAFLOW,SPC:DF_CLIMATE_CHANGE(1.0),Climate Change indicators,I,A,Annual,RAIN_ANOM,Precipitation anomalies,NR,Naoero,2011,,-42.4,,,,MM,Millimetre,SE,Standard error,0.4,,N,National,,
DATAFLOW,SPC:DF_CLIMATE_CHANGE(1.0),Climate Change indicators,I,A,Annual,RAIN_ANOM,Precipitation anomalies,NR,Naoero,2012,,-9.6,,,,MM,Millimetre,SE,Standard error,0.8,,N,National,,
DATAFLOW,SPC:DF_CLIMATE_CHANGE(1.0),Climate Change indicators,I,A,Annual,RAIN_ANOM,Precipitation anomalies,NR,Naoero,2013,,-17.5,,,,MM,Millimetre,SE,Standard error,1,,N,National,,
DATAFLOW,SPC:DF_CLIMATE_CHANGE(1.0),Climate Change indicators,I,A,Annual,RAIN_ANOM,Precipitation anomalies,NR,Naoero,2014,,22.7,,,,MM,Millimetre,SE,Standard error,1.1,,N,National,,
DATAFLOW,SPC:DF_CLIMATE_CHANGE(1.0),Climate Change indicators,I,A,Annual,RAIN_ANOM,Precipitation anomalies,NR,Naoero,2015,,49.5,,,,MM,Millimetre,SE,Standard error,0.6,,N,National,,
DATAFLOW,SPC:DF_CLIMATE_CHANGE(1.0),Climate Change indicators,I,A,Annual,RAIN_ANOM,Precipitation anomalies,NR,Naoero,2016,,-5,,,,MM,Millimetre,SE,Standard error,1.6,,N,National,,
DATAFLOW,SPC:DF_CLIMATE_CHANGE(1.0),Climate Change indicators,I,A,Annual,RAIN_ANOM,Precipitation anomalies,NR,Naoero,2017,,-22.2,,,,MM,Millimetre,SE,Standard error,0.8,,N,National,,
DATAFLOW,SPC:DF_CLIMATE_CHANGE(1.0),Climate Change indicators,I,A,Annual,RAIN_ANOM,Precipitation anomalies,NR,Naoero,2018,,-9.7,,,,MM,Millimetre,SE,Standard error,1,,N,National,,
DATAFLOW,SPC:DF_CLIMATE_CHANGE(1.0),Climate Change indicators,I,A,Annual,RAIN_ANOM,Precipitation anomalies,NR,Naoero,2019,,66.6,,,,MM,Millimetre,SE,Standard error,1.1,,N,National,,
DATAFLOW,SPC:DF_CLIMATE_CHANGE(1.0),Climate Change indicators,I,A,Annual,RAIN_ANOM,Precipitation anomalies,NR,Naoero,2020,,-25.3,,,,MM,Millimetre,SE,Standard error,1.2,,N,National,,
DATAFLOW,SPC:DF_CLIMATE_CHANGE(1.0),Climate Change indicators,I,A,Annual,RAIN_ANOM,Precipitation anomalies,NR,Naoero,2021,,-41.1,,,,MM,Millimetre,SE,Standard error,0.5,,N,National,,
DATAFLOW,SPC:DF_CLIMATE_CHANGE(1.0),Climate Change indicators,I,A,Annual,RAIN_ANOM,Precipitation anomalies,NR,Naoero,2022,,-48,,,,MM,Millimetre,SE,Standard error,0.4,,N,National,,
DATAFLOW,SPC:DF_CLIMATE_CHANGE(1.0),Climate Change indicators,I,A,Annual,RAIN_ANOM,Precipitation anomalies,NR,Naoero,2023,,11.1,,,,MM,Millimetre,SE,Standard error,1.1,,N,National,,
DATAFLOW,SPC:DF_CLIMATE_CHANGE(1.0),Climate Change indicators,I,A,Annual,RAIN_ANOM,Precipitation anomalies,NR,Naoero,2024,,-13.5,,,,MM,Millimetre,SE,Standard error,0.9,,N,National,,
DATAFLOW,SPC:DF_CLIMATE_CHANGE(1.0),Climate Change indicators,I,A,Annual,RAIN_ANOM,Precipitation anomalies,NR,Naoero,2025,,-41.8,,,,MM,Millimetre,SE,Standard error,0.4,,N,National,,
DATAFLOW,SPC:DF_CLIMATE_CHANGE(1.0),Climate Change indicators,I,A,Annual,RAIN_ANOM,Precipitation anomalies,KI,Kiribati,1979,,2.6,,,,MM,Millimetre,SE,Standard error,0.5,,N,National,,
DATAFLOW,SPC:DF_CLIMATE_CHANGE(1.0),Climate Change indicators,I,A,Annual,RAIN_ANOM,Precipitation anomalies,KI,Kiribati,1980,,1.5,,,,MM,Millimetre,SE,Standard error,0.4,,N,National,,
DATAFLOW,SPC:DF_CLIMATE_CHANGE(1.0),Climate Change indicators,I,A,Annual,RAIN_ANOM,Precipitation anomalies,KI,Kiribati,1981,,-2.8,,,,MM,Millimetre,SE,Standard error,0.5,,N,National,,
DATAFLOW,SPC:DF_CLIMATE_CHANGE(1.0),Climate Change indicators,I,A,Annual,RAIN_ANOM,Precipitation anomalies,KI,Kiribati,1982,,19.2,,,,MM,Millimetre,SE,Standard error,0.8,,N,National,,
DATAFLOW,SPC:DF_CLIMATE_CHANGE(1.0),Climate Change indicators,I,A,Annual,RAIN_ANOM,Precipitation anomalies,KI,Kiribati,1983,,11.1,,,,MM,Millimetre,SE,Standard error,0.8,,N,National,,
DATAFLOW,SPC:DF_CLIMATE_CHANGE(1.0),Climate Change indicators,I,A,Annual,RAIN_ANOM,Precipitation anomalies,KI,Kiribati,1984,,-19.9,,,,MM,Millimetre,SE,Standard error,0.2,,N,National,,
DATAFLOW,SPC:DF_CLIMATE_CHANGE(1.0),Climate Change indicators,I,A,Annual,RAIN_ANOM,Precipitation anomalies,KI,Kiribati,1985,,-12.6,,,,MM,Millimetre,SE,Standard error,0.3,,N,National,,
DATAFLOW,SPC:DF_CLIMATE_CHANGE(1.0),Climate Change indicators,I,A,Annual,RAIN_ANOM,Precipitation anomalies,KI,Kiribati,1986,,-0.4,,,,MM,Millimetre,SE,Standard error,0.5,,N,National,,
DATAFLOW,SPC:DF_CLIMATE_CHANGE(1.0),Climate Change indicators,I,A,Annual,RAIN_ANOM,Precipitation anomalies,KI,Kiribati,1987,,41.9,,,,MM,Millimetre,SE,Standard error,0.6,,N,National,,
DATAFLOW,SPC:DF_CLIMATE_CHANGE(1.0),Climate Change indicators,I,A,Annual,RAIN_ANOM,Precipitation anomalies,KI,Kiribati,1988,,-14,,,,MM,Millimetre,SE,Standard error,0.7,,N,National,,
DATAFLOW,SPC:DF_CLIMATE_CHANGE(1.0),Climate Change indicators,I,A,Annual,RAIN_ANOM,Precipitation anomalies,KI,Kiribati,1989,,-19.7,,,,MM,Millimetre,SE,Standard error,0.3,,N,National,,
DATAFLOW,SPC:DF_CLIMATE_CHANGE(1.0),Climate Change indicators,I,A,Annual,RAIN_ANOM,Precipitation anomalies,KI,Kiribati,1990,,10.4,,,,MM,Millimetre,SE,Standard error,0.5,,N,National,,
DATAFLOW,SPC:DF_CLIMATE_CHANGE(1.0),Climate Change indicators,I,A,Annual,RAIN_ANOM,Precipitation anomalies,KI,Kiribati,1991,,15.3,,,,MM,Millimetre,SE,Standard error,0.4,,N,National,,
DATAFLOW,SPC:DF_CLIMATE_CHANGE(1.0),Climate Change indicators,I,A,Annual,RAIN_ANOM,Precipitation anomalies,KI,Kiribati,1992,,37.3,,,,MM,Millimetre,SE,Standard error,1.3,,N,National,,
DATAFLOW,SPC:DF_CLIMATE_CHANGE(1.0),Climate Change indicators,I,A,Annual,RAIN_ANOM,Precipitation anomalies,KI,Kiribati,1993,,19.9,,,,MM,Millimetre,SE,Standard error,0.7,,N,National,,
DATAFLOW,SPC:DF_CLIMATE_CHANGE(1.0),Climate Change indicators,I,A,Annual,RAIN_ANOM,Precipitation anomalies,KI,Kiribati,1994,,1.5,,,,MM,Millimetre,SE,Standard error,0.6,,N,National,,
DATAFLOW,SPC:DF_CLIMATE_CHANGE(1.0),Climate Change indicators,I,A,Annual,RAIN_ANOM,Precipitation anomalies,KI,Kiribati,1995,,-18.4,,,,MM,Millimetre,SE,Standard error,0.6,,N,National,,
DATAFLOW,SPC:DF_CLIMATE_CHANGE(1.0),Climate Change indicators,I,A,Annual,RAIN_ANOM,Precipitation anomalies,KI,Kiribati,1996,,-25.2,,,,MM,Millimetre,SE,Standard error,0.3,,N,National,,
DATAFLOW,SPC:DF_CLIMATE_CHANGE(1.0),Climate Change indicators,I,A,Annual,RAIN_ANOM,Precipitation anomalies,KI,Kiribati,1997,,40.4,,,,MM,Millimetre,SE,Standard error,1,,N,National,,
DATAFLOW,SPC:DF_CLIMATE_CHANGE(1.0),Climate Change indicators,I,A,Annual,RAIN_ANOM,Precipitation anomalies,KI,Kiribati,1998,,-16.9,,,,MM,Millimetre,SE,Standard error,0.7,,N,National,,
DATAFLOW,SPC:DF_CLIMATE_CHANGE(1.0),Climate Change indicators,I,A,Annual,RAIN_ANOM,Precipitation anomalies,KI,Kiribati,1999,,-29.7,,,,MM,Millimetre,SE,Standard error,0.2,,N,National,,
DATAFLOW,SPC:DF_CLIMATE_CHANGE(1.0),Climate Change indicators,I,A,Annual,RAIN_ANOM,Precipitation anomalies,KI,Kiribati,2000,,-26.1,,,,MM,Millimetre,SE,Standard error,0.1,,N,National,,
DATAFLOW,SPC:DF_CLIMATE_CHANGE(1.0),Climate Change indicators,I,A,Annual,RAIN_ANOM,Precipitation anomalies,KI,Kiribati,2001,,-12.9,,,,MM,Millimetre,SE,Standard error,0.3,,N,National,,
DATAFLOW,SPC:DF_CLIMATE_CHANGE(1.0),Climate Change indicators,I,A,Annual,RAIN_ANOM,Precipitation anomalies,KI,Kiribati,2002,,25.4,,,,MM,Millimetre,SE,Standard error,0.7,,N,National,,
DATAFLOW,SPC:DF_CLIMATE_CHANGE(1.0),Climate Change indicators,I,A,Annual,RAIN_ANOM,Precipitation anomalies,KI,Kiribati,2003,,5,,,,MM,Millimetre,SE,Standard error,0.9,,N,National,,
DATAFLOW,SPC:DF_CLIMATE_CHANGE(1.0),Climate Change indicators,I,A,Annual,RAIN_ANOM,Precipitation anomalies,KI,Kiribati,2004,,-1.5,,,,MM,Millimetre,SE,Standard error,0.4,,N,National,,
DATAFLOW,SPC:DF_CLIMATE_CHANGE(1.0),Climate Change indicators,I,A,Annual,RAIN_ANOM,Precipitation anomalies,KI,Kiribati,2005,,-2.6,,,,MM,Millimetre,SE,Standard error,0.5,,N,National,,
DATAFLOW,SPC:DF_CLIMATE_CHANGE(1.0),Climate Change indicators,I,A,Annual,RAIN_ANOM,Precipitation anomalies,KI,Kiribati,2006,,-0.3,,,,MM,Millimetre,SE,Standard error,0.6,,N,National,,
DATAFLOW,SPC:DF_CLIMATE_CHANGE(1.0),Climate Change indicators,I,A,Annual,RAIN_ANOM,Precipitation anomalies,KI,Kiribati,2007,,-6.8,,,,MM,Millimetre,SE,Standard error,0.7,,N,National,,
DATAFLOW,SPC:DF_CLIMATE_CHANGE(1.0),Climate Change indicators,I,A,Annual,RAIN_ANOM,Precipitation anomalies,KI,Kiribati,2008,,-22.2,,,,MM,Millimetre,SE,Standard error,0.3,,N,National,,
DATAFLOW,SPC:DF_CLIMATE_CHANGE(1.0),Climate Change indicators,I,A,Annual,RAIN_ANOM,Precipitation anomalies,KI,Kiribati,2009,,2.9,,,,MM,Millimetre,SE,Standard error,0.7,,N,National,,
DATAFLOW,SPC:DF_CLIMATE_CHANGE(1.0),Climate Change indicators,I,A,Annual,RAIN_ANOM,Precipitation anomalies,KI,Kiribati,2010,,18.5,,,,MM,Millimetre,SE,Standard error,1.7,,N,National,,
DATAFLOW,SPC:DF_CLIMATE_CHANGE(1.0),Climate Change indicators,I,A,Annual,RAIN_ANOM,Precipitation anomalies,KI,Kiribati,2011,,-20.2,,,,MM,Millimetre,SE,Standard error,0.4,,N,National,,
DATAFLOW,SPC:DF_CLIMATE_CHANGE(1.0),Climate Change indicators,I,A,Annual,RAIN_ANOM,Precipitation anomalies,KI,Kiribati,2012,,-8.7,,,,MM,Millimetre,SE,Standard error,0.3,,N,National,,
DATAFLOW,SPC:DF_CLIMATE_CHANGE(1.0),Climate Change indicators,I,A,Annual,RAIN_ANOM,Precipitation anomalies,KI,Kiribati,2013,,-15,,,,MM,Millimetre,SE,Standard error,0.4,,N,National,,
DATAFLOW,SPC:DF_CLIMATE_CHANGE(1.0),Climate Change indicators,I,A,Annual,RAIN_ANOM,Precipitation anomalies,KI,Kiribati,2014,,4.9,,,,MM,Millimetre,SE,Standard error,0.7,,N,National,,
DATAFLOW,SPC:DF_CLIMATE_CHANGE(1.0),Climate Change indicators,I,A,Annual,RAIN_ANOM,Precipitation anomalies,KI,Kiribati,2015,,50.3,,,,MM,Millimetre,SE,Standard error,1,,N,National,,
DATAFLOW,SPC:DF_CLIMATE_CHANGE(1.0),Climate Change indicators,I,A,Annual,RAIN_ANOM,Precipitation anomalies,KI,Kiribati,2016,,13,,,,MM,Millimetre,SE,Standard error,1.6,,N,National,,
DATAFLOW,SPC:DF_CLIMATE_CHANGE(1.0),Climate Change indicators,I,A,Annual,RAIN_ANOM,Precipitation anomalies,KI,Kiribati,2017,,-24,,,,MM,Millimetre,SE,Standard error,0.3,,N,National,,
DATAFLOW,SPC:DF_CLIMATE_CHANGE(1.0),Climate Change indicators,I,A,Annual,RAIN_ANOM,Precipitation anomalies,KI,Kiribati,2018,,-20.1,,,,MM,Millimetre,SE,Standard error,0.4,,N,National,,
DATAFLOW,SPC:DF_CLIMATE_CHANGE(1.0),Climate Change indicators,I,A,Annual,RAIN_ANOM,Precipitation anomalies,KI,Kiribati,2019,,27.3,,,,MM,Millimetre,SE,Standard error,0.8,,N,National,,
DATAFLOW,SPC:DF_CLIMATE_CHANGE(1.0),Climate Change indicators,I,A,Annual,RAIN_ANOM,Precipitation anomalies,KI,Kiribati,2020,,-10.9,,,,MM,Millimetre,SE,Standard error,0.7,,N,National,,
DATAFLOW,SPC:DF_CLIMATE_CHANGE(1.0),Climate Change indicators,I,A,Annual,RAIN_ANOM,Precipitation anomalies,KI,Kiribati,2021,,-20.9,,,,MM,Millimetre,SE,Standard error,0.4,,N,National,,
DATAFLOW,SPC:DF_CLIMATE_CHANGE(1.0),Climate Change indicators,I,A,Annual,RAIN_ANOM,Precipitation anomalies,KI,Kiribati,2022,,-28,,,,MM,Millimetre,SE,Standard error,0.2,,N,National,,
DATAFLOW,SPC:DF_CLIMATE_CHANGE(1.0),Climate Change indicators,I,A,Annual,RAIN_ANOM,Precipitation anomalies,KI,Kiribati,2023,,16.7,,,,MM,Millimetre,SE,Standard error,0.7,,N,National,,
DATAFLOW,SPC:DF_CLIMATE_CHANGE(1.0),Climate Change indicators,I,A,Annual,RAIN_ANOM,Precipitation anomalies,KI,Kiribati,2024,,-4.6,,,,MM,Millimetre,SE,Standard error,0.8,,N,National,,
DATAFLOW,SPC:DF_CLIMATE_CHANGE(1.0),Climate Change indicators,I,A,Annual,RAIN_ANOM,Precipitation anomalies,KI,Kiribati,2025,,-22.3,,,,MM,Millimetre,SE,Standard error,0.3,,N,National,,
