STRUCTURE,STRUCTURE_ID,STRUCTURE_NAME,ACTION,FREQ,Frequency,INDICATOR,Indicator,GEO_PICT,Pacific Island Countries and territories,SEX,Sex,AGE,Age,URBANIZATION,Urbanization,INCOME,Income,EDUCATION,Education level,OCCUPATION,Occupation,COMPOSITE_BREAKDOWN,Composite breakdown,DISABILITY,Disability,TIME_PERIOD,Time,OBS_VALUE,Observation value,UNIT_MEASURE,Unit of measure,REPORTING_TYPE,Reporting type,NATURE,Nature,DATA_SOURCE,Data source,OBS_STATUS,Observation Status,OBS_COMMENT,Comment
DATAFLOW,SPC:DF_SDG(3.0),Sustainable Development Goals (all),I,A,Annual,EG_FEC_RNEW,7.2.1 Renewable energy share in the total final energy consumption,AS,American Samoa,_T,Total,_T,All ages,_T,National,_T,Total,_T,All education levels,_T,All occupations,_Z,Not applicable,_T,No breakdown by disability,2000,,0,,PERCENT,percent,G,Global,E,Estimated,"Energy Balances, UN Statistics Division (2024)",,,,,
DATAFLOW,SPC:DF_SDG(3.0),Sustainable Development Goals (all),I,A,Annual,EG_FEC_RNEW,7.2.1 Renewable energy share in the total final energy consumption,AS,American Samoa,_T,Total,_T,All ages,_T,National,_T,Total,_T,All education levels,_T,All occupations,_Z,Not applicable,_T,No breakdown by disability,2001,,0,,PERCENT,percent,G,Global,E,Estimated,"Energy Balances, UN Statistics Division (2024)",,,,,
DATAFLOW,SPC:DF_SDG(3.0),Sustainable Development Goals (all),I,A,Annual,EG_FEC_RNEW,7.2.1 Renewable energy share in the total final energy consumption,AS,American Samoa,_T,Total,_T,All ages,_T,National,_T,Total,_T,All education levels,_T,All occupations,_Z,Not applicable,_T,No breakdown by disability,2002,,0,,PERCENT,percent,G,Global,E,Estimated,"Energy Balances, UN Statistics Division (2024)",,,,,
DATAFLOW,SPC:DF_SDG(3.0),Sustainable Development Goals (all),I,A,Annual,EG_FEC_RNEW,7.2.1 Renewable energy share in the total final energy consumption,AS,American Samoa,_T,Total,_T,All ages,_T,National,_T,Total,_T,All education levels,_T,All occupations,_Z,Not applicable,_T,No breakdown by disability,2003,,0,,PERCENT,percent,G,Global,E,Estimated,"Energy Balances, UN Statistics Division (2024)",,,,,
DATAFLOW,SPC:DF_SDG(3.0),Sustainable Development Goals (all),I,A,Annual,EG_FEC_RNEW,7.2.1 Renewable energy share in the total final energy consumption,AS,American Samoa,_T,Total,_T,All ages,_T,National,_T,Total,_T,All education levels,_T,All occupations,_Z,Not applicable,_T,No breakdown by disability,2004,,0,,PERCENT,percent,G,Global,E,Estimated,"Energy Balances, UN Statistics Division (2024)",,,,,
DATAFLOW,SPC:DF_SDG(3.0),Sustainable Development Goals (all),I,A,Annual,EG_FEC_RNEW,7.2.1 Renewable energy share in the total final energy consumption,AS,American Samoa,_T,Total,_T,All ages,_T,National,_T,Total,_T,All education levels,_T,All occupations,_Z,Not applicable,_T,No breakdown by disability,2005,,0,,PERCENT,percent,G,Global,E,Estimated,"Energy Balances, UN Statistics Division (2024)",,,,,
DATAFLOW,SPC:DF_SDG(3.0),Sustainable Development Goals (all),I,A,Annual,EG_FEC_RNEW,7.2.1 Renewable energy share in the total final energy consumption,AS,American Samoa,_T,Total,_T,All ages,_T,National,_T,Total,_T,All education levels,_T,All occupations,_Z,Not applicable,_T,No breakdown by disability,2006,,0,,PERCENT,percent,G,Global,E,Estimated,"Energy Balances, UN Statistics Division (2024)",,,,,
DATAFLOW,SPC:DF_SDG(3.0),Sustainable Development Goals (all),I,A,Annual,EG_FEC_RNEW,7.2.1 Renewable energy share in the total final energy consumption,AS,American Samoa,_T,Total,_T,All ages,_T,National,_T,Total,_T,All education levels,_T,All occupations,_Z,Not applicable,_T,No breakdown by disability,2007,,0,,PERCENT,percent,G,Global,E,Estimated,"Energy Balances, UN Statistics Division (2024)",,,,,
DATAFLOW,SPC:DF_SDG(3.0),Sustainable Development Goals (all),I,A,Annual,EG_FEC_RNEW,7.2.1 Renewable energy share in the total final energy consumption,AS,American Samoa,_T,Total,_T,All ages,_T,National,_T,Total,_T,All education levels,_T,All occupations,_Z,Not applicable,_T,No breakdown by disability,2008,,0,,PERCENT,percent,G,Global,E,Estimated,"Energy Balances, UN Statistics Division (2024)",,,,,
DATAFLOW,SPC:DF_SDG(3.0),Sustainable Development Goals (all),I,A,Annual,EG_FEC_RNEW,7.2.1 Renewable energy share in the total final energy consumption,AS,American Samoa,_T,Total,_T,All ages,_T,National,_T,Total,_T,All education levels,_T,All occupations,_Z,Not applicable,_T,No breakdown by disability,2009,,0,,PERCENT,percent,G,Global,E,Estimated,"Energy Balances, UN Statistics Division (2024)",,,,,
DATAFLOW,SPC:DF_SDG(3.0),Sustainable Development Goals (all),I,A,Annual,EG_FEC_RNEW,7.2.1 Renewable energy share in the total final energy consumption,AS,American Samoa,_T,Total,_T,All ages,_T,National,_T,Total,_T,All education levels,_T,All occupations,_Z,Not applicable,_T,No breakdown by disability,2010,,0,,PERCENT,percent,G,Global,E,Estimated,"Energy Balances, UN Statistics Division (2024)",,,,,
DATAFLOW,SPC:DF_SDG(3.0),Sustainable Development Goals (all),I,A,Annual,EG_FEC_RNEW,7.2.1 Renewable energy share in the total final energy consumption,AS,American Samoa,_T,Total,_T,All ages,_T,National,_T,Total,_T,All education levels,_T,All occupations,_Z,Not applicable,_T,No breakdown by disability,2011,,0,,PERCENT,percent,G,Global,E,Estimated,"Energy Balances, UN Statistics Division (2024)",,,,,
DATAFLOW,SPC:DF_SDG(3.0),Sustainable Development Goals (all),I,A,Annual,EG_FEC_RNEW,7.2.1 Renewable energy share in the total final energy consumption,AS,American Samoa,_T,Total,_T,All ages,_T,National,_T,Total,_T,All education levels,_T,All occupations,_Z,Not applicable,_T,No breakdown by disability,2012,,0.09,,PERCENT,percent,G,Global,E,Estimated,"Energy Balances, UN Statistics Division (2024)",,,,,
DATAFLOW,SPC:DF_SDG(3.0),Sustainable Development Goals (all),I,A,Annual,EG_FEC_RNEW,7.2.1 Renewable energy share in the total final energy consumption,AS,American Samoa,_T,Total,_T,All ages,_T,National,_T,Total,_T,All education levels,_T,All occupations,_Z,Not applicable,_T,No breakdown by disability,2013,,0.16,,PERCENT,percent,G,Global,E,Estimated,"Energy Balances, UN Statistics Division (2024)",,,,,
DATAFLOW,SPC:DF_SDG(3.0),Sustainable Development Goals (all),I,A,Annual,EG_FEC_RNEW,7.2.1 Renewable energy share in the total final energy consumption,AS,American Samoa,_T,Total,_T,All ages,_T,National,_T,Total,_T,All education levels,_T,All occupations,_Z,Not applicable,_T,No breakdown by disability,2014,,0.16,,PERCENT,percent,G,Global,E,Estimated,"Energy Balances, UN Statistics Division (2024)",,,,,
DATAFLOW,SPC:DF_SDG(3.0),Sustainable Development Goals (all),I,A,Annual,EG_FEC_RNEW,7.2.1 Renewable energy share in the total final energy consumption,AS,American Samoa,_T,Total,_T,All ages,_T,National,_T,Total,_T,All education levels,_T,All occupations,_Z,Not applicable,_T,No breakdown by disability,2015,,0.17,,PERCENT,percent,G,Global,E,Estimated,"Energy Balances, UN Statistics Division (2024)",,,,,
DATAFLOW,SPC:DF_SDG(3.0),Sustainable Development Goals (all),I,A,Annual,EG_FEC_RNEW,7.2.1 Renewable energy share in the total final energy consumption,AS,American Samoa,_T,Total,_T,All ages,_T,National,_T,Total,_T,All education levels,_T,All occupations,_Z,Not applicable,_T,No breakdown by disability,2016,,0.21,,PERCENT,percent,G,Global,E,Estimated,"Energy Balances, UN Statistics Division (2024)",,,,,
DATAFLOW,SPC:DF_SDG(3.0),Sustainable Development Goals (all),I,A,Annual,EG_FEC_RNEW,7.2.1 Renewable energy share in the total final energy consumption,AS,American Samoa,_T,Total,_T,All ages,_T,National,_T,Total,_T,All education levels,_T,All occupations,_Z,Not applicable,_T,No breakdown by disability,2017,,0.56,,PERCENT,percent,G,Global,E,Estimated,"Energy Balances, UN Statistics Division (2024)",,,,,
DATAFLOW,SPC:DF_SDG(3.0),Sustainable Development Goals (all),I,A,Annual,EG_FEC_RNEW,7.2.1 Renewable energy share in the total final energy consumption,AS,American Samoa,_T,Total,_T,All ages,_T,National,_T,Total,_T,All education levels,_T,All occupations,_Z,Not applicable,_T,No breakdown by disability,2018,,0.57,,PERCENT,percent,G,Global,E,Estimated,"Energy Balances, UN Statistics Division (2024)",,,,,
DATAFLOW,SPC:DF_SDG(3.0),Sustainable Development Goals (all),I,A,Annual,EG_FEC_RNEW,7.2.1 Renewable energy share in the total final energy consumption,AS,American Samoa,_T,Total,_T,All ages,_T,National,_T,Total,_T,All education levels,_T,All occupations,_Z,Not applicable,_T,No breakdown by disability,2019,,0.53,,PERCENT,percent,G,Global,E,Estimated,"Energy Balances, UN Statistics Division (2024)",,,,,
DATAFLOW,SPC:DF_SDG(3.0),Sustainable Development Goals (all),I,A,Annual,EG_FEC_RNEW,7.2.1 Renewable energy share in the total final energy consumption,AS,American Samoa,_T,Total,_T,All ages,_T,National,_T,Total,_T,All education levels,_T,All occupations,_Z,Not applicable,_T,No breakdown by disability,2020,,0.5,,PERCENT,percent,G,Global,E,Estimated,"Energy Balances, UN Statistics Division (2024)",,,,,
DATAFLOW,SPC:DF_SDG(3.0),Sustainable Development Goals (all),I,A,Annual,EG_FEC_RNEW,7.2.1 Renewable energy share in the total final energy consumption,AS,American Samoa,_T,Total,_T,All ages,_T,National,_T,Total,_T,All education levels,_T,All occupations,_Z,Not applicable,_T,No breakdown by disability,2021,,0.5,,PERCENT,percent,G,Global,E,Estimated,"Energy Balances, UN Statistics Division (2024)",,,,,
DATAFLOW,SPC:DF_SDG(3.0),Sustainable Development Goals (all),I,A,Annual,EG_FEC_RNEW,7.2.1 Renewable energy share in the total final energy consumption,AS,American Samoa,_T,Total,_T,All ages,_T,National,_T,Total,_T,All education levels,_T,All occupations,_Z,Not applicable,_T,No breakdown by disability,2022,,0.49,,PERCENT,percent,G,Global,E,Estimated,"Energy Balances, UN Statistics Division (2024)",,,,,
DATAFLOW,SPC:DF_SDG(3.0),Sustainable Development Goals (all),I,A,Annual,EG_FEC_RNEW,7.2.1 Renewable energy share in the total final energy consumption,CK,Cook Islands,_T,Total,_T,All ages,_T,National,_T,Total,_T,All education levels,_T,All occupations,_Z,Not applicable,_T,No breakdown by disability,2000,,9.28,,PERCENT,percent,G,Global,E,Estimated,"Energy Balances, UN Statistics Division (2024)",,,,,
DATAFLOW,SPC:DF_SDG(3.0),Sustainable Development Goals (all),I,A,Annual,EG_FEC_RNEW,7.2.1 Renewable energy share in the total final energy consumption,CK,Cook Islands,_T,Total,_T,All ages,_T,National,_T,Total,_T,All education levels,_T,All occupations,_Z,Not applicable,_T,No breakdown by disability,2001,,9.9,,PERCENT,percent,G,Global,E,Estimated,"Energy Balances, UN Statistics Division (2024)",,,,,
DATAFLOW,SPC:DF_SDG(3.0),Sustainable Development Goals (all),I,A,Annual,EG_FEC_RNEW,7.2.1 Renewable energy share in the total final energy consumption,CK,Cook Islands,_T,Total,_T,All ages,_T,National,_T,Total,_T,All education levels,_T,All occupations,_Z,Not applicable,_T,No breakdown by disability,2002,,12.25,,PERCENT,percent,G,Global,E,Estimated,"Energy Balances, UN Statistics Division (2024)",,,,,
DATAFLOW,SPC:DF_SDG(3.0),Sustainable Development Goals (all),I,A,Annual,EG_FEC_RNEW,7.2.1 Renewable energy share in the total final energy consumption,CK,Cook Islands,_T,Total,_T,All ages,_T,National,_T,Total,_T,All education levels,_T,All occupations,_Z,Not applicable,_T,No breakdown by disability,2003,,11.07,,PERCENT,percent,G,Global,E,Estimated,"Energy Balances, UN Statistics Division (2024)",,,,,
DATAFLOW,SPC:DF_SDG(3.0),Sustainable Development Goals (all),I,A,Annual,EG_FEC_RNEW,7.2.1 Renewable energy share in the total final energy consumption,CK,Cook Islands,_T,Total,_T,All ages,_T,National,_T,Total,_T,All education levels,_T,All occupations,_Z,Not applicable,_T,No breakdown by disability,2004,,10.4,,PERCENT,percent,G,Global,E,Estimated,"Energy Balances, UN Statistics Division (2024)",,,,,
DATAFLOW,SPC:DF_SDG(3.0),Sustainable Development Goals (all),I,A,Annual,EG_FEC_RNEW,7.2.1 Renewable energy share in the total final energy consumption,CK,Cook Islands,_T,Total,_T,All ages,_T,National,_T,Total,_T,All education levels,_T,All occupations,_Z,Not applicable,_T,No breakdown by disability,2005,,9.42,,PERCENT,percent,G,Global,E,Estimated,"Energy Balances, UN Statistics Division (2024)",,,,,
DATAFLOW,SPC:DF_SDG(3.0),Sustainable Development Goals (all),I,A,Annual,EG_FEC_RNEW,7.2.1 Renewable energy share in the total final energy consumption,CK,Cook Islands,_T,Total,_T,All ages,_T,National,_T,Total,_T,All education levels,_T,All occupations,_Z,Not applicable,_T,No breakdown by disability,2006,,8.42,,PERCENT,percent,G,Global,E,Estimated,"Energy Balances, UN Statistics Division (2024)",,,,,
DATAFLOW,SPC:DF_SDG(3.0),Sustainable Development Goals (all),I,A,Annual,EG_FEC_RNEW,7.2.1 Renewable energy share in the total final energy consumption,CK,Cook Islands,_T,Total,_T,All ages,_T,National,_T,Total,_T,All education levels,_T,All occupations,_Z,Not applicable,_T,No breakdown by disability,2007,,8.71,,PERCENT,percent,G,Global,E,Estimated,"Energy Balances, UN Statistics Division (2024)",,,,,
DATAFLOW,SPC:DF_SDG(3.0),Sustainable Development Goals (all),I,A,Annual,EG_FEC_RNEW,7.2.1 Renewable energy share in the total final energy consumption,CK,Cook Islands,_T,Total,_T,All ages,_T,National,_T,Total,_T,All education levels,_T,All occupations,_Z,Not applicable,_T,No breakdown by disability,2008,,8.42,,PERCENT,percent,G,Global,E,Estimated,"Energy Balances, UN Statistics Division (2024)",,,,,
DATAFLOW,SPC:DF_SDG(3.0),Sustainable Development Goals (all),I,A,Annual,EG_FEC_RNEW,7.2.1 Renewable energy share in the total final energy consumption,CK,Cook Islands,_T,Total,_T,All ages,_T,National,_T,Total,_T,All education levels,_T,All occupations,_Z,Not applicable,_T,No breakdown by disability,2009,,9.01,,PERCENT,percent,G,Global,E,Estimated,"Energy Balances, UN Statistics Division (2024)",,,,,
DATAFLOW,SPC:DF_SDG(3.0),Sustainable Development Goals (all),I,A,Annual,EG_FEC_RNEW,7.2.1 Renewable energy share in the total final energy consumption,CK,Cook Islands,_T,Total,_T,All ages,_T,National,_T,Total,_T,All education levels,_T,All occupations,_Z,Not applicable,_T,No breakdown by disability,2010,,7.25,,PERCENT,percent,G,Global,E,Estimated,"Energy Balances, UN Statistics Division (2024)",,,,,
DATAFLOW,SPC:DF_SDG(3.0),Sustainable Development Goals (all),I,A,Annual,EG_FEC_RNEW,7.2.1 Renewable energy share in the total final energy consumption,CK,Cook Islands,_T,Total,_T,All ages,_T,National,_T,Total,_T,All education levels,_T,All occupations,_Z,Not applicable,_T,No breakdown by disability,2011,,6.52,,PERCENT,percent,G,Global,E,Estimated,"Energy Balances, UN Statistics Division (2024)",,,,,
DATAFLOW,SPC:DF_SDG(3.0),Sustainable Development Goals (all),I,A,Annual,EG_FEC_RNEW,7.2.1 Renewable energy share in the total final energy consumption,CK,Cook Islands,_T,Total,_T,All ages,_T,National,_T,Total,_T,All education levels,_T,All occupations,_Z,Not applicable,_T,No breakdown by disability,2012,,6.17,,PERCENT,percent,G,Global,E,Estimated,"Energy Balances, UN Statistics Division (2024)",,,,,
DATAFLOW,SPC:DF_SDG(3.0),Sustainable Development Goals (all),I,A,Annual,EG_FEC_RNEW,7.2.1 Renewable energy share in the total final energy consumption,CK,Cook Islands,_T,Total,_T,All ages,_T,National,_T,Total,_T,All education levels,_T,All occupations,_Z,Not applicable,_T,No breakdown by disability,2013,,6.32,,PERCENT,percent,G,Global,E,Estimated,"Energy Balances, UN Statistics Division (2024)",,,,,
DATAFLOW,SPC:DF_SDG(3.0),Sustainable Development Goals (all),I,A,Annual,EG_FEC_RNEW,7.2.1 Renewable energy share in the total final energy consumption,CK,Cook Islands,_T,Total,_T,All ages,_T,National,_T,Total,_T,All education levels,_T,All occupations,_Z,Not applicable,_T,No breakdown by disability,2014,,6.26,,PERCENT,percent,G,Global,E,Estimated,"Energy Balances, UN Statistics Division (2024)",,,,,
DATAFLOW,SPC:DF_SDG(3.0),Sustainable Development Goals (all),I,A,Annual,EG_FEC_RNEW,7.2.1 Renewable energy share in the total final energy consumption,CK,Cook Islands,_T,Total,_T,All ages,_T,National,_T,Total,_T,All education levels,_T,All occupations,_Z,Not applicable,_T,No breakdown by disability,2015,,7.18,,PERCENT,percent,G,Global,E,Estimated,"Energy Balances, UN Statistics Division (2024)",,,,,
DATAFLOW,SPC:DF_SDG(3.0),Sustainable Development Goals (all),I,A,Annual,EG_FEC_RNEW,7.2.1 Renewable energy share in the total final energy consumption,CK,Cook Islands,_T,Total,_T,All ages,_T,National,_T,Total,_T,All education levels,_T,All occupations,_Z,Not applicable,_T,No breakdown by disability,2016,,7.74,,PERCENT,percent,G,Global,E,Estimated,"Energy Balances, UN Statistics Division (2024)",,,,,
DATAFLOW,SPC:DF_SDG(3.0),Sustainable Development Goals (all),I,A,Annual,EG_FEC_RNEW,7.2.1 Renewable energy share in the total final energy consumption,CK,Cook Islands,_T,Total,_T,All ages,_T,National,_T,Total,_T,All education levels,_T,All occupations,_Z,Not applicable,_T,No breakdown by disability,2017,,8,,PERCENT,percent,G,Global,E,Estimated,"Energy Balances, UN Statistics Division (2024)",,,,,
DATAFLOW,SPC:DF_SDG(3.0),Sustainable Development Goals (all),I,A,Annual,EG_FEC_RNEW,7.2.1 Renewable energy share in the total final energy consumption,CK,Cook Islands,_T,Total,_T,All ages,_T,National,_T,Total,_T,All education levels,_T,All occupations,_Z,Not applicable,_T,No breakdown by disability,2018,,9.39,,PERCENT,percent,G,Global,E,Estimated,"Energy Balances, UN Statistics Division (2024)",,,,,
DATAFLOW,SPC:DF_SDG(3.0),Sustainable Development Goals (all),I,A,Annual,EG_FEC_RNEW,7.2.1 Renewable energy share in the total final energy consumption,CK,Cook Islands,_T,Total,_T,All ages,_T,National,_T,Total,_T,All education levels,_T,All occupations,_Z,Not applicable,_T,No breakdown by disability,2019,,9.02,,PERCENT,percent,G,Global,E,Estimated,"Energy Balances, UN Statistics Division (2024)",,,,,
DATAFLOW,SPC:DF_SDG(3.0),Sustainable Development Goals (all),I,A,Annual,EG_FEC_RNEW,7.2.1 Renewable energy share in the total final energy consumption,CK,Cook Islands,_T,Total,_T,All ages,_T,National,_T,Total,_T,All education levels,_T,All occupations,_Z,Not applicable,_T,No breakdown by disability,2020,,9.94,,PERCENT,percent,G,Global,E,Estimated,"Energy Balances, UN Statistics Division (2024)",,,,,
DATAFLOW,SPC:DF_SDG(3.0),Sustainable Development Goals (all),I,A,Annual,EG_FEC_RNEW,7.2.1 Renewable energy share in the total final energy consumption,CK,Cook Islands,_T,Total,_T,All ages,_T,National,_T,Total,_T,All education levels,_T,All occupations,_Z,Not applicable,_T,No breakdown by disability,2021,,8.76,,PERCENT,percent,G,Global,E,Estimated,"Energy Balances, UN Statistics Division (2024)",,,,,
DATAFLOW,SPC:DF_SDG(3.0),Sustainable Development Goals (all),I,A,Annual,EG_FEC_RNEW,7.2.1 Renewable energy share in the total final energy consumption,CK,Cook Islands,_T,Total,_T,All ages,_T,National,_T,Total,_T,All education levels,_T,All occupations,_Z,Not applicable,_T,No breakdown by disability,2022,,8.52,,PERCENT,percent,G,Global,E,Estimated,"Energy Balances, UN Statistics Division (2024)",,,,,
DATAFLOW,SPC:DF_SDG(3.0),Sustainable Development Goals (all),I,A,Annual,EG_FEC_RNEW,7.2.1 Renewable energy share in the total final energy consumption,FJ,Fiji,_T,Total,_T,All ages,_T,National,_T,Total,_T,All education levels,_T,All occupations,_Z,Not applicable,_T,No breakdown by disability,2000,,50.06,,PERCENT,percent,G,Global,E,Estimated,"Energy Balances, UN Statistics Division (2024)",,,,,
DATAFLOW,SPC:DF_SDG(3.0),Sustainable Development Goals (all),I,A,Annual,EG_FEC_RNEW,7.2.1 Renewable energy share in the total final energy consumption,FJ,Fiji,_T,Total,_T,All ages,_T,National,_T,Total,_T,All education levels,_T,All occupations,_Z,Not applicable,_T,No breakdown by disability,2001,,40.44,,PERCENT,percent,G,Global,E,Estimated,"Energy Balances, UN Statistics Division (2024)",,,,,
DATAFLOW,SPC:DF_SDG(3.0),Sustainable Development Goals (all),I,A,Annual,EG_FEC_RNEW,7.2.1 Renewable energy share in the total final energy consumption,FJ,Fiji,_T,Total,_T,All ages,_T,National,_T,Total,_T,All education levels,_T,All occupations,_Z,Not applicable,_T,No breakdown by disability,2002,,48.98,,PERCENT,percent,G,Global,E,Estimated,"Energy Balances, UN Statistics Division (2024)",,,,,
DATAFLOW,SPC:DF_SDG(3.0),Sustainable Development Goals (all),I,A,Annual,EG_FEC_RNEW,7.2.1 Renewable energy share in the total final energy consumption,FJ,Fiji,_T,Total,_T,All ages,_T,National,_T,Total,_T,All education levels,_T,All occupations,_Z,Not applicable,_T,No breakdown by disability,2003,,40.83,,PERCENT,percent,G,Global,E,Estimated,"Energy Balances, UN Statistics Division (2024)",,,,,
DATAFLOW,SPC:DF_SDG(3.0),Sustainable Development Goals (all),I,A,Annual,EG_FEC_RNEW,7.2.1 Renewable energy share in the total final energy consumption,FJ,Fiji,_T,Total,_T,All ages,_T,National,_T,Total,_T,All education levels,_T,All occupations,_Z,Not applicable,_T,No breakdown by disability,2004,,35.72,,PERCENT,percent,G,Global,E,Estimated,"Energy Balances, UN Statistics Division (2024)",,,,,
DATAFLOW,SPC:DF_SDG(3.0),Sustainable Development Goals (all),I,A,Annual,EG_FEC_RNEW,7.2.1 Renewable energy share in the total final energy consumption,FJ,Fiji,_T,Total,_T,All ages,_T,National,_T,Total,_T,All education levels,_T,All occupations,_Z,Not applicable,_T,No breakdown by disability,2005,,40.02,,PERCENT,percent,G,Global,E,Estimated,"Energy Balances, UN Statistics Division (2024)",,,,,
DATAFLOW,SPC:DF_SDG(3.0),Sustainable Development Goals (all),I,A,Annual,EG_FEC_RNEW,7.2.1 Renewable energy share in the total final energy consumption,FJ,Fiji,_T,Total,_T,All ages,_T,National,_T,Total,_T,All education levels,_T,All occupations,_Z,Not applicable,_T,No breakdown by disability,2006,,39.07,,PERCENT,percent,G,Global,E,Estimated,"Energy Balances, UN Statistics Division (2024)",,,,,
DATAFLOW,SPC:DF_SDG(3.0),Sustainable Development Goals (all),I,A,Annual,EG_FEC_RNEW,7.2.1 Renewable energy share in the total final energy consumption,FJ,Fiji,_T,Total,_T,All ages,_T,National,_T,Total,_T,All education levels,_T,All occupations,_Z,Not applicable,_T,No breakdown by disability,2007,,36.04,,PERCENT,percent,G,Global,E,Estimated,"Energy Balances, UN Statistics Division (2024)",,,,,
DATAFLOW,SPC:DF_SDG(3.0),Sustainable Development Goals (all),I,A,Annual,EG_FEC_RNEW,7.2.1 Renewable energy share in the total final energy consumption,FJ,Fiji,_T,Total,_T,All ages,_T,National,_T,Total,_T,All education levels,_T,All occupations,_Z,Not applicable,_T,No breakdown by disability,2008,,42.13,,PERCENT,percent,G,Global,E,Estimated,"Energy Balances, UN Statistics Division (2024)",,,,,
DATAFLOW,SPC:DF_SDG(3.0),Sustainable Development Goals (all),I,A,Annual,EG_FEC_RNEW,7.2.1 Renewable energy share in the total final energy consumption,FJ,Fiji,_T,Total,_T,All ages,_T,National,_T,Total,_T,All education levels,_T,All occupations,_Z,Not applicable,_T,No breakdown by disability,2009,,41.62,,PERCENT,percent,G,Global,E,Estimated,"Energy Balances, UN Statistics Division (2024)",,,,,
DATAFLOW,SPC:DF_SDG(3.0),Sustainable Development Goals (all),I,A,Annual,EG_FEC_RNEW,7.2.1 Renewable energy share in the total final energy consumption,FJ,Fiji,_T,Total,_T,All ages,_T,National,_T,Total,_T,All education levels,_T,All occupations,_Z,Not applicable,_T,No breakdown by disability,2010,,27.95,,PERCENT,percent,G,Global,E,Estimated,"Energy Balances, UN Statistics Division (2024)",,,,,
DATAFLOW,SPC:DF_SDG(3.0),Sustainable Development Goals (all),I,A,Annual,EG_FEC_RNEW,7.2.1 Renewable energy share in the total final energy consumption,FJ,Fiji,_T,Total,_T,All ages,_T,National,_T,Total,_T,All education levels,_T,All occupations,_Z,Not applicable,_T,No breakdown by disability,2011,,33.38,,PERCENT,percent,G,Global,E,Estimated,"Energy Balances, UN Statistics Division (2024)",,,,,
DATAFLOW,SPC:DF_SDG(3.0),Sustainable Development Goals (all),I,A,Annual,EG_FEC_RNEW,7.2.1 Renewable energy share in the total final energy consumption,FJ,Fiji,_T,Total,_T,All ages,_T,National,_T,Total,_T,All education levels,_T,All occupations,_Z,Not applicable,_T,No breakdown by disability,2012,,33.26,,PERCENT,percent,G,Global,E,Estimated,"Energy Balances, UN Statistics Division (2024)",,,,,
DATAFLOW,SPC:DF_SDG(3.0),Sustainable Development Goals (all),I,A,Annual,EG_FEC_RNEW,7.2.1 Renewable energy share in the total final energy consumption,FJ,Fiji,_T,Total,_T,All ages,_T,National,_T,Total,_T,All education levels,_T,All occupations,_Z,Not applicable,_T,No breakdown by disability,2013,,32.81,,PERCENT,percent,G,Global,E,Estimated,"Energy Balances, UN Statistics Division (2024)",,,,,
DATAFLOW,SPC:DF_SDG(3.0),Sustainable Development Goals (all),I,A,Annual,EG_FEC_RNEW,7.2.1 Renewable energy share in the total final energy consumption,FJ,Fiji,_T,Total,_T,All ages,_T,National,_T,Total,_T,All education levels,_T,All occupations,_Z,Not applicable,_T,No breakdown by disability,2014,,33.17,,PERCENT,percent,G,Global,E,Estimated,"Energy Balances, UN Statistics Division (2024)",,,,,
DATAFLOW,SPC:DF_SDG(3.0),Sustainable Development Goals (all),I,A,Annual,EG_FEC_RNEW,7.2.1 Renewable energy share in the total final energy consumption,FJ,Fiji,_T,Total,_T,All ages,_T,National,_T,Total,_T,All education levels,_T,All occupations,_Z,Not applicable,_T,No breakdown by disability,2015,,28.55,,PERCENT,percent,G,Global,E,Estimated,"Energy Balances, UN Statistics Division (2024)",,,,,
DATAFLOW,SPC:DF_SDG(3.0),Sustainable Development Goals (all),I,A,Annual,EG_FEC_RNEW,7.2.1 Renewable energy share in the total final energy consumption,FJ,Fiji,_T,Total,_T,All ages,_T,National,_T,Total,_T,All education levels,_T,All occupations,_Z,Not applicable,_T,No breakdown by disability,2016,,24.64,,PERCENT,percent,G,Global,E,Estimated,"Energy Balances, UN Statistics Division (2024)",,,,,
DATAFLOW,SPC:DF_SDG(3.0),Sustainable Development Goals (all),I,A,Annual,EG_FEC_RNEW,7.2.1 Renewable energy share in the total final energy consumption,FJ,Fiji,_T,Total,_T,All ages,_T,National,_T,Total,_T,All education levels,_T,All occupations,_Z,Not applicable,_T,No breakdown by disability,2017,,26.03,,PERCENT,percent,G,Global,E,Estimated,"Energy Balances, UN Statistics Division (2024)",,,,,
DATAFLOW,SPC:DF_SDG(3.0),Sustainable Development Goals (all),I,A,Annual,EG_FEC_RNEW,7.2.1 Renewable energy share in the total final energy consumption,FJ,Fiji,_T,Total,_T,All ages,_T,National,_T,Total,_T,All education levels,_T,All occupations,_Z,Not applicable,_T,No breakdown by disability,2018,,24.41,,PERCENT,percent,G,Global,E,Estimated,"Energy Balances, UN Statistics Division (2024)",,,,,
DATAFLOW,SPC:DF_SDG(3.0),Sustainable Development Goals (all),I,A,Annual,EG_FEC_RNEW,7.2.1 Renewable energy share in the total final energy consumption,FJ,Fiji,_T,Total,_T,All ages,_T,National,_T,Total,_T,All education levels,_T,All occupations,_Z,Not applicable,_T,No breakdown by disability,2019,,24.78,,PERCENT,percent,G,Global,E,Estimated,"Energy Balances, UN Statistics Division (2024)",,,,,
DATAFLOW,SPC:DF_SDG(3.0),Sustainable Development Goals (all),I,A,Annual,EG_FEC_RNEW,7.2.1 Renewable energy share in the total final energy consumption,FJ,Fiji,_T,Total,_T,All ages,_T,National,_T,Total,_T,All education levels,_T,All occupations,_Z,Not applicable,_T,No breakdown by disability,2020,,25.03,,PERCENT,percent,G,Global,E,Estimated,"Energy Balances, UN Statistics Division (2024)",,,,,
DATAFLOW,SPC:DF_SDG(3.0),Sustainable Development Goals (all),I,A,Annual,EG_FEC_RNEW,7.2.1 Renewable energy share in the total final energy consumption,FJ,Fiji,_T,Total,_T,All ages,_T,National,_T,Total,_T,All education levels,_T,All occupations,_Z,Not applicable,_T,No breakdown by disability,2021,,29.92,,PERCENT,percent,G,Global,E,Estimated,"Energy Balances, UN Statistics Division (2024)",,,,,
DATAFLOW,SPC:DF_SDG(3.0),Sustainable Development Goals (all),I,A,Annual,EG_FEC_RNEW,7.2.1 Renewable energy share in the total final energy consumption,FJ,Fiji,_T,Total,_T,All ages,_T,National,_T,Total,_T,All education levels,_T,All occupations,_Z,Not applicable,_T,No breakdown by disability,2022,,26.67,,PERCENT,percent,G,Global,E,Estimated,"Energy Balances, UN Statistics Division (2024)",,,,,
DATAFLOW,SPC:DF_SDG(3.0),Sustainable Development Goals (all),I,A,Annual,EG_FEC_RNEW,7.2.1 Renewable energy share in the total final energy consumption,FM,Micronesia (Federated States of),_T,Total,_T,All ages,_T,National,_T,Total,_T,All education levels,_T,All occupations,_Z,Not applicable,_T,No breakdown by disability,2000,,1.27,,PERCENT,percent,G,Global,E,Estimated,"Energy Balances, UN Statistics Division (2024)",,,,,
DATAFLOW,SPC:DF_SDG(3.0),Sustainable Development Goals (all),I,A,Annual,EG_FEC_RNEW,7.2.1 Renewable energy share in the total final energy consumption,FM,Micronesia (Federated States of),_T,Total,_T,All ages,_T,National,_T,Total,_T,All education levels,_T,All occupations,_Z,Not applicable,_T,No breakdown by disability,2001,,1.41,,PERCENT,percent,G,Global,E,Estimated,"Energy Balances, UN Statistics Division (2024)",,,,,
DATAFLOW,SPC:DF_SDG(3.0),Sustainable Development Goals (all),I,A,Annual,EG_FEC_RNEW,7.2.1 Renewable energy share in the total final energy consumption,FM,Micronesia (Federated States of),_T,Total,_T,All ages,_T,National,_T,Total,_T,All education levels,_T,All occupations,_Z,Not applicable,_T,No breakdown by disability,2002,,1.6,,PERCENT,percent,G,Global,E,Estimated,"Energy Balances, UN Statistics Division (2024)",,,,,
DATAFLOW,SPC:DF_SDG(3.0),Sustainable Development Goals (all),I,A,Annual,EG_FEC_RNEW,7.2.1 Renewable energy share in the total final energy consumption,FM,Micronesia (Federated States of),_T,Total,_T,All ages,_T,National,_T,Total,_T,All education levels,_T,All occupations,_Z,Not applicable,_T,No breakdown by disability,2003,,0.86,,PERCENT,percent,G,Global,E,Estimated,"Energy Balances, UN Statistics Division (2024)",,,,,
DATAFLOW,SPC:DF_SDG(3.0),Sustainable Development Goals (all),I,A,Annual,EG_FEC_RNEW,7.2.1 Renewable energy share in the total final energy consumption,FM,Micronesia (Federated States of),_T,Total,_T,All ages,_T,National,_T,Total,_T,All education levels,_T,All occupations,_Z,Not applicable,_T,No breakdown by disability,2004,,1.02,,PERCENT,percent,G,Global,E,Estimated,"Energy Balances, UN Statistics Division (2024)",,,,,
DATAFLOW,SPC:DF_SDG(3.0),Sustainable Development Goals (all),I,A,Annual,EG_FEC_RNEW,7.2.1 Renewable energy share in the total final energy consumption,FM,Micronesia (Federated States of),_T,Total,_T,All ages,_T,National,_T,Total,_T,All education levels,_T,All occupations,_Z,Not applicable,_T,No breakdown by disability,2005,,1.35,,PERCENT,percent,G,Global,E,Estimated,"Energy Balances, UN Statistics Division (2024)",,,,,
DATAFLOW,SPC:DF_SDG(3.0),Sustainable Development Goals (all),I,A,Annual,EG_FEC_RNEW,7.2.1 Renewable energy share in the total final energy consumption,FM,Micronesia (Federated States of),_T,Total,_T,All ages,_T,National,_T,Total,_T,All education levels,_T,All occupations,_Z,Not applicable,_T,No breakdown by disability,2006,,1.37,,PERCENT,percent,G,Global,E,Estimated,"Energy Balances, UN Statistics Division (2024)",,,,,
DATAFLOW,SPC:DF_SDG(3.0),Sustainable Development Goals (all),I,A,Annual,EG_FEC_RNEW,7.2.1 Renewable energy share in the total final energy consumption,FM,Micronesia (Federated States of),_T,Total,_T,All ages,_T,National,_T,Total,_T,All education levels,_T,All occupations,_Z,Not applicable,_T,No breakdown by disability,2007,,1.19,,PERCENT,percent,G,Global,E,Estimated,"Energy Balances, UN Statistics Division (2024)",,,,,
DATAFLOW,SPC:DF_SDG(3.0),Sustainable Development Goals (all),I,A,Annual,EG_FEC_RNEW,7.2.1 Renewable energy share in the total final energy consumption,FM,Micronesia (Federated States of),_T,Total,_T,All ages,_T,National,_T,Total,_T,All education levels,_T,All occupations,_Z,Not applicable,_T,No breakdown by disability,2008,,1.44,,PERCENT,percent,G,Global,E,Estimated,"Energy Balances, UN Statistics Division (2024)",,,,,
DATAFLOW,SPC:DF_SDG(3.0),Sustainable Development Goals (all),I,A,Annual,EG_FEC_RNEW,7.2.1 Renewable energy share in the total final energy consumption,FM,Micronesia (Federated States of),_T,Total,_T,All ages,_T,National,_T,Total,_T,All education levels,_T,All occupations,_Z,Not applicable,_T,No breakdown by disability,2009,,1.15,,PERCENT,percent,G,Global,E,Estimated,"Energy Balances, UN Statistics Division (2024)",,,,,
DATAFLOW,SPC:DF_SDG(3.0),Sustainable Development Goals (all),I,A,Annual,EG_FEC_RNEW,7.2.1 Renewable energy share in the total final energy consumption,FM,Micronesia (Federated States of),_T,Total,_T,All ages,_T,National,_T,Total,_T,All education levels,_T,All occupations,_Z,Not applicable,_T,No breakdown by disability,2010,,1.95,,PERCENT,percent,G,Global,E,Estimated,"Energy Balances, UN Statistics Division (2024)",,,,,
DATAFLOW,SPC:DF_SDG(3.0),Sustainable Development Goals (all),I,A,Annual,EG_FEC_RNEW,7.2.1 Renewable energy share in the total final energy consumption,FM,Micronesia (Federated States of),_T,Total,_T,All ages,_T,National,_T,Total,_T,All education levels,_T,All occupations,_Z,Not applicable,_T,No breakdown by disability,2011,,1.57,,PERCENT,percent,G,Global,E,Estimated,"Energy Balances, UN Statistics Division (2024)",,,,,
DATAFLOW,SPC:DF_SDG(3.0),Sustainable Development Goals (all),I,A,Annual,EG_FEC_RNEW,7.2.1 Renewable energy share in the total final energy consumption,FM,Micronesia (Federated States of),_T,Total,_T,All ages,_T,National,_T,Total,_T,All education levels,_T,All occupations,_Z,Not applicable,_T,No breakdown by disability,2012,,1.42,,PERCENT,percent,G,Global,E,Estimated,"Energy Balances, UN Statistics Division (2024)",,,,,
DATAFLOW,SPC:DF_SDG(3.0),Sustainable Development Goals (all),I,A,Annual,EG_FEC_RNEW,7.2.1 Renewable energy share in the total final energy consumption,FM,Micronesia (Federated States of),_T,Total,_T,All ages,_T,National,_T,Total,_T,All education levels,_T,All occupations,_Z,Not applicable,_T,No breakdown by disability,2013,,1.41,,PERCENT,percent,G,Global,E,Estimated,"Energy Balances, UN Statistics Division (2024)",,,,,
DATAFLOW,SPC:DF_SDG(3.0),Sustainable Development Goals (all),I,A,Annual,EG_FEC_RNEW,7.2.1 Renewable energy share in the total final energy consumption,FM,Micronesia (Federated States of),_T,Total,_T,All ages,_T,National,_T,Total,_T,All education levels,_T,All occupations,_Z,Not applicable,_T,No breakdown by disability,2014,,1.51,,PERCENT,percent,G,Global,E,Estimated,"Energy Balances, UN Statistics Division (2024)",,,,,
DATAFLOW,SPC:DF_SDG(3.0),Sustainable Development Goals (all),I,A,Annual,EG_FEC_RNEW,7.2.1 Renewable energy share in the total final energy consumption,FM,Micronesia (Federated States of),_T,Total,_T,All ages,_T,National,_T,Total,_T,All education levels,_T,All occupations,_Z,Not applicable,_T,No breakdown by disability,2015,,1.71,,PERCENT,percent,G,Global,E,Estimated,"Energy Balances, UN Statistics Division (2024)",,,,,
DATAFLOW,SPC:DF_SDG(3.0),Sustainable Development Goals (all),I,A,Annual,EG_FEC_RNEW,7.2.1 Renewable energy share in the total final energy consumption,FM,Micronesia (Federated States of),_T,Total,_T,All ages,_T,National,_T,Total,_T,All education levels,_T,All occupations,_Z,Not applicable,_T,No breakdown by disability,2016,,1.87,,PERCENT,percent,G,Global,E,Estimated,"Energy Balances, UN Statistics Division (2024)",,,,,
DATAFLOW,SPC:DF_SDG(3.0),Sustainable Development Goals (all),I,A,Annual,EG_FEC_RNEW,7.2.1 Renewable energy share in the total final energy consumption,FM,Micronesia (Federated States of),_T,Total,_T,All ages,_T,National,_T,Total,_T,All education levels,_T,All occupations,_Z,Not applicable,_T,No breakdown by disability,2017,,1.72,,PERCENT,percent,G,Global,E,Estimated,"Energy Balances, UN Statistics Division (2024)",,,,,
DATAFLOW,SPC:DF_SDG(3.0),Sustainable Development Goals (all),I,A,Annual,EG_FEC_RNEW,7.2.1 Renewable energy share in the total final energy consumption,FM,Micronesia (Federated States of),_T,Total,_T,All ages,_T,National,_T,Total,_T,All education levels,_T,All occupations,_Z,Not applicable,_T,No breakdown by disability,2018,,2,,PERCENT,percent,G,Global,E,Estimated,"Energy Balances, UN Statistics Division (2024)",,,,,
DATAFLOW,SPC:DF_SDG(3.0),Sustainable Development Goals (all),I,A,Annual,EG_FEC_RNEW,7.2.1 Renewable energy share in the total final energy consumption,FM,Micronesia (Federated States of),_T,Total,_T,All ages,_T,National,_T,Total,_T,All education levels,_T,All occupations,_Z,Not applicable,_T,No breakdown by disability,2019,,1.98,,PERCENT,percent,G,Global,E,Estimated,"Energy Balances, UN Statistics Division (2024)",,,,,
DATAFLOW,SPC:DF_SDG(3.0),Sustainable Development Goals (all),I,A,Annual,EG_FEC_RNEW,7.2.1 Renewable energy share in the total final energy consumption,FM,Micronesia (Federated States of),_T,Total,_T,All ages,_T,National,_T,Total,_T,All education levels,_T,All occupations,_Z,Not applicable,_T,No breakdown by disability,2020,,1.89,,PERCENT,percent,G,Global,E,Estimated,"Energy Balances, UN Statistics Division (2024)",,,,,
DATAFLOW,SPC:DF_SDG(3.0),Sustainable Development Goals (all),I,A,Annual,EG_FEC_RNEW,7.2.1 Renewable energy share in the total final energy consumption,FM,Micronesia (Federated States of),_T,Total,_T,All ages,_T,National,_T,Total,_T,All education levels,_T,All occupations,_Z,Not applicable,_T,No breakdown by disability,2021,,1.84,,PERCENT,percent,G,Global,E,Estimated,"Energy Balances, UN Statistics Division (2024)",,,,,
DATAFLOW,SPC:DF_SDG(3.0),Sustainable Development Goals (all),I,A,Annual,EG_FEC_RNEW,7.2.1 Renewable energy share in the total final energy consumption,FM,Micronesia (Federated States of),_T,Total,_T,All ages,_T,National,_T,Total,_T,All education levels,_T,All occupations,_Z,Not applicable,_T,No breakdown by disability,2022,,2.05,,PERCENT,percent,G,Global,E,Estimated,"Energy Balances, UN Statistics Division (2024)",,,,,
DATAFLOW,SPC:DF_SDG(3.0),Sustainable Development Goals (all),I,A,Annual,EG_FEC_RNEW,7.2.1 Renewable energy share in the total final energy consumption,GU,Guam,_T,Total,_T,All ages,_T,National,_T,Total,_T,All education levels,_T,All occupations,_Z,Not applicable,_T,No breakdown by disability,2000,,0.41,,PERCENT,percent,G,Global,E,Estimated,"Energy Balances, UN Statistics Division (2024)",,,,,
DATAFLOW,SPC:DF_SDG(3.0),Sustainable Development Goals (all),I,A,Annual,EG_FEC_RNEW,7.2.1 Renewable energy share in the total final energy consumption,GU,Guam,_T,Total,_T,All ages,_T,National,_T,Total,_T,All education levels,_T,All occupations,_Z,Not applicable,_T,No breakdown by disability,2001,,0.41,,PERCENT,percent,G,Global,E,Estimated,"Energy Balances, UN Statistics Division (2024)",,,,,
DATAFLOW,SPC:DF_SDG(3.0),Sustainable Development Goals (all),I,A,Annual,EG_FEC_RNEW,7.2.1 Renewable energy share in the total final energy consumption,GU,Guam,_T,Total,_T,All ages,_T,National,_T,Total,_T,All education levels,_T,All occupations,_Z,Not applicable,_T,No breakdown by disability,2002,,0.45,,PERCENT,percent,G,Global,E,Estimated,"Energy Balances, UN Statistics Division (2024)",,,,,
DATAFLOW,SPC:DF_SDG(3.0),Sustainable Development Goals (all),I,A,Annual,EG_FEC_RNEW,7.2.1 Renewable energy share in the total final energy consumption,GU,Guam,_T,Total,_T,All ages,_T,National,_T,Total,_T,All education levels,_T,All occupations,_Z,Not applicable,_T,No breakdown by disability,2003,,0.5,,PERCENT,percent,G,Global,E,Estimated,"Energy Balances, UN Statistics Division (2024)",,,,,
DATAFLOW,SPC:DF_SDG(3.0),Sustainable Development Goals (all),I,A,Annual,EG_FEC_RNEW,7.2.1 Renewable energy share in the total final energy consumption,GU,Guam,_T,Total,_T,All ages,_T,National,_T,Total,_T,All education levels,_T,All occupations,_Z,Not applicable,_T,No breakdown by disability,2004,,0.46,,PERCENT,percent,G,Global,E,Estimated,"Energy Balances, UN Statistics Division (2024)",,,,,
DATAFLOW,SPC:DF_SDG(3.0),Sustainable Development Goals (all),I,A,Annual,EG_FEC_RNEW,7.2.1 Renewable energy share in the total final energy consumption,GU,Guam,_T,Total,_T,All ages,_T,National,_T,Total,_T,All education levels,_T,All occupations,_Z,Not applicable,_T,No breakdown by disability,2005,,0.45,,PERCENT,percent,G,Global,E,Estimated,"Energy Balances, UN Statistics Division (2024)",,,,,
DATAFLOW,SPC:DF_SDG(3.0),Sustainable Development Goals (all),I,A,Annual,EG_FEC_RNEW,7.2.1 Renewable energy share in the total final energy consumption,GU,Guam,_T,Total,_T,All ages,_T,National,_T,Total,_T,All education levels,_T,All occupations,_Z,Not applicable,_T,No breakdown by disability,2006,,0.45,,PERCENT,percent,G,Global,E,Estimated,"Energy Balances, UN Statistics Division (2024)",,,,,
DATAFLOW,SPC:DF_SDG(3.0),Sustainable Development Goals (all),I,A,Annual,EG_FEC_RNEW,7.2.1 Renewable energy share in the total final energy consumption,GU,Guam,_T,Total,_T,All ages,_T,National,_T,Total,_T,All education levels,_T,All occupations,_Z,Not applicable,_T,No breakdown by disability,2007,,0.45,,PERCENT,percent,G,Global,E,Estimated,"Energy Balances, UN Statistics Division (2024)",,,,,
DATAFLOW,SPC:DF_SDG(3.0),Sustainable Development Goals (all),I,A,Annual,EG_FEC_RNEW,7.2.1 Renewable energy share in the total final energy consumption,GU,Guam,_T,Total,_T,All ages,_T,National,_T,Total,_T,All education levels,_T,All occupations,_Z,Not applicable,_T,No breakdown by disability,2008,,0.45,,PERCENT,percent,G,Global,E,Estimated,"Energy Balances, UN Statistics Division (2024)",,,,,
DATAFLOW,SPC:DF_SDG(3.0),Sustainable Development Goals (all),I,A,Annual,EG_FEC_RNEW,7.2.1 Renewable energy share in the total final energy consumption,GU,Guam,_T,Total,_T,All ages,_T,National,_T,Total,_T,All education levels,_T,All occupations,_Z,Not applicable,_T,No breakdown by disability,2009,,0.46,,PERCENT,percent,G,Global,E,Estimated,"Energy Balances, UN Statistics Division (2024)",,,,,
DATAFLOW,SPC:DF_SDG(3.0),Sustainable Development Goals (all),I,A,Annual,EG_FEC_RNEW,7.2.1 Renewable energy share in the total final energy consumption,GU,Guam,_T,Total,_T,All ages,_T,National,_T,Total,_T,All education levels,_T,All occupations,_Z,Not applicable,_T,No breakdown by disability,2010,,0.47,,PERCENT,percent,G,Global,E,Estimated,"Energy Balances, UN Statistics Division (2024)",,,,,
DATAFLOW,SPC:DF_SDG(3.0),Sustainable Development Goals (all),I,A,Annual,EG_FEC_RNEW,7.2.1 Renewable energy share in the total final energy consumption,GU,Guam,_T,Total,_T,All ages,_T,National,_T,Total,_T,All education levels,_T,All occupations,_Z,Not applicable,_T,No breakdown by disability,2011,,0.49,,PERCENT,percent,G,Global,E,Estimated,"Energy Balances, UN Statistics Division (2024)",,,,,
DATAFLOW,SPC:DF_SDG(3.0),Sustainable Development Goals (all),I,A,Annual,EG_FEC_RNEW,7.2.1 Renewable energy share in the total final energy consumption,GU,Guam,_T,Total,_T,All ages,_T,National,_T,Total,_T,All education levels,_T,All occupations,_Z,Not applicable,_T,No breakdown by disability,2012,,0.53,,PERCENT,percent,G,Global,E,Estimated,"Energy Balances, UN Statistics Division (2024)",,,,,
DATAFLOW,SPC:DF_SDG(3.0),Sustainable Development Goals (all),I,A,Annual,EG_FEC_RNEW,7.2.1 Renewable energy share in the total final energy consumption,GU,Guam,_T,Total,_T,All ages,_T,National,_T,Total,_T,All education levels,_T,All occupations,_Z,Not applicable,_T,No breakdown by disability,2013,,0.59,,PERCENT,percent,G,Global,E,Estimated,"Energy Balances, UN Statistics Division (2024)",,,,,
DATAFLOW,SPC:DF_SDG(3.0),Sustainable Development Goals (all),I,A,Annual,EG_FEC_RNEW,7.2.1 Renewable energy share in the total final energy consumption,GU,Guam,_T,Total,_T,All ages,_T,National,_T,Total,_T,All education levels,_T,All occupations,_Z,Not applicable,_T,No breakdown by disability,2014,,0.67,,PERCENT,percent,G,Global,E,Estimated,"Energy Balances, UN Statistics Division (2024)",,,,,
DATAFLOW,SPC:DF_SDG(3.0),Sustainable Development Goals (all),I,A,Annual,EG_FEC_RNEW,7.2.1 Renewable energy share in the total final energy consumption,GU,Guam,_T,Total,_T,All ages,_T,National,_T,Total,_T,All education levels,_T,All occupations,_Z,Not applicable,_T,No breakdown by disability,2015,,2.32,,PERCENT,percent,G,Global,E,Estimated,"Energy Balances, UN Statistics Division (2024)",,,,,
DATAFLOW,SPC:DF_SDG(3.0),Sustainable Development Goals (all),I,A,Annual,EG_FEC_RNEW,7.2.1 Renewable energy share in the total final energy consumption,GU,Guam,_T,Total,_T,All ages,_T,National,_T,Total,_T,All education levels,_T,All occupations,_Z,Not applicable,_T,No breakdown by disability,2016,,4.38,,PERCENT,percent,G,Global,E,Estimated,"Energy Balances, UN Statistics Division (2024)",,,,,
DATAFLOW,SPC:DF_SDG(3.0),Sustainable Development Goals (all),I,A,Annual,EG_FEC_RNEW,7.2.1 Renewable energy share in the total final energy consumption,GU,Guam,_T,Total,_T,All ages,_T,National,_T,Total,_T,All education levels,_T,All occupations,_Z,Not applicable,_T,No breakdown by disability,2017,,3.9,,PERCENT,percent,G,Global,E,Estimated,"Energy Balances, UN Statistics Division (2024)",,,,,
DATAFLOW,SPC:DF_SDG(3.0),Sustainable Development Goals (all),I,A,Annual,EG_FEC_RNEW,7.2.1 Renewable energy share in the total final energy consumption,GU,Guam,_T,Total,_T,All ages,_T,National,_T,Total,_T,All education levels,_T,All occupations,_Z,Not applicable,_T,No breakdown by disability,2018,,4.49,,PERCENT,percent,G,Global,E,Estimated,"Energy Balances, UN Statistics Division (2024)",,,,,
DATAFLOW,SPC:DF_SDG(3.0),Sustainable Development Goals (all),I,A,Annual,EG_FEC_RNEW,7.2.1 Renewable energy share in the total final energy consumption,GU,Guam,_T,Total,_T,All ages,_T,National,_T,Total,_T,All education levels,_T,All occupations,_Z,Not applicable,_T,No breakdown by disability,2019,,4.47,,PERCENT,percent,G,Global,E,Estimated,"Energy Balances, UN Statistics Division (2024)",,,,,
DATAFLOW,SPC:DF_SDG(3.0),Sustainable Development Goals (all),I,A,Annual,EG_FEC_RNEW,7.2.1 Renewable energy share in the total final energy consumption,GU,Guam,_T,Total,_T,All ages,_T,National,_T,Total,_T,All education levels,_T,All occupations,_Z,Not applicable,_T,No breakdown by disability,2020,,4.58,,PERCENT,percent,G,Global,E,Estimated,"Energy Balances, UN Statistics Division (2024)",,,,,
DATAFLOW,SPC:DF_SDG(3.0),Sustainable Development Goals (all),I,A,Annual,EG_FEC_RNEW,7.2.1 Renewable energy share in the total final energy consumption,GU,Guam,_T,Total,_T,All ages,_T,National,_T,Total,_T,All education levels,_T,All occupations,_Z,Not applicable,_T,No breakdown by disability,2021,,4.5,,PERCENT,percent,G,Global,E,Estimated,"Energy Balances, UN Statistics Division (2024)",,,,,
DATAFLOW,SPC:DF_SDG(3.0),Sustainable Development Goals (all),I,A,Annual,EG_FEC_RNEW,7.2.1 Renewable energy share in the total final energy consumption,GU,Guam,_T,Total,_T,All ages,_T,National,_T,Total,_T,All education levels,_T,All occupations,_Z,Not applicable,_T,No breakdown by disability,2022,,6.52,,PERCENT,percent,G,Global,E,Estimated,"Energy Balances, UN Statistics Division (2024)",,,,,
DATAFLOW,SPC:DF_SDG(3.0),Sustainable Development Goals (all),I,A,Annual,EG_FEC_RNEW,7.2.1 Renewable energy share in the total final energy consumption,KI,Kiribati,_T,Total,_T,All ages,_T,National,_T,Total,_T,All education levels,_T,All occupations,_Z,Not applicable,_T,No breakdown by disability,2000,,54.73,,PERCENT,percent,G,Global,E,Estimated,"Energy Balances, UN Statistics Division (2024)",,,,,
DATAFLOW,SPC:DF_SDG(3.0),Sustainable Development Goals (all),I,A,Annual,EG_FEC_RNEW,7.2.1 Renewable energy share in the total final energy consumption,KI,Kiribati,_T,Total,_T,All ages,_T,National,_T,Total,_T,All education levels,_T,All occupations,_Z,Not applicable,_T,No breakdown by disability,2001,,56.39,,PERCENT,percent,G,Global,E,Estimated,"Energy Balances, UN Statistics Division (2024)",,,,,
DATAFLOW,SPC:DF_SDG(3.0),Sustainable Development Goals (all),I,A,Annual,EG_FEC_RNEW,7.2.1 Renewable energy share in the total final energy consumption,KI,Kiribati,_T,Total,_T,All ages,_T,National,_T,Total,_T,All education levels,_T,All occupations,_Z,Not applicable,_T,No breakdown by disability,2002,,53.05,,PERCENT,percent,G,Global,E,Estimated,"Energy Balances, UN Statistics Division (2024)",,,,,
DATAFLOW,SPC:DF_SDG(3.0),Sustainable Development Goals (all),I,A,Annual,EG_FEC_RNEW,7.2.1 Renewable energy share in the total final energy consumption,KI,Kiribati,_T,Total,_T,All ages,_T,National,_T,Total,_T,All education levels,_T,All occupations,_Z,Not applicable,_T,No breakdown by disability,2003,,50.52,,PERCENT,percent,G,Global,E,Estimated,"Energy Balances, UN Statistics Division (2024)",,,,,
DATAFLOW,SPC:DF_SDG(3.0),Sustainable Development Goals (all),I,A,Annual,EG_FEC_RNEW,7.2.1 Renewable energy share in the total final energy consumption,KI,Kiribati,_T,Total,_T,All ages,_T,National,_T,Total,_T,All education levels,_T,All occupations,_Z,Not applicable,_T,No breakdown by disability,2004,,50.55,,PERCENT,percent,G,Global,E,Estimated,"Energy Balances, UN Statistics Division (2024)",,,,,
DATAFLOW,SPC:DF_SDG(3.0),Sustainable Development Goals (all),I,A,Annual,EG_FEC_RNEW,7.2.1 Renewable energy share in the total final energy consumption,KI,Kiribati,_T,Total,_T,All ages,_T,National,_T,Total,_T,All education levels,_T,All occupations,_Z,Not applicable,_T,No breakdown by disability,2005,,48.51,,PERCENT,percent,G,Global,E,Estimated,"Energy Balances, UN Statistics Division (2024)",,,,,
DATAFLOW,SPC:DF_SDG(3.0),Sustainable Development Goals (all),I,A,Annual,EG_FEC_RNEW,7.2.1 Renewable energy share in the total final energy consumption,KI,Kiribati,_T,Total,_T,All ages,_T,National,_T,Total,_T,All education levels,_T,All occupations,_Z,Not applicable,_T,No breakdown by disability,2006,,48.12,,PERCENT,percent,G,Global,E,Estimated,"Energy Balances, UN Statistics Division (2024)",,,,,
DATAFLOW,SPC:DF_SDG(3.0),Sustainable Development Goals (all),I,A,Annual,EG_FEC_RNEW,7.2.1 Renewable energy share in the total final energy consumption,KI,Kiribati,_T,Total,_T,All ages,_T,National,_T,Total,_T,All education levels,_T,All occupations,_Z,Not applicable,_T,No breakdown by disability,2007,,48.42,,PERCENT,percent,G,Global,E,Estimated,"Energy Balances, UN Statistics Division (2024)",,,,,
DATAFLOW,SPC:DF_SDG(3.0),Sustainable Development Goals (all),I,A,Annual,EG_FEC_RNEW,7.2.1 Renewable energy share in the total final energy consumption,KI,Kiribati,_T,Total,_T,All ages,_T,National,_T,Total,_T,All education levels,_T,All occupations,_Z,Not applicable,_T,No breakdown by disability,2008,,49.74,,PERCENT,percent,G,Global,E,Estimated,"Energy Balances, UN Statistics Division (2024)",,,,,
DATAFLOW,SPC:DF_SDG(3.0),Sustainable Development Goals (all),I,A,Annual,EG_FEC_RNEW,7.2.1 Renewable energy share in the total final energy consumption,KI,Kiribati,_T,Total,_T,All ages,_T,National,_T,Total,_T,All education levels,_T,All occupations,_Z,Not applicable,_T,No breakdown by disability,2009,,50.44,,PERCENT,percent,G,Global,E,Estimated,"Energy Balances, UN Statistics Division (2024)",,,,,
DATAFLOW,SPC:DF_SDG(3.0),Sustainable Development Goals (all),I,A,Annual,EG_FEC_RNEW,7.2.1 Renewable energy share in the total final energy consumption,KI,Kiribati,_T,Total,_T,All ages,_T,National,_T,Total,_T,All education levels,_T,All occupations,_Z,Not applicable,_T,No breakdown by disability,2010,,50.14,,PERCENT,percent,G,Global,E,Estimated,"Energy Balances, UN Statistics Division (2024)",,,,,
DATAFLOW,SPC:DF_SDG(3.0),Sustainable Development Goals (all),I,A,Annual,EG_FEC_RNEW,7.2.1 Renewable energy share in the total final energy consumption,KI,Kiribati,_T,Total,_T,All ages,_T,National,_T,Total,_T,All education levels,_T,All occupations,_Z,Not applicable,_T,No breakdown by disability,2011,,50.51,,PERCENT,percent,G,Global,E,Estimated,"Energy Balances, UN Statistics Division (2024)",,,,,
DATAFLOW,SPC:DF_SDG(3.0),Sustainable Development Goals (all),I,A,Annual,EG_FEC_RNEW,7.2.1 Renewable energy share in the total final energy consumption,KI,Kiribati,_T,Total,_T,All ages,_T,National,_T,Total,_T,All education levels,_T,All occupations,_Z,Not applicable,_T,No breakdown by disability,2012,,48.73,,PERCENT,percent,G,Global,E,Estimated,"Energy Balances, UN Statistics Division (2024)",,,,,
DATAFLOW,SPC:DF_SDG(3.0),Sustainable Development Goals (all),I,A,Annual,EG_FEC_RNEW,7.2.1 Renewable energy share in the total final energy consumption,KI,Kiribati,_T,Total,_T,All ages,_T,National,_T,Total,_T,All education levels,_T,All occupations,_Z,Not applicable,_T,No breakdown by disability,2013,,46.16,,PERCENT,percent,G,Global,E,Estimated,"Energy Balances, UN Statistics Division (2024)",,,,,
DATAFLOW,SPC:DF_SDG(3.0),Sustainable Development Goals (all),I,A,Annual,EG_FEC_RNEW,7.2.1 Renewable energy share in the total final energy consumption,KI,Kiribati,_T,Total,_T,All ages,_T,National,_T,Total,_T,All education levels,_T,All occupations,_Z,Not applicable,_T,No breakdown by disability,2014,,47.98,,PERCENT,percent,G,Global,E,Estimated,"Energy Balances, UN Statistics Division (2024)",,,,,
DATAFLOW,SPC:DF_SDG(3.0),Sustainable Development Goals (all),I,A,Annual,EG_FEC_RNEW,7.2.1 Renewable energy share in the total final energy consumption,KI,Kiribati,_T,Total,_T,All ages,_T,National,_T,Total,_T,All education levels,_T,All occupations,_Z,Not applicable,_T,No breakdown by disability,2015,,47.48,,PERCENT,percent,G,Global,E,Estimated,"Energy Balances, UN Statistics Division (2024)",,,,,
DATAFLOW,SPC:DF_SDG(3.0),Sustainable Development Goals (all),I,A,Annual,EG_FEC_RNEW,7.2.1 Renewable energy share in the total final energy consumption,KI,Kiribati,_T,Total,_T,All ages,_T,National,_T,Total,_T,All education levels,_T,All occupations,_Z,Not applicable,_T,No breakdown by disability,2016,,48.1,,PERCENT,percent,G,Global,E,Estimated,"Energy Balances, UN Statistics Division (2024)",,,,,
DATAFLOW,SPC:DF_SDG(3.0),Sustainable Development Goals (all),I,A,Annual,EG_FEC_RNEW,7.2.1 Renewable energy share in the total final energy consumption,KI,Kiribati,_T,Total,_T,All ages,_T,National,_T,Total,_T,All education levels,_T,All occupations,_Z,Not applicable,_T,No breakdown by disability,2017,,42.51,,PERCENT,percent,G,Global,E,Estimated,"Energy Balances, UN Statistics Division (2024)",,,,,
DATAFLOW,SPC:DF_SDG(3.0),Sustainable Development Goals (all),I,A,Annual,EG_FEC_RNEW,7.2.1 Renewable energy share in the total final energy consumption,KI,Kiribati,_T,Total,_T,All ages,_T,National,_T,Total,_T,All education levels,_T,All occupations,_Z,Not applicable,_T,No breakdown by disability,2018,,42.31,,PERCENT,percent,G,Global,E,Estimated,"Energy Balances, UN Statistics Division (2024)",,,,,
DATAFLOW,SPC:DF_SDG(3.0),Sustainable Development Goals (all),I,A,Annual,EG_FEC_RNEW,7.2.1 Renewable energy share in the total final energy consumption,KI,Kiribati,_T,Total,_T,All ages,_T,National,_T,Total,_T,All education levels,_T,All occupations,_Z,Not applicable,_T,No breakdown by disability,2019,,42.19,,PERCENT,percent,G,Global,E,Estimated,"Energy Balances, UN Statistics Division (2024)",,,,,
DATAFLOW,SPC:DF_SDG(3.0),Sustainable Development Goals (all),I,A,Annual,EG_FEC_RNEW,7.2.1 Renewable energy share in the total final energy consumption,KI,Kiribati,_T,Total,_T,All ages,_T,National,_T,Total,_T,All education levels,_T,All occupations,_Z,Not applicable,_T,No breakdown by disability,2020,,42.24,,PERCENT,percent,G,Global,E,Estimated,"Energy Balances, UN Statistics Division (2024)",,,,,
DATAFLOW,SPC:DF_SDG(3.0),Sustainable Development Goals (all),I,A,Annual,EG_FEC_RNEW,7.2.1 Renewable energy share in the total final energy consumption,KI,Kiribati,_T,Total,_T,All ages,_T,National,_T,Total,_T,All education levels,_T,All occupations,_Z,Not applicable,_T,No breakdown by disability,2021,,42.23,,PERCENT,percent,G,Global,E,Estimated,"Energy Balances, UN Statistics Division (2024)",,,,,
DATAFLOW,SPC:DF_SDG(3.0),Sustainable Development Goals (all),I,A,Annual,EG_FEC_RNEW,7.2.1 Renewable energy share in the total final energy consumption,KI,Kiribati,_T,Total,_T,All ages,_T,National,_T,Total,_T,All education levels,_T,All occupations,_Z,Not applicable,_T,No breakdown by disability,2022,,41.86,,PERCENT,percent,G,Global,E,Estimated,"Energy Balances, UN Statistics Division (2024)",,,,,
DATAFLOW,SPC:DF_SDG(3.0),Sustainable Development Goals (all),I,A,Annual,EG_FEC_RNEW,7.2.1 Renewable energy share in the total final energy consumption,MH,Marshall Islands,_T,Total,_T,All ages,_T,National,_T,Total,_T,All education levels,_T,All occupations,_Z,Not applicable,_T,No breakdown by disability,2000,,19.57,,PERCENT,percent,G,Global,E,Estimated,"Energy Balances, UN Statistics Division (2024)",,,,,
DATAFLOW,SPC:DF_SDG(3.0),Sustainable Development Goals (all),I,A,Annual,EG_FEC_RNEW,7.2.1 Renewable energy share in the total final energy consumption,MH,Marshall Islands,_T,Total,_T,All ages,_T,National,_T,Total,_T,All education levels,_T,All occupations,_Z,Not applicable,_T,No breakdown by disability,2001,,19.08,,PERCENT,percent,G,Global,E,Estimated,"Energy Balances, UN Statistics Division (2024)",,,,,
DATAFLOW,SPC:DF_SDG(3.0),Sustainable Development Goals (all),I,A,Annual,EG_FEC_RNEW,7.2.1 Renewable energy share in the total final energy consumption,MH,Marshall Islands,_T,Total,_T,All ages,_T,National,_T,Total,_T,All education levels,_T,All occupations,_Z,Not applicable,_T,No breakdown by disability,2002,,18.63,,PERCENT,percent,G,Global,E,Estimated,"Energy Balances, UN Statistics Division (2024)",,,,,
DATAFLOW,SPC:DF_SDG(3.0),Sustainable Development Goals (all),I,A,Annual,EG_FEC_RNEW,7.2.1 Renewable energy share in the total final energy consumption,MH,Marshall Islands,_T,Total,_T,All ages,_T,National,_T,Total,_T,All education levels,_T,All occupations,_Z,Not applicable,_T,No breakdown by disability,2003,,18.56,,PERCENT,percent,G,Global,E,Estimated,"Energy Balances, UN Statistics Division (2024)",,,,,
DATAFLOW,SPC:DF_SDG(3.0),Sustainable Development Goals (all),I,A,Annual,EG_FEC_RNEW,7.2.1 Renewable energy share in the total final energy consumption,MH,Marshall Islands,_T,Total,_T,All ages,_T,National,_T,Total,_T,All education levels,_T,All occupations,_Z,Not applicable,_T,No breakdown by disability,2004,,18.4,,PERCENT,percent,G,Global,E,Estimated,"Energy Balances, UN Statistics Division (2024)",,,,,
DATAFLOW,SPC:DF_SDG(3.0),Sustainable Development Goals (all),I,A,Annual,EG_FEC_RNEW,7.2.1 Renewable energy share in the total final energy consumption,MH,Marshall Islands,_T,Total,_T,All ages,_T,National,_T,Total,_T,All education levels,_T,All occupations,_Z,Not applicable,_T,No breakdown by disability,2005,,18.38,,PERCENT,percent,G,Global,E,Estimated,"Energy Balances, UN Statistics Division (2024)",,,,,
DATAFLOW,SPC:DF_SDG(3.0),Sustainable Development Goals (all),I,A,Annual,EG_FEC_RNEW,7.2.1 Renewable energy share in the total final energy consumption,MH,Marshall Islands,_T,Total,_T,All ages,_T,National,_T,Total,_T,All education levels,_T,All occupations,_Z,Not applicable,_T,No breakdown by disability,2006,,16.96,,PERCENT,percent,G,Global,E,Estimated,"Energy Balances, UN Statistics Division (2024)",,,,,
DATAFLOW,SPC:DF_SDG(3.0),Sustainable Development Goals (all),I,A,Annual,EG_FEC_RNEW,7.2.1 Renewable energy share in the total final energy consumption,MH,Marshall Islands,_T,Total,_T,All ages,_T,National,_T,Total,_T,All education levels,_T,All occupations,_Z,Not applicable,_T,No breakdown by disability,2007,,15.21,,PERCENT,percent,G,Global,E,Estimated,"Energy Balances, UN Statistics Division (2024)",,,,,
DATAFLOW,SPC:DF_SDG(3.0),Sustainable Development Goals (all),I,A,Annual,EG_FEC_RNEW,7.2.1 Renewable energy share in the total final energy consumption,MH,Marshall Islands,_T,Total,_T,All ages,_T,National,_T,Total,_T,All education levels,_T,All occupations,_Z,Not applicable,_T,No breakdown by disability,2008,,14.78,,PERCENT,percent,G,Global,E,Estimated,"Energy Balances, UN Statistics Division (2024)",,,,,
DATAFLOW,SPC:DF_SDG(3.0),Sustainable Development Goals (all),I,A,Annual,EG_FEC_RNEW,7.2.1 Renewable energy share in the total final energy consumption,MH,Marshall Islands,_T,Total,_T,All ages,_T,National,_T,Total,_T,All education levels,_T,All occupations,_Z,Not applicable,_T,No breakdown by disability,2009,,13.96,,PERCENT,percent,G,Global,E,Estimated,"Energy Balances, UN Statistics Division (2024)",,,,,
DATAFLOW,SPC:DF_SDG(3.0),Sustainable Development Goals (all),I,A,Annual,EG_FEC_RNEW,7.2.1 Renewable energy share in the total final energy consumption,MH,Marshall Islands,_T,Total,_T,All ages,_T,National,_T,Total,_T,All education levels,_T,All occupations,_Z,Not applicable,_T,No breakdown by disability,2010,,13.72,,PERCENT,percent,G,Global,E,Estimated,"Energy Balances, UN Statistics Division (2024)",,,,,
DATAFLOW,SPC:DF_SDG(3.0),Sustainable Development Goals (all),I,A,Annual,EG_FEC_RNEW,7.2.1 Renewable energy share in the total final energy consumption,MH,Marshall Islands,_T,Total,_T,All ages,_T,National,_T,Total,_T,All education levels,_T,All occupations,_Z,Not applicable,_T,No breakdown by disability,2011,,12.35,,PERCENT,percent,G,Global,E,Estimated,"Energy Balances, UN Statistics Division (2024)",,,,,
DATAFLOW,SPC:DF_SDG(3.0),Sustainable Development Goals (all),I,A,Annual,EG_FEC_RNEW,7.2.1 Renewable energy share in the total final energy consumption,MH,Marshall Islands,_T,Total,_T,All ages,_T,National,_T,Total,_T,All education levels,_T,All occupations,_Z,Not applicable,_T,No breakdown by disability,2012,,12.03,,PERCENT,percent,G,Global,E,Estimated,"Energy Balances, UN Statistics Division (2024)",,,,,
DATAFLOW,SPC:DF_SDG(3.0),Sustainable Development Goals (all),I,A,Annual,EG_FEC_RNEW,7.2.1 Renewable energy share in the total final energy consumption,MH,Marshall Islands,_T,Total,_T,All ages,_T,National,_T,Total,_T,All education levels,_T,All occupations,_Z,Not applicable,_T,No breakdown by disability,2013,,12.37,,PERCENT,percent,G,Global,E,Estimated,"Energy Balances, UN Statistics Division (2024)",,,,,
DATAFLOW,SPC:DF_SDG(3.0),Sustainable Development Goals (all),I,A,Annual,EG_FEC_RNEW,7.2.1 Renewable energy share in the total final energy consumption,MH,Marshall Islands,_T,Total,_T,All ages,_T,National,_T,Total,_T,All education levels,_T,All occupations,_Z,Not applicable,_T,No breakdown by disability,2014,,11.74,,PERCENT,percent,G,Global,E,Estimated,"Energy Balances, UN Statistics Division (2024)",,,,,
DATAFLOW,SPC:DF_SDG(3.0),Sustainable Development Goals (all),I,A,Annual,EG_FEC_RNEW,7.2.1 Renewable energy share in the total final energy consumption,MH,Marshall Islands,_T,Total,_T,All ages,_T,National,_T,Total,_T,All education levels,_T,All occupations,_Z,Not applicable,_T,No breakdown by disability,2015,,11.32,,PERCENT,percent,G,Global,E,Estimated,"Energy Balances, UN Statistics Division (2024)",,,,,
DATAFLOW,SPC:DF_SDG(3.0),Sustainable Development Goals (all),I,A,Annual,EG_FEC_RNEW,7.2.1 Renewable energy share in the total final energy consumption,MH,Marshall Islands,_T,Total,_T,All ages,_T,National,_T,Total,_T,All education levels,_T,All occupations,_Z,Not applicable,_T,No breakdown by disability,2016,,11.75,,PERCENT,percent,G,Global,E,Estimated,"Energy Balances, UN Statistics Division (2024)",,,,,
DATAFLOW,SPC:DF_SDG(3.0),Sustainable Development Goals (all),I,A,Annual,EG_FEC_RNEW,7.2.1 Renewable energy share in the total final energy consumption,MH,Marshall Islands,_T,Total,_T,All ages,_T,National,_T,Total,_T,All education levels,_T,All occupations,_Z,Not applicable,_T,No breakdown by disability,2017,,11.74,,PERCENT,percent,G,Global,E,Estimated,"Energy Balances, UN Statistics Division (2024)",,,,,
DATAFLOW,SPC:DF_SDG(3.0),Sustainable Development Goals (all),I,A,Annual,EG_FEC_RNEW,7.2.1 Renewable energy share in the total final energy consumption,MH,Marshall Islands,_T,Total,_T,All ages,_T,National,_T,Total,_T,All education levels,_T,All occupations,_Z,Not applicable,_T,No breakdown by disability,2018,,11.72,,PERCENT,percent,G,Global,E,Estimated,"Energy Balances, UN Statistics Division (2024)",,,,,
DATAFLOW,SPC:DF_SDG(3.0),Sustainable Development Goals (all),I,A,Annual,EG_FEC_RNEW,7.2.1 Renewable energy share in the total final energy consumption,MH,Marshall Islands,_T,Total,_T,All ages,_T,National,_T,Total,_T,All education levels,_T,All occupations,_Z,Not applicable,_T,No breakdown by disability,2019,,11.7,,PERCENT,percent,G,Global,E,Estimated,"Energy Balances, UN Statistics Division (2024)",,,,,
DATAFLOW,SPC:DF_SDG(3.0),Sustainable Development Goals (all),I,A,Annual,EG_FEC_RNEW,7.2.1 Renewable energy share in the total final energy consumption,MH,Marshall Islands,_T,Total,_T,All ages,_T,National,_T,Total,_T,All education levels,_T,All occupations,_Z,Not applicable,_T,No breakdown by disability,2020,,11.62,,PERCENT,percent,G,Global,E,Estimated,"Energy Balances, UN Statistics Division (2024)",,,,,
DATAFLOW,SPC:DF_SDG(3.0),Sustainable Development Goals (all),I,A,Annual,EG_FEC_RNEW,7.2.1 Renewable energy share in the total final energy consumption,MH,Marshall Islands,_T,Total,_T,All ages,_T,National,_T,Total,_T,All education levels,_T,All occupations,_Z,Not applicable,_T,No breakdown by disability,2021,,11.89,,PERCENT,percent,G,Global,E,Estimated,"Energy Balances, UN Statistics Division (2024)",,,,,
DATAFLOW,SPC:DF_SDG(3.0),Sustainable Development Goals (all),I,A,Annual,EG_FEC_RNEW,7.2.1 Renewable energy share in the total final energy consumption,MH,Marshall Islands,_T,Total,_T,All ages,_T,National,_T,Total,_T,All education levels,_T,All occupations,_Z,Not applicable,_T,No breakdown by disability,2022,,11.68,,PERCENT,percent,G,Global,E,Estimated,"Energy Balances, UN Statistics Division (2024)",,,,,
DATAFLOW,SPC:DF_SDG(3.0),Sustainable Development Goals (all),I,A,Annual,EG_FEC_RNEW,7.2.1 Renewable energy share in the total final energy consumption,MP,Northern Mariana Islands,_T,Total,_T,All ages,_T,National,_T,Total,_T,All education levels,_T,All occupations,_Z,Not applicable,_T,No breakdown by disability,2000,,0,,PERCENT,percent,G,Global,E,Estimated,"Energy Balances, UN Statistics Division (2024)",,,,,
DATAFLOW,SPC:DF_SDG(3.0),Sustainable Development Goals (all),I,A,Annual,EG_FEC_RNEW,7.2.1 Renewable energy share in the total final energy consumption,MP,Northern Mariana Islands,_T,Total,_T,All ages,_T,National,_T,Total,_T,All education levels,_T,All occupations,_Z,Not applicable,_T,No breakdown by disability,2001,,0,,PERCENT,percent,G,Global,E,Estimated,"Energy Balances, UN Statistics Division (2024)",,,,,
DATAFLOW,SPC:DF_SDG(3.0),Sustainable Development Goals (all),I,A,Annual,EG_FEC_RNEW,7.2.1 Renewable energy share in the total final energy consumption,MP,Northern Mariana Islands,_T,Total,_T,All ages,_T,National,_T,Total,_T,All education levels,_T,All occupations,_Z,Not applicable,_T,No breakdown by disability,2002,,0,,PERCENT,percent,G,Global,E,Estimated,"Energy Balances, UN Statistics Division (2024)",,,,,
DATAFLOW,SPC:DF_SDG(3.0),Sustainable Development Goals (all),I,A,Annual,EG_FEC_RNEW,7.2.1 Renewable energy share in the total final energy consumption,MP,Northern Mariana Islands,_T,Total,_T,All ages,_T,National,_T,Total,_T,All education levels,_T,All occupations,_Z,Not applicable,_T,No breakdown by disability,2003,,0,,PERCENT,percent,G,Global,E,Estimated,"Energy Balances, UN Statistics Division (2024)",,,,,
DATAFLOW,SPC:DF_SDG(3.0),Sustainable Development Goals (all),I,A,Annual,EG_FEC_RNEW,7.2.1 Renewable energy share in the total final energy consumption,MP,Northern Mariana Islands,_T,Total,_T,All ages,_T,National,_T,Total,_T,All education levels,_T,All occupations,_Z,Not applicable,_T,No breakdown by disability,2004,,0,,PERCENT,percent,G,Global,E,Estimated,"Energy Balances, UN Statistics Division (2024)",,,,,
DATAFLOW,SPC:DF_SDG(3.0),Sustainable Development Goals (all),I,A,Annual,EG_FEC_RNEW,7.2.1 Renewable energy share in the total final energy consumption,MP,Northern Mariana Islands,_T,Total,_T,All ages,_T,National,_T,Total,_T,All education levels,_T,All occupations,_Z,Not applicable,_T,No breakdown by disability,2005,,0,,PERCENT,percent,G,Global,E,Estimated,"Energy Balances, UN Statistics Division (2024)",,,,,
DATAFLOW,SPC:DF_SDG(3.0),Sustainable Development Goals (all),I,A,Annual,EG_FEC_RNEW,7.2.1 Renewable energy share in the total final energy consumption,MP,Northern Mariana Islands,_T,Total,_T,All ages,_T,National,_T,Total,_T,All education levels,_T,All occupations,_Z,Not applicable,_T,No breakdown by disability,2006,,0,,PERCENT,percent,G,Global,E,Estimated,"Energy Balances, UN Statistics Division (2024)",,,,,
DATAFLOW,SPC:DF_SDG(3.0),Sustainable Development Goals (all),I,A,Annual,EG_FEC_RNEW,7.2.1 Renewable energy share in the total final energy consumption,MP,Northern Mariana Islands,_T,Total,_T,All ages,_T,National,_T,Total,_T,All education levels,_T,All occupations,_Z,Not applicable,_T,No breakdown by disability,2007,,0,,PERCENT,percent,G,Global,E,Estimated,"Energy Balances, UN Statistics Division (2024)",,,,,
DATAFLOW,SPC:DF_SDG(3.0),Sustainable Development Goals (all),I,A,Annual,EG_FEC_RNEW,7.2.1 Renewable energy share in the total final energy consumption,MP,Northern Mariana Islands,_T,Total,_T,All ages,_T,National,_T,Total,_T,All education levels,_T,All occupations,_Z,Not applicable,_T,No breakdown by disability,2008,,0,,PERCENT,percent,G,Global,E,Estimated,"Energy Balances, UN Statistics Division (2024)",,,,,
DATAFLOW,SPC:DF_SDG(3.0),Sustainable Development Goals (all),I,A,Annual,EG_FEC_RNEW,7.2.1 Renewable energy share in the total final energy consumption,MP,Northern Mariana Islands,_T,Total,_T,All ages,_T,National,_T,Total,_T,All education levels,_T,All occupations,_Z,Not applicable,_T,No breakdown by disability,2009,,0,,PERCENT,percent,G,Global,E,Estimated,"Energy Balances, UN Statistics Division (2024)",,,,,
DATAFLOW,SPC:DF_SDG(3.0),Sustainable Development Goals (all),I,A,Annual,EG_FEC_RNEW,7.2.1 Renewable energy share in the total final energy consumption,MP,Northern Mariana Islands,_T,Total,_T,All ages,_T,National,_T,Total,_T,All education levels,_T,All occupations,_Z,Not applicable,_T,No breakdown by disability,2010,,0,,PERCENT,percent,G,Global,E,Estimated,"Energy Balances, UN Statistics Division (2024)",,,,,
DATAFLOW,SPC:DF_SDG(3.0),Sustainable Development Goals (all),I,A,Annual,EG_FEC_RNEW,7.2.1 Renewable energy share in the total final energy consumption,MP,Northern Mariana Islands,_T,Total,_T,All ages,_T,National,_T,Total,_T,All education levels,_T,All occupations,_Z,Not applicable,_T,No breakdown by disability,2011,,0,,PERCENT,percent,G,Global,E,Estimated,"Energy Balances, UN Statistics Division (2024)",,,,,
DATAFLOW,SPC:DF_SDG(3.0),Sustainable Development Goals (all),I,A,Annual,EG_FEC_RNEW,7.2.1 Renewable energy share in the total final energy consumption,MP,Northern Mariana Islands,_T,Total,_T,All ages,_T,National,_T,Total,_T,All education levels,_T,All occupations,_Z,Not applicable,_T,No breakdown by disability,2012,,0,,PERCENT,percent,G,Global,E,Estimated,"Energy Balances, UN Statistics Division (2024)",,,,,
DATAFLOW,SPC:DF_SDG(3.0),Sustainable Development Goals (all),I,A,Annual,EG_FEC_RNEW,7.2.1 Renewable energy share in the total final energy consumption,MP,Northern Mariana Islands,_T,Total,_T,All ages,_T,National,_T,Total,_T,All education levels,_T,All occupations,_Z,Not applicable,_T,No breakdown by disability,2013,,0,,PERCENT,percent,G,Global,E,Estimated,"Energy Balances, UN Statistics Division (2024)",,,,,
DATAFLOW,SPC:DF_SDG(3.0),Sustainable Development Goals (all),I,A,Annual,EG_FEC_RNEW,7.2.1 Renewable energy share in the total final energy consumption,MP,Northern Mariana Islands,_T,Total,_T,All ages,_T,National,_T,Total,_T,All education levels,_T,All occupations,_Z,Not applicable,_T,No breakdown by disability,2014,,0,,PERCENT,percent,G,Global,E,Estimated,"Energy Balances, UN Statistics Division (2024)",,,,,
DATAFLOW,SPC:DF_SDG(3.0),Sustainable Development Goals (all),I,A,Annual,EG_FEC_RNEW,7.2.1 Renewable energy share in the total final energy consumption,MP,Northern Mariana Islands,_T,Total,_T,All ages,_T,National,_T,Total,_T,All education levels,_T,All occupations,_Z,Not applicable,_T,No breakdown by disability,2015,,0,,PERCENT,percent,G,Global,E,Estimated,"Energy Balances, UN Statistics Division (2024)",,,,,
DATAFLOW,SPC:DF_SDG(3.0),Sustainable Development Goals (all),I,A,Annual,EG_FEC_RNEW,7.2.1 Renewable energy share in the total final energy consumption,MP,Northern Mariana Islands,_T,Total,_T,All ages,_T,National,_T,Total,_T,All education levels,_T,All occupations,_Z,Not applicable,_T,No breakdown by disability,2016,,0,,PERCENT,percent,G,Global,E,Estimated,"Energy Balances, UN Statistics Division (2024)",,,,,
DATAFLOW,SPC:DF_SDG(3.0),Sustainable Development Goals (all),I,A,Annual,EG_FEC_RNEW,7.2.1 Renewable energy share in the total final energy consumption,MP,Northern Mariana Islands,_T,Total,_T,All ages,_T,National,_T,Total,_T,All education levels,_T,All occupations,_Z,Not applicable,_T,No breakdown by disability,2017,,0,,PERCENT,percent,G,Global,E,Estimated,"Energy Balances, UN Statistics Division (2024)",,,,,
DATAFLOW,SPC:DF_SDG(3.0),Sustainable Development Goals (all),I,A,Annual,EG_FEC_RNEW,7.2.1 Renewable energy share in the total final energy consumption,MP,Northern Mariana Islands,_T,Total,_T,All ages,_T,National,_T,Total,_T,All education levels,_T,All occupations,_Z,Not applicable,_T,No breakdown by disability,2018,,0,,PERCENT,percent,G,Global,E,Estimated,"Energy Balances, UN Statistics Division (2024)",,,,,
DATAFLOW,SPC:DF_SDG(3.0),Sustainable Development Goals (all),I,A,Annual,EG_FEC_RNEW,7.2.1 Renewable energy share in the total final energy consumption,MP,Northern Mariana Islands,_T,Total,_T,All ages,_T,National,_T,Total,_T,All education levels,_T,All occupations,_Z,Not applicable,_T,No breakdown by disability,2019,,0,,PERCENT,percent,G,Global,E,Estimated,"Energy Balances, UN Statistics Division (2024)",,,,,
DATAFLOW,SPC:DF_SDG(3.0),Sustainable Development Goals (all),I,A,Annual,EG_FEC_RNEW,7.2.1 Renewable energy share in the total final energy consumption,MP,Northern Mariana Islands,_T,Total,_T,All ages,_T,National,_T,Total,_T,All education levels,_T,All occupations,_Z,Not applicable,_T,No breakdown by disability,2020,,0.51,,PERCENT,percent,G,Global,E,Estimated,"Energy Balances, UN Statistics Division (2024)",,,,,
DATAFLOW,SPC:DF_SDG(3.0),Sustainable Development Goals (all),I,A,Annual,EG_FEC_RNEW,7.2.1 Renewable energy share in the total final energy consumption,MP,Northern Mariana Islands,_T,Total,_T,All ages,_T,National,_T,Total,_T,All education levels,_T,All occupations,_Z,Not applicable,_T,No breakdown by disability,2021,,0.67,,PERCENT,percent,G,Global,E,Estimated,"Energy Balances, UN Statistics Division (2024)",,,,,
DATAFLOW,SPC:DF_SDG(3.0),Sustainable Development Goals (all),I,A,Annual,EG_FEC_RNEW,7.2.1 Renewable energy share in the total final energy consumption,MP,Northern Mariana Islands,_T,Total,_T,All ages,_T,National,_T,Total,_T,All education levels,_T,All occupations,_Z,Not applicable,_T,No breakdown by disability,2022,,0.69,,PERCENT,percent,G,Global,E,Estimated,"Energy Balances, UN Statistics Division (2024)",,,,,
DATAFLOW,SPC:DF_SDG(3.0),Sustainable Development Goals (all),I,A,Annual,EG_FEC_RNEW,7.2.1 Renewable energy share in the total final energy consumption,NC,New Caledonia,_T,Total,_T,All ages,_T,National,_T,Total,_T,All education levels,_T,All occupations,_Z,Not applicable,_T,No breakdown by disability,2000,,7.54,,PERCENT,percent,G,Global,E,Estimated,"Energy Balances, UN Statistics Division (2024)",,,,,
DATAFLOW,SPC:DF_SDG(3.0),Sustainable Development Goals (all),I,A,Annual,EG_FEC_RNEW,7.2.1 Renewable energy share in the total final energy consumption,NC,New Caledonia,_T,Total,_T,All ages,_T,National,_T,Total,_T,All education levels,_T,All occupations,_Z,Not applicable,_T,No breakdown by disability,2001,,6.72,,PERCENT,percent,G,Global,E,Estimated,"Energy Balances, UN Statistics Division (2024)",,,,,
DATAFLOW,SPC:DF_SDG(3.0),Sustainable Development Goals (all),I,A,Annual,EG_FEC_RNEW,7.2.1 Renewable energy share in the total final energy consumption,NC,New Caledonia,_T,Total,_T,All ages,_T,National,_T,Total,_T,All education levels,_T,All occupations,_Z,Not applicable,_T,No breakdown by disability,2002,,5.28,,PERCENT,percent,G,Global,E,Estimated,"Energy Balances, UN Statistics Division (2024)",,,,,
DATAFLOW,SPC:DF_SDG(3.0),Sustainable Development Goals (all),I,A,Annual,EG_FEC_RNEW,7.2.1 Renewable energy share in the total final energy consumption,NC,New Caledonia,_T,Total,_T,All ages,_T,National,_T,Total,_T,All education levels,_T,All occupations,_Z,Not applicable,_T,No breakdown by disability,2003,,4.93,,PERCENT,percent,G,Global,E,Estimated,"Energy Balances, UN Statistics Division (2024)",,,,,
DATAFLOW,SPC:DF_SDG(3.0),Sustainable Development Goals (all),I,A,Annual,EG_FEC_RNEW,7.2.1 Renewable energy share in the total final energy consumption,NC,New Caledonia,_T,Total,_T,All ages,_T,National,_T,Total,_T,All education levels,_T,All occupations,_Z,Not applicable,_T,No breakdown by disability,2004,,5.2,,PERCENT,percent,G,Global,E,Estimated,"Energy Balances, UN Statistics Division (2024)",,,,,
DATAFLOW,SPC:DF_SDG(3.0),Sustainable Development Goals (all),I,A,Annual,EG_FEC_RNEW,7.2.1 Renewable energy share in the total final energy consumption,NC,New Caledonia,_T,Total,_T,All ages,_T,National,_T,Total,_T,All education levels,_T,All occupations,_Z,Not applicable,_T,No breakdown by disability,2005,,5.08,,PERCENT,percent,G,Global,E,Estimated,"Energy Balances, UN Statistics Division (2024)",,,,,
DATAFLOW,SPC:DF_SDG(3.0),Sustainable Development Goals (all),I,A,Annual,EG_FEC_RNEW,7.2.1 Renewable energy share in the total final energy consumption,NC,New Caledonia,_T,Total,_T,All ages,_T,National,_T,Total,_T,All education levels,_T,All occupations,_Z,Not applicable,_T,No breakdown by disability,2006,,4.52,,PERCENT,percent,G,Global,E,Estimated,"Energy Balances, UN Statistics Division (2024)",,,,,
DATAFLOW,SPC:DF_SDG(3.0),Sustainable Development Goals (all),I,A,Annual,EG_FEC_RNEW,7.2.1 Renewable energy share in the total final energy consumption,NC,New Caledonia,_T,Total,_T,All ages,_T,National,_T,Total,_T,All education levels,_T,All occupations,_Z,Not applicable,_T,No breakdown by disability,2007,,5.82,,PERCENT,percent,G,Global,E,Estimated,"Energy Balances, UN Statistics Division (2024)",,,,,
DATAFLOW,SPC:DF_SDG(3.0),Sustainable Development Goals (all),I,A,Annual,EG_FEC_RNEW,7.2.1 Renewable energy share in the total final energy consumption,NC,New Caledonia,_T,Total,_T,All ages,_T,National,_T,Total,_T,All education levels,_T,All occupations,_Z,Not applicable,_T,No breakdown by disability,2008,,7.78,,PERCENT,percent,G,Global,E,Estimated,"Energy Balances, UN Statistics Division (2024)",,,,,
DATAFLOW,SPC:DF_SDG(3.0),Sustainable Development Goals (all),I,A,Annual,EG_FEC_RNEW,7.2.1 Renewable energy share in the total final energy consumption,NC,New Caledonia,_T,Total,_T,All ages,_T,National,_T,Total,_T,All education levels,_T,All occupations,_Z,Not applicable,_T,No breakdown by disability,2009,,6.95,,PERCENT,percent,G,Global,E,Estimated,"Energy Balances, UN Statistics Division (2024)",,,,,
DATAFLOW,SPC:DF_SDG(3.0),Sustainable Development Goals (all),I,A,Annual,EG_FEC_RNEW,7.2.1 Renewable energy share in the total final energy consumption,NC,New Caledonia,_T,Total,_T,All ages,_T,National,_T,Total,_T,All education levels,_T,All occupations,_Z,Not applicable,_T,No breakdown by disability,2010,,4.85,,PERCENT,percent,G,Global,E,Estimated,"Energy Balances, UN Statistics Division (2024)",,,,,
DATAFLOW,SPC:DF_SDG(3.0),Sustainable Development Goals (all),I,A,Annual,EG_FEC_RNEW,7.2.1 Renewable energy share in the total final energy consumption,NC,New Caledonia,_T,Total,_T,All ages,_T,National,_T,Total,_T,All education levels,_T,All occupations,_Z,Not applicable,_T,No breakdown by disability,2011,,5.93,,PERCENT,percent,G,Global,E,Estimated,"Energy Balances, UN Statistics Division (2024)",,,,,
DATAFLOW,SPC:DF_SDG(3.0),Sustainable Development Goals (all),I,A,Annual,EG_FEC_RNEW,7.2.1 Renewable energy share in the total final energy consumption,NC,New Caledonia,_T,Total,_T,All ages,_T,National,_T,Total,_T,All education levels,_T,All occupations,_Z,Not applicable,_T,No breakdown by disability,2012,,6.17,,PERCENT,percent,G,Global,E,Estimated,"Energy Balances, UN Statistics Division (2024)",,,,,
DATAFLOW,SPC:DF_SDG(3.0),Sustainable Development Goals (all),I,A,Annual,EG_FEC_RNEW,7.2.1 Renewable energy share in the total final energy consumption,NC,New Caledonia,_T,Total,_T,All ages,_T,National,_T,Total,_T,All education levels,_T,All occupations,_Z,Not applicable,_T,No breakdown by disability,2013,,6.56,,PERCENT,percent,G,Global,E,Estimated,"Energy Balances, UN Statistics Division (2024)",,,,,
DATAFLOW,SPC:DF_SDG(3.0),Sustainable Development Goals (all),I,A,Annual,EG_FEC_RNEW,7.2.1 Renewable energy share in the total final energy consumption,NC,New Caledonia,_T,Total,_T,All ages,_T,National,_T,Total,_T,All education levels,_T,All occupations,_Z,Not applicable,_T,No breakdown by disability,2014,,4.29,,PERCENT,percent,G,Global,E,Estimated,"Energy Balances, UN Statistics Division (2024)",,,,,
DATAFLOW,SPC:DF_SDG(3.0),Sustainable Development Goals (all),I,A,Annual,EG_FEC_RNEW,7.2.1 Renewable energy share in the total final energy consumption,NC,New Caledonia,_T,Total,_T,All ages,_T,National,_T,Total,_T,All education levels,_T,All occupations,_Z,Not applicable,_T,No breakdown by disability,2015,,5.09,,PERCENT,percent,G,Global,E,Estimated,"Energy Balances, UN Statistics Division (2024)",,,,,
DATAFLOW,SPC:DF_SDG(3.0),Sustainable Development Goals (all),I,A,Annual,EG_FEC_RNEW,7.2.1 Renewable energy share in the total final energy consumption,NC,New Caledonia,_T,Total,_T,All ages,_T,National,_T,Total,_T,All education levels,_T,All occupations,_Z,Not applicable,_T,No breakdown by disability,2016,,3.7,,PERCENT,percent,G,Global,E,Estimated,"Energy Balances, UN Statistics Division (2024)",,,,,
DATAFLOW,SPC:DF_SDG(3.0),Sustainable Development Goals (all),I,A,Annual,EG_FEC_RNEW,7.2.1 Renewable energy share in the total final energy consumption,NC,New Caledonia,_T,Total,_T,All ages,_T,National,_T,Total,_T,All education levels,_T,All occupations,_Z,Not applicable,_T,No breakdown by disability,2017,,5.1,,PERCENT,percent,G,Global,E,Estimated,"Energy Balances, UN Statistics Division (2024)",,,,,
DATAFLOW,SPC:DF_SDG(3.0),Sustainable Development Goals (all),I,A,Annual,EG_FEC_RNEW,7.2.1 Renewable energy share in the total final energy consumption,NC,New Caledonia,_T,Total,_T,All ages,_T,National,_T,Total,_T,All education levels,_T,All occupations,_Z,Not applicable,_T,No breakdown by disability,2018,,4.63,,PERCENT,percent,G,Global,E,Estimated,"Energy Balances, UN Statistics Division (2024)",,,,,
DATAFLOW,SPC:DF_SDG(3.0),Sustainable Development Goals (all),I,A,Annual,EG_FEC_RNEW,7.2.1 Renewable energy share in the total final energy consumption,NC,New Caledonia,_T,Total,_T,All ages,_T,National,_T,Total,_T,All education levels,_T,All occupations,_Z,Not applicable,_T,No breakdown by disability,2019,,5.24,,PERCENT,percent,G,Global,E,Estimated,"Energy Balances, UN Statistics Division (2024)",,,,,
DATAFLOW,SPC:DF_SDG(3.0),Sustainable Development Goals (all),I,A,Annual,EG_FEC_RNEW,7.2.1 Renewable energy share in the total final energy consumption,NC,New Caledonia,_T,Total,_T,All ages,_T,National,_T,Total,_T,All education levels,_T,All occupations,_Z,Not applicable,_T,No breakdown by disability,2020,,6.06,,PERCENT,percent,G,Global,E,Estimated,"Energy Balances, UN Statistics Division (2024)",,,,,
DATAFLOW,SPC:DF_SDG(3.0),Sustainable Development Goals (all),I,A,Annual,EG_FEC_RNEW,7.2.1 Renewable energy share in the total final energy consumption,NC,New Caledonia,_T,Total,_T,All ages,_T,National,_T,Total,_T,All education levels,_T,All occupations,_Z,Not applicable,_T,No breakdown by disability,2021,,8.33,,PERCENT,percent,G,Global,E,Estimated,"Energy Balances, UN Statistics Division (2024)",,,,,
DATAFLOW,SPC:DF_SDG(3.0),Sustainable Development Goals (all),I,A,Annual,EG_FEC_RNEW,7.2.1 Renewable energy share in the total final energy consumption,NC,New Caledonia,_T,Total,_T,All ages,_T,National,_T,Total,_T,All education levels,_T,All occupations,_Z,Not applicable,_T,No breakdown by disability,2022,,9.6,,PERCENT,percent,G,Global,E,Estimated,"Energy Balances, UN Statistics Division (2024)",,,,,
DATAFLOW,SPC:DF_SDG(3.0),Sustainable Development Goals (all),I,A,Annual,EG_FEC_RNEW,7.2.1 Renewable energy share in the total final energy consumption,NR,Naoero,_T,Total,_T,All ages,_T,National,_T,Total,_T,All education levels,_T,All occupations,_Z,Not applicable,_T,No breakdown by disability,2000,,0,,PERCENT,percent,G,Global,E,Estimated,"Energy Balances, UN Statistics Division (2024)",,,,,
DATAFLOW,SPC:DF_SDG(3.0),Sustainable Development Goals (all),I,A,Annual,EG_FEC_RNEW,7.2.1 Renewable energy share in the total final energy consumption,NR,Naoero,_T,Total,_T,All ages,_T,National,_T,Total,_T,All education levels,_T,All occupations,_Z,Not applicable,_T,No breakdown by disability,2001,,0,,PERCENT,percent,G,Global,E,Estimated,"Energy Balances, UN Statistics Division (2024)",,,,,
DATAFLOW,SPC:DF_SDG(3.0),Sustainable Development Goals (all),I,A,Annual,EG_FEC_RNEW,7.2.1 Renewable energy share in the total final energy consumption,NR,Naoero,_T,Total,_T,All ages,_T,National,_T,Total,_T,All education levels,_T,All occupations,_Z,Not applicable,_T,No breakdown by disability,2002,,0,,PERCENT,percent,G,Global,E,Estimated,"Energy Balances, UN Statistics Division (2024)",,,,,
DATAFLOW,SPC:DF_SDG(3.0),Sustainable Development Goals (all),I,A,Annual,EG_FEC_RNEW,7.2.1 Renewable energy share in the total final energy consumption,NR,Naoero,_T,Total,_T,All ages,_T,National,_T,Total,_T,All education levels,_T,All occupations,_Z,Not applicable,_T,No breakdown by disability,2003,,0,,PERCENT,percent,G,Global,E,Estimated,"Energy Balances, UN Statistics Division (2024)",,,,,
DATAFLOW,SPC:DF_SDG(3.0),Sustainable Development Goals (all),I,A,Annual,EG_FEC_RNEW,7.2.1 Renewable energy share in the total final energy consumption,NR,Naoero,_T,Total,_T,All ages,_T,National,_T,Total,_T,All education levels,_T,All occupations,_Z,Not applicable,_T,No breakdown by disability,2004,,0,,PERCENT,percent,G,Global,E,Estimated,"Energy Balances, UN Statistics Division (2024)",,,,,
DATAFLOW,SPC:DF_SDG(3.0),Sustainable Development Goals (all),I,A,Annual,EG_FEC_RNEW,7.2.1 Renewable energy share in the total final energy consumption,NR,Naoero,_T,Total,_T,All ages,_T,National,_T,Total,_T,All education levels,_T,All occupations,_Z,Not applicable,_T,No breakdown by disability,2005,,0,,PERCENT,percent,G,Global,E,Estimated,"Energy Balances, UN Statistics Division (2024)",,,,,
DATAFLOW,SPC:DF_SDG(3.0),Sustainable Development Goals (all),I,A,Annual,EG_FEC_RNEW,7.2.1 Renewable energy share in the total final energy consumption,NR,Naoero,_T,Total,_T,All ages,_T,National,_T,Total,_T,All education levels,_T,All occupations,_Z,Not applicable,_T,No breakdown by disability,2006,,0.07,,PERCENT,percent,G,Global,E,Estimated,"Energy Balances, UN Statistics Division (2024)",,,,,
DATAFLOW,SPC:DF_SDG(3.0),Sustainable Development Goals (all),I,A,Annual,EG_FEC_RNEW,7.2.1 Renewable energy share in the total final energy consumption,NR,Naoero,_T,Total,_T,All ages,_T,National,_T,Total,_T,All education levels,_T,All occupations,_Z,Not applicable,_T,No breakdown by disability,2007,,0.08,,PERCENT,percent,G,Global,E,Estimated,"Energy Balances, UN Statistics Division (2024)",,,,,
DATAFLOW,SPC:DF_SDG(3.0),Sustainable Development Goals (all),I,A,Annual,EG_FEC_RNEW,7.2.1 Renewable energy share in the total final energy consumption,NR,Naoero,_T,Total,_T,All ages,_T,National,_T,Total,_T,All education levels,_T,All occupations,_Z,Not applicable,_T,No breakdown by disability,2008,,0.08,,PERCENT,percent,G,Global,E,Estimated,"Energy Balances, UN Statistics Division (2024)",,,,,
DATAFLOW,SPC:DF_SDG(3.0),Sustainable Development Goals (all),I,A,Annual,EG_FEC_RNEW,7.2.1 Renewable energy share in the total final energy consumption,NR,Naoero,_T,Total,_T,All ages,_T,National,_T,Total,_T,All education levels,_T,All occupations,_Z,Not applicable,_T,No breakdown by disability,2009,,0.04,,PERCENT,percent,G,Global,E,Estimated,"Energy Balances, UN Statistics Division (2024)",,,,,
DATAFLOW,SPC:DF_SDG(3.0),Sustainable Development Goals (all),I,A,Annual,EG_FEC_RNEW,7.2.1 Renewable energy share in the total final energy consumption,NR,Naoero,_T,Total,_T,All ages,_T,National,_T,Total,_T,All education levels,_T,All occupations,_Z,Not applicable,_T,No breakdown by disability,2010,,0.03,,PERCENT,percent,G,Global,E,Estimated,"Energy Balances, UN Statistics Division (2024)",,,,,
DATAFLOW,SPC:DF_SDG(3.0),Sustainable Development Goals (all),I,A,Annual,EG_FEC_RNEW,7.2.1 Renewable energy share in the total final energy consumption,NR,Naoero,_T,Total,_T,All ages,_T,National,_T,Total,_T,All education levels,_T,All occupations,_Z,Not applicable,_T,No breakdown by disability,2011,,0.05,,PERCENT,percent,G,Global,E,Estimated,"Energy Balances, UN Statistics Division (2024)",,,,,
DATAFLOW,SPC:DF_SDG(3.0),Sustainable Development Goals (all),I,A,Annual,EG_FEC_RNEW,7.2.1 Renewable energy share in the total final energy consumption,NR,Naoero,_T,Total,_T,All ages,_T,National,_T,Total,_T,All education levels,_T,All occupations,_Z,Not applicable,_T,No breakdown by disability,2012,,0.07,,PERCENT,percent,G,Global,E,Estimated,"Energy Balances, UN Statistics Division (2024)",,,,,
DATAFLOW,SPC:DF_SDG(3.0),Sustainable Development Goals (all),I,A,Annual,EG_FEC_RNEW,7.2.1 Renewable energy share in the total final energy consumption,NR,Naoero,_T,Total,_T,All ages,_T,National,_T,Total,_T,All education levels,_T,All occupations,_Z,Not applicable,_T,No breakdown by disability,2013,,0.06,,PERCENT,percent,G,Global,E,Estimated,"Energy Balances, UN Statistics Division (2024)",,,,,
DATAFLOW,SPC:DF_SDG(3.0),Sustainable Development Goals (all),I,A,Annual,EG_FEC_RNEW,7.2.1 Renewable energy share in the total final energy consumption,NR,Naoero,_T,Total,_T,All ages,_T,National,_T,Total,_T,All education levels,_T,All occupations,_Z,Not applicable,_T,No breakdown by disability,2014,,0.05,,PERCENT,percent,G,Global,E,Estimated,"Energy Balances, UN Statistics Division (2024)",,,,,
DATAFLOW,SPC:DF_SDG(3.0),Sustainable Development Goals (all),I,A,Annual,EG_FEC_RNEW,7.2.1 Renewable energy share in the total final energy consumption,NR,Naoero,_T,Total,_T,All ages,_T,National,_T,Total,_T,All education levels,_T,All occupations,_Z,Not applicable,_T,No breakdown by disability,2015,,0.1,,PERCENT,percent,G,Global,E,Estimated,"Energy Balances, UN Statistics Division (2024)",,,,,
DATAFLOW,SPC:DF_SDG(3.0),Sustainable Development Goals (all),I,A,Annual,EG_FEC_RNEW,7.2.1 Renewable energy share in the total final energy consumption,NR,Naoero,_T,Total,_T,All ages,_T,National,_T,Total,_T,All education levels,_T,All occupations,_Z,Not applicable,_T,No breakdown by disability,2016,,0.18,,PERCENT,percent,G,Global,E,Estimated,"Energy Balances, UN Statistics Division (2024)",,,,,
DATAFLOW,SPC:DF_SDG(3.0),Sustainable Development Goals (all),I,A,Annual,EG_FEC_RNEW,7.2.1 Renewable energy share in the total final energy consumption,NR,Naoero,_T,Total,_T,All ages,_T,National,_T,Total,_T,All education levels,_T,All occupations,_Z,Not applicable,_T,No breakdown by disability,2017,,0.6,,PERCENT,percent,G,Global,E,Estimated,"Energy Balances, UN Statistics Division (2024)",,,,,
DATAFLOW,SPC:DF_SDG(3.0),Sustainable Development Goals (all),I,A,Annual,EG_FEC_RNEW,7.2.1 Renewable energy share in the total final energy consumption,NR,Naoero,_T,Total,_T,All ages,_T,National,_T,Total,_T,All education levels,_T,All occupations,_Z,Not applicable,_T,No breakdown by disability,2018,,0.66,,PERCENT,percent,G,Global,E,Estimated,"Energy Balances, UN Statistics Division (2024)",,,,,
DATAFLOW,SPC:DF_SDG(3.0),Sustainable Development Goals (all),I,A,Annual,EG_FEC_RNEW,7.2.1 Renewable energy share in the total final energy consumption,NR,Naoero,_T,Total,_T,All ages,_T,National,_T,Total,_T,All education levels,_T,All occupations,_Z,Not applicable,_T,No breakdown by disability,2019,,0.59,,PERCENT,percent,G,Global,E,Estimated,"Energy Balances, UN Statistics Division (2024)",,,,,
DATAFLOW,SPC:DF_SDG(3.0),Sustainable Development Goals (all),I,A,Annual,EG_FEC_RNEW,7.2.1 Renewable energy share in the total final energy consumption,NR,Naoero,_T,Total,_T,All ages,_T,National,_T,Total,_T,All education levels,_T,All occupations,_Z,Not applicable,_T,No breakdown by disability,2020,,1.34,,PERCENT,percent,G,Global,E,Estimated,"Energy Balances, UN Statistics Division (2024)",,,,,
DATAFLOW,SPC:DF_SDG(3.0),Sustainable Development Goals (all),I,A,Annual,EG_FEC_RNEW,7.2.1 Renewable energy share in the total final energy consumption,NR,Naoero,_T,Total,_T,All ages,_T,National,_T,Total,_T,All education levels,_T,All occupations,_Z,Not applicable,_T,No breakdown by disability,2021,,1.72,,PERCENT,percent,G,Global,E,Estimated,"Energy Balances, UN Statistics Division (2024)",,,,,
DATAFLOW,SPC:DF_SDG(3.0),Sustainable Development Goals (all),I,A,Annual,EG_FEC_RNEW,7.2.1 Renewable energy share in the total final energy consumption,NR,Naoero,_T,Total,_T,All ages,_T,National,_T,Total,_T,All education levels,_T,All occupations,_Z,Not applicable,_T,No breakdown by disability,2022,,1.75,,PERCENT,percent,G,Global,E,Estimated,"Energy Balances, UN Statistics Division (2024)",,,,,
DATAFLOW,SPC:DF_SDG(3.0),Sustainable Development Goals (all),I,A,Annual,EG_FEC_RNEW,7.2.1 Renewable energy share in the total final energy consumption,NU,Niue,_T,Total,_T,All ages,_T,National,_T,Total,_T,All education levels,_T,All occupations,_Z,Not applicable,_T,No breakdown by disability,2000,,0.6,,PERCENT,percent,G,Global,E,Estimated,"Energy Balances, UN Statistics Division (2024)",,,,,
DATAFLOW,SPC:DF_SDG(3.0),Sustainable Development Goals (all),I,A,Annual,EG_FEC_RNEW,7.2.1 Renewable energy share in the total final energy consumption,NU,Niue,_T,Total,_T,All ages,_T,National,_T,Total,_T,All education levels,_T,All occupations,_Z,Not applicable,_T,No breakdown by disability,2001,,0.58,,PERCENT,percent,G,Global,E,Estimated,"Energy Balances, UN Statistics Division (2024)",,,,,
DATAFLOW,SPC:DF_SDG(3.0),Sustainable Development Goals (all),I,A,Annual,EG_FEC_RNEW,7.2.1 Renewable energy share in the total final energy consumption,NU,Niue,_T,Total,_T,All ages,_T,National,_T,Total,_T,All education levels,_T,All occupations,_Z,Not applicable,_T,No breakdown by disability,2002,,0.63,,PERCENT,percent,G,Global,E,Estimated,"Energy Balances, UN Statistics Division (2024)",,,,,
DATAFLOW,SPC:DF_SDG(3.0),Sustainable Development Goals (all),I,A,Annual,EG_FEC_RNEW,7.2.1 Renewable energy share in the total final energy consumption,NU,Niue,_T,Total,_T,All ages,_T,National,_T,Total,_T,All education levels,_T,All occupations,_Z,Not applicable,_T,No breakdown by disability,2003,,0.71,,PERCENT,percent,G,Global,E,Estimated,"Energy Balances, UN Statistics Division (2024)",,,,,
DATAFLOW,SPC:DF_SDG(3.0),Sustainable Development Goals (all),I,A,Annual,EG_FEC_RNEW,7.2.1 Renewable energy share in the total final energy consumption,NU,Niue,_T,Total,_T,All ages,_T,National,_T,Total,_T,All education levels,_T,All occupations,_Z,Not applicable,_T,No breakdown by disability,2004,,0.79,,PERCENT,percent,G,Global,E,Estimated,"Energy Balances, UN Statistics Division (2024)",,,,,
DATAFLOW,SPC:DF_SDG(3.0),Sustainable Development Goals (all),I,A,Annual,EG_FEC_RNEW,7.2.1 Renewable energy share in the total final energy consumption,NU,Niue,_T,Total,_T,All ages,_T,National,_T,Total,_T,All education levels,_T,All occupations,_Z,Not applicable,_T,No breakdown by disability,2005,,0.83,,PERCENT,percent,G,Global,E,Estimated,"Energy Balances, UN Statistics Division (2024)",,,,,
DATAFLOW,SPC:DF_SDG(3.0),Sustainable Development Goals (all),I,A,Annual,EG_FEC_RNEW,7.2.1 Renewable energy share in the total final energy consumption,NU,Niue,_T,Total,_T,All ages,_T,National,_T,Total,_T,All education levels,_T,All occupations,_Z,Not applicable,_T,No breakdown by disability,2006,,0.79,,PERCENT,percent,G,Global,E,Estimated,"Energy Balances, UN Statistics Division (2024)",,,,,
DATAFLOW,SPC:DF_SDG(3.0),Sustainable Development Goals (all),I,A,Annual,EG_FEC_RNEW,7.2.1 Renewable energy share in the total final energy consumption,NU,Niue,_T,Total,_T,All ages,_T,National,_T,Total,_T,All education levels,_T,All occupations,_Z,Not applicable,_T,No breakdown by disability,2007,,0.96,,PERCENT,percent,G,Global,E,Estimated,"Energy Balances, UN Statistics Division (2024)",,,,,
DATAFLOW,SPC:DF_SDG(3.0),Sustainable Development Goals (all),I,A,Annual,EG_FEC_RNEW,7.2.1 Renewable energy share in the total final energy consumption,NU,Niue,_T,Total,_T,All ages,_T,National,_T,Total,_T,All education levels,_T,All occupations,_Z,Not applicable,_T,No breakdown by disability,2008,,0.57,,PERCENT,percent,G,Global,E,Estimated,"Energy Balances, UN Statistics Division (2024)",,,,,
DATAFLOW,SPC:DF_SDG(3.0),Sustainable Development Goals (all),I,A,Annual,EG_FEC_RNEW,7.2.1 Renewable energy share in the total final energy consumption,NU,Niue,_T,Total,_T,All ages,_T,National,_T,Total,_T,All education levels,_T,All occupations,_Z,Not applicable,_T,No breakdown by disability,2009,,0.87,,PERCENT,percent,G,Global,E,Estimated,"Energy Balances, UN Statistics Division (2024)",,,,,
DATAFLOW,SPC:DF_SDG(3.0),Sustainable Development Goals (all),I,A,Annual,EG_FEC_RNEW,7.2.1 Renewable energy share in the total final energy consumption,NU,Niue,_T,Total,_T,All ages,_T,National,_T,Total,_T,All education levels,_T,All occupations,_Z,Not applicable,_T,No breakdown by disability,2010,,1.38,,PERCENT,percent,G,Global,E,Estimated,"Energy Balances, UN Statistics Division (2024)",,,,,
DATAFLOW,SPC:DF_SDG(3.0),Sustainable Development Goals (all),I,A,Annual,EG_FEC_RNEW,7.2.1 Renewable energy share in the total final energy consumption,NU,Niue,_T,Total,_T,All ages,_T,National,_T,Total,_T,All education levels,_T,All occupations,_Z,Not applicable,_T,No breakdown by disability,2011,,1.27,,PERCENT,percent,G,Global,E,Estimated,"Energy Balances, UN Statistics Division (2024)",,,,,
DATAFLOW,SPC:DF_SDG(3.0),Sustainable Development Goals (all),I,A,Annual,EG_FEC_RNEW,7.2.1 Renewable energy share in the total final energy consumption,NU,Niue,_T,Total,_T,All ages,_T,National,_T,Total,_T,All education levels,_T,All occupations,_Z,Not applicable,_T,No breakdown by disability,2012,,1.19,,PERCENT,percent,G,Global,E,Estimated,"Energy Balances, UN Statistics Division (2024)",,,,,
DATAFLOW,SPC:DF_SDG(3.0),Sustainable Development Goals (all),I,A,Annual,EG_FEC_RNEW,7.2.1 Renewable energy share in the total final energy consumption,NU,Niue,_T,Total,_T,All ages,_T,National,_T,Total,_T,All education levels,_T,All occupations,_Z,Not applicable,_T,No breakdown by disability,2013,,1.17,,PERCENT,percent,G,Global,E,Estimated,"Energy Balances, UN Statistics Division (2024)",,,,,
DATAFLOW,SPC:DF_SDG(3.0),Sustainable Development Goals (all),I,A,Annual,EG_FEC_RNEW,7.2.1 Renewable energy share in the total final energy consumption,NU,Niue,_T,Total,_T,All ages,_T,National,_T,Total,_T,All education levels,_T,All occupations,_Z,Not applicable,_T,No breakdown by disability,2014,,1.16,,PERCENT,percent,G,Global,E,Estimated,"Energy Balances, UN Statistics Division (2024)",,,,,
DATAFLOW,SPC:DF_SDG(3.0),Sustainable Development Goals (all),I,A,Annual,EG_FEC_RNEW,7.2.1 Renewable energy share in the total final energy consumption,NU,Niue,_T,Total,_T,All ages,_T,National,_T,Total,_T,All education levels,_T,All occupations,_Z,Not applicable,_T,No breakdown by disability,2015,,1.11,,PERCENT,percent,G,Global,E,Estimated,"Energy Balances, UN Statistics Division (2024)",,,,,
DATAFLOW,SPC:DF_SDG(3.0),Sustainable Development Goals (all),I,A,Annual,EG_FEC_RNEW,7.2.1 Renewable energy share in the total final energy consumption,NU,Niue,_T,Total,_T,All ages,_T,National,_T,Total,_T,All education levels,_T,All occupations,_Z,Not applicable,_T,No breakdown by disability,2016,,1.05,,PERCENT,percent,G,Global,E,Estimated,"Energy Balances, UN Statistics Division (2024)",,,,,
DATAFLOW,SPC:DF_SDG(3.0),Sustainable Development Goals (all),I,A,Annual,EG_FEC_RNEW,7.2.1 Renewable energy share in the total final energy consumption,NU,Niue,_T,Total,_T,All ages,_T,National,_T,Total,_T,All education levels,_T,All occupations,_Z,Not applicable,_T,No breakdown by disability,2017,,1.07,,PERCENT,percent,G,Global,E,Estimated,"Energy Balances, UN Statistics Division (2024)",,,,,
DATAFLOW,SPC:DF_SDG(3.0),Sustainable Development Goals (all),I,A,Annual,EG_FEC_RNEW,7.2.1 Renewable energy share in the total final energy consumption,NU,Niue,_T,Total,_T,All ages,_T,National,_T,Total,_T,All education levels,_T,All occupations,_Z,Not applicable,_T,No breakdown by disability,2018,,3.02,,PERCENT,percent,G,Global,E,Estimated,"Energy Balances, UN Statistics Division (2024)",,,,,
DATAFLOW,SPC:DF_SDG(3.0),Sustainable Development Goals (all),I,A,Annual,EG_FEC_RNEW,7.2.1 Renewable energy share in the total final energy consumption,NU,Niue,_T,Total,_T,All ages,_T,National,_T,Total,_T,All education levels,_T,All occupations,_Z,Not applicable,_T,No breakdown by disability,2019,,3.01,,PERCENT,percent,G,Global,E,Estimated,"Energy Balances, UN Statistics Division (2024)",,,,,
DATAFLOW,SPC:DF_SDG(3.0),Sustainable Development Goals (all),I,A,Annual,EG_FEC_RNEW,7.2.1 Renewable energy share in the total final energy consumption,NU,Niue,_T,Total,_T,All ages,_T,National,_T,Total,_T,All education levels,_T,All occupations,_Z,Not applicable,_T,No breakdown by disability,2020,,3.08,,PERCENT,percent,G,Global,E,Estimated,"Energy Balances, UN Statistics Division (2024)",,,,,
DATAFLOW,SPC:DF_SDG(3.0),Sustainable Development Goals (all),I,A,Annual,EG_FEC_RNEW,7.2.1 Renewable energy share in the total final energy consumption,NU,Niue,_T,Total,_T,All ages,_T,National,_T,Total,_T,All education levels,_T,All occupations,_Z,Not applicable,_T,No breakdown by disability,2021,,3,,PERCENT,percent,G,Global,E,Estimated,"Energy Balances, UN Statistics Division (2024)",,,,,
DATAFLOW,SPC:DF_SDG(3.0),Sustainable Development Goals (all),I,A,Annual,EG_FEC_RNEW,7.2.1 Renewable energy share in the total final energy consumption,NU,Niue,_T,Total,_T,All ages,_T,National,_T,Total,_T,All education levels,_T,All occupations,_Z,Not applicable,_T,No breakdown by disability,2022,,2.8,,PERCENT,percent,G,Global,E,Estimated,"Energy Balances, UN Statistics Division (2024)",,,,,
DATAFLOW,SPC:DF_SDG(3.0),Sustainable Development Goals (all),I,A,Annual,EG_FEC_RNEW,7.2.1 Renewable energy share in the total final energy consumption,PF,French Polynesia,_T,Total,_T,All ages,_T,National,_T,Total,_T,All education levels,_T,All occupations,_Z,Not applicable,_T,No breakdown by disability,2000,,8.48,,PERCENT,percent,G,Global,E,Estimated,"Energy Balances, UN Statistics Division (2024)",,,,,
DATAFLOW,SPC:DF_SDG(3.0),Sustainable Development Goals (all),I,A,Annual,EG_FEC_RNEW,7.2.1 Renewable energy share in the total final energy consumption,PF,French Polynesia,_T,Total,_T,All ages,_T,National,_T,Total,_T,All education levels,_T,All occupations,_Z,Not applicable,_T,No breakdown by disability,2001,,6.37,,PERCENT,percent,G,Global,E,Estimated,"Energy Balances, UN Statistics Division (2024)",,,,,
DATAFLOW,SPC:DF_SDG(3.0),Sustainable Development Goals (all),I,A,Annual,EG_FEC_RNEW,7.2.1 Renewable energy share in the total final energy consumption,PF,French Polynesia,_T,Total,_T,All ages,_T,National,_T,Total,_T,All education levels,_T,All occupations,_Z,Not applicable,_T,No breakdown by disability,2002,,5.87,,PERCENT,percent,G,Global,E,Estimated,"Energy Balances, UN Statistics Division (2024)",,,,,
DATAFLOW,SPC:DF_SDG(3.0),Sustainable Development Goals (all),I,A,Annual,EG_FEC_RNEW,7.2.1 Renewable energy share in the total final energy consumption,PF,French Polynesia,_T,Total,_T,All ages,_T,National,_T,Total,_T,All education levels,_T,All occupations,_Z,Not applicable,_T,No breakdown by disability,2003,,6.79,,PERCENT,percent,G,Global,E,Estimated,"Energy Balances, UN Statistics Division (2024)",,,,,
DATAFLOW,SPC:DF_SDG(3.0),Sustainable Development Goals (all),I,A,Annual,EG_FEC_RNEW,7.2.1 Renewable energy share in the total final energy consumption,PF,French Polynesia,_T,Total,_T,All ages,_T,National,_T,Total,_T,All education levels,_T,All occupations,_Z,Not applicable,_T,No breakdown by disability,2004,,7.54,,PERCENT,percent,G,Global,E,Estimated,"Energy Balances, UN Statistics Division (2024)",,,,,
DATAFLOW,SPC:DF_SDG(3.0),Sustainable Development Goals (all),I,A,Annual,EG_FEC_RNEW,7.2.1 Renewable energy share in the total final energy consumption,PF,French Polynesia,_T,Total,_T,All ages,_T,National,_T,Total,_T,All education levels,_T,All occupations,_Z,Not applicable,_T,No breakdown by disability,2005,,7.58,,PERCENT,percent,G,Global,E,Estimated,"Energy Balances, UN Statistics Division (2024)",,,,,
DATAFLOW,SPC:DF_SDG(3.0),Sustainable Development Goals (all),I,A,Annual,EG_FEC_RNEW,7.2.1 Renewable energy share in the total final energy consumption,PF,French Polynesia,_T,Total,_T,All ages,_T,National,_T,Total,_T,All education levels,_T,All occupations,_Z,Not applicable,_T,No breakdown by disability,2006,,9.49,,PERCENT,percent,G,Global,E,Estimated,"Energy Balances, UN Statistics Division (2024)",,,,,
DATAFLOW,SPC:DF_SDG(3.0),Sustainable Development Goals (all),I,A,Annual,EG_FEC_RNEW,7.2.1 Renewable energy share in the total final energy consumption,PF,French Polynesia,_T,Total,_T,All ages,_T,National,_T,Total,_T,All education levels,_T,All occupations,_Z,Not applicable,_T,No breakdown by disability,2007,,9.21,,PERCENT,percent,G,Global,E,Estimated,"Energy Balances, UN Statistics Division (2024)",,,,,
DATAFLOW,SPC:DF_SDG(3.0),Sustainable Development Goals (all),I,A,Annual,EG_FEC_RNEW,7.2.1 Renewable energy share in the total final energy consumption,PF,French Polynesia,_T,Total,_T,All ages,_T,National,_T,Total,_T,All education levels,_T,All occupations,_Z,Not applicable,_T,No breakdown by disability,2008,,8.78,,PERCENT,percent,G,Global,E,Estimated,"Energy Balances, UN Statistics Division (2024)",,,,,
DATAFLOW,SPC:DF_SDG(3.0),Sustainable Development Goals (all),I,A,Annual,EG_FEC_RNEW,7.2.1 Renewable energy share in the total final energy consumption,PF,French Polynesia,_T,Total,_T,All ages,_T,National,_T,Total,_T,All education levels,_T,All occupations,_Z,Not applicable,_T,No breakdown by disability,2009,,8.76,,PERCENT,percent,G,Global,E,Estimated,"Energy Balances, UN Statistics Division (2024)",,,,,
DATAFLOW,SPC:DF_SDG(3.0),Sustainable Development Goals (all),I,A,Annual,EG_FEC_RNEW,7.2.1 Renewable energy share in the total final energy consumption,PF,French Polynesia,_T,Total,_T,All ages,_T,National,_T,Total,_T,All education levels,_T,All occupations,_Z,Not applicable,_T,No breakdown by disability,2010,,7.37,,PERCENT,percent,G,Global,E,Estimated,"Energy Balances, UN Statistics Division (2024)",,,,,
DATAFLOW,SPC:DF_SDG(3.0),Sustainable Development Goals (all),I,A,Annual,EG_FEC_RNEW,7.2.1 Renewable energy share in the total final energy consumption,PF,French Polynesia,_T,Total,_T,All ages,_T,National,_T,Total,_T,All education levels,_T,All occupations,_Z,Not applicable,_T,No breakdown by disability,2011,,6.82,,PERCENT,percent,G,Global,E,Estimated,"Energy Balances, UN Statistics Division (2024)",,,,,
DATAFLOW,SPC:DF_SDG(3.0),Sustainable Development Goals (all),I,A,Annual,EG_FEC_RNEW,7.2.1 Renewable energy share in the total final energy consumption,PF,French Polynesia,_T,Total,_T,All ages,_T,National,_T,Total,_T,All education levels,_T,All occupations,_Z,Not applicable,_T,No breakdown by disability,2012,,6.64,,PERCENT,percent,G,Global,E,Estimated,"Energy Balances, UN Statistics Division (2024)",,,,,
DATAFLOW,SPC:DF_SDG(3.0),Sustainable Development Goals (all),I,A,Annual,EG_FEC_RNEW,7.2.1 Renewable energy share in the total final energy consumption,PF,French Polynesia,_T,Total,_T,All ages,_T,National,_T,Total,_T,All education levels,_T,All occupations,_Z,Not applicable,_T,No breakdown by disability,2013,,6.49,,PERCENT,percent,G,Global,E,Estimated,"Energy Balances, UN Statistics Division (2024)",,,,,
DATAFLOW,SPC:DF_SDG(3.0),Sustainable Development Goals (all),I,A,Annual,EG_FEC_RNEW,7.2.1 Renewable energy share in the total final energy consumption,PF,French Polynesia,_T,Total,_T,All ages,_T,National,_T,Total,_T,All education levels,_T,All occupations,_Z,Not applicable,_T,No breakdown by disability,2014,,7.45,,PERCENT,percent,G,Global,E,Estimated,"Energy Balances, UN Statistics Division (2024)",,,,,
DATAFLOW,SPC:DF_SDG(3.0),Sustainable Development Goals (all),I,A,Annual,EG_FEC_RNEW,7.2.1 Renewable energy share in the total final energy consumption,PF,French Polynesia,_T,Total,_T,All ages,_T,National,_T,Total,_T,All education levels,_T,All occupations,_Z,Not applicable,_T,No breakdown by disability,2015,,7.83,,PERCENT,percent,G,Global,E,Estimated,"Energy Balances, UN Statistics Division (2024)",,,,,
DATAFLOW,SPC:DF_SDG(3.0),Sustainable Development Goals (all),I,A,Annual,EG_FEC_RNEW,7.2.1 Renewable energy share in the total final energy consumption,PF,French Polynesia,_T,Total,_T,All ages,_T,National,_T,Total,_T,All education levels,_T,All occupations,_Z,Not applicable,_T,No breakdown by disability,2016,,8.08,,PERCENT,percent,G,Global,E,Estimated,"Energy Balances, UN Statistics Division (2024)",,,,,
DATAFLOW,SPC:DF_SDG(3.0),Sustainable Development Goals (all),I,A,Annual,EG_FEC_RNEW,7.2.1 Renewable energy share in the total final energy consumption,PF,French Polynesia,_T,Total,_T,All ages,_T,National,_T,Total,_T,All education levels,_T,All occupations,_Z,Not applicable,_T,No breakdown by disability,2017,,8.07,,PERCENT,percent,G,Global,E,Estimated,"Energy Balances, UN Statistics Division (2024)",,,,,
DATAFLOW,SPC:DF_SDG(3.0),Sustainable Development Goals (all),I,A,Annual,EG_FEC_RNEW,7.2.1 Renewable energy share in the total final energy consumption,PF,French Polynesia,_T,Total,_T,All ages,_T,National,_T,Total,_T,All education levels,_T,All occupations,_Z,Not applicable,_T,No breakdown by disability,2018,,7.71,,PERCENT,percent,G,Global,E,Estimated,"Energy Balances, UN Statistics Division (2024)",,,,,
DATAFLOW,SPC:DF_SDG(3.0),Sustainable Development Goals (all),I,A,Annual,EG_FEC_RNEW,7.2.1 Renewable energy share in the total final energy consumption,PF,French Polynesia,_T,Total,_T,All ages,_T,National,_T,Total,_T,All education levels,_T,All occupations,_Z,Not applicable,_T,No breakdown by disability,2019,,7.65,,PERCENT,percent,G,Global,E,Estimated,"Energy Balances, UN Statistics Division (2024)",,,,,
DATAFLOW,SPC:DF_SDG(3.0),Sustainable Development Goals (all),I,A,Annual,EG_FEC_RNEW,7.2.1 Renewable energy share in the total final energy consumption,PF,French Polynesia,_T,Total,_T,All ages,_T,National,_T,Total,_T,All education levels,_T,All occupations,_Z,Not applicable,_T,No breakdown by disability,2020,,8.24,,PERCENT,percent,G,Global,E,Estimated,"Energy Balances, UN Statistics Division (2024)",,,,,
DATAFLOW,SPC:DF_SDG(3.0),Sustainable Development Goals (all),I,A,Annual,EG_FEC_RNEW,7.2.1 Renewable energy share in the total final energy consumption,PF,French Polynesia,_T,Total,_T,All ages,_T,National,_T,Total,_T,All education levels,_T,All occupations,_Z,Not applicable,_T,No breakdown by disability,2021,,7.44,,PERCENT,percent,G,Global,E,Estimated,"Energy Balances, UN Statistics Division (2024)",,,,,
DATAFLOW,SPC:DF_SDG(3.0),Sustainable Development Goals (all),I,A,Annual,EG_FEC_RNEW,7.2.1 Renewable energy share in the total final energy consumption,PF,French Polynesia,_T,Total,_T,All ages,_T,National,_T,Total,_T,All education levels,_T,All occupations,_Z,Not applicable,_T,No breakdown by disability,2022,,8.66,,PERCENT,percent,G,Global,E,Estimated,"Energy Balances, UN Statistics Division (2024)",,,,,
DATAFLOW,SPC:DF_SDG(3.0),Sustainable Development Goals (all),I,A,Annual,EG_FEC_RNEW,7.2.1 Renewable energy share in the total final energy consumption,PF,French Polynesia,_T,Total,_T,All ages,_T,National,_T,Total,_T,All education levels,_T,All occupations,_Z,Not applicable,_T,No breakdown by disability,2023,,8.9,,PERCENT,percent,N,National,C,Country Data,"French Polynesia Government, preliminary 2023 Sustainable Development Goals in French Polynesia, 2024.",,,,,
DATAFLOW,SPC:DF_SDG(3.0),Sustainable Development Goals (all),I,A,Annual,EG_FEC_RNEW,7.2.1 Renewable energy share in the total final energy consumption,PG,Papua New Guinea,_T,Total,_T,All ages,_T,National,_T,Total,_T,All education levels,_T,All occupations,_Z,Not applicable,_T,No breakdown by disability,2000,,66.38,,PERCENT,percent,G,Global,E,Estimated,"Energy Balances, UN Statistics Division (2024)",,,,,
DATAFLOW,SPC:DF_SDG(3.0),Sustainable Development Goals (all),I,A,Annual,EG_FEC_RNEW,7.2.1 Renewable energy share in the total final energy consumption,PG,Papua New Guinea,_T,Total,_T,All ages,_T,National,_T,Total,_T,All education levels,_T,All occupations,_Z,Not applicable,_T,No breakdown by disability,2001,,63.44,,PERCENT,percent,G,Global,E,Estimated,"Energy Balances, UN Statistics Division (2024)",,,,,
DATAFLOW,SPC:DF_SDG(3.0),Sustainable Development Goals (all),I,A,Annual,EG_FEC_RNEW,7.2.1 Renewable energy share in the total final energy consumption,PG,Papua New Guinea,_T,Total,_T,All ages,_T,National,_T,Total,_T,All education levels,_T,All occupations,_Z,Not applicable,_T,No breakdown by disability,2002,,62.49,,PERCENT,percent,G,Global,E,Estimated,"Energy Balances, UN Statistics Division (2024)",,,,,
DATAFLOW,SPC:DF_SDG(3.0),Sustainable Development Goals (all),I,A,Annual,EG_FEC_RNEW,7.2.1 Renewable energy share in the total final energy consumption,PG,Papua New Guinea,_T,Total,_T,All ages,_T,National,_T,Total,_T,All education levels,_T,All occupations,_Z,Not applicable,_T,No breakdown by disability,2003,,60.52,,PERCENT,percent,G,Global,E,Estimated,"Energy Balances, UN Statistics Division (2024)",,,,,
DATAFLOW,SPC:DF_SDG(3.0),Sustainable Development Goals (all),I,A,Annual,EG_FEC_RNEW,7.2.1 Renewable energy share in the total final energy consumption,PG,Papua New Guinea,_T,Total,_T,All ages,_T,National,_T,Total,_T,All education levels,_T,All occupations,_Z,Not applicable,_T,No breakdown by disability,2004,,57.6,,PERCENT,percent,G,Global,E,Estimated,"Energy Balances, UN Statistics Division (2024)",,,,,
DATAFLOW,SPC:DF_SDG(3.0),Sustainable Development Goals (all),I,A,Annual,EG_FEC_RNEW,7.2.1 Renewable energy share in the total final energy consumption,PG,Papua New Guinea,_T,Total,_T,All ages,_T,National,_T,Total,_T,All education levels,_T,All occupations,_Z,Not applicable,_T,No breakdown by disability,2005,,58.56,,PERCENT,percent,G,Global,E,Estimated,"Energy Balances, UN Statistics Division (2024)",,,,,
DATAFLOW,SPC:DF_SDG(3.0),Sustainable Development Goals (all),I,A,Annual,EG_FEC_RNEW,7.2.1 Renewable energy share in the total final energy consumption,PG,Papua New Guinea,_T,Total,_T,All ages,_T,National,_T,Total,_T,All education levels,_T,All occupations,_Z,Not applicable,_T,No breakdown by disability,2006,,58.86,,PERCENT,percent,G,Global,E,Estimated,"Energy Balances, UN Statistics Division (2024)",,,,,
DATAFLOW,SPC:DF_SDG(3.0),Sustainable Development Goals (all),I,A,Annual,EG_FEC_RNEW,7.2.1 Renewable energy share in the total final energy consumption,PG,Papua New Guinea,_T,Total,_T,All ages,_T,National,_T,Total,_T,All education levels,_T,All occupations,_Z,Not applicable,_T,No breakdown by disability,2007,,56.92,,PERCENT,percent,G,Global,E,Estimated,"Energy Balances, UN Statistics Division (2024)",,,,,
DATAFLOW,SPC:DF_SDG(3.0),Sustainable Development Goals (all),I,A,Annual,EG_FEC_RNEW,7.2.1 Renewable energy share in the total final energy consumption,PG,Papua New Guinea,_T,Total,_T,All ages,_T,National,_T,Total,_T,All education levels,_T,All occupations,_Z,Not applicable,_T,No breakdown by disability,2008,,56.85,,PERCENT,percent,G,Global,E,Estimated,"Energy Balances, UN Statistics Division (2024)",,,,,
DATAFLOW,SPC:DF_SDG(3.0),Sustainable Development Goals (all),I,A,Annual,EG_FEC_RNEW,7.2.1 Renewable energy share in the total final energy consumption,PG,Papua New Guinea,_T,Total,_T,All ages,_T,National,_T,Total,_T,All education levels,_T,All occupations,_Z,Not applicable,_T,No breakdown by disability,2009,,55.99,,PERCENT,percent,G,Global,E,Estimated,"Energy Balances, UN Statistics Division (2024)",,,,,
DATAFLOW,SPC:DF_SDG(3.0),Sustainable Development Goals (all),I,A,Annual,EG_FEC_RNEW,7.2.1 Renewable energy share in the total final energy consumption,PG,Papua New Guinea,_T,Total,_T,All ages,_T,National,_T,Total,_T,All education levels,_T,All occupations,_Z,Not applicable,_T,No breakdown by disability,2010,,55.19,,PERCENT,percent,G,Global,E,Estimated,"Energy Balances, UN Statistics Division (2024)",,,,,
DATAFLOW,SPC:DF_SDG(3.0),Sustainable Development Goals (all),I,A,Annual,EG_FEC_RNEW,7.2.1 Renewable energy share in the total final energy consumption,PG,Papua New Guinea,_T,Total,_T,All ages,_T,National,_T,Total,_T,All education levels,_T,All occupations,_Z,Not applicable,_T,No breakdown by disability,2011,,54.63,,PERCENT,percent,G,Global,E,Estimated,"Energy Balances, UN Statistics Division (2024)",,,,,
DATAFLOW,SPC:DF_SDG(3.0),Sustainable Development Goals (all),I,A,Annual,EG_FEC_RNEW,7.2.1 Renewable energy share in the total final energy consumption,PG,Papua New Guinea,_T,Total,_T,All ages,_T,National,_T,Total,_T,All education levels,_T,All occupations,_Z,Not applicable,_T,No breakdown by disability,2012,,55.29,,PERCENT,percent,G,Global,E,Estimated,"Energy Balances, UN Statistics Division (2024)",,,,,
DATAFLOW,SPC:DF_SDG(3.0),Sustainable Development Goals (all),I,A,Annual,EG_FEC_RNEW,7.2.1 Renewable energy share in the total final energy consumption,PG,Papua New Guinea,_T,Total,_T,All ages,_T,National,_T,Total,_T,All education levels,_T,All occupations,_Z,Not applicable,_T,No breakdown by disability,2013,,56.38,,PERCENT,percent,G,Global,E,Estimated,"Energy Balances, UN Statistics Division (2024)",,,,,
DATAFLOW,SPC:DF_SDG(3.0),Sustainable Development Goals (all),I,A,Annual,EG_FEC_RNEW,7.2.1 Renewable energy share in the total final energy consumption,PG,Papua New Guinea,_T,Total,_T,All ages,_T,National,_T,Total,_T,All education levels,_T,All occupations,_Z,Not applicable,_T,No breakdown by disability,2014,,54.91,,PERCENT,percent,G,Global,E,Estimated,"Energy Balances, UN Statistics Division (2024)",,,,,
DATAFLOW,SPC:DF_SDG(3.0),Sustainable Development Goals (all),I,A,Annual,EG_FEC_RNEW,7.2.1 Renewable energy share in the total final energy consumption,PG,Papua New Guinea,_T,Total,_T,All ages,_T,National,_T,Total,_T,All education levels,_T,All occupations,_Z,Not applicable,_T,No breakdown by disability,2015,,53.28,,PERCENT,percent,G,Global,E,Estimated,"Energy Balances, UN Statistics Division (2024)",,,,,
DATAFLOW,SPC:DF_SDG(3.0),Sustainable Development Goals (all),I,A,Annual,EG_FEC_RNEW,7.2.1 Renewable energy share in the total final energy consumption,PG,Papua New Guinea,_T,Total,_T,All ages,_T,National,_T,Total,_T,All education levels,_T,All occupations,_Z,Not applicable,_T,No breakdown by disability,2016,,52.72,,PERCENT,percent,G,Global,E,Estimated,"Energy Balances, UN Statistics Division (2024)",,,,,
DATAFLOW,SPC:DF_SDG(3.0),Sustainable Development Goals (all),I,A,Annual,EG_FEC_RNEW,7.2.1 Renewable energy share in the total final energy consumption,PG,Papua New Guinea,_T,Total,_T,All ages,_T,National,_T,Total,_T,All education levels,_T,All occupations,_Z,Not applicable,_T,No breakdown by disability,2017,,52.52,,PERCENT,percent,G,Global,E,Estimated,"Energy Balances, UN Statistics Division (2024)",,,,,
DATAFLOW,SPC:DF_SDG(3.0),Sustainable Development Goals (all),I,A,Annual,EG_FEC_RNEW,7.2.1 Renewable energy share in the total final energy consumption,PG,Papua New Guinea,_T,Total,_T,All ages,_T,National,_T,Total,_T,All education levels,_T,All occupations,_Z,Not applicable,_T,No breakdown by disability,2018,,51.19,,PERCENT,percent,G,Global,E,Estimated,"Energy Balances, UN Statistics Division (2024)",,,,,
DATAFLOW,SPC:DF_SDG(3.0),Sustainable Development Goals (all),I,A,Annual,EG_FEC_RNEW,7.2.1 Renewable energy share in the total final energy consumption,PG,Papua New Guinea,_T,Total,_T,All ages,_T,National,_T,Total,_T,All education levels,_T,All occupations,_Z,Not applicable,_T,No breakdown by disability,2019,,51.09,,PERCENT,percent,G,Global,E,Estimated,"Energy Balances, UN Statistics Division (2024)",,,,,
DATAFLOW,SPC:DF_SDG(3.0),Sustainable Development Goals (all),I,A,Annual,EG_FEC_RNEW,7.2.1 Renewable energy share in the total final energy consumption,PG,Papua New Guinea,_T,Total,_T,All ages,_T,National,_T,Total,_T,All education levels,_T,All occupations,_Z,Not applicable,_T,No breakdown by disability,2020,,51.39,,PERCENT,percent,G,Global,E,Estimated,"Energy Balances, UN Statistics Division (2024)",,,,,
DATAFLOW,SPC:DF_SDG(3.0),Sustainable Development Goals (all),I,A,Annual,EG_FEC_RNEW,7.2.1 Renewable energy share in the total final energy consumption,PG,Papua New Guinea,_T,Total,_T,All ages,_T,National,_T,Total,_T,All education levels,_T,All occupations,_Z,Not applicable,_T,No breakdown by disability,2021,,51.62,,PERCENT,percent,G,Global,E,Estimated,"Energy Balances, UN Statistics Division (2024)",,,,,
DATAFLOW,SPC:DF_SDG(3.0),Sustainable Development Goals (all),I,A,Annual,EG_FEC_RNEW,7.2.1 Renewable energy share in the total final energy consumption,PG,Papua New Guinea,_T,Total,_T,All ages,_T,National,_T,Total,_T,All education levels,_T,All occupations,_Z,Not applicable,_T,No breakdown by disability,2022,,50.78,,PERCENT,percent,G,Global,E,Estimated,"Energy Balances, UN Statistics Division (2024)",,,,,
DATAFLOW,SPC:DF_SDG(3.0),Sustainable Development Goals (all),I,A,Annual,EG_FEC_RNEW,7.2.1 Renewable energy share in the total final energy consumption,PW,Palau,_T,Total,_T,All ages,_T,National,_T,Total,_T,All education levels,_T,All occupations,_Z,Not applicable,_T,No breakdown by disability,2000,,0,,PERCENT,percent,G,Global,E,Estimated,"Energy Balances, UN Statistics Division (2024)",,,,,
DATAFLOW,SPC:DF_SDG(3.0),Sustainable Development Goals (all),I,A,Annual,EG_FEC_RNEW,7.2.1 Renewable energy share in the total final energy consumption,PW,Palau,_T,Total,_T,All ages,_T,National,_T,Total,_T,All education levels,_T,All occupations,_Z,Not applicable,_T,No breakdown by disability,2001,,0,,PERCENT,percent,G,Global,E,Estimated,"Energy Balances, UN Statistics Division (2024)",,,,,
DATAFLOW,SPC:DF_SDG(3.0),Sustainable Development Goals (all),I,A,Annual,EG_FEC_RNEW,7.2.1 Renewable energy share in the total final energy consumption,PW,Palau,_T,Total,_T,All ages,_T,National,_T,Total,_T,All education levels,_T,All occupations,_Z,Not applicable,_T,No breakdown by disability,2002,,0,,PERCENT,percent,G,Global,E,Estimated,"Energy Balances, UN Statistics Division (2024)",,,,,
DATAFLOW,SPC:DF_SDG(3.0),Sustainable Development Goals (all),I,A,Annual,EG_FEC_RNEW,7.2.1 Renewable energy share in the total final energy consumption,PW,Palau,_T,Total,_T,All ages,_T,National,_T,Total,_T,All education levels,_T,All occupations,_Z,Not applicable,_T,No breakdown by disability,2003,,0,,PERCENT,percent,G,Global,E,Estimated,"Energy Balances, UN Statistics Division (2024)",,,,,
DATAFLOW,SPC:DF_SDG(3.0),Sustainable Development Goals (all),I,A,Annual,EG_FEC_RNEW,7.2.1 Renewable energy share in the total final energy consumption,PW,Palau,_T,Total,_T,All ages,_T,National,_T,Total,_T,All education levels,_T,All occupations,_Z,Not applicable,_T,No breakdown by disability,2004,,0,,PERCENT,percent,G,Global,E,Estimated,"Energy Balances, UN Statistics Division (2024)",,,,,
DATAFLOW,SPC:DF_SDG(3.0),Sustainable Development Goals (all),I,A,Annual,EG_FEC_RNEW,7.2.1 Renewable energy share in the total final energy consumption,PW,Palau,_T,Total,_T,All ages,_T,National,_T,Total,_T,All education levels,_T,All occupations,_Z,Not applicable,_T,No breakdown by disability,2005,,0,,PERCENT,percent,G,Global,E,Estimated,"Energy Balances, UN Statistics Division (2024)",,,,,
DATAFLOW,SPC:DF_SDG(3.0),Sustainable Development Goals (all),I,A,Annual,EG_FEC_RNEW,7.2.1 Renewable energy share in the total final energy consumption,PW,Palau,_T,Total,_T,All ages,_T,National,_T,Total,_T,All education levels,_T,All occupations,_Z,Not applicable,_T,No breakdown by disability,2006,,0,,PERCENT,percent,G,Global,E,Estimated,"Energy Balances, UN Statistics Division (2024)",,,,,
DATAFLOW,SPC:DF_SDG(3.0),Sustainable Development Goals (all),I,A,Annual,EG_FEC_RNEW,7.2.1 Renewable energy share in the total final energy consumption,PW,Palau,_T,Total,_T,All ages,_T,National,_T,Total,_T,All education levels,_T,All occupations,_Z,Not applicable,_T,No breakdown by disability,2007,,0,,PERCENT,percent,G,Global,E,Estimated,"Energy Balances, UN Statistics Division (2024)",,,,,
DATAFLOW,SPC:DF_SDG(3.0),Sustainable Development Goals (all),I,A,Annual,EG_FEC_RNEW,7.2.1 Renewable energy share in the total final energy consumption,PW,Palau,_T,Total,_T,All ages,_T,National,_T,Total,_T,All education levels,_T,All occupations,_Z,Not applicable,_T,No breakdown by disability,2008,,0,,PERCENT,percent,G,Global,E,Estimated,"Energy Balances, UN Statistics Division (2024)",,,,,
DATAFLOW,SPC:DF_SDG(3.0),Sustainable Development Goals (all),I,A,Annual,EG_FEC_RNEW,7.2.1 Renewable energy share in the total final energy consumption,PW,Palau,_T,Total,_T,All ages,_T,National,_T,Total,_T,All education levels,_T,All occupations,_Z,Not applicable,_T,No breakdown by disability,2009,,0,,PERCENT,percent,G,Global,E,Estimated,"Energy Balances, UN Statistics Division (2024)",,,,,
DATAFLOW,SPC:DF_SDG(3.0),Sustainable Development Goals (all),I,A,Annual,EG_FEC_RNEW,7.2.1 Renewable energy share in the total final energy consumption,PW,Palau,_T,Total,_T,All ages,_T,National,_T,Total,_T,All education levels,_T,All occupations,_Z,Not applicable,_T,No breakdown by disability,2010,,0,,PERCENT,percent,G,Global,E,Estimated,"Energy Balances, UN Statistics Division (2024)",,,,,
DATAFLOW,SPC:DF_SDG(3.0),Sustainable Development Goals (all),I,A,Annual,EG_FEC_RNEW,7.2.1 Renewable energy share in the total final energy consumption,PW,Palau,_T,Total,_T,All ages,_T,National,_T,Total,_T,All education levels,_T,All occupations,_Z,Not applicable,_T,No breakdown by disability,2011,,0,,PERCENT,percent,G,Global,E,Estimated,"Energy Balances, UN Statistics Division (2024)",,,,,
DATAFLOW,SPC:DF_SDG(3.0),Sustainable Development Goals (all),I,A,Annual,EG_FEC_RNEW,7.2.1 Renewable energy share in the total final energy consumption,PW,Palau,_T,Total,_T,All ages,_T,National,_T,Total,_T,All education levels,_T,All occupations,_Z,Not applicable,_T,No breakdown by disability,2012,,0,,PERCENT,percent,G,Global,E,Estimated,"Energy Balances, UN Statistics Division (2024)",,,,,
DATAFLOW,SPC:DF_SDG(3.0),Sustainable Development Goals (all),I,A,Annual,EG_FEC_RNEW,7.2.1 Renewable energy share in the total final energy consumption,PW,Palau,_T,Total,_T,All ages,_T,National,_T,Total,_T,All education levels,_T,All occupations,_Z,Not applicable,_T,No breakdown by disability,2013,,0,,PERCENT,percent,G,Global,E,Estimated,"Energy Balances, UN Statistics Division (2024)",,,,,
DATAFLOW,SPC:DF_SDG(3.0),Sustainable Development Goals (all),I,A,Annual,EG_FEC_RNEW,7.2.1 Renewable energy share in the total final energy consumption,PW,Palau,_T,Total,_T,All ages,_T,National,_T,Total,_T,All education levels,_T,All occupations,_Z,Not applicable,_T,No breakdown by disability,2014,,0.27,,PERCENT,percent,G,Global,E,Estimated,"Energy Balances, UN Statistics Division (2024)",,,,,
DATAFLOW,SPC:DF_SDG(3.0),Sustainable Development Goals (all),I,A,Annual,EG_FEC_RNEW,7.2.1 Renewable energy share in the total final energy consumption,PW,Palau,_T,Total,_T,All ages,_T,National,_T,Total,_T,All education levels,_T,All occupations,_Z,Not applicable,_T,No breakdown by disability,2015,,0.37,,PERCENT,percent,G,Global,E,Estimated,"Energy Balances, UN Statistics Division (2024)",,,,,
DATAFLOW,SPC:DF_SDG(3.0),Sustainable Development Goals (all),I,A,Annual,EG_FEC_RNEW,7.2.1 Renewable energy share in the total final energy consumption,PW,Palau,_T,Total,_T,All ages,_T,National,_T,Total,_T,All education levels,_T,All occupations,_Z,Not applicable,_T,No breakdown by disability,2016,,0.57,,PERCENT,percent,G,Global,E,Estimated,"Energy Balances, UN Statistics Division (2024)",,,,,
DATAFLOW,SPC:DF_SDG(3.0),Sustainable Development Goals (all),I,A,Annual,EG_FEC_RNEW,7.2.1 Renewable energy share in the total final energy consumption,PW,Palau,_T,Total,_T,All ages,_T,National,_T,Total,_T,All education levels,_T,All occupations,_Z,Not applicable,_T,No breakdown by disability,2017,,0.56,,PERCENT,percent,G,Global,E,Estimated,"Energy Balances, UN Statistics Division (2024)",,,,,
DATAFLOW,SPC:DF_SDG(3.0),Sustainable Development Goals (all),I,A,Annual,EG_FEC_RNEW,7.2.1 Renewable energy share in the total final energy consumption,PW,Palau,_T,Total,_T,All ages,_T,National,_T,Total,_T,All education levels,_T,All occupations,_Z,Not applicable,_T,No breakdown by disability,2018,,0.59,,PERCENT,percent,G,Global,E,Estimated,"Energy Balances, UN Statistics Division (2024)",,,,,
DATAFLOW,SPC:DF_SDG(3.0),Sustainable Development Goals (all),I,A,Annual,EG_FEC_RNEW,7.2.1 Renewable energy share in the total final energy consumption,PW,Palau,_T,Total,_T,All ages,_T,National,_T,Total,_T,All education levels,_T,All occupations,_Z,Not applicable,_T,No breakdown by disability,2019,,0.56,,PERCENT,percent,G,Global,E,Estimated,"Energy Balances, UN Statistics Division (2024)",,,,,
DATAFLOW,SPC:DF_SDG(3.0),Sustainable Development Goals (all),I,A,Annual,EG_FEC_RNEW,7.2.1 Renewable energy share in the total final energy consumption,PW,Palau,_T,Total,_T,All ages,_T,National,_T,Total,_T,All education levels,_T,All occupations,_Z,Not applicable,_T,No breakdown by disability,2020,,0.58,,PERCENT,percent,G,Global,E,Estimated,"Energy Balances, UN Statistics Division (2024)",,,,,
DATAFLOW,SPC:DF_SDG(3.0),Sustainable Development Goals (all),I,A,Annual,EG_FEC_RNEW,7.2.1 Renewable energy share in the total final energy consumption,PW,Palau,_T,Total,_T,All ages,_T,National,_T,Total,_T,All education levels,_T,All occupations,_Z,Not applicable,_T,No breakdown by disability,2021,,0.58,,PERCENT,percent,G,Global,E,Estimated,"Energy Balances, UN Statistics Division (2024)",,,,,
DATAFLOW,SPC:DF_SDG(3.0),Sustainable Development Goals (all),I,A,Annual,EG_FEC_RNEW,7.2.1 Renewable energy share in the total final energy consumption,PW,Palau,_T,Total,_T,All ages,_T,National,_T,Total,_T,All education levels,_T,All occupations,_Z,Not applicable,_T,No breakdown by disability,2022,,0.58,,PERCENT,percent,G,Global,E,Estimated,"Energy Balances, UN Statistics Division (2024)",,,,,
DATAFLOW,SPC:DF_SDG(3.0),Sustainable Development Goals (all),I,A,Annual,EG_FEC_RNEW,7.2.1 Renewable energy share in the total final energy consumption,SB,Solomon Islands,_T,Total,_T,All ages,_T,National,_T,Total,_T,All education levels,_T,All occupations,_Z,Not applicable,_T,No breakdown by disability,2000,,55.26,,PERCENT,percent,G,Global,E,Estimated,"Energy Balances, UN Statistics Division (2024)",,,,,
DATAFLOW,SPC:DF_SDG(3.0),Sustainable Development Goals (all),I,A,Annual,EG_FEC_RNEW,7.2.1 Renewable energy share in the total final energy consumption,SB,Solomon Islands,_T,Total,_T,All ages,_T,National,_T,Total,_T,All education levels,_T,All occupations,_Z,Not applicable,_T,No breakdown by disability,2001,,54.14,,PERCENT,percent,G,Global,E,Estimated,"Energy Balances, UN Statistics Division (2024)",,,,,
DATAFLOW,SPC:DF_SDG(3.0),Sustainable Development Goals (all),I,A,Annual,EG_FEC_RNEW,7.2.1 Renewable energy share in the total final energy consumption,SB,Solomon Islands,_T,Total,_T,All ages,_T,National,_T,Total,_T,All education levels,_T,All occupations,_Z,Not applicable,_T,No breakdown by disability,2002,,52.82,,PERCENT,percent,G,Global,E,Estimated,"Energy Balances, UN Statistics Division (2024)",,,,,
DATAFLOW,SPC:DF_SDG(3.0),Sustainable Development Goals (all),I,A,Annual,EG_FEC_RNEW,7.2.1 Renewable energy share in the total final energy consumption,SB,Solomon Islands,_T,Total,_T,All ages,_T,National,_T,Total,_T,All education levels,_T,All occupations,_Z,Not applicable,_T,No breakdown by disability,2003,,51.46,,PERCENT,percent,G,Global,E,Estimated,"Energy Balances, UN Statistics Division (2024)",,,,,
DATAFLOW,SPC:DF_SDG(3.0),Sustainable Development Goals (all),I,A,Annual,EG_FEC_RNEW,7.2.1 Renewable energy share in the total final energy consumption,SB,Solomon Islands,_T,Total,_T,All ages,_T,National,_T,Total,_T,All education levels,_T,All occupations,_Z,Not applicable,_T,No breakdown by disability,2004,,49.91,,PERCENT,percent,G,Global,E,Estimated,"Energy Balances, UN Statistics Division (2024)",,,,,
DATAFLOW,SPC:DF_SDG(3.0),Sustainable Development Goals (all),I,A,Annual,EG_FEC_RNEW,7.2.1 Renewable energy share in the total final energy consumption,SB,Solomon Islands,_T,Total,_T,All ages,_T,National,_T,Total,_T,All education levels,_T,All occupations,_Z,Not applicable,_T,No breakdown by disability,2005,,49.7,,PERCENT,percent,G,Global,E,Estimated,"Energy Balances, UN Statistics Division (2024)",,,,,
DATAFLOW,SPC:DF_SDG(3.0),Sustainable Development Goals (all),I,A,Annual,EG_FEC_RNEW,7.2.1 Renewable energy share in the total final energy consumption,SB,Solomon Islands,_T,Total,_T,All ages,_T,National,_T,Total,_T,All education levels,_T,All occupations,_Z,Not applicable,_T,No breakdown by disability,2006,,48.93,,PERCENT,percent,G,Global,E,Estimated,"Energy Balances, UN Statistics Division (2024)",,,,,
DATAFLOW,SPC:DF_SDG(3.0),Sustainable Development Goals (all),I,A,Annual,EG_FEC_RNEW,7.2.1 Renewable energy share in the total final energy consumption,SB,Solomon Islands,_T,Total,_T,All ages,_T,National,_T,Total,_T,All education levels,_T,All occupations,_Z,Not applicable,_T,No breakdown by disability,2007,,47.42,,PERCENT,percent,G,Global,E,Estimated,"Energy Balances, UN Statistics Division (2024)",,,,,
DATAFLOW,SPC:DF_SDG(3.0),Sustainable Development Goals (all),I,A,Annual,EG_FEC_RNEW,7.2.1 Renewable energy share in the total final energy consumption,SB,Solomon Islands,_T,Total,_T,All ages,_T,National,_T,Total,_T,All education levels,_T,All occupations,_Z,Not applicable,_T,No breakdown by disability,2008,,46.69,,PERCENT,percent,G,Global,E,Estimated,"Energy Balances, UN Statistics Division (2024)",,,,,
DATAFLOW,SPC:DF_SDG(3.0),Sustainable Development Goals (all),I,A,Annual,EG_FEC_RNEW,7.2.1 Renewable energy share in the total final energy consumption,SB,Solomon Islands,_T,Total,_T,All ages,_T,National,_T,Total,_T,All education levels,_T,All occupations,_Z,Not applicable,_T,No breakdown by disability,2009,,45.79,,PERCENT,percent,G,Global,E,Estimated,"Energy Balances, UN Statistics Division (2024)",,,,,
DATAFLOW,SPC:DF_SDG(3.0),Sustainable Development Goals (all),I,A,Annual,EG_FEC_RNEW,7.2.1 Renewable energy share in the total final energy consumption,SB,Solomon Islands,_T,Total,_T,All ages,_T,National,_T,Total,_T,All education levels,_T,All occupations,_Z,Not applicable,_T,No breakdown by disability,2010,,45.07,,PERCENT,percent,G,Global,E,Estimated,"Energy Balances, UN Statistics Division (2024)",,,,,
DATAFLOW,SPC:DF_SDG(3.0),Sustainable Development Goals (all),I,A,Annual,EG_FEC_RNEW,7.2.1 Renewable energy share in the total final energy consumption,SB,Solomon Islands,_T,Total,_T,All ages,_T,National,_T,Total,_T,All education levels,_T,All occupations,_Z,Not applicable,_T,No breakdown by disability,2011,,43.61,,PERCENT,percent,G,Global,E,Estimated,"Energy Balances, UN Statistics Division (2024)",,,,,
DATAFLOW,SPC:DF_SDG(3.0),Sustainable Development Goals (all),I,A,Annual,EG_FEC_RNEW,7.2.1 Renewable energy share in the total final energy consumption,SB,Solomon Islands,_T,Total,_T,All ages,_T,National,_T,Total,_T,All education levels,_T,All occupations,_Z,Not applicable,_T,No breakdown by disability,2012,,43.82,,PERCENT,percent,G,Global,E,Estimated,"Energy Balances, UN Statistics Division (2024)",,,,,
DATAFLOW,SPC:DF_SDG(3.0),Sustainable Development Goals (all),I,A,Annual,EG_FEC_RNEW,7.2.1 Renewable energy share in the total final energy consumption,SB,Solomon Islands,_T,Total,_T,All ages,_T,National,_T,Total,_T,All education levels,_T,All occupations,_Z,Not applicable,_T,No breakdown by disability,2013,,41.83,,PERCENT,percent,G,Global,E,Estimated,"Energy Balances, UN Statistics Division (2024)",,,,,
DATAFLOW,SPC:DF_SDG(3.0),Sustainable Development Goals (all),I,A,Annual,EG_FEC_RNEW,7.2.1 Renewable energy share in the total final energy consumption,SB,Solomon Islands,_T,Total,_T,All ages,_T,National,_T,Total,_T,All education levels,_T,All occupations,_Z,Not applicable,_T,No breakdown by disability,2014,,45.89,,PERCENT,percent,G,Global,E,Estimated,"Energy Balances, UN Statistics Division (2024)",,,,,
DATAFLOW,SPC:DF_SDG(3.0),Sustainable Development Goals (all),I,A,Annual,EG_FEC_RNEW,7.2.1 Renewable energy share in the total final energy consumption,SB,Solomon Islands,_T,Total,_T,All ages,_T,National,_T,Total,_T,All education levels,_T,All occupations,_Z,Not applicable,_T,No breakdown by disability,2015,,48.64,,PERCENT,percent,G,Global,E,Estimated,"Energy Balances, UN Statistics Division (2024)",,,,,
DATAFLOW,SPC:DF_SDG(3.0),Sustainable Development Goals (all),I,A,Annual,EG_FEC_RNEW,7.2.1 Renewable energy share in the total final energy consumption,SB,Solomon Islands,_T,Total,_T,All ages,_T,National,_T,Total,_T,All education levels,_T,All occupations,_Z,Not applicable,_T,No breakdown by disability,2016,,48.7,,PERCENT,percent,G,Global,E,Estimated,"Energy Balances, UN Statistics Division (2024)",,,,,
DATAFLOW,SPC:DF_SDG(3.0),Sustainable Development Goals (all),I,A,Annual,EG_FEC_RNEW,7.2.1 Renewable energy share in the total final energy consumption,SB,Solomon Islands,_T,Total,_T,All ages,_T,National,_T,Total,_T,All education levels,_T,All occupations,_Z,Not applicable,_T,No breakdown by disability,2017,,48.98,,PERCENT,percent,G,Global,E,Estimated,"Energy Balances, UN Statistics Division (2024)",,,,,
DATAFLOW,SPC:DF_SDG(3.0),Sustainable Development Goals (all),I,A,Annual,EG_FEC_RNEW,7.2.1 Renewable energy share in the total final energy consumption,SB,Solomon Islands,_T,Total,_T,All ages,_T,National,_T,Total,_T,All education levels,_T,All occupations,_Z,Not applicable,_T,No breakdown by disability,2018,,48.64,,PERCENT,percent,G,Global,E,Estimated,"Energy Balances, UN Statistics Division (2024)",,,,,
DATAFLOW,SPC:DF_SDG(3.0),Sustainable Development Goals (all),I,A,Annual,EG_FEC_RNEW,7.2.1 Renewable energy share in the total final energy consumption,SB,Solomon Islands,_T,Total,_T,All ages,_T,National,_T,Total,_T,All education levels,_T,All occupations,_Z,Not applicable,_T,No breakdown by disability,2019,,48.36,,PERCENT,percent,G,Global,E,Estimated,"Energy Balances, UN Statistics Division (2024)",,,,,
DATAFLOW,SPC:DF_SDG(3.0),Sustainable Development Goals (all),I,A,Annual,EG_FEC_RNEW,7.2.1 Renewable energy share in the total final energy consumption,SB,Solomon Islands,_T,Total,_T,All ages,_T,National,_T,Total,_T,All education levels,_T,All occupations,_Z,Not applicable,_T,No breakdown by disability,2020,,49.03,,PERCENT,percent,G,Global,E,Estimated,"Energy Balances, UN Statistics Division (2024)",,,,,
DATAFLOW,SPC:DF_SDG(3.0),Sustainable Development Goals (all),I,A,Annual,EG_FEC_RNEW,7.2.1 Renewable energy share in the total final energy consumption,SB,Solomon Islands,_T,Total,_T,All ages,_T,National,_T,Total,_T,All education levels,_T,All occupations,_Z,Not applicable,_T,No breakdown by disability,2021,,49.13,,PERCENT,percent,G,Global,E,Estimated,"Energy Balances, UN Statistics Division (2024)",,,,,
DATAFLOW,SPC:DF_SDG(3.0),Sustainable Development Goals (all),I,A,Annual,EG_FEC_RNEW,7.2.1 Renewable energy share in the total final energy consumption,SB,Solomon Islands,_T,Total,_T,All ages,_T,National,_T,Total,_T,All education levels,_T,All occupations,_Z,Not applicable,_T,No breakdown by disability,2022,,50.08,,PERCENT,percent,G,Global,E,Estimated,"Energy Balances, UN Statistics Division (2024)",,,,,
DATAFLOW,SPC:DF_SDG(3.0),Sustainable Development Goals (all),I,A,Annual,EG_FEC_RNEW,7.2.1 Renewable energy share in the total final energy consumption,TO,Tonga,_T,Total,_T,All ages,_T,National,_T,Total,_T,All education levels,_T,All occupations,_Z,Not applicable,_T,No breakdown by disability,2000,,2.48,,PERCENT,percent,G,Global,E,Estimated,"Energy Balances, UN Statistics Division (2024)",,,,,
DATAFLOW,SPC:DF_SDG(3.0),Sustainable Development Goals (all),I,A,Annual,EG_FEC_RNEW,7.2.1 Renewable energy share in the total final energy consumption,TO,Tonga,_T,Total,_T,All ages,_T,National,_T,Total,_T,All education levels,_T,All occupations,_Z,Not applicable,_T,No breakdown by disability,2001,,2.7,,PERCENT,percent,G,Global,E,Estimated,"Energy Balances, UN Statistics Division (2024)",,,,,
DATAFLOW,SPC:DF_SDG(3.0),Sustainable Development Goals (all),I,A,Annual,EG_FEC_RNEW,7.2.1 Renewable energy share in the total final energy consumption,TO,Tonga,_T,Total,_T,All ages,_T,National,_T,Total,_T,All education levels,_T,All occupations,_Z,Not applicable,_T,No breakdown by disability,2002,,2.48,,PERCENT,percent,G,Global,E,Estimated,"Energy Balances, UN Statistics Division (2024)",,,,,
DATAFLOW,SPC:DF_SDG(3.0),Sustainable Development Goals (all),I,A,Annual,EG_FEC_RNEW,7.2.1 Renewable energy share in the total final energy consumption,TO,Tonga,_T,Total,_T,All ages,_T,National,_T,Total,_T,All education levels,_T,All occupations,_Z,Not applicable,_T,No breakdown by disability,2003,,2.01,,PERCENT,percent,G,Global,E,Estimated,"Energy Balances, UN Statistics Division (2024)",,,,,
DATAFLOW,SPC:DF_SDG(3.0),Sustainable Development Goals (all),I,A,Annual,EG_FEC_RNEW,7.2.1 Renewable energy share in the total final energy consumption,TO,Tonga,_T,Total,_T,All ages,_T,National,_T,Total,_T,All education levels,_T,All occupations,_Z,Not applicable,_T,No breakdown by disability,2004,,2.15,,PERCENT,percent,G,Global,E,Estimated,"Energy Balances, UN Statistics Division (2024)",,,,,
DATAFLOW,SPC:DF_SDG(3.0),Sustainable Development Goals (all),I,A,Annual,EG_FEC_RNEW,7.2.1 Renewable energy share in the total final energy consumption,TO,Tonga,_T,Total,_T,All ages,_T,National,_T,Total,_T,All education levels,_T,All occupations,_Z,Not applicable,_T,No breakdown by disability,2005,,2.15,,PERCENT,percent,G,Global,E,Estimated,"Energy Balances, UN Statistics Division (2024)",,,,,
DATAFLOW,SPC:DF_SDG(3.0),Sustainable Development Goals (all),I,A,Annual,EG_FEC_RNEW,7.2.1 Renewable energy share in the total final energy consumption,TO,Tonga,_T,Total,_T,All ages,_T,National,_T,Total,_T,All education levels,_T,All occupations,_Z,Not applicable,_T,No breakdown by disability,2006,,1.86,,PERCENT,percent,G,Global,E,Estimated,"Energy Balances, UN Statistics Division (2024)",,,,,
DATAFLOW,SPC:DF_SDG(3.0),Sustainable Development Goals (all),I,A,Annual,EG_FEC_RNEW,7.2.1 Renewable energy share in the total final energy consumption,TO,Tonga,_T,Total,_T,All ages,_T,National,_T,Total,_T,All education levels,_T,All occupations,_Z,Not applicable,_T,No breakdown by disability,2007,,2.16,,PERCENT,percent,G,Global,E,Estimated,"Energy Balances, UN Statistics Division (2024)",,,,,
DATAFLOW,SPC:DF_SDG(3.0),Sustainable Development Goals (all),I,A,Annual,EG_FEC_RNEW,7.2.1 Renewable energy share in the total final energy consumption,TO,Tonga,_T,Total,_T,All ages,_T,National,_T,Total,_T,All education levels,_T,All occupations,_Z,Not applicable,_T,No breakdown by disability,2008,,2.37,,PERCENT,percent,G,Global,E,Estimated,"Energy Balances, UN Statistics Division (2024)",,,,,
DATAFLOW,SPC:DF_SDG(3.0),Sustainable Development Goals (all),I,A,Annual,EG_FEC_RNEW,7.2.1 Renewable energy share in the total final energy consumption,TO,Tonga,_T,Total,_T,All ages,_T,National,_T,Total,_T,All education levels,_T,All occupations,_Z,Not applicable,_T,No breakdown by disability,2009,,2.05,,PERCENT,percent,G,Global,E,Estimated,"Energy Balances, UN Statistics Division (2024)",,,,,
DATAFLOW,SPC:DF_SDG(3.0),Sustainable Development Goals (all),I,A,Annual,EG_FEC_RNEW,7.2.1 Renewable energy share in the total final energy consumption,TO,Tonga,_T,Total,_T,All ages,_T,National,_T,Total,_T,All education levels,_T,All occupations,_Z,Not applicable,_T,No breakdown by disability,2010,,0.96,,PERCENT,percent,G,Global,E,Estimated,"Energy Balances, UN Statistics Division (2024)",,,,,
DATAFLOW,SPC:DF_SDG(3.0),Sustainable Development Goals (all),I,A,Annual,EG_FEC_RNEW,7.2.1 Renewable energy share in the total final energy consumption,TO,Tonga,_T,Total,_T,All ages,_T,National,_T,Total,_T,All education levels,_T,All occupations,_Z,Not applicable,_T,No breakdown by disability,2011,,1.1,,PERCENT,percent,G,Global,E,Estimated,"Energy Balances, UN Statistics Division (2024)",,,,,
DATAFLOW,SPC:DF_SDG(3.0),Sustainable Development Goals (all),I,A,Annual,EG_FEC_RNEW,7.2.1 Renewable energy share in the total final energy consumption,TO,Tonga,_T,Total,_T,All ages,_T,National,_T,Total,_T,All education levels,_T,All occupations,_Z,Not applicable,_T,No breakdown by disability,2012,,1.1,,PERCENT,percent,G,Global,E,Estimated,"Energy Balances, UN Statistics Division (2024)",,,,,
DATAFLOW,SPC:DF_SDG(3.0),Sustainable Development Goals (all),I,A,Annual,EG_FEC_RNEW,7.2.1 Renewable energy share in the total final energy consumption,TO,Tonga,_T,Total,_T,All ages,_T,National,_T,Total,_T,All education levels,_T,All occupations,_Z,Not applicable,_T,No breakdown by disability,2013,,1.54,,PERCENT,percent,G,Global,E,Estimated,"Energy Balances, UN Statistics Division (2024)",,,,,
DATAFLOW,SPC:DF_SDG(3.0),Sustainable Development Goals (all),I,A,Annual,EG_FEC_RNEW,7.2.1 Renewable energy share in the total final energy consumption,TO,Tonga,_T,Total,_T,All ages,_T,National,_T,Total,_T,All education levels,_T,All occupations,_Z,Not applicable,_T,No breakdown by disability,2014,,1.68,,PERCENT,percent,G,Global,E,Estimated,"Energy Balances, UN Statistics Division (2024)",,,,,
DATAFLOW,SPC:DF_SDG(3.0),Sustainable Development Goals (all),I,A,Annual,EG_FEC_RNEW,7.2.1 Renewable energy share in the total final energy consumption,TO,Tonga,_T,Total,_T,All ages,_T,National,_T,Total,_T,All education levels,_T,All occupations,_Z,Not applicable,_T,No breakdown by disability,2015,,2,,PERCENT,percent,G,Global,E,Estimated,"Energy Balances, UN Statistics Division (2024)",,,,,
DATAFLOW,SPC:DF_SDG(3.0),Sustainable Development Goals (all),I,A,Annual,EG_FEC_RNEW,7.2.1 Renewable energy share in the total final energy consumption,TO,Tonga,_T,Total,_T,All ages,_T,National,_T,Total,_T,All education levels,_T,All occupations,_Z,Not applicable,_T,No breakdown by disability,2016,,1.7,,PERCENT,percent,G,Global,E,Estimated,"Energy Balances, UN Statistics Division (2024)",,,,,
DATAFLOW,SPC:DF_SDG(3.0),Sustainable Development Goals (all),I,A,Annual,EG_FEC_RNEW,7.2.1 Renewable energy share in the total final energy consumption,TO,Tonga,_T,Total,_T,All ages,_T,National,_T,Total,_T,All education levels,_T,All occupations,_Z,Not applicable,_T,No breakdown by disability,2017,,1.74,,PERCENT,percent,G,Global,E,Estimated,"Energy Balances, UN Statistics Division (2024)",,,,,
DATAFLOW,SPC:DF_SDG(3.0),Sustainable Development Goals (all),I,A,Annual,EG_FEC_RNEW,7.2.1 Renewable energy share in the total final energy consumption,TO,Tonga,_T,Total,_T,All ages,_T,National,_T,Total,_T,All education levels,_T,All occupations,_Z,Not applicable,_T,No breakdown by disability,2018,,1.69,,PERCENT,percent,G,Global,E,Estimated,"Energy Balances, UN Statistics Division (2024)",,,,,
DATAFLOW,SPC:DF_SDG(3.0),Sustainable Development Goals (all),I,A,Annual,EG_FEC_RNEW,7.2.1 Renewable energy share in the total final energy consumption,TO,Tonga,_T,Total,_T,All ages,_T,National,_T,Total,_T,All education levels,_T,All occupations,_Z,Not applicable,_T,No breakdown by disability,2019,,1.68,,PERCENT,percent,G,Global,E,Estimated,"Energy Balances, UN Statistics Division (2024)",,,,,
DATAFLOW,SPC:DF_SDG(3.0),Sustainable Development Goals (all),I,A,Annual,EG_FEC_RNEW,7.2.1 Renewable energy share in the total final energy consumption,TO,Tonga,_T,Total,_T,All ages,_T,National,_T,Total,_T,All education levels,_T,All occupations,_Z,Not applicable,_T,No breakdown by disability,2020,,2.55,,PERCENT,percent,G,Global,E,Estimated,"Energy Balances, UN Statistics Division (2024)",,,,,
DATAFLOW,SPC:DF_SDG(3.0),Sustainable Development Goals (all),I,A,Annual,EG_FEC_RNEW,7.2.1 Renewable energy share in the total final energy consumption,TO,Tonga,_T,Total,_T,All ages,_T,National,_T,Total,_T,All education levels,_T,All occupations,_Z,Not applicable,_T,No breakdown by disability,2021,,2.4,,PERCENT,percent,G,Global,E,Estimated,"Energy Balances, UN Statistics Division (2024)",,,,,
DATAFLOW,SPC:DF_SDG(3.0),Sustainable Development Goals (all),I,A,Annual,EG_FEC_RNEW,7.2.1 Renewable energy share in the total final energy consumption,TO,Tonga,_T,Total,_T,All ages,_T,National,_T,Total,_T,All education levels,_T,All occupations,_Z,Not applicable,_T,No breakdown by disability,2022,,2.08,,PERCENT,percent,G,Global,E,Estimated,"Energy Balances, UN Statistics Division (2024)",,,,,
DATAFLOW,SPC:DF_SDG(3.0),Sustainable Development Goals (all),I,A,Annual,EG_FEC_RNEW,7.2.1 Renewable energy share in the total final energy consumption,TV,Tuvalu,_T,Total,_T,All ages,_T,National,_T,Total,_T,All education levels,_T,All occupations,_Z,Not applicable,_T,No breakdown by disability,2000,,0.04,,PERCENT,percent,G,Global,E,Estimated,"Energy Balances, UN Statistics Division (2024)",,,,,
DATAFLOW,SPC:DF_SDG(3.0),Sustainable Development Goals (all),I,A,Annual,EG_FEC_RNEW,7.2.1 Renewable energy share in the total final energy consumption,TV,Tuvalu,_T,Total,_T,All ages,_T,National,_T,Total,_T,All education levels,_T,All occupations,_Z,Not applicable,_T,No breakdown by disability,2001,,0.03,,PERCENT,percent,G,Global,E,Estimated,"Energy Balances, UN Statistics Division (2024)",,,,,
DATAFLOW,SPC:DF_SDG(3.0),Sustainable Development Goals (all),I,A,Annual,EG_FEC_RNEW,7.2.1 Renewable energy share in the total final energy consumption,TV,Tuvalu,_T,Total,_T,All ages,_T,National,_T,Total,_T,All education levels,_T,All occupations,_Z,Not applicable,_T,No breakdown by disability,2002,,0.02,,PERCENT,percent,G,Global,E,Estimated,"Energy Balances, UN Statistics Division (2024)",,,,,
DATAFLOW,SPC:DF_SDG(3.0),Sustainable Development Goals (all),I,A,Annual,EG_FEC_RNEW,7.2.1 Renewable energy share in the total final energy consumption,TV,Tuvalu,_T,Total,_T,All ages,_T,National,_T,Total,_T,All education levels,_T,All occupations,_Z,Not applicable,_T,No breakdown by disability,2003,,0.03,,PERCENT,percent,G,Global,E,Estimated,"Energy Balances, UN Statistics Division (2024)",,,,,
DATAFLOW,SPC:DF_SDG(3.0),Sustainable Development Goals (all),I,A,Annual,EG_FEC_RNEW,7.2.1 Renewable energy share in the total final energy consumption,TV,Tuvalu,_T,Total,_T,All ages,_T,National,_T,Total,_T,All education levels,_T,All occupations,_Z,Not applicable,_T,No breakdown by disability,2004,,0.02,,PERCENT,percent,G,Global,E,Estimated,"Energy Balances, UN Statistics Division (2024)",,,,,
DATAFLOW,SPC:DF_SDG(3.0),Sustainable Development Goals (all),I,A,Annual,EG_FEC_RNEW,7.2.1 Renewable energy share in the total final energy consumption,TV,Tuvalu,_T,Total,_T,All ages,_T,National,_T,Total,_T,All education levels,_T,All occupations,_Z,Not applicable,_T,No breakdown by disability,2005,,0.02,,PERCENT,percent,G,Global,E,Estimated,"Energy Balances, UN Statistics Division (2024)",,,,,
DATAFLOW,SPC:DF_SDG(3.0),Sustainable Development Goals (all),I,A,Annual,EG_FEC_RNEW,7.2.1 Renewable energy share in the total final energy consumption,TV,Tuvalu,_T,Total,_T,All ages,_T,National,_T,Total,_T,All education levels,_T,All occupations,_Z,Not applicable,_T,No breakdown by disability,2006,,0.02,,PERCENT,percent,G,Global,E,Estimated,"Energy Balances, UN Statistics Division (2024)",,,,,
DATAFLOW,SPC:DF_SDG(3.0),Sustainable Development Goals (all),I,A,Annual,EG_FEC_RNEW,7.2.1 Renewable energy share in the total final energy consumption,TV,Tuvalu,_T,Total,_T,All ages,_T,National,_T,Total,_T,All education levels,_T,All occupations,_Z,Not applicable,_T,No breakdown by disability,2007,,0.02,,PERCENT,percent,G,Global,E,Estimated,"Energy Balances, UN Statistics Division (2024)",,,,,
DATAFLOW,SPC:DF_SDG(3.0),Sustainable Development Goals (all),I,A,Annual,EG_FEC_RNEW,7.2.1 Renewable energy share in the total final energy consumption,TV,Tuvalu,_T,Total,_T,All ages,_T,National,_T,Total,_T,All education levels,_T,All occupations,_Z,Not applicable,_T,No breakdown by disability,2008,,0.2,,PERCENT,percent,G,Global,E,Estimated,"Energy Balances, UN Statistics Division (2024)",,,,,
DATAFLOW,SPC:DF_SDG(3.0),Sustainable Development Goals (all),I,A,Annual,EG_FEC_RNEW,7.2.1 Renewable energy share in the total final energy consumption,TV,Tuvalu,_T,Total,_T,All ages,_T,National,_T,Total,_T,All education levels,_T,All occupations,_Z,Not applicable,_T,No breakdown by disability,2009,,0.25,,PERCENT,percent,G,Global,E,Estimated,"Energy Balances, UN Statistics Division (2024)",,,,,
DATAFLOW,SPC:DF_SDG(3.0),Sustainable Development Goals (all),I,A,Annual,EG_FEC_RNEW,7.2.1 Renewable energy share in the total final energy consumption,TV,Tuvalu,_T,Total,_T,All ages,_T,National,_T,Total,_T,All education levels,_T,All occupations,_Z,Not applicable,_T,No breakdown by disability,2010,,0.45,,PERCENT,percent,G,Global,E,Estimated,"Energy Balances, UN Statistics Division (2024)",,,,,
DATAFLOW,SPC:DF_SDG(3.0),Sustainable Development Goals (all),I,A,Annual,EG_FEC_RNEW,7.2.1 Renewable energy share in the total final energy consumption,TV,Tuvalu,_T,Total,_T,All ages,_T,National,_T,Total,_T,All education levels,_T,All occupations,_Z,Not applicable,_T,No breakdown by disability,2011,,0.21,,PERCENT,percent,G,Global,E,Estimated,"Energy Balances, UN Statistics Division (2024)",,,,,
DATAFLOW,SPC:DF_SDG(3.0),Sustainable Development Goals (all),I,A,Annual,EG_FEC_RNEW,7.2.1 Renewable energy share in the total final energy consumption,TV,Tuvalu,_T,Total,_T,All ages,_T,National,_T,Total,_T,All education levels,_T,All occupations,_Z,Not applicable,_T,No breakdown by disability,2012,,0.27,,PERCENT,percent,G,Global,E,Estimated,"Energy Balances, UN Statistics Division (2024)",,,,,
DATAFLOW,SPC:DF_SDG(3.0),Sustainable Development Goals (all),I,A,Annual,EG_FEC_RNEW,7.2.1 Renewable energy share in the total final energy consumption,TV,Tuvalu,_T,Total,_T,All ages,_T,National,_T,Total,_T,All education levels,_T,All occupations,_Z,Not applicable,_T,No breakdown by disability,2013,,0.7,,PERCENT,percent,G,Global,E,Estimated,"Energy Balances, UN Statistics Division (2024)",,,,,
DATAFLOW,SPC:DF_SDG(3.0),Sustainable Development Goals (all),I,A,Annual,EG_FEC_RNEW,7.2.1 Renewable energy share in the total final energy consumption,TV,Tuvalu,_T,Total,_T,All ages,_T,National,_T,Total,_T,All education levels,_T,All occupations,_Z,Not applicable,_T,No breakdown by disability,2014,,0.65,,PERCENT,percent,G,Global,E,Estimated,"Energy Balances, UN Statistics Division (2024)",,,,,
DATAFLOW,SPC:DF_SDG(3.0),Sustainable Development Goals (all),I,A,Annual,EG_FEC_RNEW,7.2.1 Renewable energy share in the total final energy consumption,TV,Tuvalu,_T,Total,_T,All ages,_T,National,_T,Total,_T,All education levels,_T,All occupations,_Z,Not applicable,_T,No breakdown by disability,2015,,2.98,,PERCENT,percent,G,Global,E,Estimated,"Energy Balances, UN Statistics Division (2024)",,,,,
DATAFLOW,SPC:DF_SDG(3.0),Sustainable Development Goals (all),I,A,Annual,EG_FEC_RNEW,7.2.1 Renewable energy share in the total final energy consumption,TV,Tuvalu,_T,Total,_T,All ages,_T,National,_T,Total,_T,All education levels,_T,All occupations,_Z,Not applicable,_T,No breakdown by disability,2016,,7.27,,PERCENT,percent,G,Global,E,Estimated,"Energy Balances, UN Statistics Division (2024)",,,,,
DATAFLOW,SPC:DF_SDG(3.0),Sustainable Development Goals (all),I,A,Annual,EG_FEC_RNEW,7.2.1 Renewable energy share in the total final energy consumption,TV,Tuvalu,_T,Total,_T,All ages,_T,National,_T,Total,_T,All education levels,_T,All occupations,_Z,Not applicable,_T,No breakdown by disability,2017,,6.98,,PERCENT,percent,G,Global,E,Estimated,"Energy Balances, UN Statistics Division (2024)",,,,,
DATAFLOW,SPC:DF_SDG(3.0),Sustainable Development Goals (all),I,A,Annual,EG_FEC_RNEW,7.2.1 Renewable energy share in the total final energy consumption,TV,Tuvalu,_T,Total,_T,All ages,_T,National,_T,Total,_T,All education levels,_T,All occupations,_Z,Not applicable,_T,No breakdown by disability,2018,,6.03,,PERCENT,percent,G,Global,E,Estimated,"Energy Balances, UN Statistics Division (2024)",,,,,
DATAFLOW,SPC:DF_SDG(3.0),Sustainable Development Goals (all),I,A,Annual,EG_FEC_RNEW,7.2.1 Renewable energy share in the total final energy consumption,TV,Tuvalu,_T,Total,_T,All ages,_T,National,_T,Total,_T,All education levels,_T,All occupations,_Z,Not applicable,_T,No breakdown by disability,2019,,6.12,,PERCENT,percent,G,Global,E,Estimated,"Energy Balances, UN Statistics Division (2024)",,,,,
DATAFLOW,SPC:DF_SDG(3.0),Sustainable Development Goals (all),I,A,Annual,EG_FEC_RNEW,7.2.1 Renewable energy share in the total final energy consumption,TV,Tuvalu,_T,Total,_T,All ages,_T,National,_T,Total,_T,All education levels,_T,All occupations,_Z,Not applicable,_T,No breakdown by disability,2020,,6.31,,PERCENT,percent,G,Global,E,Estimated,"Energy Balances, UN Statistics Division (2024)",,,,,
DATAFLOW,SPC:DF_SDG(3.0),Sustainable Development Goals (all),I,A,Annual,EG_FEC_RNEW,7.2.1 Renewable energy share in the total final energy consumption,TV,Tuvalu,_T,Total,_T,All ages,_T,National,_T,Total,_T,All education levels,_T,All occupations,_Z,Not applicable,_T,No breakdown by disability,2021,,5.38,,PERCENT,percent,G,Global,E,Estimated,"Energy Balances, UN Statistics Division (2024)",,,,,
DATAFLOW,SPC:DF_SDG(3.0),Sustainable Development Goals (all),I,A,Annual,EG_FEC_RNEW,7.2.1 Renewable energy share in the total final energy consumption,TV,Tuvalu,_T,Total,_T,All ages,_T,National,_T,Total,_T,All education levels,_T,All occupations,_Z,Not applicable,_T,No breakdown by disability,2022,,5.52,,PERCENT,percent,G,Global,E,Estimated,"Energy Balances, UN Statistics Division (2024)",,,,,
DATAFLOW,SPC:DF_SDG(3.0),Sustainable Development Goals (all),I,A,Annual,EG_FEC_RNEW,7.2.1 Renewable energy share in the total final energy consumption,VU,Vanuatu,_T,Total,_T,All ages,_T,National,_T,Total,_T,All education levels,_T,All occupations,_Z,Not applicable,_T,No breakdown by disability,2000,,49.49,,PERCENT,percent,G,Global,E,Estimated,"Energy Balances, UN Statistics Division (2024)",,,,,
DATAFLOW,SPC:DF_SDG(3.0),Sustainable Development Goals (all),I,A,Annual,EG_FEC_RNEW,7.2.1 Renewable energy share in the total final energy consumption,VU,Vanuatu,_T,Total,_T,All ages,_T,National,_T,Total,_T,All education levels,_T,All occupations,_Z,Not applicable,_T,No breakdown by disability,2001,,51.26,,PERCENT,percent,G,Global,E,Estimated,"Energy Balances, UN Statistics Division (2024)",,,,,
DATAFLOW,SPC:DF_SDG(3.0),Sustainable Development Goals (all),I,A,Annual,EG_FEC_RNEW,7.2.1 Renewable energy share in the total final energy consumption,VU,Vanuatu,_T,Total,_T,All ages,_T,National,_T,Total,_T,All education levels,_T,All occupations,_Z,Not applicable,_T,No breakdown by disability,2002,,53.33,,PERCENT,percent,G,Global,E,Estimated,"Energy Balances, UN Statistics Division (2024)",,,,,
DATAFLOW,SPC:DF_SDG(3.0),Sustainable Development Goals (all),I,A,Annual,EG_FEC_RNEW,7.2.1 Renewable energy share in the total final energy consumption,VU,Vanuatu,_T,Total,_T,All ages,_T,National,_T,Total,_T,All education levels,_T,All occupations,_Z,Not applicable,_T,No breakdown by disability,2003,,52.73,,PERCENT,percent,G,Global,E,Estimated,"Energy Balances, UN Statistics Division (2024)",,,,,
DATAFLOW,SPC:DF_SDG(3.0),Sustainable Development Goals (all),I,A,Annual,EG_FEC_RNEW,7.2.1 Renewable energy share in the total final energy consumption,VU,Vanuatu,_T,Total,_T,All ages,_T,National,_T,Total,_T,All education levels,_T,All occupations,_Z,Not applicable,_T,No breakdown by disability,2004,,55.36,,PERCENT,percent,G,Global,E,Estimated,"Energy Balances, UN Statistics Division (2024)",,,,,
DATAFLOW,SPC:DF_SDG(3.0),Sustainable Development Goals (all),I,A,Annual,EG_FEC_RNEW,7.2.1 Renewable energy share in the total final energy consumption,VU,Vanuatu,_T,Total,_T,All ages,_T,National,_T,Total,_T,All education levels,_T,All occupations,_Z,Not applicable,_T,No breakdown by disability,2005,,54.91,,PERCENT,percent,G,Global,E,Estimated,"Energy Balances, UN Statistics Division (2024)",,,,,
DATAFLOW,SPC:DF_SDG(3.0),Sustainable Development Goals (all),I,A,Annual,EG_FEC_RNEW,7.2.1 Renewable energy share in the total final energy consumption,VU,Vanuatu,_T,Total,_T,All ages,_T,National,_T,Total,_T,All education levels,_T,All occupations,_Z,Not applicable,_T,No breakdown by disability,2006,,55.28,,PERCENT,percent,G,Global,E,Estimated,"Energy Balances, UN Statistics Division (2024)",,,,,
DATAFLOW,SPC:DF_SDG(3.0),Sustainable Development Goals (all),I,A,Annual,EG_FEC_RNEW,7.2.1 Renewable energy share in the total final energy consumption,VU,Vanuatu,_T,Total,_T,All ages,_T,National,_T,Total,_T,All education levels,_T,All occupations,_Z,Not applicable,_T,No breakdown by disability,2007,,51.61,,PERCENT,percent,G,Global,E,Estimated,"Energy Balances, UN Statistics Division (2024)",,,,,
DATAFLOW,SPC:DF_SDG(3.0),Sustainable Development Goals (all),I,A,Annual,EG_FEC_RNEW,7.2.1 Renewable energy share in the total final energy consumption,VU,Vanuatu,_T,Total,_T,All ages,_T,National,_T,Total,_T,All education levels,_T,All occupations,_Z,Not applicable,_T,No breakdown by disability,2008,,52.06,,PERCENT,percent,G,Global,E,Estimated,"Energy Balances, UN Statistics Division (2024)",,,,,
DATAFLOW,SPC:DF_SDG(3.0),Sustainable Development Goals (all),I,A,Annual,EG_FEC_RNEW,7.2.1 Renewable energy share in the total final energy consumption,VU,Vanuatu,_T,Total,_T,All ages,_T,National,_T,Total,_T,All education levels,_T,All occupations,_Z,Not applicable,_T,No breakdown by disability,2009,,38.66,,PERCENT,percent,G,Global,E,Estimated,"Energy Balances, UN Statistics Division (2024)",,,,,
DATAFLOW,SPC:DF_SDG(3.0),Sustainable Development Goals (all),I,A,Annual,EG_FEC_RNEW,7.2.1 Renewable energy share in the total final energy consumption,VU,Vanuatu,_T,Total,_T,All ages,_T,National,_T,Total,_T,All education levels,_T,All occupations,_Z,Not applicable,_T,No breakdown by disability,2010,,38.08,,PERCENT,percent,G,Global,E,Estimated,"Energy Balances, UN Statistics Division (2024)",,,,,
DATAFLOW,SPC:DF_SDG(3.0),Sustainable Development Goals (all),I,A,Annual,EG_FEC_RNEW,7.2.1 Renewable energy share in the total final energy consumption,VU,Vanuatu,_T,Total,_T,All ages,_T,National,_T,Total,_T,All education levels,_T,All occupations,_Z,Not applicable,_T,No breakdown by disability,2011,,35.75,,PERCENT,percent,G,Global,E,Estimated,"Energy Balances, UN Statistics Division (2024)",,,,,
DATAFLOW,SPC:DF_SDG(3.0),Sustainable Development Goals (all),I,A,Annual,EG_FEC_RNEW,7.2.1 Renewable energy share in the total final energy consumption,VU,Vanuatu,_T,Total,_T,All ages,_T,National,_T,Total,_T,All education levels,_T,All occupations,_Z,Not applicable,_T,No breakdown by disability,2012,,38.98,,PERCENT,percent,G,Global,E,Estimated,"Energy Balances, UN Statistics Division (2024)",,,,,
DATAFLOW,SPC:DF_SDG(3.0),Sustainable Development Goals (all),I,A,Annual,EG_FEC_RNEW,7.2.1 Renewable energy share in the total final energy consumption,VU,Vanuatu,_T,Total,_T,All ages,_T,National,_T,Total,_T,All education levels,_T,All occupations,_Z,Not applicable,_T,No breakdown by disability,2013,,40.92,,PERCENT,percent,G,Global,E,Estimated,"Energy Balances, UN Statistics Division (2024)",,,,,
DATAFLOW,SPC:DF_SDG(3.0),Sustainable Development Goals (all),I,A,Annual,EG_FEC_RNEW,7.2.1 Renewable energy share in the total final energy consumption,VU,Vanuatu,_T,Total,_T,All ages,_T,National,_T,Total,_T,All education levels,_T,All occupations,_Z,Not applicable,_T,No breakdown by disability,2014,,31.51,,PERCENT,percent,G,Global,E,Estimated,"Energy Balances, UN Statistics Division (2024)",,,,,
DATAFLOW,SPC:DF_SDG(3.0),Sustainable Development Goals (all),I,A,Annual,EG_FEC_RNEW,7.2.1 Renewable energy share in the total final energy consumption,VU,Vanuatu,_T,Total,_T,All ages,_T,National,_T,Total,_T,All education levels,_T,All occupations,_Z,Not applicable,_T,No breakdown by disability,2015,,35.62,,PERCENT,percent,G,Global,E,Estimated,"Energy Balances, UN Statistics Division (2024)",,,,,
DATAFLOW,SPC:DF_SDG(3.0),Sustainable Development Goals (all),I,A,Annual,EG_FEC_RNEW,7.2.1 Renewable energy share in the total final energy consumption,VU,Vanuatu,_T,Total,_T,All ages,_T,National,_T,Total,_T,All education levels,_T,All occupations,_Z,Not applicable,_T,No breakdown by disability,2016,,33.1,,PERCENT,percent,G,Global,E,Estimated,"Energy Balances, UN Statistics Division (2024)",,,,,
DATAFLOW,SPC:DF_SDG(3.0),Sustainable Development Goals (all),I,A,Annual,EG_FEC_RNEW,7.2.1 Renewable energy share in the total final energy consumption,VU,Vanuatu,_T,Total,_T,All ages,_T,National,_T,Total,_T,All education levels,_T,All occupations,_Z,Not applicable,_T,No breakdown by disability,2017,,35.35,,PERCENT,percent,G,Global,E,Estimated,"Energy Balances, UN Statistics Division (2024)",,,,,
DATAFLOW,SPC:DF_SDG(3.0),Sustainable Development Goals (all),I,A,Annual,EG_FEC_RNEW,7.2.1 Renewable energy share in the total final energy consumption,VU,Vanuatu,_T,Total,_T,All ages,_T,National,_T,Total,_T,All education levels,_T,All occupations,_Z,Not applicable,_T,No breakdown by disability,2018,,29.4,,PERCENT,percent,G,Global,E,Estimated,"Energy Balances, UN Statistics Division (2024)",,,,,
DATAFLOW,SPC:DF_SDG(3.0),Sustainable Development Goals (all),I,A,Annual,EG_FEC_RNEW,7.2.1 Renewable energy share in the total final energy consumption,VU,Vanuatu,_T,Total,_T,All ages,_T,National,_T,Total,_T,All education levels,_T,All occupations,_Z,Not applicable,_T,No breakdown by disability,2019,,31.52,,PERCENT,percent,G,Global,E,Estimated,"Energy Balances, UN Statistics Division (2024)",,,,,
DATAFLOW,SPC:DF_SDG(3.0),Sustainable Development Goals (all),I,A,Annual,EG_FEC_RNEW,7.2.1 Renewable energy share in the total final energy consumption,VU,Vanuatu,_T,Total,_T,All ages,_T,National,_T,Total,_T,All education levels,_T,All occupations,_Z,Not applicable,_T,No breakdown by disability,2020,,25.91,,PERCENT,percent,G,Global,E,Estimated,"Energy Balances, UN Statistics Division (2024)",,,,,
DATAFLOW,SPC:DF_SDG(3.0),Sustainable Development Goals (all),I,A,Annual,EG_FEC_RNEW,7.2.1 Renewable energy share in the total final energy consumption,VU,Vanuatu,_T,Total,_T,All ages,_T,National,_T,Total,_T,All education levels,_T,All occupations,_Z,Not applicable,_T,No breakdown by disability,2021,,24.25,,PERCENT,percent,G,Global,E,Estimated,"Energy Balances, UN Statistics Division (2024)",,,,,
DATAFLOW,SPC:DF_SDG(3.0),Sustainable Development Goals (all),I,A,Annual,EG_FEC_RNEW,7.2.1 Renewable energy share in the total final energy consumption,VU,Vanuatu,_T,Total,_T,All ages,_T,National,_T,Total,_T,All education levels,_T,All occupations,_Z,Not applicable,_T,No breakdown by disability,2022,,27.56,,PERCENT,percent,G,Global,E,Estimated,"Energy Balances, UN Statistics Division (2024)",,,,,
DATAFLOW,SPC:DF_SDG(3.0),Sustainable Development Goals (all),I,A,Annual,EG_FEC_RNEW,7.2.1 Renewable energy share in the total final energy consumption,WF,Wallis and Futuna,_T,Total,_T,All ages,_T,National,_T,Total,_T,All education levels,_T,All occupations,_Z,Not applicable,_T,No breakdown by disability,2000,,3.89,,PERCENT,percent,G,Global,E,Estimated,"Energy Balances, UN Statistics Division (2024)",,,,,
DATAFLOW,SPC:DF_SDG(3.0),Sustainable Development Goals (all),I,A,Annual,EG_FEC_RNEW,7.2.1 Renewable energy share in the total final energy consumption,WF,Wallis and Futuna,_T,Total,_T,All ages,_T,National,_T,Total,_T,All education levels,_T,All occupations,_Z,Not applicable,_T,No breakdown by disability,2001,,4.46,,PERCENT,percent,G,Global,E,Estimated,"Energy Balances, UN Statistics Division (2024)",,,,,
DATAFLOW,SPC:DF_SDG(3.0),Sustainable Development Goals (all),I,A,Annual,EG_FEC_RNEW,7.2.1 Renewable energy share in the total final energy consumption,WF,Wallis and Futuna,_T,Total,_T,All ages,_T,National,_T,Total,_T,All education levels,_T,All occupations,_Z,Not applicable,_T,No breakdown by disability,2002,,4.49,,PERCENT,percent,G,Global,E,Estimated,"Energy Balances, UN Statistics Division (2024)",,,,,
DATAFLOW,SPC:DF_SDG(3.0),Sustainable Development Goals (all),I,A,Annual,EG_FEC_RNEW,7.2.1 Renewable energy share in the total final energy consumption,WF,Wallis and Futuna,_T,Total,_T,All ages,_T,National,_T,Total,_T,All education levels,_T,All occupations,_Z,Not applicable,_T,No breakdown by disability,2003,,4.67,,PERCENT,percent,G,Global,E,Estimated,"Energy Balances, UN Statistics Division (2024)",,,,,
DATAFLOW,SPC:DF_SDG(3.0),Sustainable Development Goals (all),I,A,Annual,EG_FEC_RNEW,7.2.1 Renewable energy share in the total final energy consumption,WF,Wallis and Futuna,_T,Total,_T,All ages,_T,National,_T,Total,_T,All education levels,_T,All occupations,_Z,Not applicable,_T,No breakdown by disability,2004,,3.81,,PERCENT,percent,G,Global,E,Estimated,"Energy Balances, UN Statistics Division (2024)",,,,,
DATAFLOW,SPC:DF_SDG(3.0),Sustainable Development Goals (all),I,A,Annual,EG_FEC_RNEW,7.2.1 Renewable energy share in the total final energy consumption,WF,Wallis and Futuna,_T,Total,_T,All ages,_T,National,_T,Total,_T,All education levels,_T,All occupations,_Z,Not applicable,_T,No breakdown by disability,2005,,3.74,,PERCENT,percent,G,Global,E,Estimated,"Energy Balances, UN Statistics Division (2024)",,,,,
DATAFLOW,SPC:DF_SDG(3.0),Sustainable Development Goals (all),I,A,Annual,EG_FEC_RNEW,7.2.1 Renewable energy share in the total final energy consumption,WF,Wallis and Futuna,_T,Total,_T,All ages,_T,National,_T,Total,_T,All education levels,_T,All occupations,_Z,Not applicable,_T,No breakdown by disability,2006,,3.69,,PERCENT,percent,G,Global,E,Estimated,"Energy Balances, UN Statistics Division (2024)",,,,,
DATAFLOW,SPC:DF_SDG(3.0),Sustainable Development Goals (all),I,A,Annual,EG_FEC_RNEW,7.2.1 Renewable energy share in the total final energy consumption,WF,Wallis and Futuna,_T,Total,_T,All ages,_T,National,_T,Total,_T,All education levels,_T,All occupations,_Z,Not applicable,_T,No breakdown by disability,2007,,3.55,,PERCENT,percent,G,Global,E,Estimated,"Energy Balances, UN Statistics Division (2024)",,,,,
DATAFLOW,SPC:DF_SDG(3.0),Sustainable Development Goals (all),I,A,Annual,EG_FEC_RNEW,7.2.1 Renewable energy share in the total final energy consumption,WF,Wallis and Futuna,_T,Total,_T,All ages,_T,National,_T,Total,_T,All education levels,_T,All occupations,_Z,Not applicable,_T,No breakdown by disability,2008,,3.66,,PERCENT,percent,G,Global,E,Estimated,"Energy Balances, UN Statistics Division (2024)",,,,,
DATAFLOW,SPC:DF_SDG(3.0),Sustainable Development Goals (all),I,A,Annual,EG_FEC_RNEW,7.2.1 Renewable energy share in the total final energy consumption,WF,Wallis and Futuna,_T,Total,_T,All ages,_T,National,_T,Total,_T,All education levels,_T,All occupations,_Z,Not applicable,_T,No breakdown by disability,2009,,3.63,,PERCENT,percent,G,Global,E,Estimated,"Energy Balances, UN Statistics Division (2024)",,,,,
DATAFLOW,SPC:DF_SDG(3.0),Sustainable Development Goals (all),I,A,Annual,EG_FEC_RNEW,7.2.1 Renewable energy share in the total final energy consumption,WF,Wallis and Futuna,_T,Total,_T,All ages,_T,National,_T,Total,_T,All education levels,_T,All occupations,_Z,Not applicable,_T,No breakdown by disability,2010,,3.67,,PERCENT,percent,G,Global,E,Estimated,"Energy Balances, UN Statistics Division (2024)",,,,,
DATAFLOW,SPC:DF_SDG(3.0),Sustainable Development Goals (all),I,A,Annual,EG_FEC_RNEW,7.2.1 Renewable energy share in the total final energy consumption,WF,Wallis and Futuna,_T,Total,_T,All ages,_T,National,_T,Total,_T,All education levels,_T,All occupations,_Z,Not applicable,_T,No breakdown by disability,2011,,3.62,,PERCENT,percent,G,Global,E,Estimated,"Energy Balances, UN Statistics Division (2024)",,,,,
DATAFLOW,SPC:DF_SDG(3.0),Sustainable Development Goals (all),I,A,Annual,EG_FEC_RNEW,7.2.1 Renewable energy share in the total final energy consumption,WF,Wallis and Futuna,_T,Total,_T,All ages,_T,National,_T,Total,_T,All education levels,_T,All occupations,_Z,Not applicable,_T,No breakdown by disability,2012,,3.78,,PERCENT,percent,G,Global,E,Estimated,"Energy Balances, UN Statistics Division (2024)",,,,,
DATAFLOW,SPC:DF_SDG(3.0),Sustainable Development Goals (all),I,A,Annual,EG_FEC_RNEW,7.2.1 Renewable energy share in the total final energy consumption,WF,Wallis and Futuna,_T,Total,_T,All ages,_T,National,_T,Total,_T,All education levels,_T,All occupations,_Z,Not applicable,_T,No breakdown by disability,2013,,3.96,,PERCENT,percent,G,Global,E,Estimated,"Energy Balances, UN Statistics Division (2024)",,,,,
DATAFLOW,SPC:DF_SDG(3.0),Sustainable Development Goals (all),I,A,Annual,EG_FEC_RNEW,7.2.1 Renewable energy share in the total final energy consumption,WF,Wallis and Futuna,_T,Total,_T,All ages,_T,National,_T,Total,_T,All education levels,_T,All occupations,_Z,Not applicable,_T,No breakdown by disability,2014,,4.01,,PERCENT,percent,G,Global,E,Estimated,"Energy Balances, UN Statistics Division (2024)",,,,,
DATAFLOW,SPC:DF_SDG(3.0),Sustainable Development Goals (all),I,A,Annual,EG_FEC_RNEW,7.2.1 Renewable energy share in the total final energy consumption,WF,Wallis and Futuna,_T,Total,_T,All ages,_T,National,_T,Total,_T,All education levels,_T,All occupations,_Z,Not applicable,_T,No breakdown by disability,2015,,3.99,,PERCENT,percent,G,Global,E,Estimated,"Energy Balances, UN Statistics Division (2024)",,,,,
DATAFLOW,SPC:DF_SDG(3.0),Sustainable Development Goals (all),I,A,Annual,EG_FEC_RNEW,7.2.1 Renewable energy share in the total final energy consumption,WF,Wallis and Futuna,_T,Total,_T,All ages,_T,National,_T,Total,_T,All education levels,_T,All occupations,_Z,Not applicable,_T,No breakdown by disability,2016,,3.81,,PERCENT,percent,G,Global,E,Estimated,"Energy Balances, UN Statistics Division (2024)",,,,,
DATAFLOW,SPC:DF_SDG(3.0),Sustainable Development Goals (all),I,A,Annual,EG_FEC_RNEW,7.2.1 Renewable energy share in the total final energy consumption,WF,Wallis and Futuna,_T,Total,_T,All ages,_T,National,_T,Total,_T,All education levels,_T,All occupations,_Z,Not applicable,_T,No breakdown by disability,2017,,3.85,,PERCENT,percent,G,Global,E,Estimated,"Energy Balances, UN Statistics Division (2024)",,,,,
DATAFLOW,SPC:DF_SDG(3.0),Sustainable Development Goals (all),I,A,Annual,EG_FEC_RNEW,7.2.1 Renewable energy share in the total final energy consumption,WF,Wallis and Futuna,_T,Total,_T,All ages,_T,National,_T,Total,_T,All education levels,_T,All occupations,_Z,Not applicable,_T,No breakdown by disability,2018,,3.72,,PERCENT,percent,G,Global,E,Estimated,"Energy Balances, UN Statistics Division (2024)",,,,,
DATAFLOW,SPC:DF_SDG(3.0),Sustainable Development Goals (all),I,A,Annual,EG_FEC_RNEW,7.2.1 Renewable energy share in the total final energy consumption,WF,Wallis and Futuna,_T,Total,_T,All ages,_T,National,_T,Total,_T,All education levels,_T,All occupations,_Z,Not applicable,_T,No breakdown by disability,2019,,3.58,,PERCENT,percent,G,Global,E,Estimated,"Energy Balances, UN Statistics Division (2024)",,,,,
DATAFLOW,SPC:DF_SDG(3.0),Sustainable Development Goals (all),I,A,Annual,EG_FEC_RNEW,7.2.1 Renewable energy share in the total final energy consumption,WF,Wallis and Futuna,_T,Total,_T,All ages,_T,National,_T,Total,_T,All education levels,_T,All occupations,_Z,Not applicable,_T,No breakdown by disability,2020,,3.49,,PERCENT,percent,G,Global,E,Estimated,"Energy Balances, UN Statistics Division (2024)",,,,,
DATAFLOW,SPC:DF_SDG(3.0),Sustainable Development Goals (all),I,A,Annual,EG_FEC_RNEW,7.2.1 Renewable energy share in the total final energy consumption,WF,Wallis and Futuna,_T,Total,_T,All ages,_T,National,_T,Total,_T,All education levels,_T,All occupations,_Z,Not applicable,_T,No breakdown by disability,2021,,3.52,,PERCENT,percent,G,Global,E,Estimated,"Energy Balances, UN Statistics Division (2024)",,,,,
DATAFLOW,SPC:DF_SDG(3.0),Sustainable Development Goals (all),I,A,Annual,EG_FEC_RNEW,7.2.1 Renewable energy share in the total final energy consumption,WF,Wallis and Futuna,_T,Total,_T,All ages,_T,National,_T,Total,_T,All education levels,_T,All occupations,_Z,Not applicable,_T,No breakdown by disability,2022,,3.38,,PERCENT,percent,G,Global,E,Estimated,"Energy Balances, UN Statistics Division (2024)",,,,,
DATAFLOW,SPC:DF_SDG(3.0),Sustainable Development Goals (all),I,A,Annual,EG_FEC_RNEW,7.2.1 Renewable energy share in the total final energy consumption,WS,Samoa,_T,Total,_T,All ages,_T,National,_T,Total,_T,All education levels,_T,All occupations,_Z,Not applicable,_T,No breakdown by disability,2000,,59.69,,PERCENT,percent,G,Global,E,Estimated,"Energy Balances, UN Statistics Division (2024)",,,,,
DATAFLOW,SPC:DF_SDG(3.0),Sustainable Development Goals (all),I,A,Annual,EG_FEC_RNEW,7.2.1 Renewable energy share in the total final energy consumption,WS,Samoa,_T,Total,_T,All ages,_T,National,_T,Total,_T,All education levels,_T,All occupations,_Z,Not applicable,_T,No breakdown by disability,2001,,52.41,,PERCENT,percent,G,Global,E,Estimated,"Energy Balances, UN Statistics Division (2024)",,,,,
DATAFLOW,SPC:DF_SDG(3.0),Sustainable Development Goals (all),I,A,Annual,EG_FEC_RNEW,7.2.1 Renewable energy share in the total final energy consumption,WS,Samoa,_T,Total,_T,All ages,_T,National,_T,Total,_T,All education levels,_T,All occupations,_Z,Not applicable,_T,No breakdown by disability,2002,,49.58,,PERCENT,percent,G,Global,E,Estimated,"Energy Balances, UN Statistics Division (2024)",,,,,
DATAFLOW,SPC:DF_SDG(3.0),Sustainable Development Goals (all),I,A,Annual,EG_FEC_RNEW,7.2.1 Renewable energy share in the total final energy consumption,WS,Samoa,_T,Total,_T,All ages,_T,National,_T,Total,_T,All education levels,_T,All occupations,_Z,Not applicable,_T,No breakdown by disability,2003,,52.41,,PERCENT,percent,G,Global,E,Estimated,"Energy Balances, UN Statistics Division (2024)",,,,,
DATAFLOW,SPC:DF_SDG(3.0),Sustainable Development Goals (all),I,A,Annual,EG_FEC_RNEW,7.2.1 Renewable energy share in the total final energy consumption,WS,Samoa,_T,Total,_T,All ages,_T,National,_T,Total,_T,All education levels,_T,All occupations,_Z,Not applicable,_T,No breakdown by disability,2004,,48.82,,PERCENT,percent,G,Global,E,Estimated,"Energy Balances, UN Statistics Division (2024)",,,,,
DATAFLOW,SPC:DF_SDG(3.0),Sustainable Development Goals (all),I,A,Annual,EG_FEC_RNEW,7.2.1 Renewable energy share in the total final energy consumption,WS,Samoa,_T,Total,_T,All ages,_T,National,_T,Total,_T,All education levels,_T,All occupations,_Z,Not applicable,_T,No breakdown by disability,2005,,48.89,,PERCENT,percent,G,Global,E,Estimated,"Energy Balances, UN Statistics Division (2024)",,,,,
DATAFLOW,SPC:DF_SDG(3.0),Sustainable Development Goals (all),I,A,Annual,EG_FEC_RNEW,7.2.1 Renewable energy share in the total final energy consumption,WS,Samoa,_T,Total,_T,All ages,_T,National,_T,Total,_T,All education levels,_T,All occupations,_Z,Not applicable,_T,No breakdown by disability,2006,,45.96,,PERCENT,percent,G,Global,E,Estimated,"Energy Balances, UN Statistics Division (2024)",,,,,
DATAFLOW,SPC:DF_SDG(3.0),Sustainable Development Goals (all),I,A,Annual,EG_FEC_RNEW,7.2.1 Renewable energy share in the total final energy consumption,WS,Samoa,_T,Total,_T,All ages,_T,National,_T,Total,_T,All education levels,_T,All occupations,_Z,Not applicable,_T,No breakdown by disability,2007,,43.18,,PERCENT,percent,G,Global,E,Estimated,"Energy Balances, UN Statistics Division (2024)",,,,,
DATAFLOW,SPC:DF_SDG(3.0),Sustainable Development Goals (all),I,A,Annual,EG_FEC_RNEW,7.2.1 Renewable energy share in the total final energy consumption,WS,Samoa,_T,Total,_T,All ages,_T,National,_T,Total,_T,All education levels,_T,All occupations,_Z,Not applicable,_T,No breakdown by disability,2008,,45,,PERCENT,percent,G,Global,E,Estimated,"Energy Balances, UN Statistics Division (2024)",,,,,
DATAFLOW,SPC:DF_SDG(3.0),Sustainable Development Goals (all),I,A,Annual,EG_FEC_RNEW,7.2.1 Renewable energy share in the total final energy consumption,WS,Samoa,_T,Total,_T,All ages,_T,National,_T,Total,_T,All education levels,_T,All occupations,_Z,Not applicable,_T,No breakdown by disability,2009,,43.17,,PERCENT,percent,G,Global,E,Estimated,"Energy Balances, UN Statistics Division (2024)",,,,,
DATAFLOW,SPC:DF_SDG(3.0),Sustainable Development Goals (all),I,A,Annual,EG_FEC_RNEW,7.2.1 Renewable energy share in the total final energy consumption,WS,Samoa,_T,Total,_T,All ages,_T,National,_T,Total,_T,All education levels,_T,All occupations,_Z,Not applicable,_T,No breakdown by disability,2010,,41.93,,PERCENT,percent,G,Global,E,Estimated,"Energy Balances, UN Statistics Division (2024)",,,,,
DATAFLOW,SPC:DF_SDG(3.0),Sustainable Development Goals (all),I,A,Annual,EG_FEC_RNEW,7.2.1 Renewable energy share in the total final energy consumption,WS,Samoa,_T,Total,_T,All ages,_T,National,_T,Total,_T,All education levels,_T,All occupations,_Z,Not applicable,_T,No breakdown by disability,2011,,40.64,,PERCENT,percent,G,Global,E,Estimated,"Energy Balances, UN Statistics Division (2024)",,,,,
DATAFLOW,SPC:DF_SDG(3.0),Sustainable Development Goals (all),I,A,Annual,EG_FEC_RNEW,7.2.1 Renewable energy share in the total final energy consumption,WS,Samoa,_T,Total,_T,All ages,_T,National,_T,Total,_T,All education levels,_T,All occupations,_Z,Not applicable,_T,No breakdown by disability,2012,,40.21,,PERCENT,percent,G,Global,E,Estimated,"Energy Balances, UN Statistics Division (2024)",,,,,
DATAFLOW,SPC:DF_SDG(3.0),Sustainable Development Goals (all),I,A,Annual,EG_FEC_RNEW,7.2.1 Renewable energy share in the total final energy consumption,WS,Samoa,_T,Total,_T,All ages,_T,National,_T,Total,_T,All education levels,_T,All occupations,_Z,Not applicable,_T,No breakdown by disability,2013,,42.7,,PERCENT,percent,G,Global,E,Estimated,"Energy Balances, UN Statistics Division (2024)",,,,,
DATAFLOW,SPC:DF_SDG(3.0),Sustainable Development Goals (all),I,A,Annual,EG_FEC_RNEW,7.2.1 Renewable energy share in the total final energy consumption,WS,Samoa,_T,Total,_T,All ages,_T,National,_T,Total,_T,All education levels,_T,All occupations,_Z,Not applicable,_T,No breakdown by disability,2014,,41.43,,PERCENT,percent,G,Global,E,Estimated,"Energy Balances, UN Statistics Division (2024)",,,,,
DATAFLOW,SPC:DF_SDG(3.0),Sustainable Development Goals (all),I,A,Annual,EG_FEC_RNEW,7.2.1 Renewable energy share in the total final energy consumption,WS,Samoa,_T,Total,_T,All ages,_T,National,_T,Total,_T,All education levels,_T,All occupations,_Z,Not applicable,_T,No breakdown by disability,2015,,37.06,,PERCENT,percent,G,Global,E,Estimated,"Energy Balances, UN Statistics Division (2024)",,,,,
DATAFLOW,SPC:DF_SDG(3.0),Sustainable Development Goals (all),I,A,Annual,EG_FEC_RNEW,7.2.1 Renewable energy share in the total final energy consumption,WS,Samoa,_T,Total,_T,All ages,_T,National,_T,Total,_T,All education levels,_T,All occupations,_Z,Not applicable,_T,No breakdown by disability,2016,,36.78,,PERCENT,percent,G,Global,E,Estimated,"Energy Balances, UN Statistics Division (2024)",,,,,
DATAFLOW,SPC:DF_SDG(3.0),Sustainable Development Goals (all),I,A,Annual,EG_FEC_RNEW,7.2.1 Renewable energy share in the total final energy consumption,WS,Samoa,_T,Total,_T,All ages,_T,National,_T,Total,_T,All education levels,_T,All occupations,_Z,Not applicable,_T,No breakdown by disability,2017,,35.23,,PERCENT,percent,G,Global,E,Estimated,"Energy Balances, UN Statistics Division (2024)",,,,,
DATAFLOW,SPC:DF_SDG(3.0),Sustainable Development Goals (all),I,A,Annual,EG_FEC_RNEW,7.2.1 Renewable energy share in the total final energy consumption,WS,Samoa,_T,Total,_T,All ages,_T,National,_T,Total,_T,All education levels,_T,All occupations,_Z,Not applicable,_T,No breakdown by disability,2018,,35.58,,PERCENT,percent,G,Global,E,Estimated,"Energy Balances, UN Statistics Division (2024)",,,,,
DATAFLOW,SPC:DF_SDG(3.0),Sustainable Development Goals (all),I,A,Annual,EG_FEC_RNEW,7.2.1 Renewable energy share in the total final energy consumption,WS,Samoa,_T,Total,_T,All ages,_T,National,_T,Total,_T,All education levels,_T,All occupations,_Z,Not applicable,_T,No breakdown by disability,2019,,33.75,,PERCENT,percent,G,Global,E,Estimated,"Energy Balances, UN Statistics Division (2024)",,,,,
DATAFLOW,SPC:DF_SDG(3.0),Sustainable Development Goals (all),I,A,Annual,EG_FEC_RNEW,7.2.1 Renewable energy share in the total final energy consumption,WS,Samoa,_T,Total,_T,All ages,_T,National,_T,Total,_T,All education levels,_T,All occupations,_Z,Not applicable,_T,No breakdown by disability,2020,,33.84,,PERCENT,percent,G,Global,E,Estimated,"Energy Balances, UN Statistics Division (2024)",,,,,
DATAFLOW,SPC:DF_SDG(3.0),Sustainable Development Goals (all),I,A,Annual,EG_FEC_RNEW,7.2.1 Renewable energy share in the total final energy consumption,WS,Samoa,_T,Total,_T,All ages,_T,National,_T,Total,_T,All education levels,_T,All occupations,_Z,Not applicable,_T,No breakdown by disability,2021,,30.54,,PERCENT,percent,G,Global,E,Estimated,"Energy Balances, UN Statistics Division (2024)",,,,,
DATAFLOW,SPC:DF_SDG(3.0),Sustainable Development Goals (all),I,A,Annual,EG_FEC_RNEW,7.2.1 Renewable energy share in the total final energy consumption,WS,Samoa,_T,Total,_T,All ages,_T,National,_T,Total,_T,All education levels,_T,All occupations,_Z,Not applicable,_T,No breakdown by disability,2022,,31.75,,PERCENT,percent,G,Global,E,Estimated,"Energy Balances, UN Statistics Division (2024)",,,,,
