STRUCTURE,STRUCTURE_ID,STRUCTURE_NAME,ACTION,FREQ,Frequency,CLIMATE_CHANGE_INDICATORS,Climate Change Indicators,GEO_PICT,Pacific Island Countries and territories,TIME_PERIOD,Time,OBS_VALUE,Observation value,OBS_STATUS,Observation Status,UNIT_MEASURE,Unit of measure,ERROR_TYPE,Error type,ERROR_VAL,Error value,REPORTING_TYPE,Reporting Type,OBS_COMMENT,Comment
DATAFLOW,SPC:DF_CLIMATE_CHANGE(1.0),Climate Change indicators,I,A,Annual,SEA_LVL,Sea Level Anomalies,KI,Kiribati,1993,,0,,,,METER,meter,,,,,N,National,,
DATAFLOW,SPC:DF_CLIMATE_CHANGE(1.0),Climate Change indicators,I,A,Annual,SEA_LVL,Sea Level Anomalies,KI,Kiribati,1994,,0,,,,METER,meter,,,,,N,National,,
DATAFLOW,SPC:DF_CLIMATE_CHANGE(1.0),Climate Change indicators,I,A,Annual,SEA_LVL,Sea Level Anomalies,KI,Kiribati,1995,,0,,,,METER,meter,,,,,N,National,,
DATAFLOW,SPC:DF_CLIMATE_CHANGE(1.0),Climate Change indicators,I,A,Annual,SEA_LVL,Sea Level Anomalies,KI,Kiribati,1996,,0,,,,METER,meter,,,,,N,National,,
DATAFLOW,SPC:DF_CLIMATE_CHANGE(1.0),Climate Change indicators,I,A,Annual,SEA_LVL,Sea Level Anomalies,KI,Kiribati,1997,,0,,,,METER,meter,,,,,N,National,,
DATAFLOW,SPC:DF_CLIMATE_CHANGE(1.0),Climate Change indicators,I,A,Annual,SEA_LVL,Sea Level Anomalies,KI,Kiribati,1998,,-0.1,,,,METER,meter,,,,,N,National,,
DATAFLOW,SPC:DF_CLIMATE_CHANGE(1.0),Climate Change indicators,I,A,Annual,SEA_LVL,Sea Level Anomalies,KI,Kiribati,1999,,0,,,,METER,meter,,,,,N,National,,
DATAFLOW,SPC:DF_CLIMATE_CHANGE(1.0),Climate Change indicators,I,A,Annual,SEA_LVL,Sea Level Anomalies,KI,Kiribati,2000,,0,,,,METER,meter,,,,,N,National,,
DATAFLOW,SPC:DF_CLIMATE_CHANGE(1.0),Climate Change indicators,I,A,Annual,SEA_LVL,Sea Level Anomalies,KI,Kiribati,2001,,0,,,,METER,meter,,,,,N,National,,
DATAFLOW,SPC:DF_CLIMATE_CHANGE(1.0),Climate Change indicators,I,A,Annual,SEA_LVL,Sea Level Anomalies,KI,Kiribati,2002,,0.1,,,,METER,meter,,,,,N,National,,
DATAFLOW,SPC:DF_CLIMATE_CHANGE(1.0),Climate Change indicators,I,A,Annual,SEA_LVL,Sea Level Anomalies,KI,Kiribati,2003,,0.1,,,,METER,meter,,,,,N,National,,
DATAFLOW,SPC:DF_CLIMATE_CHANGE(1.0),Climate Change indicators,I,A,Annual,SEA_LVL,Sea Level Anomalies,KI,Kiribati,2004,,0.1,,,,METER,meter,,,,,N,National,,
DATAFLOW,SPC:DF_CLIMATE_CHANGE(1.0),Climate Change indicators,I,A,Annual,SEA_LVL,Sea Level Anomalies,KI,Kiribati,2005,,0.1,,,,METER,meter,,,,,N,National,,
DATAFLOW,SPC:DF_CLIMATE_CHANGE(1.0),Climate Change indicators,I,A,Annual,SEA_LVL,Sea Level Anomalies,KI,Kiribati,2006,,0,,,,METER,meter,,,,,N,National,,
DATAFLOW,SPC:DF_CLIMATE_CHANGE(1.0),Climate Change indicators,I,A,Annual,SEA_LVL,Sea Level Anomalies,KI,Kiribati,2007,,0,,,,METER,meter,,,,,N,National,,
DATAFLOW,SPC:DF_CLIMATE_CHANGE(1.0),Climate Change indicators,I,A,Annual,SEA_LVL,Sea Level Anomalies,KI,Kiribati,2008,,0,,,,METER,meter,,,,,N,National,,
DATAFLOW,SPC:DF_CLIMATE_CHANGE(1.0),Climate Change indicators,I,A,Annual,SEA_LVL,Sea Level Anomalies,KI,Kiribati,2009,,0,,,,METER,meter,,,,,N,National,,
DATAFLOW,SPC:DF_CLIMATE_CHANGE(1.0),Climate Change indicators,I,A,Annual,SEA_LVL,Sea Level Anomalies,KI,Kiribati,2010,,0,,,,METER,meter,,,,,N,National,,
DATAFLOW,SPC:DF_CLIMATE_CHANGE(1.0),Climate Change indicators,I,A,Annual,SEA_LVL,Sea Level Anomalies,KI,Kiribati,2011,,0,,,,METER,meter,,,,,N,National,,
DATAFLOW,SPC:DF_CLIMATE_CHANGE(1.0),Climate Change indicators,I,A,Annual,SEA_LVL,Sea Level Anomalies,KI,Kiribati,2012,,0,,,,METER,meter,,,,,N,National,,
DATAFLOW,SPC:DF_CLIMATE_CHANGE(1.0),Climate Change indicators,I,A,Annual,SEA_LVL,Sea Level Anomalies,KI,Kiribati,2013,,0,,,,METER,meter,,,,,N,National,,
DATAFLOW,SPC:DF_CLIMATE_CHANGE(1.0),Climate Change indicators,I,A,Annual,SEA_LVL,Sea Level Anomalies,KI,Kiribati,2014,,0.1,,,,METER,meter,,,,,N,National,,
DATAFLOW,SPC:DF_CLIMATE_CHANGE(1.0),Climate Change indicators,I,A,Annual,SEA_LVL,Sea Level Anomalies,KI,Kiribati,2015,,0.1,,,,METER,meter,,,,,N,National,,
DATAFLOW,SPC:DF_CLIMATE_CHANGE(1.0),Climate Change indicators,I,A,Annual,SEA_LVL,Sea Level Anomalies,KI,Kiribati,2016,,0.1,,,,METER,meter,,,,,N,National,,
DATAFLOW,SPC:DF_CLIMATE_CHANGE(1.0),Climate Change indicators,I,A,Annual,SEA_LVL,Sea Level Anomalies,KI,Kiribati,2017,,0.1,,,,METER,meter,,,,,N,National,,
DATAFLOW,SPC:DF_CLIMATE_CHANGE(1.0),Climate Change indicators,I,A,Annual,SEA_LVL,Sea Level Anomalies,KI,Kiribati,2018,,0.1,,,,METER,meter,,,,,N,National,,
DATAFLOW,SPC:DF_CLIMATE_CHANGE(1.0),Climate Change indicators,I,A,Annual,SEA_LVL,Sea Level Anomalies,KI,Kiribati,2019,,0.1,,,,METER,meter,,,,,N,National,,
DATAFLOW,SPC:DF_CLIMATE_CHANGE(1.0),Climate Change indicators,I,A,Annual,SEA_LVL,Sea Level Anomalies,KI,Kiribati,2020,,0.1,,,,METER,meter,,,,,N,National,,
DATAFLOW,SPC:DF_CLIMATE_CHANGE(1.0),Climate Change indicators,I,A,Annual,SEA_LVL,Sea Level Anomalies,KI,Kiribati,2021,,0.1,,,,METER,meter,,,,,N,National,,
DATAFLOW,SPC:DF_CLIMATE_CHANGE(1.0),Climate Change indicators,I,A,Annual,SEA_LVL,Sea Level Anomalies,KI,Kiribati,2022,,0.1,,,,METER,meter,,,,,N,National,,
DATAFLOW,SPC:DF_CLIMATE_CHANGE(1.0),Climate Change indicators,I,A,Annual,SEA_LVL,Sea Level Anomalies,KI,Kiribati,2023,,0.1,,,,METER,meter,,,,,N,National,,
DATAFLOW,SPC:DF_CLIMATE_CHANGE(1.0),Climate Change indicators,I,A,Annual,SEA_LVL,Sea Level Anomalies,PG,Papua New Guinea,1993,,-0.1,,,,METER,meter,,,,,N,National,,
DATAFLOW,SPC:DF_CLIMATE_CHANGE(1.0),Climate Change indicators,I,A,Annual,SEA_LVL,Sea Level Anomalies,PG,Papua New Guinea,1994,,0,,,,METER,meter,,,,,N,National,,
DATAFLOW,SPC:DF_CLIMATE_CHANGE(1.0),Climate Change indicators,I,A,Annual,SEA_LVL,Sea Level Anomalies,PG,Papua New Guinea,1995,,0,,,,METER,meter,,,,,N,National,,
DATAFLOW,SPC:DF_CLIMATE_CHANGE(1.0),Climate Change indicators,I,A,Annual,SEA_LVL,Sea Level Anomalies,PG,Papua New Guinea,1996,,0,,,,METER,meter,,,,,N,National,,
DATAFLOW,SPC:DF_CLIMATE_CHANGE(1.0),Climate Change indicators,I,A,Annual,SEA_LVL,Sea Level Anomalies,PG,Papua New Guinea,1997,,0,,,,METER,meter,,,,,N,National,,
DATAFLOW,SPC:DF_CLIMATE_CHANGE(1.0),Climate Change indicators,I,A,Annual,SEA_LVL,Sea Level Anomalies,PG,Papua New Guinea,1998,,-0.1,,,,METER,meter,,,,,N,National,,
DATAFLOW,SPC:DF_CLIMATE_CHANGE(1.0),Climate Change indicators,I,A,Annual,SEA_LVL,Sea Level Anomalies,PG,Papua New Guinea,1999,,0,,,,METER,meter,,,,,N,National,,
DATAFLOW,SPC:DF_CLIMATE_CHANGE(1.0),Climate Change indicators,I,A,Annual,SEA_LVL,Sea Level Anomalies,PG,Papua New Guinea,2000,,0.1,,,,METER,meter,,,,,N,National,,
DATAFLOW,SPC:DF_CLIMATE_CHANGE(1.0),Climate Change indicators,I,A,Annual,SEA_LVL,Sea Level Anomalies,PG,Papua New Guinea,2001,,0,,,,METER,meter,,,,,N,National,,
DATAFLOW,SPC:DF_CLIMATE_CHANGE(1.0),Climate Change indicators,I,A,Annual,SEA_LVL,Sea Level Anomalies,PG,Papua New Guinea,2002,,0,,,,METER,meter,,,,,N,National,,
DATAFLOW,SPC:DF_CLIMATE_CHANGE(1.0),Climate Change indicators,I,A,Annual,SEA_LVL,Sea Level Anomalies,PG,Papua New Guinea,2003,,0,,,,METER,meter,,,,,N,National,,
DATAFLOW,SPC:DF_CLIMATE_CHANGE(1.0),Climate Change indicators,I,A,Annual,SEA_LVL,Sea Level Anomalies,PG,Papua New Guinea,2004,,0,,,,METER,meter,,,,,N,National,,
DATAFLOW,SPC:DF_CLIMATE_CHANGE(1.0),Climate Change indicators,I,A,Annual,SEA_LVL,Sea Level Anomalies,PG,Papua New Guinea,2005,,0,,,,METER,meter,,,,,N,National,,
DATAFLOW,SPC:DF_CLIMATE_CHANGE(1.0),Climate Change indicators,I,A,Annual,SEA_LVL,Sea Level Anomalies,PG,Papua New Guinea,2006,,0,,,,METER,meter,,,,,N,National,,
DATAFLOW,SPC:DF_CLIMATE_CHANGE(1.0),Climate Change indicators,I,A,Annual,SEA_LVL,Sea Level Anomalies,PG,Papua New Guinea,2007,,0,,,,METER,meter,,,,,N,National,,
DATAFLOW,SPC:DF_CLIMATE_CHANGE(1.0),Climate Change indicators,I,A,Annual,SEA_LVL,Sea Level Anomalies,PG,Papua New Guinea,2008,,0.1,,,,METER,meter,,,,,N,National,,
DATAFLOW,SPC:DF_CLIMATE_CHANGE(1.0),Climate Change indicators,I,A,Annual,SEA_LVL,Sea Level Anomalies,PG,Papua New Guinea,2009,,0.1,,,,METER,meter,,,,,N,National,,
DATAFLOW,SPC:DF_CLIMATE_CHANGE(1.0),Climate Change indicators,I,A,Annual,SEA_LVL,Sea Level Anomalies,PG,Papua New Guinea,2010,,0,,,,METER,meter,,,,,N,National,,
DATAFLOW,SPC:DF_CLIMATE_CHANGE(1.0),Climate Change indicators,I,A,Annual,SEA_LVL,Sea Level Anomalies,PG,Papua New Guinea,2011,,0.1,,,,METER,meter,,,,,N,National,,
DATAFLOW,SPC:DF_CLIMATE_CHANGE(1.0),Climate Change indicators,I,A,Annual,SEA_LVL,Sea Level Anomalies,PG,Papua New Guinea,2012,,0.1,,,,METER,meter,,,,,N,National,,
DATAFLOW,SPC:DF_CLIMATE_CHANGE(1.0),Climate Change indicators,I,A,Annual,SEA_LVL,Sea Level Anomalies,PG,Papua New Guinea,2013,,0.1,,,,METER,meter,,,,,N,National,,
DATAFLOW,SPC:DF_CLIMATE_CHANGE(1.0),Climate Change indicators,I,A,Annual,SEA_LVL,Sea Level Anomalies,PG,Papua New Guinea,2014,,0.1,,,,METER,meter,,,,,N,National,,
DATAFLOW,SPC:DF_CLIMATE_CHANGE(1.0),Climate Change indicators,I,A,Annual,SEA_LVL,Sea Level Anomalies,PG,Papua New Guinea,2015,,0,,,,METER,meter,,,,,N,National,,
DATAFLOW,SPC:DF_CLIMATE_CHANGE(1.0),Climate Change indicators,I,A,Annual,SEA_LVL,Sea Level Anomalies,PG,Papua New Guinea,2016,,0,,,,METER,meter,,,,,N,National,,
DATAFLOW,SPC:DF_CLIMATE_CHANGE(1.0),Climate Change indicators,I,A,Annual,SEA_LVL,Sea Level Anomalies,PG,Papua New Guinea,2017,,0.1,,,,METER,meter,,,,,N,National,,
DATAFLOW,SPC:DF_CLIMATE_CHANGE(1.0),Climate Change indicators,I,A,Annual,SEA_LVL,Sea Level Anomalies,PG,Papua New Guinea,2018,,0.1,,,,METER,meter,,,,,N,National,,
DATAFLOW,SPC:DF_CLIMATE_CHANGE(1.0),Climate Change indicators,I,A,Annual,SEA_LVL,Sea Level Anomalies,PG,Papua New Guinea,2019,,0.1,,,,METER,meter,,,,,N,National,,
DATAFLOW,SPC:DF_CLIMATE_CHANGE(1.0),Climate Change indicators,I,A,Annual,SEA_LVL,Sea Level Anomalies,PG,Papua New Guinea,2020,,0.1,,,,METER,meter,,,,,N,National,,
DATAFLOW,SPC:DF_CLIMATE_CHANGE(1.0),Climate Change indicators,I,A,Annual,SEA_LVL,Sea Level Anomalies,PG,Papua New Guinea,2021,,0.1,,,,METER,meter,,,,,N,National,,
DATAFLOW,SPC:DF_CLIMATE_CHANGE(1.0),Climate Change indicators,I,A,Annual,SEA_LVL,Sea Level Anomalies,PG,Papua New Guinea,2022,,0.2,,,,METER,meter,,,,,N,National,,
DATAFLOW,SPC:DF_CLIMATE_CHANGE(1.0),Climate Change indicators,I,A,Annual,SEA_LVL,Sea Level Anomalies,PG,Papua New Guinea,2023,,0.1,,,,METER,meter,,,,,N,National,,
DATAFLOW,SPC:DF_CLIMATE_CHANGE(1.0),Climate Change indicators,I,A,Annual,SEA_LVL,Sea Level Anomalies,AS,American Samoa,1993,,0,,,,METER,meter,,,,,N,National,,
DATAFLOW,SPC:DF_CLIMATE_CHANGE(1.0),Climate Change indicators,I,A,Annual,SEA_LVL,Sea Level Anomalies,AS,American Samoa,1994,,0,,,,METER,meter,,,,,N,National,,
DATAFLOW,SPC:DF_CLIMATE_CHANGE(1.0),Climate Change indicators,I,A,Annual,SEA_LVL,Sea Level Anomalies,AS,American Samoa,1995,,0,,,,METER,meter,,,,,N,National,,
DATAFLOW,SPC:DF_CLIMATE_CHANGE(1.0),Climate Change indicators,I,A,Annual,SEA_LVL,Sea Level Anomalies,AS,American Samoa,1996,,0.1,,,,METER,meter,,,,,N,National,,
DATAFLOW,SPC:DF_CLIMATE_CHANGE(1.0),Climate Change indicators,I,A,Annual,SEA_LVL,Sea Level Anomalies,AS,American Samoa,1997,,0,,,,METER,meter,,,,,N,National,,
DATAFLOW,SPC:DF_CLIMATE_CHANGE(1.0),Climate Change indicators,I,A,Annual,SEA_LVL,Sea Level Anomalies,AS,American Samoa,1998,,-0.2,,,,METER,meter,,,,,N,National,,
DATAFLOW,SPC:DF_CLIMATE_CHANGE(1.0),Climate Change indicators,I,A,Annual,SEA_LVL,Sea Level Anomalies,AS,American Samoa,1999,,0,,,,METER,meter,,,,,N,National,,
DATAFLOW,SPC:DF_CLIMATE_CHANGE(1.0),Climate Change indicators,I,A,Annual,SEA_LVL,Sea Level Anomalies,AS,American Samoa,2000,,0,,,,METER,meter,,,,,N,National,,
DATAFLOW,SPC:DF_CLIMATE_CHANGE(1.0),Climate Change indicators,I,A,Annual,SEA_LVL,Sea Level Anomalies,AS,American Samoa,2001,,0,,,,METER,meter,,,,,N,National,,
DATAFLOW,SPC:DF_CLIMATE_CHANGE(1.0),Climate Change indicators,I,A,Annual,SEA_LVL,Sea Level Anomalies,AS,American Samoa,2002,,0,,,,METER,meter,,,,,N,National,,
DATAFLOW,SPC:DF_CLIMATE_CHANGE(1.0),Climate Change indicators,I,A,Annual,SEA_LVL,Sea Level Anomalies,AS,American Samoa,2003,,0,,,,METER,meter,,,,,N,National,,
DATAFLOW,SPC:DF_CLIMATE_CHANGE(1.0),Climate Change indicators,I,A,Annual,SEA_LVL,Sea Level Anomalies,AS,American Samoa,2004,,0.1,,,,METER,meter,,,,,N,National,,
DATAFLOW,SPC:DF_CLIMATE_CHANGE(1.0),Climate Change indicators,I,A,Annual,SEA_LVL,Sea Level Anomalies,AS,American Samoa,2005,,0,,,,METER,meter,,,,,N,National,,
DATAFLOW,SPC:DF_CLIMATE_CHANGE(1.0),Climate Change indicators,I,A,Annual,SEA_LVL,Sea Level Anomalies,AS,American Samoa,2006,,0.1,,,,METER,meter,,,,,N,National,,
DATAFLOW,SPC:DF_CLIMATE_CHANGE(1.0),Climate Change indicators,I,A,Annual,SEA_LVL,Sea Level Anomalies,AS,American Samoa,2007,,0.1,,,,METER,meter,,,,,N,National,,
DATAFLOW,SPC:DF_CLIMATE_CHANGE(1.0),Climate Change indicators,I,A,Annual,SEA_LVL,Sea Level Anomalies,AS,American Samoa,2008,,0.1,,,,METER,meter,,,,,N,National,,
DATAFLOW,SPC:DF_CLIMATE_CHANGE(1.0),Climate Change indicators,I,A,Annual,SEA_LVL,Sea Level Anomalies,AS,American Samoa,2009,,0,,,,METER,meter,,,,,N,National,,
DATAFLOW,SPC:DF_CLIMATE_CHANGE(1.0),Climate Change indicators,I,A,Annual,SEA_LVL,Sea Level Anomalies,AS,American Samoa,2010,,0,,,,METER,meter,,,,,N,National,,
DATAFLOW,SPC:DF_CLIMATE_CHANGE(1.0),Climate Change indicators,I,A,Annual,SEA_LVL,Sea Level Anomalies,AS,American Samoa,2011,,0.1,,,,METER,meter,,,,,N,National,,
DATAFLOW,SPC:DF_CLIMATE_CHANGE(1.0),Climate Change indicators,I,A,Annual,SEA_LVL,Sea Level Anomalies,AS,American Samoa,2012,,0,,,,METER,meter,,,,,N,National,,
DATAFLOW,SPC:DF_CLIMATE_CHANGE(1.0),Climate Change indicators,I,A,Annual,SEA_LVL,Sea Level Anomalies,AS,American Samoa,2013,,0,,,,METER,meter,,,,,N,National,,
DATAFLOW,SPC:DF_CLIMATE_CHANGE(1.0),Climate Change indicators,I,A,Annual,SEA_LVL,Sea Level Anomalies,AS,American Samoa,2014,,0,,,,METER,meter,,,,,N,National,,
DATAFLOW,SPC:DF_CLIMATE_CHANGE(1.0),Climate Change indicators,I,A,Annual,SEA_LVL,Sea Level Anomalies,AS,American Samoa,2015,,0.1,,,,METER,meter,,,,,N,National,,
DATAFLOW,SPC:DF_CLIMATE_CHANGE(1.0),Climate Change indicators,I,A,Annual,SEA_LVL,Sea Level Anomalies,AS,American Samoa,2016,,0,,,,METER,meter,,,,,N,National,,
DATAFLOW,SPC:DF_CLIMATE_CHANGE(1.0),Climate Change indicators,I,A,Annual,SEA_LVL,Sea Level Anomalies,AS,American Samoa,2017,,0.1,,,,METER,meter,,,,,N,National,,
DATAFLOW,SPC:DF_CLIMATE_CHANGE(1.0),Climate Change indicators,I,A,Annual,SEA_LVL,Sea Level Anomalies,AS,American Samoa,2018,,0.1,,,,METER,meter,,,,,N,National,,
DATAFLOW,SPC:DF_CLIMATE_CHANGE(1.0),Climate Change indicators,I,A,Annual,SEA_LVL,Sea Level Anomalies,AS,American Samoa,2019,,0.1,,,,METER,meter,,,,,N,National,,
DATAFLOW,SPC:DF_CLIMATE_CHANGE(1.0),Climate Change indicators,I,A,Annual,SEA_LVL,Sea Level Anomalies,AS,American Samoa,2020,,0.1,,,,METER,meter,,,,,N,National,,
DATAFLOW,SPC:DF_CLIMATE_CHANGE(1.0),Climate Change indicators,I,A,Annual,SEA_LVL,Sea Level Anomalies,AS,American Samoa,2021,,0.1,,,,METER,meter,,,,,N,National,,
DATAFLOW,SPC:DF_CLIMATE_CHANGE(1.0),Climate Change indicators,I,A,Annual,SEA_LVL,Sea Level Anomalies,AS,American Samoa,2022,,0.1,,,,METER,meter,,,,,N,National,,
DATAFLOW,SPC:DF_CLIMATE_CHANGE(1.0),Climate Change indicators,I,A,Annual,SEA_LVL,Sea Level Anomalies,AS,American Samoa,2023,,0.1,,,,METER,meter,,,,,N,National,,
DATAFLOW,SPC:DF_CLIMATE_CHANGE(1.0),Climate Change indicators,I,A,Annual,SEA_LVL,Sea Level Anomalies,WS,Samoa,1993,,0,,,,METER,meter,,,,,N,National,,
DATAFLOW,SPC:DF_CLIMATE_CHANGE(1.0),Climate Change indicators,I,A,Annual,SEA_LVL,Sea Level Anomalies,WS,Samoa,1994,,0,,,,METER,meter,,,,,N,National,,
DATAFLOW,SPC:DF_CLIMATE_CHANGE(1.0),Climate Change indicators,I,A,Annual,SEA_LVL,Sea Level Anomalies,WS,Samoa,1995,,0,,,,METER,meter,,,,,N,National,,
DATAFLOW,SPC:DF_CLIMATE_CHANGE(1.0),Climate Change indicators,I,A,Annual,SEA_LVL,Sea Level Anomalies,WS,Samoa,1996,,0.1,,,,METER,meter,,,,,N,National,,
DATAFLOW,SPC:DF_CLIMATE_CHANGE(1.0),Climate Change indicators,I,A,Annual,SEA_LVL,Sea Level Anomalies,WS,Samoa,1997,,0,,,,METER,meter,,,,,N,National,,
DATAFLOW,SPC:DF_CLIMATE_CHANGE(1.0),Climate Change indicators,I,A,Annual,SEA_LVL,Sea Level Anomalies,WS,Samoa,1998,,-0.2,,,,METER,meter,,,,,N,National,,
DATAFLOW,SPC:DF_CLIMATE_CHANGE(1.0),Climate Change indicators,I,A,Annual,SEA_LVL,Sea Level Anomalies,WS,Samoa,1999,,0,,,,METER,meter,,,,,N,National,,
DATAFLOW,SPC:DF_CLIMATE_CHANGE(1.0),Climate Change indicators,I,A,Annual,SEA_LVL,Sea Level Anomalies,WS,Samoa,2000,,0,,,,METER,meter,,,,,N,National,,
DATAFLOW,SPC:DF_CLIMATE_CHANGE(1.0),Climate Change indicators,I,A,Annual,SEA_LVL,Sea Level Anomalies,WS,Samoa,2001,,0,,,,METER,meter,,,,,N,National,,
DATAFLOW,SPC:DF_CLIMATE_CHANGE(1.0),Climate Change indicators,I,A,Annual,SEA_LVL,Sea Level Anomalies,WS,Samoa,2002,,0,,,,METER,meter,,,,,N,National,,
DATAFLOW,SPC:DF_CLIMATE_CHANGE(1.0),Climate Change indicators,I,A,Annual,SEA_LVL,Sea Level Anomalies,WS,Samoa,2003,,0,,,,METER,meter,,,,,N,National,,
DATAFLOW,SPC:DF_CLIMATE_CHANGE(1.0),Climate Change indicators,I,A,Annual,SEA_LVL,Sea Level Anomalies,WS,Samoa,2004,,0.1,,,,METER,meter,,,,,N,National,,
DATAFLOW,SPC:DF_CLIMATE_CHANGE(1.0),Climate Change indicators,I,A,Annual,SEA_LVL,Sea Level Anomalies,WS,Samoa,2005,,0,,,,METER,meter,,,,,N,National,,
DATAFLOW,SPC:DF_CLIMATE_CHANGE(1.0),Climate Change indicators,I,A,Annual,SEA_LVL,Sea Level Anomalies,WS,Samoa,2006,,0.1,,,,METER,meter,,,,,N,National,,
DATAFLOW,SPC:DF_CLIMATE_CHANGE(1.0),Climate Change indicators,I,A,Annual,SEA_LVL,Sea Level Anomalies,WS,Samoa,2007,,0.1,,,,METER,meter,,,,,N,National,,
DATAFLOW,SPC:DF_CLIMATE_CHANGE(1.0),Climate Change indicators,I,A,Annual,SEA_LVL,Sea Level Anomalies,WS,Samoa,2008,,0.1,,,,METER,meter,,,,,N,National,,
DATAFLOW,SPC:DF_CLIMATE_CHANGE(1.0),Climate Change indicators,I,A,Annual,SEA_LVL,Sea Level Anomalies,WS,Samoa,2009,,0,,,,METER,meter,,,,,N,National,,
DATAFLOW,SPC:DF_CLIMATE_CHANGE(1.0),Climate Change indicators,I,A,Annual,SEA_LVL,Sea Level Anomalies,WS,Samoa,2010,,0,,,,METER,meter,,,,,N,National,,
DATAFLOW,SPC:DF_CLIMATE_CHANGE(1.0),Climate Change indicators,I,A,Annual,SEA_LVL,Sea Level Anomalies,WS,Samoa,2011,,0.1,,,,METER,meter,,,,,N,National,,
DATAFLOW,SPC:DF_CLIMATE_CHANGE(1.0),Climate Change indicators,I,A,Annual,SEA_LVL,Sea Level Anomalies,WS,Samoa,2012,,0.1,,,,METER,meter,,,,,N,National,,
DATAFLOW,SPC:DF_CLIMATE_CHANGE(1.0),Climate Change indicators,I,A,Annual,SEA_LVL,Sea Level Anomalies,WS,Samoa,2013,,0,,,,METER,meter,,,,,N,National,,
DATAFLOW,SPC:DF_CLIMATE_CHANGE(1.0),Climate Change indicators,I,A,Annual,SEA_LVL,Sea Level Anomalies,WS,Samoa,2014,,0,,,,METER,meter,,,,,N,National,,
DATAFLOW,SPC:DF_CLIMATE_CHANGE(1.0),Climate Change indicators,I,A,Annual,SEA_LVL,Sea Level Anomalies,WS,Samoa,2015,,0.1,,,,METER,meter,,,,,N,National,,
DATAFLOW,SPC:DF_CLIMATE_CHANGE(1.0),Climate Change indicators,I,A,Annual,SEA_LVL,Sea Level Anomalies,WS,Samoa,2016,,0,,,,METER,meter,,,,,N,National,,
DATAFLOW,SPC:DF_CLIMATE_CHANGE(1.0),Climate Change indicators,I,A,Annual,SEA_LVL,Sea Level Anomalies,WS,Samoa,2017,,0.1,,,,METER,meter,,,,,N,National,,
DATAFLOW,SPC:DF_CLIMATE_CHANGE(1.0),Climate Change indicators,I,A,Annual,SEA_LVL,Sea Level Anomalies,WS,Samoa,2018,,0.1,,,,METER,meter,,,,,N,National,,
DATAFLOW,SPC:DF_CLIMATE_CHANGE(1.0),Climate Change indicators,I,A,Annual,SEA_LVL,Sea Level Anomalies,WS,Samoa,2019,,0.1,,,,METER,meter,,,,,N,National,,
DATAFLOW,SPC:DF_CLIMATE_CHANGE(1.0),Climate Change indicators,I,A,Annual,SEA_LVL,Sea Level Anomalies,WS,Samoa,2020,,0.1,,,,METER,meter,,,,,N,National,,
DATAFLOW,SPC:DF_CLIMATE_CHANGE(1.0),Climate Change indicators,I,A,Annual,SEA_LVL,Sea Level Anomalies,WS,Samoa,2021,,0.2,,,,METER,meter,,,,,N,National,,
DATAFLOW,SPC:DF_CLIMATE_CHANGE(1.0),Climate Change indicators,I,A,Annual,SEA_LVL,Sea Level Anomalies,WS,Samoa,2022,,0.1,,,,METER,meter,,,,,N,National,,
DATAFLOW,SPC:DF_CLIMATE_CHANGE(1.0),Climate Change indicators,I,A,Annual,SEA_LVL,Sea Level Anomalies,WS,Samoa,2023,,0.1,,,,METER,meter,,,,,N,National,,
DATAFLOW,SPC:DF_CLIMATE_CHANGE(1.0),Climate Change indicators,I,A,Annual,SEA_LVL,Sea Level Anomalies,NU,Niue,1993,,0,,,,METER,meter,,,,,N,National,,
DATAFLOW,SPC:DF_CLIMATE_CHANGE(1.0),Climate Change indicators,I,A,Annual,SEA_LVL,Sea Level Anomalies,NU,Niue,1994,,0,,,,METER,meter,,,,,N,National,,
DATAFLOW,SPC:DF_CLIMATE_CHANGE(1.0),Climate Change indicators,I,A,Annual,SEA_LVL,Sea Level Anomalies,NU,Niue,1995,,0,,,,METER,meter,,,,,N,National,,
DATAFLOW,SPC:DF_CLIMATE_CHANGE(1.0),Climate Change indicators,I,A,Annual,SEA_LVL,Sea Level Anomalies,NU,Niue,1996,,0,,,,METER,meter,,,,,N,National,,
DATAFLOW,SPC:DF_CLIMATE_CHANGE(1.0),Climate Change indicators,I,A,Annual,SEA_LVL,Sea Level Anomalies,NU,Niue,1997,,0,,,,METER,meter,,,,,N,National,,
DATAFLOW,SPC:DF_CLIMATE_CHANGE(1.0),Climate Change indicators,I,A,Annual,SEA_LVL,Sea Level Anomalies,NU,Niue,1998,,0,,,,METER,meter,,,,,N,National,,
DATAFLOW,SPC:DF_CLIMATE_CHANGE(1.0),Climate Change indicators,I,A,Annual,SEA_LVL,Sea Level Anomalies,NU,Niue,1999,,0,,,,METER,meter,,,,,N,National,,
DATAFLOW,SPC:DF_CLIMATE_CHANGE(1.0),Climate Change indicators,I,A,Annual,SEA_LVL,Sea Level Anomalies,NU,Niue,2000,,0,,,,METER,meter,,,,,N,National,,
DATAFLOW,SPC:DF_CLIMATE_CHANGE(1.0),Climate Change indicators,I,A,Annual,SEA_LVL,Sea Level Anomalies,NU,Niue,2001,,0,,,,METER,meter,,,,,N,National,,
DATAFLOW,SPC:DF_CLIMATE_CHANGE(1.0),Climate Change indicators,I,A,Annual,SEA_LVL,Sea Level Anomalies,NU,Niue,2002,,0,,,,METER,meter,,,,,N,National,,
DATAFLOW,SPC:DF_CLIMATE_CHANGE(1.0),Climate Change indicators,I,A,Annual,SEA_LVL,Sea Level Anomalies,NU,Niue,2003,,0,,,,METER,meter,,,,,N,National,,
DATAFLOW,SPC:DF_CLIMATE_CHANGE(1.0),Climate Change indicators,I,A,Annual,SEA_LVL,Sea Level Anomalies,NU,Niue,2004,,0,,,,METER,meter,,,,,N,National,,
DATAFLOW,SPC:DF_CLIMATE_CHANGE(1.0),Climate Change indicators,I,A,Annual,SEA_LVL,Sea Level Anomalies,NU,Niue,2005,,0,,,,METER,meter,,,,,N,National,,
DATAFLOW,SPC:DF_CLIMATE_CHANGE(1.0),Climate Change indicators,I,A,Annual,SEA_LVL,Sea Level Anomalies,NU,Niue,2006,,0.1,,,,METER,meter,,,,,N,National,,
DATAFLOW,SPC:DF_CLIMATE_CHANGE(1.0),Climate Change indicators,I,A,Annual,SEA_LVL,Sea Level Anomalies,NU,Niue,2007,,0.1,,,,METER,meter,,,,,N,National,,
DATAFLOW,SPC:DF_CLIMATE_CHANGE(1.0),Climate Change indicators,I,A,Annual,SEA_LVL,Sea Level Anomalies,NU,Niue,2008,,0.1,,,,METER,meter,,,,,N,National,,
DATAFLOW,SPC:DF_CLIMATE_CHANGE(1.0),Climate Change indicators,I,A,Annual,SEA_LVL,Sea Level Anomalies,NU,Niue,2009,,0.1,,,,METER,meter,,,,,N,National,,
DATAFLOW,SPC:DF_CLIMATE_CHANGE(1.0),Climate Change indicators,I,A,Annual,SEA_LVL,Sea Level Anomalies,NU,Niue,2010,,0,,,,METER,meter,,,,,N,National,,
DATAFLOW,SPC:DF_CLIMATE_CHANGE(1.0),Climate Change indicators,I,A,Annual,SEA_LVL,Sea Level Anomalies,NU,Niue,2011,,0.1,,,,METER,meter,,,,,N,National,,
DATAFLOW,SPC:DF_CLIMATE_CHANGE(1.0),Climate Change indicators,I,A,Annual,SEA_LVL,Sea Level Anomalies,NU,Niue,2012,,0.1,,,,METER,meter,,,,,N,National,,
DATAFLOW,SPC:DF_CLIMATE_CHANGE(1.0),Climate Change indicators,I,A,Annual,SEA_LVL,Sea Level Anomalies,NU,Niue,2013,,0.1,,,,METER,meter,,,,,N,National,,
DATAFLOW,SPC:DF_CLIMATE_CHANGE(1.0),Climate Change indicators,I,A,Annual,SEA_LVL,Sea Level Anomalies,NU,Niue,2014,,0.1,,,,METER,meter,,,,,N,National,,
DATAFLOW,SPC:DF_CLIMATE_CHANGE(1.0),Climate Change indicators,I,A,Annual,SEA_LVL,Sea Level Anomalies,NU,Niue,2015,,0,,,,METER,meter,,,,,N,National,,
DATAFLOW,SPC:DF_CLIMATE_CHANGE(1.0),Climate Change indicators,I,A,Annual,SEA_LVL,Sea Level Anomalies,NU,Niue,2016,,0.1,,,,METER,meter,,,,,N,National,,
DATAFLOW,SPC:DF_CLIMATE_CHANGE(1.0),Climate Change indicators,I,A,Annual,SEA_LVL,Sea Level Anomalies,NU,Niue,2017,,0.1,,,,METER,meter,,,,,N,National,,
DATAFLOW,SPC:DF_CLIMATE_CHANGE(1.0),Climate Change indicators,I,A,Annual,SEA_LVL,Sea Level Anomalies,NU,Niue,2018,,0.1,,,,METER,meter,,,,,N,National,,
DATAFLOW,SPC:DF_CLIMATE_CHANGE(1.0),Climate Change indicators,I,A,Annual,SEA_LVL,Sea Level Anomalies,NU,Niue,2019,,0.1,,,,METER,meter,,,,,N,National,,
DATAFLOW,SPC:DF_CLIMATE_CHANGE(1.0),Climate Change indicators,I,A,Annual,SEA_LVL,Sea Level Anomalies,NU,Niue,2020,,0.1,,,,METER,meter,,,,,N,National,,
DATAFLOW,SPC:DF_CLIMATE_CHANGE(1.0),Climate Change indicators,I,A,Annual,SEA_LVL,Sea Level Anomalies,NU,Niue,2021,,0.1,,,,METER,meter,,,,,N,National,,
DATAFLOW,SPC:DF_CLIMATE_CHANGE(1.0),Climate Change indicators,I,A,Annual,SEA_LVL,Sea Level Anomalies,NU,Niue,2022,,0.2,,,,METER,meter,,,,,N,National,,
DATAFLOW,SPC:DF_CLIMATE_CHANGE(1.0),Climate Change indicators,I,A,Annual,SEA_LVL,Sea Level Anomalies,NU,Niue,2023,,0.1,,,,METER,meter,,,,,N,National,,
DATAFLOW,SPC:DF_CLIMATE_CHANGE(1.0),Climate Change indicators,I,A,Annual,SEA_LVL,Sea Level Anomalies,TV,Tuvalu,1993,,0,,,,METER,meter,,,,,N,National,,
DATAFLOW,SPC:DF_CLIMATE_CHANGE(1.0),Climate Change indicators,I,A,Annual,SEA_LVL,Sea Level Anomalies,TV,Tuvalu,1994,,0,,,,METER,meter,,,,,N,National,,
DATAFLOW,SPC:DF_CLIMATE_CHANGE(1.0),Climate Change indicators,I,A,Annual,SEA_LVL,Sea Level Anomalies,TV,Tuvalu,1995,,0,,,,METER,meter,,,,,N,National,,
DATAFLOW,SPC:DF_CLIMATE_CHANGE(1.0),Climate Change indicators,I,A,Annual,SEA_LVL,Sea Level Anomalies,TV,Tuvalu,1996,,0,,,,METER,meter,,,,,N,National,,
DATAFLOW,SPC:DF_CLIMATE_CHANGE(1.0),Climate Change indicators,I,A,Annual,SEA_LVL,Sea Level Anomalies,TV,Tuvalu,1997,,0,,,,METER,meter,,,,,N,National,,
DATAFLOW,SPC:DF_CLIMATE_CHANGE(1.0),Climate Change indicators,I,A,Annual,SEA_LVL,Sea Level Anomalies,TV,Tuvalu,1998,,-0.2,,,,METER,meter,,,,,N,National,,
DATAFLOW,SPC:DF_CLIMATE_CHANGE(1.0),Climate Change indicators,I,A,Annual,SEA_LVL,Sea Level Anomalies,TV,Tuvalu,1999,,0,,,,METER,meter,,,,,N,National,,
DATAFLOW,SPC:DF_CLIMATE_CHANGE(1.0),Climate Change indicators,I,A,Annual,SEA_LVL,Sea Level Anomalies,TV,Tuvalu,2000,,0,,,,METER,meter,,,,,N,National,,
DATAFLOW,SPC:DF_CLIMATE_CHANGE(1.0),Climate Change indicators,I,A,Annual,SEA_LVL,Sea Level Anomalies,TV,Tuvalu,2001,,0,,,,METER,meter,,,,,N,National,,
DATAFLOW,SPC:DF_CLIMATE_CHANGE(1.0),Climate Change indicators,I,A,Annual,SEA_LVL,Sea Level Anomalies,TV,Tuvalu,2002,,0.1,,,,METER,meter,,,,,N,National,,
DATAFLOW,SPC:DF_CLIMATE_CHANGE(1.0),Climate Change indicators,I,A,Annual,SEA_LVL,Sea Level Anomalies,TV,Tuvalu,2003,,0,,,,METER,meter,,,,,N,National,,
DATAFLOW,SPC:DF_CLIMATE_CHANGE(1.0),Climate Change indicators,I,A,Annual,SEA_LVL,Sea Level Anomalies,TV,Tuvalu,2004,,0.1,,,,METER,meter,,,,,N,National,,
DATAFLOW,SPC:DF_CLIMATE_CHANGE(1.0),Climate Change indicators,I,A,Annual,SEA_LVL,Sea Level Anomalies,TV,Tuvalu,2005,,0.1,,,,METER,meter,,,,,N,National,,
DATAFLOW,SPC:DF_CLIMATE_CHANGE(1.0),Climate Change indicators,I,A,Annual,SEA_LVL,Sea Level Anomalies,TV,Tuvalu,2006,,0.1,,,,METER,meter,,,,,N,National,,
DATAFLOW,SPC:DF_CLIMATE_CHANGE(1.0),Climate Change indicators,I,A,Annual,SEA_LVL,Sea Level Anomalies,TV,Tuvalu,2007,,0.1,,,,METER,meter,,,,,N,National,,
DATAFLOW,SPC:DF_CLIMATE_CHANGE(1.0),Climate Change indicators,I,A,Annual,SEA_LVL,Sea Level Anomalies,TV,Tuvalu,2008,,0.1,,,,METER,meter,,,,,N,National,,
DATAFLOW,SPC:DF_CLIMATE_CHANGE(1.0),Climate Change indicators,I,A,Annual,SEA_LVL,Sea Level Anomalies,TV,Tuvalu,2009,,0,,,,METER,meter,,,,,N,National,,
DATAFLOW,SPC:DF_CLIMATE_CHANGE(1.0),Climate Change indicators,I,A,Annual,SEA_LVL,Sea Level Anomalies,TV,Tuvalu,2010,,0,,,,METER,meter,,,,,N,National,,
DATAFLOW,SPC:DF_CLIMATE_CHANGE(1.0),Climate Change indicators,I,A,Annual,SEA_LVL,Sea Level Anomalies,TV,Tuvalu,2011,,0.1,,,,METER,meter,,,,,N,National,,
DATAFLOW,SPC:DF_CLIMATE_CHANGE(1.0),Climate Change indicators,I,A,Annual,SEA_LVL,Sea Level Anomalies,TV,Tuvalu,2012,,0,,,,METER,meter,,,,,N,National,,
DATAFLOW,SPC:DF_CLIMATE_CHANGE(1.0),Climate Change indicators,I,A,Annual,SEA_LVL,Sea Level Anomalies,TV,Tuvalu,2013,,0.1,,,,METER,meter,,,,,N,National,,
DATAFLOW,SPC:DF_CLIMATE_CHANGE(1.0),Climate Change indicators,I,A,Annual,SEA_LVL,Sea Level Anomalies,TV,Tuvalu,2014,,0.1,,,,METER,meter,,,,,N,National,,
DATAFLOW,SPC:DF_CLIMATE_CHANGE(1.0),Climate Change indicators,I,A,Annual,SEA_LVL,Sea Level Anomalies,TV,Tuvalu,2015,,0.1,,,,METER,meter,,,,,N,National,,
DATAFLOW,SPC:DF_CLIMATE_CHANGE(1.0),Climate Change indicators,I,A,Annual,SEA_LVL,Sea Level Anomalies,TV,Tuvalu,2016,,0,,,,METER,meter,,,,,N,National,,
DATAFLOW,SPC:DF_CLIMATE_CHANGE(1.0),Climate Change indicators,I,A,Annual,SEA_LVL,Sea Level Anomalies,TV,Tuvalu,2017,,0.1,,,,METER,meter,,,,,N,National,,
DATAFLOW,SPC:DF_CLIMATE_CHANGE(1.0),Climate Change indicators,I,A,Annual,SEA_LVL,Sea Level Anomalies,TV,Tuvalu,2018,,0.1,,,,METER,meter,,,,,N,National,,
DATAFLOW,SPC:DF_CLIMATE_CHANGE(1.0),Climate Change indicators,I,A,Annual,SEA_LVL,Sea Level Anomalies,TV,Tuvalu,2019,,0.1,,,,METER,meter,,,,,N,National,,
DATAFLOW,SPC:DF_CLIMATE_CHANGE(1.0),Climate Change indicators,I,A,Annual,SEA_LVL,Sea Level Anomalies,TV,Tuvalu,2020,,0.1,,,,METER,meter,,,,,N,National,,
DATAFLOW,SPC:DF_CLIMATE_CHANGE(1.0),Climate Change indicators,I,A,Annual,SEA_LVL,Sea Level Anomalies,TV,Tuvalu,2021,,0.1,,,,METER,meter,,,,,N,National,,
DATAFLOW,SPC:DF_CLIMATE_CHANGE(1.0),Climate Change indicators,I,A,Annual,SEA_LVL,Sea Level Anomalies,TV,Tuvalu,2022,,0.1,,,,METER,meter,,,,,N,National,,
DATAFLOW,SPC:DF_CLIMATE_CHANGE(1.0),Climate Change indicators,I,A,Annual,SEA_LVL,Sea Level Anomalies,TV,Tuvalu,2023,,0.1,,,,METER,meter,,,,,N,National,,
DATAFLOW,SPC:DF_CLIMATE_CHANGE(1.0),Climate Change indicators,I,A,Annual,SEA_LVL,Sea Level Anomalies,FJ,Fiji,1993,,0,,,,METER,meter,,,,,N,National,,
DATAFLOW,SPC:DF_CLIMATE_CHANGE(1.0),Climate Change indicators,I,A,Annual,SEA_LVL,Sea Level Anomalies,FJ,Fiji,1994,,0,,,,METER,meter,,,,,N,National,,
DATAFLOW,SPC:DF_CLIMATE_CHANGE(1.0),Climate Change indicators,I,A,Annual,SEA_LVL,Sea Level Anomalies,FJ,Fiji,1995,,0,,,,METER,meter,,,,,N,National,,
DATAFLOW,SPC:DF_CLIMATE_CHANGE(1.0),Climate Change indicators,I,A,Annual,SEA_LVL,Sea Level Anomalies,FJ,Fiji,1996,,0,,,,METER,meter,,,,,N,National,,
DATAFLOW,SPC:DF_CLIMATE_CHANGE(1.0),Climate Change indicators,I,A,Annual,SEA_LVL,Sea Level Anomalies,FJ,Fiji,1997,,0,,,,METER,meter,,,,,N,National,,
DATAFLOW,SPC:DF_CLIMATE_CHANGE(1.0),Climate Change indicators,I,A,Annual,SEA_LVL,Sea Level Anomalies,FJ,Fiji,1998,,0,,,,METER,meter,,,,,N,National,,
DATAFLOW,SPC:DF_CLIMATE_CHANGE(1.0),Climate Change indicators,I,A,Annual,SEA_LVL,Sea Level Anomalies,FJ,Fiji,1999,,0,,,,METER,meter,,,,,N,National,,
DATAFLOW,SPC:DF_CLIMATE_CHANGE(1.0),Climate Change indicators,I,A,Annual,SEA_LVL,Sea Level Anomalies,FJ,Fiji,2000,,0.1,,,,METER,meter,,,,,N,National,,
DATAFLOW,SPC:DF_CLIMATE_CHANGE(1.0),Climate Change indicators,I,A,Annual,SEA_LVL,Sea Level Anomalies,FJ,Fiji,2001,,0,,,,METER,meter,,,,,N,National,,
DATAFLOW,SPC:DF_CLIMATE_CHANGE(1.0),Climate Change indicators,I,A,Annual,SEA_LVL,Sea Level Anomalies,FJ,Fiji,2002,,0,,,,METER,meter,,,,,N,National,,
DATAFLOW,SPC:DF_CLIMATE_CHANGE(1.0),Climate Change indicators,I,A,Annual,SEA_LVL,Sea Level Anomalies,FJ,Fiji,2003,,0,,,,METER,meter,,,,,N,National,,
DATAFLOW,SPC:DF_CLIMATE_CHANGE(1.0),Climate Change indicators,I,A,Annual,SEA_LVL,Sea Level Anomalies,FJ,Fiji,2004,,0,,,,METER,meter,,,,,N,National,,
DATAFLOW,SPC:DF_CLIMATE_CHANGE(1.0),Climate Change indicators,I,A,Annual,SEA_LVL,Sea Level Anomalies,FJ,Fiji,2005,,0,,,,METER,meter,,,,,N,National,,
DATAFLOW,SPC:DF_CLIMATE_CHANGE(1.0),Climate Change indicators,I,A,Annual,SEA_LVL,Sea Level Anomalies,FJ,Fiji,2006,,0,,,,METER,meter,,,,,N,National,,
DATAFLOW,SPC:DF_CLIMATE_CHANGE(1.0),Climate Change indicators,I,A,Annual,SEA_LVL,Sea Level Anomalies,FJ,Fiji,2007,,0,,,,METER,meter,,,,,N,National,,
DATAFLOW,SPC:DF_CLIMATE_CHANGE(1.0),Climate Change indicators,I,A,Annual,SEA_LVL,Sea Level Anomalies,FJ,Fiji,2008,,0.1,,,,METER,meter,,,,,N,National,,
DATAFLOW,SPC:DF_CLIMATE_CHANGE(1.0),Climate Change indicators,I,A,Annual,SEA_LVL,Sea Level Anomalies,FJ,Fiji,2009,,0.1,,,,METER,meter,,,,,N,National,,
DATAFLOW,SPC:DF_CLIMATE_CHANGE(1.0),Climate Change indicators,I,A,Annual,SEA_LVL,Sea Level Anomalies,FJ,Fiji,2010,,0,,,,METER,meter,,,,,N,National,,
DATAFLOW,SPC:DF_CLIMATE_CHANGE(1.0),Climate Change indicators,I,A,Annual,SEA_LVL,Sea Level Anomalies,FJ,Fiji,2011,,0.1,,,,METER,meter,,,,,N,National,,
DATAFLOW,SPC:DF_CLIMATE_CHANGE(1.0),Climate Change indicators,I,A,Annual,SEA_LVL,Sea Level Anomalies,FJ,Fiji,2012,,0.1,,,,METER,meter,,,,,N,National,,
DATAFLOW,SPC:DF_CLIMATE_CHANGE(1.0),Climate Change indicators,I,A,Annual,SEA_LVL,Sea Level Anomalies,FJ,Fiji,2013,,0.1,,,,METER,meter,,,,,N,National,,
DATAFLOW,SPC:DF_CLIMATE_CHANGE(1.0),Climate Change indicators,I,A,Annual,SEA_LVL,Sea Level Anomalies,FJ,Fiji,2014,,0,,,,METER,meter,,,,,N,National,,
DATAFLOW,SPC:DF_CLIMATE_CHANGE(1.0),Climate Change indicators,I,A,Annual,SEA_LVL,Sea Level Anomalies,FJ,Fiji,2015,,0,,,,METER,meter,,,,,N,National,,
DATAFLOW,SPC:DF_CLIMATE_CHANGE(1.0),Climate Change indicators,I,A,Annual,SEA_LVL,Sea Level Anomalies,FJ,Fiji,2016,,0,,,,METER,meter,,,,,N,National,,
DATAFLOW,SPC:DF_CLIMATE_CHANGE(1.0),Climate Change indicators,I,A,Annual,SEA_LVL,Sea Level Anomalies,FJ,Fiji,2017,,0.1,,,,METER,meter,,,,,N,National,,
DATAFLOW,SPC:DF_CLIMATE_CHANGE(1.0),Climate Change indicators,I,A,Annual,SEA_LVL,Sea Level Anomalies,FJ,Fiji,2018,,0.1,,,,METER,meter,,,,,N,National,,
DATAFLOW,SPC:DF_CLIMATE_CHANGE(1.0),Climate Change indicators,I,A,Annual,SEA_LVL,Sea Level Anomalies,FJ,Fiji,2019,,0.1,,,,METER,meter,,,,,N,National,,
DATAFLOW,SPC:DF_CLIMATE_CHANGE(1.0),Climate Change indicators,I,A,Annual,SEA_LVL,Sea Level Anomalies,FJ,Fiji,2020,,0.1,,,,METER,meter,,,,,N,National,,
DATAFLOW,SPC:DF_CLIMATE_CHANGE(1.0),Climate Change indicators,I,A,Annual,SEA_LVL,Sea Level Anomalies,FJ,Fiji,2021,,0.1,,,,METER,meter,,,,,N,National,,
DATAFLOW,SPC:DF_CLIMATE_CHANGE(1.0),Climate Change indicators,I,A,Annual,SEA_LVL,Sea Level Anomalies,FJ,Fiji,2022,,0.2,,,,METER,meter,,,,,N,National,,
DATAFLOW,SPC:DF_CLIMATE_CHANGE(1.0),Climate Change indicators,I,A,Annual,SEA_LVL,Sea Level Anomalies,FJ,Fiji,2023,,0.1,,,,METER,meter,,,,,N,National,,
DATAFLOW,SPC:DF_CLIMATE_CHANGE(1.0),Climate Change indicators,I,A,Annual,SEA_LVL,Sea Level Anomalies,SB,Solomon Islands,1993,,-0.1,,,,METER,meter,,,,,N,National,,
DATAFLOW,SPC:DF_CLIMATE_CHANGE(1.0),Climate Change indicators,I,A,Annual,SEA_LVL,Sea Level Anomalies,SB,Solomon Islands,1994,,0,,,,METER,meter,,,,,N,National,,
DATAFLOW,SPC:DF_CLIMATE_CHANGE(1.0),Climate Change indicators,I,A,Annual,SEA_LVL,Sea Level Anomalies,SB,Solomon Islands,1995,,0,,,,METER,meter,,,,,N,National,,
DATAFLOW,SPC:DF_CLIMATE_CHANGE(1.0),Climate Change indicators,I,A,Annual,SEA_LVL,Sea Level Anomalies,SB,Solomon Islands,1996,,0.1,,,,METER,meter,,,,,N,National,,
DATAFLOW,SPC:DF_CLIMATE_CHANGE(1.0),Climate Change indicators,I,A,Annual,SEA_LVL,Sea Level Anomalies,SB,Solomon Islands,1997,,0,,,,METER,meter,,,,,N,National,,
DATAFLOW,SPC:DF_CLIMATE_CHANGE(1.0),Climate Change indicators,I,A,Annual,SEA_LVL,Sea Level Anomalies,SB,Solomon Islands,1998,,-0.1,,,,METER,meter,,,,,N,National,,
DATAFLOW,SPC:DF_CLIMATE_CHANGE(1.0),Climate Change indicators,I,A,Annual,SEA_LVL,Sea Level Anomalies,SB,Solomon Islands,1999,,0,,,,METER,meter,,,,,N,National,,
DATAFLOW,SPC:DF_CLIMATE_CHANGE(1.0),Climate Change indicators,I,A,Annual,SEA_LVL,Sea Level Anomalies,SB,Solomon Islands,2000,,0.1,,,,METER,meter,,,,,N,National,,
DATAFLOW,SPC:DF_CLIMATE_CHANGE(1.0),Climate Change indicators,I,A,Annual,SEA_LVL,Sea Level Anomalies,SB,Solomon Islands,2001,,0.1,,,,METER,meter,,,,,N,National,,
DATAFLOW,SPC:DF_CLIMATE_CHANGE(1.0),Climate Change indicators,I,A,Annual,SEA_LVL,Sea Level Anomalies,SB,Solomon Islands,2002,,0,,,,METER,meter,,,,,N,National,,
DATAFLOW,SPC:DF_CLIMATE_CHANGE(1.0),Climate Change indicators,I,A,Annual,SEA_LVL,Sea Level Anomalies,SB,Solomon Islands,2003,,0,,,,METER,meter,,,,,N,National,,
DATAFLOW,SPC:DF_CLIMATE_CHANGE(1.0),Climate Change indicators,I,A,Annual,SEA_LVL,Sea Level Anomalies,SB,Solomon Islands,2004,,0,,,,METER,meter,,,,,N,National,,
DATAFLOW,SPC:DF_CLIMATE_CHANGE(1.0),Climate Change indicators,I,A,Annual,SEA_LVL,Sea Level Anomalies,SB,Solomon Islands,2005,,0,,,,METER,meter,,,,,N,National,,
DATAFLOW,SPC:DF_CLIMATE_CHANGE(1.0),Climate Change indicators,I,A,Annual,SEA_LVL,Sea Level Anomalies,SB,Solomon Islands,2006,,0,,,,METER,meter,,,,,N,National,,
DATAFLOW,SPC:DF_CLIMATE_CHANGE(1.0),Climate Change indicators,I,A,Annual,SEA_LVL,Sea Level Anomalies,SB,Solomon Islands,2007,,0.1,,,,METER,meter,,,,,N,National,,
DATAFLOW,SPC:DF_CLIMATE_CHANGE(1.0),Climate Change indicators,I,A,Annual,SEA_LVL,Sea Level Anomalies,SB,Solomon Islands,2008,,0.1,,,,METER,meter,,,,,N,National,,
DATAFLOW,SPC:DF_CLIMATE_CHANGE(1.0),Climate Change indicators,I,A,Annual,SEA_LVL,Sea Level Anomalies,SB,Solomon Islands,2009,,0.1,,,,METER,meter,,,,,N,National,,
DATAFLOW,SPC:DF_CLIMATE_CHANGE(1.0),Climate Change indicators,I,A,Annual,SEA_LVL,Sea Level Anomalies,SB,Solomon Islands,2010,,0,,,,METER,meter,,,,,N,National,,
DATAFLOW,SPC:DF_CLIMATE_CHANGE(1.0),Climate Change indicators,I,A,Annual,SEA_LVL,Sea Level Anomalies,SB,Solomon Islands,2011,,0.1,,,,METER,meter,,,,,N,National,,
DATAFLOW,SPC:DF_CLIMATE_CHANGE(1.0),Climate Change indicators,I,A,Annual,SEA_LVL,Sea Level Anomalies,SB,Solomon Islands,2012,,0.1,,,,METER,meter,,,,,N,National,,
DATAFLOW,SPC:DF_CLIMATE_CHANGE(1.0),Climate Change indicators,I,A,Annual,SEA_LVL,Sea Level Anomalies,SB,Solomon Islands,2013,,0.1,,,,METER,meter,,,,,N,National,,
DATAFLOW,SPC:DF_CLIMATE_CHANGE(1.0),Climate Change indicators,I,A,Annual,SEA_LVL,Sea Level Anomalies,SB,Solomon Islands,2014,,0.1,,,,METER,meter,,,,,N,National,,
DATAFLOW,SPC:DF_CLIMATE_CHANGE(1.0),Climate Change indicators,I,A,Annual,SEA_LVL,Sea Level Anomalies,SB,Solomon Islands,2015,,0,,,,METER,meter,,,,,N,National,,
DATAFLOW,SPC:DF_CLIMATE_CHANGE(1.0),Climate Change indicators,I,A,Annual,SEA_LVL,Sea Level Anomalies,SB,Solomon Islands,2016,,0,,,,METER,meter,,,,,N,National,,
DATAFLOW,SPC:DF_CLIMATE_CHANGE(1.0),Climate Change indicators,I,A,Annual,SEA_LVL,Sea Level Anomalies,SB,Solomon Islands,2017,,0.1,,,,METER,meter,,,,,N,National,,
DATAFLOW,SPC:DF_CLIMATE_CHANGE(1.0),Climate Change indicators,I,A,Annual,SEA_LVL,Sea Level Anomalies,SB,Solomon Islands,2018,,0.1,,,,METER,meter,,,,,N,National,,
DATAFLOW,SPC:DF_CLIMATE_CHANGE(1.0),Climate Change indicators,I,A,Annual,SEA_LVL,Sea Level Anomalies,SB,Solomon Islands,2019,,0.1,,,,METER,meter,,,,,N,National,,
DATAFLOW,SPC:DF_CLIMATE_CHANGE(1.0),Climate Change indicators,I,A,Annual,SEA_LVL,Sea Level Anomalies,SB,Solomon Islands,2020,,0.1,,,,METER,meter,,,,,N,National,,
DATAFLOW,SPC:DF_CLIMATE_CHANGE(1.0),Climate Change indicators,I,A,Annual,SEA_LVL,Sea Level Anomalies,SB,Solomon Islands,2021,,0.2,,,,METER,meter,,,,,N,National,,
DATAFLOW,SPC:DF_CLIMATE_CHANGE(1.0),Climate Change indicators,I,A,Annual,SEA_LVL,Sea Level Anomalies,SB,Solomon Islands,2022,,0.2,,,,METER,meter,,,,,N,National,,
DATAFLOW,SPC:DF_CLIMATE_CHANGE(1.0),Climate Change indicators,I,A,Annual,SEA_LVL,Sea Level Anomalies,SB,Solomon Islands,2023,,0.1,,,,METER,meter,,,,,N,National,,
DATAFLOW,SPC:DF_CLIMATE_CHANGE(1.0),Climate Change indicators,I,A,Annual,SEA_LVL,Sea Level Anomalies,NR,Naoero,1993,,0,,,,METER,meter,,,,,N,National,,
DATAFLOW,SPC:DF_CLIMATE_CHANGE(1.0),Climate Change indicators,I,A,Annual,SEA_LVL,Sea Level Anomalies,NR,Naoero,1994,,0,,,,METER,meter,,,,,N,National,,
DATAFLOW,SPC:DF_CLIMATE_CHANGE(1.0),Climate Change indicators,I,A,Annual,SEA_LVL,Sea Level Anomalies,NR,Naoero,1995,,0,,,,METER,meter,,,,,N,National,,
DATAFLOW,SPC:DF_CLIMATE_CHANGE(1.0),Climate Change indicators,I,A,Annual,SEA_LVL,Sea Level Anomalies,NR,Naoero,1996,,0,,,,METER,meter,,,,,N,National,,
DATAFLOW,SPC:DF_CLIMATE_CHANGE(1.0),Climate Change indicators,I,A,Annual,SEA_LVL,Sea Level Anomalies,NR,Naoero,1997,,0,,,,METER,meter,,,,,N,National,,
DATAFLOW,SPC:DF_CLIMATE_CHANGE(1.0),Climate Change indicators,I,A,Annual,SEA_LVL,Sea Level Anomalies,NR,Naoero,1998,,-0.1,,,,METER,meter,,,,,N,National,,
DATAFLOW,SPC:DF_CLIMATE_CHANGE(1.0),Climate Change indicators,I,A,Annual,SEA_LVL,Sea Level Anomalies,NR,Naoero,1999,,0,,,,METER,meter,,,,,N,National,,
DATAFLOW,SPC:DF_CLIMATE_CHANGE(1.0),Climate Change indicators,I,A,Annual,SEA_LVL,Sea Level Anomalies,NR,Naoero,2000,,0,,,,METER,meter,,,,,N,National,,
DATAFLOW,SPC:DF_CLIMATE_CHANGE(1.0),Climate Change indicators,I,A,Annual,SEA_LVL,Sea Level Anomalies,NR,Naoero,2001,,0,,,,METER,meter,,,,,N,National,,
DATAFLOW,SPC:DF_CLIMATE_CHANGE(1.0),Climate Change indicators,I,A,Annual,SEA_LVL,Sea Level Anomalies,NR,Naoero,2002,,0,,,,METER,meter,,,,,N,National,,
DATAFLOW,SPC:DF_CLIMATE_CHANGE(1.0),Climate Change indicators,I,A,Annual,SEA_LVL,Sea Level Anomalies,NR,Naoero,2003,,0,,,,METER,meter,,,,,N,National,,
DATAFLOW,SPC:DF_CLIMATE_CHANGE(1.0),Climate Change indicators,I,A,Annual,SEA_LVL,Sea Level Anomalies,NR,Naoero,2004,,0.1,,,,METER,meter,,,,,N,National,,
DATAFLOW,SPC:DF_CLIMATE_CHANGE(1.0),Climate Change indicators,I,A,Annual,SEA_LVL,Sea Level Anomalies,NR,Naoero,2005,,0.1,,,,METER,meter,,,,,N,National,,
DATAFLOW,SPC:DF_CLIMATE_CHANGE(1.0),Climate Change indicators,I,A,Annual,SEA_LVL,Sea Level Anomalies,NR,Naoero,2006,,0.1,,,,METER,meter,,,,,N,National,,
DATAFLOW,SPC:DF_CLIMATE_CHANGE(1.0),Climate Change indicators,I,A,Annual,SEA_LVL,Sea Level Anomalies,NR,Naoero,2007,,0,,,,METER,meter,,,,,N,National,,
DATAFLOW,SPC:DF_CLIMATE_CHANGE(1.0),Climate Change indicators,I,A,Annual,SEA_LVL,Sea Level Anomalies,NR,Naoero,2008,,0,,,,METER,meter,,,,,N,National,,
DATAFLOW,SPC:DF_CLIMATE_CHANGE(1.0),Climate Change indicators,I,A,Annual,SEA_LVL,Sea Level Anomalies,NR,Naoero,2009,,0.1,,,,METER,meter,,,,,N,National,,
DATAFLOW,SPC:DF_CLIMATE_CHANGE(1.0),Climate Change indicators,I,A,Annual,SEA_LVL,Sea Level Anomalies,NR,Naoero,2010,,0,,,,METER,meter,,,,,N,National,,
DATAFLOW,SPC:DF_CLIMATE_CHANGE(1.0),Climate Change indicators,I,A,Annual,SEA_LVL,Sea Level Anomalies,NR,Naoero,2011,,0.1,,,,METER,meter,,,,,N,National,,
DATAFLOW,SPC:DF_CLIMATE_CHANGE(1.0),Climate Change indicators,I,A,Annual,SEA_LVL,Sea Level Anomalies,NR,Naoero,2012,,0.1,,,,METER,meter,,,,,N,National,,
DATAFLOW,SPC:DF_CLIMATE_CHANGE(1.0),Climate Change indicators,I,A,Annual,SEA_LVL,Sea Level Anomalies,NR,Naoero,2013,,0.1,,,,METER,meter,,,,,N,National,,
DATAFLOW,SPC:DF_CLIMATE_CHANGE(1.0),Climate Change indicators,I,A,Annual,SEA_LVL,Sea Level Anomalies,NR,Naoero,2014,,0.1,,,,METER,meter,,,,,N,National,,
DATAFLOW,SPC:DF_CLIMATE_CHANGE(1.0),Climate Change indicators,I,A,Annual,SEA_LVL,Sea Level Anomalies,NR,Naoero,2015,,0.1,,,,METER,meter,,,,,N,National,,
DATAFLOW,SPC:DF_CLIMATE_CHANGE(1.0),Climate Change indicators,I,A,Annual,SEA_LVL,Sea Level Anomalies,NR,Naoero,2016,,0,,,,METER,meter,,,,,N,National,,
DATAFLOW,SPC:DF_CLIMATE_CHANGE(1.0),Climate Change indicators,I,A,Annual,SEA_LVL,Sea Level Anomalies,NR,Naoero,2017,,0.1,,,,METER,meter,,,,,N,National,,
DATAFLOW,SPC:DF_CLIMATE_CHANGE(1.0),Climate Change indicators,I,A,Annual,SEA_LVL,Sea Level Anomalies,NR,Naoero,2018,,0.1,,,,METER,meter,,,,,N,National,,
DATAFLOW,SPC:DF_CLIMATE_CHANGE(1.0),Climate Change indicators,I,A,Annual,SEA_LVL,Sea Level Anomalies,NR,Naoero,2019,,0.1,,,,METER,meter,,,,,N,National,,
DATAFLOW,SPC:DF_CLIMATE_CHANGE(1.0),Climate Change indicators,I,A,Annual,SEA_LVL,Sea Level Anomalies,NR,Naoero,2020,,0.1,,,,METER,meter,,,,,N,National,,
DATAFLOW,SPC:DF_CLIMATE_CHANGE(1.0),Climate Change indicators,I,A,Annual,SEA_LVL,Sea Level Anomalies,NR,Naoero,2021,,0.1,,,,METER,meter,,,,,N,National,,
DATAFLOW,SPC:DF_CLIMATE_CHANGE(1.0),Climate Change indicators,I,A,Annual,SEA_LVL,Sea Level Anomalies,NR,Naoero,2022,,0.1,,,,METER,meter,,,,,N,National,,
DATAFLOW,SPC:DF_CLIMATE_CHANGE(1.0),Climate Change indicators,I,A,Annual,SEA_LVL,Sea Level Anomalies,NR,Naoero,2023,,0.1,,,,METER,meter,,,,,N,National,,
DATAFLOW,SPC:DF_CLIMATE_CHANGE(1.0),Climate Change indicators,I,A,Annual,SEA_LVL,Sea Level Anomalies,CK,Cook Islands,1993,,0,,,,METER,meter,,,,,N,National,,
DATAFLOW,SPC:DF_CLIMATE_CHANGE(1.0),Climate Change indicators,I,A,Annual,SEA_LVL,Sea Level Anomalies,CK,Cook Islands,1994,,0,,,,METER,meter,,,,,N,National,,
DATAFLOW,SPC:DF_CLIMATE_CHANGE(1.0),Climate Change indicators,I,A,Annual,SEA_LVL,Sea Level Anomalies,CK,Cook Islands,1995,,0,,,,METER,meter,,,,,N,National,,
DATAFLOW,SPC:DF_CLIMATE_CHANGE(1.0),Climate Change indicators,I,A,Annual,SEA_LVL,Sea Level Anomalies,CK,Cook Islands,1996,,0,,,,METER,meter,,,,,N,National,,
DATAFLOW,SPC:DF_CLIMATE_CHANGE(1.0),Climate Change indicators,I,A,Annual,SEA_LVL,Sea Level Anomalies,CK,Cook Islands,1997,,0,,,,METER,meter,,,,,N,National,,
DATAFLOW,SPC:DF_CLIMATE_CHANGE(1.0),Climate Change indicators,I,A,Annual,SEA_LVL,Sea Level Anomalies,CK,Cook Islands,1998,,-0.1,,,,METER,meter,,,,,N,National,,
DATAFLOW,SPC:DF_CLIMATE_CHANGE(1.0),Climate Change indicators,I,A,Annual,SEA_LVL,Sea Level Anomalies,CK,Cook Islands,1999,,0,,,,METER,meter,,,,,N,National,,
DATAFLOW,SPC:DF_CLIMATE_CHANGE(1.0),Climate Change indicators,I,A,Annual,SEA_LVL,Sea Level Anomalies,CK,Cook Islands,2000,,0,,,,METER,meter,,,,,N,National,,
DATAFLOW,SPC:DF_CLIMATE_CHANGE(1.0),Climate Change indicators,I,A,Annual,SEA_LVL,Sea Level Anomalies,CK,Cook Islands,2001,,0,,,,METER,meter,,,,,N,National,,
DATAFLOW,SPC:DF_CLIMATE_CHANGE(1.0),Climate Change indicators,I,A,Annual,SEA_LVL,Sea Level Anomalies,CK,Cook Islands,2002,,0,,,,METER,meter,,,,,N,National,,
DATAFLOW,SPC:DF_CLIMATE_CHANGE(1.0),Climate Change indicators,I,A,Annual,SEA_LVL,Sea Level Anomalies,CK,Cook Islands,2003,,0,,,,METER,meter,,,,,N,National,,
DATAFLOW,SPC:DF_CLIMATE_CHANGE(1.0),Climate Change indicators,I,A,Annual,SEA_LVL,Sea Level Anomalies,CK,Cook Islands,2004,,0,,,,METER,meter,,,,,N,National,,
DATAFLOW,SPC:DF_CLIMATE_CHANGE(1.0),Climate Change indicators,I,A,Annual,SEA_LVL,Sea Level Anomalies,CK,Cook Islands,2005,,0,,,,METER,meter,,,,,N,National,,
DATAFLOW,SPC:DF_CLIMATE_CHANGE(1.0),Climate Change indicators,I,A,Annual,SEA_LVL,Sea Level Anomalies,CK,Cook Islands,2006,,0.1,,,,METER,meter,,,,,N,National,,
DATAFLOW,SPC:DF_CLIMATE_CHANGE(1.0),Climate Change indicators,I,A,Annual,SEA_LVL,Sea Level Anomalies,CK,Cook Islands,2007,,0.1,,,,METER,meter,,,,,N,National,,
DATAFLOW,SPC:DF_CLIMATE_CHANGE(1.0),Climate Change indicators,I,A,Annual,SEA_LVL,Sea Level Anomalies,CK,Cook Islands,2008,,0,,,,METER,meter,,,,,N,National,,
DATAFLOW,SPC:DF_CLIMATE_CHANGE(1.0),Climate Change indicators,I,A,Annual,SEA_LVL,Sea Level Anomalies,CK,Cook Islands,2009,,0,,,,METER,meter,,,,,N,National,,
DATAFLOW,SPC:DF_CLIMATE_CHANGE(1.0),Climate Change indicators,I,A,Annual,SEA_LVL,Sea Level Anomalies,CK,Cook Islands,2010,,0,,,,METER,meter,,,,,N,National,,
DATAFLOW,SPC:DF_CLIMATE_CHANGE(1.0),Climate Change indicators,I,A,Annual,SEA_LVL,Sea Level Anomalies,CK,Cook Islands,2011,,0.1,,,,METER,meter,,,,,N,National,,
DATAFLOW,SPC:DF_CLIMATE_CHANGE(1.0),Climate Change indicators,I,A,Annual,SEA_LVL,Sea Level Anomalies,CK,Cook Islands,2012,,0,,,,METER,meter,,,,,N,National,,
DATAFLOW,SPC:DF_CLIMATE_CHANGE(1.0),Climate Change indicators,I,A,Annual,SEA_LVL,Sea Level Anomalies,CK,Cook Islands,2013,,0,,,,METER,meter,,,,,N,National,,
DATAFLOW,SPC:DF_CLIMATE_CHANGE(1.0),Climate Change indicators,I,A,Annual,SEA_LVL,Sea Level Anomalies,CK,Cook Islands,2014,,0.1,,,,METER,meter,,,,,N,National,,
DATAFLOW,SPC:DF_CLIMATE_CHANGE(1.0),Climate Change indicators,I,A,Annual,SEA_LVL,Sea Level Anomalies,CK,Cook Islands,2015,,0.1,,,,METER,meter,,,,,N,National,,
DATAFLOW,SPC:DF_CLIMATE_CHANGE(1.0),Climate Change indicators,I,A,Annual,SEA_LVL,Sea Level Anomalies,CK,Cook Islands,2016,,0.1,,,,METER,meter,,,,,N,National,,
DATAFLOW,SPC:DF_CLIMATE_CHANGE(1.0),Climate Change indicators,I,A,Annual,SEA_LVL,Sea Level Anomalies,CK,Cook Islands,2017,,0.1,,,,METER,meter,,,,,N,National,,
DATAFLOW,SPC:DF_CLIMATE_CHANGE(1.0),Climate Change indicators,I,A,Annual,SEA_LVL,Sea Level Anomalies,CK,Cook Islands,2018,,0.1,,,,METER,meter,,,,,N,National,,
DATAFLOW,SPC:DF_CLIMATE_CHANGE(1.0),Climate Change indicators,I,A,Annual,SEA_LVL,Sea Level Anomalies,CK,Cook Islands,2019,,0.1,,,,METER,meter,,,,,N,National,,
DATAFLOW,SPC:DF_CLIMATE_CHANGE(1.0),Climate Change indicators,I,A,Annual,SEA_LVL,Sea Level Anomalies,CK,Cook Islands,2020,,0.1,,,,METER,meter,,,,,N,National,,
DATAFLOW,SPC:DF_CLIMATE_CHANGE(1.0),Climate Change indicators,I,A,Annual,SEA_LVL,Sea Level Anomalies,CK,Cook Islands,2021,,0.1,,,,METER,meter,,,,,N,National,,
DATAFLOW,SPC:DF_CLIMATE_CHANGE(1.0),Climate Change indicators,I,A,Annual,SEA_LVL,Sea Level Anomalies,CK,Cook Islands,2022,,0.1,,,,METER,meter,,,,,N,National,,
DATAFLOW,SPC:DF_CLIMATE_CHANGE(1.0),Climate Change indicators,I,A,Annual,SEA_LVL,Sea Level Anomalies,CK,Cook Islands,2023,,0.1,,,,METER,meter,,,,,N,National,,
DATAFLOW,SPC:DF_CLIMATE_CHANGE(1.0),Climate Change indicators,I,A,Annual,SEA_LVL,Sea Level Anomalies,TK,Tokelau,1993,,0,,,,METER,meter,,,,,N,National,,
DATAFLOW,SPC:DF_CLIMATE_CHANGE(1.0),Climate Change indicators,I,A,Annual,SEA_LVL,Sea Level Anomalies,TK,Tokelau,1994,,0,,,,METER,meter,,,,,N,National,,
DATAFLOW,SPC:DF_CLIMATE_CHANGE(1.0),Climate Change indicators,I,A,Annual,SEA_LVL,Sea Level Anomalies,TK,Tokelau,1995,,0.1,,,,METER,meter,,,,,N,National,,
DATAFLOW,SPC:DF_CLIMATE_CHANGE(1.0),Climate Change indicators,I,A,Annual,SEA_LVL,Sea Level Anomalies,TK,Tokelau,1996,,0,,,,METER,meter,,,,,N,National,,
DATAFLOW,SPC:DF_CLIMATE_CHANGE(1.0),Climate Change indicators,I,A,Annual,SEA_LVL,Sea Level Anomalies,TK,Tokelau,1997,,0,,,,METER,meter,,,,,N,National,,
DATAFLOW,SPC:DF_CLIMATE_CHANGE(1.0),Climate Change indicators,I,A,Annual,SEA_LVL,Sea Level Anomalies,TK,Tokelau,1998,,-0.1,,,,METER,meter,,,,,N,National,,
DATAFLOW,SPC:DF_CLIMATE_CHANGE(1.0),Climate Change indicators,I,A,Annual,SEA_LVL,Sea Level Anomalies,TK,Tokelau,1999,,0,,,,METER,meter,,,,,N,National,,
DATAFLOW,SPC:DF_CLIMATE_CHANGE(1.0),Climate Change indicators,I,A,Annual,SEA_LVL,Sea Level Anomalies,TK,Tokelau,2000,,0,,,,METER,meter,,,,,N,National,,
DATAFLOW,SPC:DF_CLIMATE_CHANGE(1.0),Climate Change indicators,I,A,Annual,SEA_LVL,Sea Level Anomalies,TK,Tokelau,2001,,0,,,,METER,meter,,,,,N,National,,
DATAFLOW,SPC:DF_CLIMATE_CHANGE(1.0),Climate Change indicators,I,A,Annual,SEA_LVL,Sea Level Anomalies,TK,Tokelau,2002,,0.1,,,,METER,meter,,,,,N,National,,
DATAFLOW,SPC:DF_CLIMATE_CHANGE(1.0),Climate Change indicators,I,A,Annual,SEA_LVL,Sea Level Anomalies,TK,Tokelau,2003,,0.1,,,,METER,meter,,,,,N,National,,
DATAFLOW,SPC:DF_CLIMATE_CHANGE(1.0),Climate Change indicators,I,A,Annual,SEA_LVL,Sea Level Anomalies,TK,Tokelau,2004,,0.1,,,,METER,meter,,,,,N,National,,
DATAFLOW,SPC:DF_CLIMATE_CHANGE(1.0),Climate Change indicators,I,A,Annual,SEA_LVL,Sea Level Anomalies,TK,Tokelau,2005,,0.1,,,,METER,meter,,,,,N,National,,
DATAFLOW,SPC:DF_CLIMATE_CHANGE(1.0),Climate Change indicators,I,A,Annual,SEA_LVL,Sea Level Anomalies,TK,Tokelau,2006,,0,,,,METER,meter,,,,,N,National,,
DATAFLOW,SPC:DF_CLIMATE_CHANGE(1.0),Climate Change indicators,I,A,Annual,SEA_LVL,Sea Level Anomalies,TK,Tokelau,2007,,0.1,,,,METER,meter,,,,,N,National,,
DATAFLOW,SPC:DF_CLIMATE_CHANGE(1.0),Climate Change indicators,I,A,Annual,SEA_LVL,Sea Level Anomalies,TK,Tokelau,2008,,0,,,,METER,meter,,,,,N,National,,
DATAFLOW,SPC:DF_CLIMATE_CHANGE(1.0),Climate Change indicators,I,A,Annual,SEA_LVL,Sea Level Anomalies,TK,Tokelau,2009,,0,,,,METER,meter,,,,,N,National,,
DATAFLOW,SPC:DF_CLIMATE_CHANGE(1.0),Climate Change indicators,I,A,Annual,SEA_LVL,Sea Level Anomalies,TK,Tokelau,2010,,0,,,,METER,meter,,,,,N,National,,
DATAFLOW,SPC:DF_CLIMATE_CHANGE(1.0),Climate Change indicators,I,A,Annual,SEA_LVL,Sea Level Anomalies,TK,Tokelau,2011,,0,,,,METER,meter,,,,,N,National,,
DATAFLOW,SPC:DF_CLIMATE_CHANGE(1.0),Climate Change indicators,I,A,Annual,SEA_LVL,Sea Level Anomalies,TK,Tokelau,2012,,0,,,,METER,meter,,,,,N,National,,
DATAFLOW,SPC:DF_CLIMATE_CHANGE(1.0),Climate Change indicators,I,A,Annual,SEA_LVL,Sea Level Anomalies,TK,Tokelau,2013,,0.1,,,,METER,meter,,,,,N,National,,
DATAFLOW,SPC:DF_CLIMATE_CHANGE(1.0),Climate Change indicators,I,A,Annual,SEA_LVL,Sea Level Anomalies,TK,Tokelau,2014,,0.1,,,,METER,meter,,,,,N,National,,
DATAFLOW,SPC:DF_CLIMATE_CHANGE(1.0),Climate Change indicators,I,A,Annual,SEA_LVL,Sea Level Anomalies,TK,Tokelau,2015,,0.1,,,,METER,meter,,,,,N,National,,
DATAFLOW,SPC:DF_CLIMATE_CHANGE(1.0),Climate Change indicators,I,A,Annual,SEA_LVL,Sea Level Anomalies,TK,Tokelau,2016,,0,,,,METER,meter,,,,,N,National,,
DATAFLOW,SPC:DF_CLIMATE_CHANGE(1.0),Climate Change indicators,I,A,Annual,SEA_LVL,Sea Level Anomalies,TK,Tokelau,2017,,0.1,,,,METER,meter,,,,,N,National,,
DATAFLOW,SPC:DF_CLIMATE_CHANGE(1.0),Climate Change indicators,I,A,Annual,SEA_LVL,Sea Level Anomalies,TK,Tokelau,2018,,0.1,,,,METER,meter,,,,,N,National,,
DATAFLOW,SPC:DF_CLIMATE_CHANGE(1.0),Climate Change indicators,I,A,Annual,SEA_LVL,Sea Level Anomalies,TK,Tokelau,2019,,0.1,,,,METER,meter,,,,,N,National,,
DATAFLOW,SPC:DF_CLIMATE_CHANGE(1.0),Climate Change indicators,I,A,Annual,SEA_LVL,Sea Level Anomalies,TK,Tokelau,2020,,0.1,,,,METER,meter,,,,,N,National,,
DATAFLOW,SPC:DF_CLIMATE_CHANGE(1.0),Climate Change indicators,I,A,Annual,SEA_LVL,Sea Level Anomalies,TK,Tokelau,2021,,0.1,,,,METER,meter,,,,,N,National,,
DATAFLOW,SPC:DF_CLIMATE_CHANGE(1.0),Climate Change indicators,I,A,Annual,SEA_LVL,Sea Level Anomalies,TK,Tokelau,2022,,0.1,,,,METER,meter,,,,,N,National,,
DATAFLOW,SPC:DF_CLIMATE_CHANGE(1.0),Climate Change indicators,I,A,Annual,SEA_LVL,Sea Level Anomalies,TK,Tokelau,2023,,0.1,,,,METER,meter,,,,,N,National,,
DATAFLOW,SPC:DF_CLIMATE_CHANGE(1.0),Climate Change indicators,I,A,Annual,SEA_LVL,Sea Level Anomalies,MP,Northern Mariana Islands,1993,,0,,,,METER,meter,,,,,N,National,,
DATAFLOW,SPC:DF_CLIMATE_CHANGE(1.0),Climate Change indicators,I,A,Annual,SEA_LVL,Sea Level Anomalies,MP,Northern Mariana Islands,1994,,0,,,,METER,meter,,,,,N,National,,
DATAFLOW,SPC:DF_CLIMATE_CHANGE(1.0),Climate Change indicators,I,A,Annual,SEA_LVL,Sea Level Anomalies,MP,Northern Mariana Islands,1995,,0,,,,METER,meter,,,,,N,National,,
DATAFLOW,SPC:DF_CLIMATE_CHANGE(1.0),Climate Change indicators,I,A,Annual,SEA_LVL,Sea Level Anomalies,MP,Northern Mariana Islands,1996,,0,,,,METER,meter,,,,,N,National,,
DATAFLOW,SPC:DF_CLIMATE_CHANGE(1.0),Climate Change indicators,I,A,Annual,SEA_LVL,Sea Level Anomalies,MP,Northern Mariana Islands,1997,,0,,,,METER,meter,,,,,N,National,,
DATAFLOW,SPC:DF_CLIMATE_CHANGE(1.0),Climate Change indicators,I,A,Annual,SEA_LVL,Sea Level Anomalies,MP,Northern Mariana Islands,1998,,0,,,,METER,meter,,,,,N,National,,
DATAFLOW,SPC:DF_CLIMATE_CHANGE(1.0),Climate Change indicators,I,A,Annual,SEA_LVL,Sea Level Anomalies,MP,Northern Mariana Islands,1999,,0,,,,METER,meter,,,,,N,National,,
DATAFLOW,SPC:DF_CLIMATE_CHANGE(1.0),Climate Change indicators,I,A,Annual,SEA_LVL,Sea Level Anomalies,MP,Northern Mariana Islands,2000,,0,,,,METER,meter,,,,,N,National,,
DATAFLOW,SPC:DF_CLIMATE_CHANGE(1.0),Climate Change indicators,I,A,Annual,SEA_LVL,Sea Level Anomalies,MP,Northern Mariana Islands,2001,,0,,,,METER,meter,,,,,N,National,,
DATAFLOW,SPC:DF_CLIMATE_CHANGE(1.0),Climate Change indicators,I,A,Annual,SEA_LVL,Sea Level Anomalies,MP,Northern Mariana Islands,2002,,0,,,,METER,meter,,,,,N,National,,
DATAFLOW,SPC:DF_CLIMATE_CHANGE(1.0),Climate Change indicators,I,A,Annual,SEA_LVL,Sea Level Anomalies,MP,Northern Mariana Islands,2003,,0,,,,METER,meter,,,,,N,National,,
DATAFLOW,SPC:DF_CLIMATE_CHANGE(1.0),Climate Change indicators,I,A,Annual,SEA_LVL,Sea Level Anomalies,MP,Northern Mariana Islands,2004,,0,,,,METER,meter,,,,,N,National,,
DATAFLOW,SPC:DF_CLIMATE_CHANGE(1.0),Climate Change indicators,I,A,Annual,SEA_LVL,Sea Level Anomalies,MP,Northern Mariana Islands,2005,,0.1,,,,METER,meter,,,,,N,National,,
DATAFLOW,SPC:DF_CLIMATE_CHANGE(1.0),Climate Change indicators,I,A,Annual,SEA_LVL,Sea Level Anomalies,MP,Northern Mariana Islands,2006,,0,,,,METER,meter,,,,,N,National,,
DATAFLOW,SPC:DF_CLIMATE_CHANGE(1.0),Climate Change indicators,I,A,Annual,SEA_LVL,Sea Level Anomalies,MP,Northern Mariana Islands,2007,,0.1,,,,METER,meter,,,,,N,National,,
DATAFLOW,SPC:DF_CLIMATE_CHANGE(1.0),Climate Change indicators,I,A,Annual,SEA_LVL,Sea Level Anomalies,MP,Northern Mariana Islands,2008,,0.1,,,,METER,meter,,,,,N,National,,
DATAFLOW,SPC:DF_CLIMATE_CHANGE(1.0),Climate Change indicators,I,A,Annual,SEA_LVL,Sea Level Anomalies,MP,Northern Mariana Islands,2009,,0,,,,METER,meter,,,,,N,National,,
DATAFLOW,SPC:DF_CLIMATE_CHANGE(1.0),Climate Change indicators,I,A,Annual,SEA_LVL,Sea Level Anomalies,MP,Northern Mariana Islands,2010,,0,,,,METER,meter,,,,,N,National,,
DATAFLOW,SPC:DF_CLIMATE_CHANGE(1.0),Climate Change indicators,I,A,Annual,SEA_LVL,Sea Level Anomalies,MP,Northern Mariana Islands,2011,,0,,,,METER,meter,,,,,N,National,,
DATAFLOW,SPC:DF_CLIMATE_CHANGE(1.0),Climate Change indicators,I,A,Annual,SEA_LVL,Sea Level Anomalies,MP,Northern Mariana Islands,2012,,0,,,,METER,meter,,,,,N,National,,
DATAFLOW,SPC:DF_CLIMATE_CHANGE(1.0),Climate Change indicators,I,A,Annual,SEA_LVL,Sea Level Anomalies,MP,Northern Mariana Islands,2013,,0.1,,,,METER,meter,,,,,N,National,,
DATAFLOW,SPC:DF_CLIMATE_CHANGE(1.0),Climate Change indicators,I,A,Annual,SEA_LVL,Sea Level Anomalies,MP,Northern Mariana Islands,2014,,0,,,,METER,meter,,,,,N,National,,
DATAFLOW,SPC:DF_CLIMATE_CHANGE(1.0),Climate Change indicators,I,A,Annual,SEA_LVL,Sea Level Anomalies,MP,Northern Mariana Islands,2015,,0,,,,METER,meter,,,,,N,National,,
DATAFLOW,SPC:DF_CLIMATE_CHANGE(1.0),Climate Change indicators,I,A,Annual,SEA_LVL,Sea Level Anomalies,MP,Northern Mariana Islands,2016,,0,,,,METER,meter,,,,,N,National,,
DATAFLOW,SPC:DF_CLIMATE_CHANGE(1.0),Climate Change indicators,I,A,Annual,SEA_LVL,Sea Level Anomalies,MP,Northern Mariana Islands,2017,,0.1,,,,METER,meter,,,,,N,National,,
DATAFLOW,SPC:DF_CLIMATE_CHANGE(1.0),Climate Change indicators,I,A,Annual,SEA_LVL,Sea Level Anomalies,MP,Northern Mariana Islands,2018,,0.1,,,,METER,meter,,,,,N,National,,
DATAFLOW,SPC:DF_CLIMATE_CHANGE(1.0),Climate Change indicators,I,A,Annual,SEA_LVL,Sea Level Anomalies,MP,Northern Mariana Islands,2019,,0.1,,,,METER,meter,,,,,N,National,,
DATAFLOW,SPC:DF_CLIMATE_CHANGE(1.0),Climate Change indicators,I,A,Annual,SEA_LVL,Sea Level Anomalies,MP,Northern Mariana Islands,2020,,0.1,,,,METER,meter,,,,,N,National,,
DATAFLOW,SPC:DF_CLIMATE_CHANGE(1.0),Climate Change indicators,I,A,Annual,SEA_LVL,Sea Level Anomalies,MP,Northern Mariana Islands,2021,,0.1,,,,METER,meter,,,,,N,National,,
DATAFLOW,SPC:DF_CLIMATE_CHANGE(1.0),Climate Change indicators,I,A,Annual,SEA_LVL,Sea Level Anomalies,MP,Northern Mariana Islands,2022,,0.1,,,,METER,meter,,,,,N,National,,
DATAFLOW,SPC:DF_CLIMATE_CHANGE(1.0),Climate Change indicators,I,A,Annual,SEA_LVL,Sea Level Anomalies,MP,Northern Mariana Islands,2023,,0.1,,,,METER,meter,,,,,N,National,,
DATAFLOW,SPC:DF_CLIMATE_CHANGE(1.0),Climate Change indicators,I,A,Annual,SEA_LVL,Sea Level Anomalies,PF,French Polynesia,1993,,0,,,,METER,meter,,,,,N,National,,
DATAFLOW,SPC:DF_CLIMATE_CHANGE(1.0),Climate Change indicators,I,A,Annual,SEA_LVL,Sea Level Anomalies,PF,French Polynesia,1994,,0,,,,METER,meter,,,,,N,National,,
DATAFLOW,SPC:DF_CLIMATE_CHANGE(1.0),Climate Change indicators,I,A,Annual,SEA_LVL,Sea Level Anomalies,PF,French Polynesia,1995,,0,,,,METER,meter,,,,,N,National,,
DATAFLOW,SPC:DF_CLIMATE_CHANGE(1.0),Climate Change indicators,I,A,Annual,SEA_LVL,Sea Level Anomalies,PF,French Polynesia,1996,,0,,,,METER,meter,,,,,N,National,,
DATAFLOW,SPC:DF_CLIMATE_CHANGE(1.0),Climate Change indicators,I,A,Annual,SEA_LVL,Sea Level Anomalies,PF,French Polynesia,1997,,0,,,,METER,meter,,,,,N,National,,
DATAFLOW,SPC:DF_CLIMATE_CHANGE(1.0),Climate Change indicators,I,A,Annual,SEA_LVL,Sea Level Anomalies,PF,French Polynesia,1998,,0,,,,METER,meter,,,,,N,National,,
DATAFLOW,SPC:DF_CLIMATE_CHANGE(1.0),Climate Change indicators,I,A,Annual,SEA_LVL,Sea Level Anomalies,PF,French Polynesia,1999,,0,,,,METER,meter,,,,,N,National,,
DATAFLOW,SPC:DF_CLIMATE_CHANGE(1.0),Climate Change indicators,I,A,Annual,SEA_LVL,Sea Level Anomalies,PF,French Polynesia,2000,,0,,,,METER,meter,,,,,N,National,,
DATAFLOW,SPC:DF_CLIMATE_CHANGE(1.0),Climate Change indicators,I,A,Annual,SEA_LVL,Sea Level Anomalies,PF,French Polynesia,2001,,0,,,,METER,meter,,,,,N,National,,
DATAFLOW,SPC:DF_CLIMATE_CHANGE(1.0),Climate Change indicators,I,A,Annual,SEA_LVL,Sea Level Anomalies,PF,French Polynesia,2002,,0,,,,METER,meter,,,,,N,National,,
DATAFLOW,SPC:DF_CLIMATE_CHANGE(1.0),Climate Change indicators,I,A,Annual,SEA_LVL,Sea Level Anomalies,PF,French Polynesia,2003,,0,,,,METER,meter,,,,,N,National,,
DATAFLOW,SPC:DF_CLIMATE_CHANGE(1.0),Climate Change indicators,I,A,Annual,SEA_LVL,Sea Level Anomalies,PF,French Polynesia,2004,,0,,,,METER,meter,,,,,N,National,,
DATAFLOW,SPC:DF_CLIMATE_CHANGE(1.0),Climate Change indicators,I,A,Annual,SEA_LVL,Sea Level Anomalies,PF,French Polynesia,2005,,0,,,,METER,meter,,,,,N,National,,
DATAFLOW,SPC:DF_CLIMATE_CHANGE(1.0),Climate Change indicators,I,A,Annual,SEA_LVL,Sea Level Anomalies,PF,French Polynesia,2006,,0.1,,,,METER,meter,,,,,N,National,,
DATAFLOW,SPC:DF_CLIMATE_CHANGE(1.0),Climate Change indicators,I,A,Annual,SEA_LVL,Sea Level Anomalies,PF,French Polynesia,2007,,0,,,,METER,meter,,,,,N,National,,
DATAFLOW,SPC:DF_CLIMATE_CHANGE(1.0),Climate Change indicators,I,A,Annual,SEA_LVL,Sea Level Anomalies,PF,French Polynesia,2008,,0,,,,METER,meter,,,,,N,National,,
DATAFLOW,SPC:DF_CLIMATE_CHANGE(1.0),Climate Change indicators,I,A,Annual,SEA_LVL,Sea Level Anomalies,PF,French Polynesia,2009,,0,,,,METER,meter,,,,,N,National,,
DATAFLOW,SPC:DF_CLIMATE_CHANGE(1.0),Climate Change indicators,I,A,Annual,SEA_LVL,Sea Level Anomalies,PF,French Polynesia,2010,,0,,,,METER,meter,,,,,N,National,,
DATAFLOW,SPC:DF_CLIMATE_CHANGE(1.0),Climate Change indicators,I,A,Annual,SEA_LVL,Sea Level Anomalies,PF,French Polynesia,2011,,0,,,,METER,meter,,,,,N,National,,
DATAFLOW,SPC:DF_CLIMATE_CHANGE(1.0),Climate Change indicators,I,A,Annual,SEA_LVL,Sea Level Anomalies,PF,French Polynesia,2012,,0,,,,METER,meter,,,,,N,National,,
DATAFLOW,SPC:DF_CLIMATE_CHANGE(1.0),Climate Change indicators,I,A,Annual,SEA_LVL,Sea Level Anomalies,PF,French Polynesia,2013,,0,,,,METER,meter,,,,,N,National,,
DATAFLOW,SPC:DF_CLIMATE_CHANGE(1.0),Climate Change indicators,I,A,Annual,SEA_LVL,Sea Level Anomalies,PF,French Polynesia,2014,,0.1,,,,METER,meter,,,,,N,National,,
DATAFLOW,SPC:DF_CLIMATE_CHANGE(1.0),Climate Change indicators,I,A,Annual,SEA_LVL,Sea Level Anomalies,PF,French Polynesia,2015,,0.1,,,,METER,meter,,,,,N,National,,
DATAFLOW,SPC:DF_CLIMATE_CHANGE(1.0),Climate Change indicators,I,A,Annual,SEA_LVL,Sea Level Anomalies,PF,French Polynesia,2016,,0.1,,,,METER,meter,,,,,N,National,,
DATAFLOW,SPC:DF_CLIMATE_CHANGE(1.0),Climate Change indicators,I,A,Annual,SEA_LVL,Sea Level Anomalies,PF,French Polynesia,2017,,0.1,,,,METER,meter,,,,,N,National,,
DATAFLOW,SPC:DF_CLIMATE_CHANGE(1.0),Climate Change indicators,I,A,Annual,SEA_LVL,Sea Level Anomalies,PF,French Polynesia,2018,,0.1,,,,METER,meter,,,,,N,National,,
DATAFLOW,SPC:DF_CLIMATE_CHANGE(1.0),Climate Change indicators,I,A,Annual,SEA_LVL,Sea Level Anomalies,PF,French Polynesia,2019,,0.1,,,,METER,meter,,,,,N,National,,
DATAFLOW,SPC:DF_CLIMATE_CHANGE(1.0),Climate Change indicators,I,A,Annual,SEA_LVL,Sea Level Anomalies,PF,French Polynesia,2020,,0.1,,,,METER,meter,,,,,N,National,,
DATAFLOW,SPC:DF_CLIMATE_CHANGE(1.0),Climate Change indicators,I,A,Annual,SEA_LVL,Sea Level Anomalies,PF,French Polynesia,2021,,0.1,,,,METER,meter,,,,,N,National,,
DATAFLOW,SPC:DF_CLIMATE_CHANGE(1.0),Climate Change indicators,I,A,Annual,SEA_LVL,Sea Level Anomalies,PF,French Polynesia,2022,,0.1,,,,METER,meter,,,,,N,National,,
DATAFLOW,SPC:DF_CLIMATE_CHANGE(1.0),Climate Change indicators,I,A,Annual,SEA_LVL,Sea Level Anomalies,PF,French Polynesia,2023,,0.1,,,,METER,meter,,,,,N,National,,
DATAFLOW,SPC:DF_CLIMATE_CHANGE(1.0),Climate Change indicators,I,A,Annual,SEA_LVL,Sea Level Anomalies,WF,Wallis and Futuna,1993,,0,,,,METER,meter,,,,,N,National,,
DATAFLOW,SPC:DF_CLIMATE_CHANGE(1.0),Climate Change indicators,I,A,Annual,SEA_LVL,Sea Level Anomalies,WF,Wallis and Futuna,1994,,0,,,,METER,meter,,,,,N,National,,
DATAFLOW,SPC:DF_CLIMATE_CHANGE(1.0),Climate Change indicators,I,A,Annual,SEA_LVL,Sea Level Anomalies,WF,Wallis and Futuna,1995,,0,,,,METER,meter,,,,,N,National,,
DATAFLOW,SPC:DF_CLIMATE_CHANGE(1.0),Climate Change indicators,I,A,Annual,SEA_LVL,Sea Level Anomalies,WF,Wallis and Futuna,1996,,0.1,,,,METER,meter,,,,,N,National,,
DATAFLOW,SPC:DF_CLIMATE_CHANGE(1.0),Climate Change indicators,I,A,Annual,SEA_LVL,Sea Level Anomalies,WF,Wallis and Futuna,1997,,0,,,,METER,meter,,,,,N,National,,
DATAFLOW,SPC:DF_CLIMATE_CHANGE(1.0),Climate Change indicators,I,A,Annual,SEA_LVL,Sea Level Anomalies,WF,Wallis and Futuna,1998,,-0.2,,,,METER,meter,,,,,N,National,,
DATAFLOW,SPC:DF_CLIMATE_CHANGE(1.0),Climate Change indicators,I,A,Annual,SEA_LVL,Sea Level Anomalies,WF,Wallis and Futuna,1999,,0,,,,METER,meter,,,,,N,National,,
DATAFLOW,SPC:DF_CLIMATE_CHANGE(1.0),Climate Change indicators,I,A,Annual,SEA_LVL,Sea Level Anomalies,WF,Wallis and Futuna,2000,,0,,,,METER,meter,,,,,N,National,,
DATAFLOW,SPC:DF_CLIMATE_CHANGE(1.0),Climate Change indicators,I,A,Annual,SEA_LVL,Sea Level Anomalies,WF,Wallis and Futuna,2001,,0.1,,,,METER,meter,,,,,N,National,,
DATAFLOW,SPC:DF_CLIMATE_CHANGE(1.0),Climate Change indicators,I,A,Annual,SEA_LVL,Sea Level Anomalies,WF,Wallis and Futuna,2002,,0,,,,METER,meter,,,,,N,National,,
DATAFLOW,SPC:DF_CLIMATE_CHANGE(1.0),Climate Change indicators,I,A,Annual,SEA_LVL,Sea Level Anomalies,WF,Wallis and Futuna,2003,,0,,,,METER,meter,,,,,N,National,,
DATAFLOW,SPC:DF_CLIMATE_CHANGE(1.0),Climate Change indicators,I,A,Annual,SEA_LVL,Sea Level Anomalies,WF,Wallis and Futuna,2004,,0,,,,METER,meter,,,,,N,National,,
DATAFLOW,SPC:DF_CLIMATE_CHANGE(1.0),Climate Change indicators,I,A,Annual,SEA_LVL,Sea Level Anomalies,WF,Wallis and Futuna,2005,,0,,,,METER,meter,,,,,N,National,,
DATAFLOW,SPC:DF_CLIMATE_CHANGE(1.0),Climate Change indicators,I,A,Annual,SEA_LVL,Sea Level Anomalies,WF,Wallis and Futuna,2006,,0.1,,,,METER,meter,,,,,N,National,,
DATAFLOW,SPC:DF_CLIMATE_CHANGE(1.0),Climate Change indicators,I,A,Annual,SEA_LVL,Sea Level Anomalies,WF,Wallis and Futuna,2007,,0.1,,,,METER,meter,,,,,N,National,,
DATAFLOW,SPC:DF_CLIMATE_CHANGE(1.0),Climate Change indicators,I,A,Annual,SEA_LVL,Sea Level Anomalies,WF,Wallis and Futuna,2008,,0.1,,,,METER,meter,,,,,N,National,,
DATAFLOW,SPC:DF_CLIMATE_CHANGE(1.0),Climate Change indicators,I,A,Annual,SEA_LVL,Sea Level Anomalies,WF,Wallis and Futuna,2009,,0.1,,,,METER,meter,,,,,N,National,,
DATAFLOW,SPC:DF_CLIMATE_CHANGE(1.0),Climate Change indicators,I,A,Annual,SEA_LVL,Sea Level Anomalies,WF,Wallis and Futuna,2010,,0,,,,METER,meter,,,,,N,National,,
DATAFLOW,SPC:DF_CLIMATE_CHANGE(1.0),Climate Change indicators,I,A,Annual,SEA_LVL,Sea Level Anomalies,WF,Wallis and Futuna,2011,,0.1,,,,METER,meter,,,,,N,National,,
DATAFLOW,SPC:DF_CLIMATE_CHANGE(1.0),Climate Change indicators,I,A,Annual,SEA_LVL,Sea Level Anomalies,WF,Wallis and Futuna,2012,,0.1,,,,METER,meter,,,,,N,National,,
DATAFLOW,SPC:DF_CLIMATE_CHANGE(1.0),Climate Change indicators,I,A,Annual,SEA_LVL,Sea Level Anomalies,WF,Wallis and Futuna,2013,,0,,,,METER,meter,,,,,N,National,,
DATAFLOW,SPC:DF_CLIMATE_CHANGE(1.0),Climate Change indicators,I,A,Annual,SEA_LVL,Sea Level Anomalies,WF,Wallis and Futuna,2014,,0,,,,METER,meter,,,,,N,National,,
DATAFLOW,SPC:DF_CLIMATE_CHANGE(1.0),Climate Change indicators,I,A,Annual,SEA_LVL,Sea Level Anomalies,WF,Wallis and Futuna,2015,,0,,,,METER,meter,,,,,N,National,,
DATAFLOW,SPC:DF_CLIMATE_CHANGE(1.0),Climate Change indicators,I,A,Annual,SEA_LVL,Sea Level Anomalies,WF,Wallis and Futuna,2016,,0,,,,METER,meter,,,,,N,National,,
DATAFLOW,SPC:DF_CLIMATE_CHANGE(1.0),Climate Change indicators,I,A,Annual,SEA_LVL,Sea Level Anomalies,WF,Wallis and Futuna,2017,,0.1,,,,METER,meter,,,,,N,National,,
DATAFLOW,SPC:DF_CLIMATE_CHANGE(1.0),Climate Change indicators,I,A,Annual,SEA_LVL,Sea Level Anomalies,WF,Wallis and Futuna,2018,,0.1,,,,METER,meter,,,,,N,National,,
DATAFLOW,SPC:DF_CLIMATE_CHANGE(1.0),Climate Change indicators,I,A,Annual,SEA_LVL,Sea Level Anomalies,WF,Wallis and Futuna,2019,,0.1,,,,METER,meter,,,,,N,National,,
DATAFLOW,SPC:DF_CLIMATE_CHANGE(1.0),Climate Change indicators,I,A,Annual,SEA_LVL,Sea Level Anomalies,WF,Wallis and Futuna,2020,,0.1,,,,METER,meter,,,,,N,National,,
DATAFLOW,SPC:DF_CLIMATE_CHANGE(1.0),Climate Change indicators,I,A,Annual,SEA_LVL,Sea Level Anomalies,WF,Wallis and Futuna,2021,,0.2,,,,METER,meter,,,,,N,National,,
DATAFLOW,SPC:DF_CLIMATE_CHANGE(1.0),Climate Change indicators,I,A,Annual,SEA_LVL,Sea Level Anomalies,WF,Wallis and Futuna,2022,,0.1,,,,METER,meter,,,,,N,National,,
DATAFLOW,SPC:DF_CLIMATE_CHANGE(1.0),Climate Change indicators,I,A,Annual,SEA_LVL,Sea Level Anomalies,WF,Wallis and Futuna,2023,,0.1,,,,METER,meter,,,,,N,National,,
DATAFLOW,SPC:DF_CLIMATE_CHANGE(1.0),Climate Change indicators,I,A,Annual,SEA_LVL,Sea Level Anomalies,MH,Marshall Islands,1993,,0,,,,METER,meter,,,,,N,National,,
DATAFLOW,SPC:DF_CLIMATE_CHANGE(1.0),Climate Change indicators,I,A,Annual,SEA_LVL,Sea Level Anomalies,MH,Marshall Islands,1994,,0,,,,METER,meter,,,,,N,National,,
DATAFLOW,SPC:DF_CLIMATE_CHANGE(1.0),Climate Change indicators,I,A,Annual,SEA_LVL,Sea Level Anomalies,MH,Marshall Islands,1995,,0,,,,METER,meter,,,,,N,National,,
DATAFLOW,SPC:DF_CLIMATE_CHANGE(1.0),Climate Change indicators,I,A,Annual,SEA_LVL,Sea Level Anomalies,MH,Marshall Islands,1996,,0,,,,METER,meter,,,,,N,National,,
DATAFLOW,SPC:DF_CLIMATE_CHANGE(1.0),Climate Change indicators,I,A,Annual,SEA_LVL,Sea Level Anomalies,MH,Marshall Islands,1997,,-0.1,,,,METER,meter,,,,,N,National,,
DATAFLOW,SPC:DF_CLIMATE_CHANGE(1.0),Climate Change indicators,I,A,Annual,SEA_LVL,Sea Level Anomalies,MH,Marshall Islands,1998,,0,,,,METER,meter,,,,,N,National,,
DATAFLOW,SPC:DF_CLIMATE_CHANGE(1.0),Climate Change indicators,I,A,Annual,SEA_LVL,Sea Level Anomalies,MH,Marshall Islands,1999,,0,,,,METER,meter,,,,,N,National,,
DATAFLOW,SPC:DF_CLIMATE_CHANGE(1.0),Climate Change indicators,I,A,Annual,SEA_LVL,Sea Level Anomalies,MH,Marshall Islands,2000,,0,,,,METER,meter,,,,,N,National,,
DATAFLOW,SPC:DF_CLIMATE_CHANGE(1.0),Climate Change indicators,I,A,Annual,SEA_LVL,Sea Level Anomalies,MH,Marshall Islands,2001,,0,,,,METER,meter,,,,,N,National,,
DATAFLOW,SPC:DF_CLIMATE_CHANGE(1.0),Climate Change indicators,I,A,Annual,SEA_LVL,Sea Level Anomalies,MH,Marshall Islands,2002,,0,,,,METER,meter,,,,,N,National,,
DATAFLOW,SPC:DF_CLIMATE_CHANGE(1.0),Climate Change indicators,I,A,Annual,SEA_LVL,Sea Level Anomalies,MH,Marshall Islands,2003,,0,,,,METER,meter,,,,,N,National,,
DATAFLOW,SPC:DF_CLIMATE_CHANGE(1.0),Climate Change indicators,I,A,Annual,SEA_LVL,Sea Level Anomalies,MH,Marshall Islands,2004,,0,,,,METER,meter,,,,,N,National,,
DATAFLOW,SPC:DF_CLIMATE_CHANGE(1.0),Climate Change indicators,I,A,Annual,SEA_LVL,Sea Level Anomalies,MH,Marshall Islands,2005,,0.1,,,,METER,meter,,,,,N,National,,
DATAFLOW,SPC:DF_CLIMATE_CHANGE(1.0),Climate Change indicators,I,A,Annual,SEA_LVL,Sea Level Anomalies,MH,Marshall Islands,2006,,0,,,,METER,meter,,,,,N,National,,
DATAFLOW,SPC:DF_CLIMATE_CHANGE(1.0),Climate Change indicators,I,A,Annual,SEA_LVL,Sea Level Anomalies,MH,Marshall Islands,2007,,0.1,,,,METER,meter,,,,,N,National,,
DATAFLOW,SPC:DF_CLIMATE_CHANGE(1.0),Climate Change indicators,I,A,Annual,SEA_LVL,Sea Level Anomalies,MH,Marshall Islands,2008,,0.1,,,,METER,meter,,,,,N,National,,
DATAFLOW,SPC:DF_CLIMATE_CHANGE(1.0),Climate Change indicators,I,A,Annual,SEA_LVL,Sea Level Anomalies,MH,Marshall Islands,2009,,0,,,,METER,meter,,,,,N,National,,
DATAFLOW,SPC:DF_CLIMATE_CHANGE(1.0),Climate Change indicators,I,A,Annual,SEA_LVL,Sea Level Anomalies,MH,Marshall Islands,2010,,0.1,,,,METER,meter,,,,,N,National,,
DATAFLOW,SPC:DF_CLIMATE_CHANGE(1.0),Climate Change indicators,I,A,Annual,SEA_LVL,Sea Level Anomalies,MH,Marshall Islands,2011,,0.1,,,,METER,meter,,,,,N,National,,
DATAFLOW,SPC:DF_CLIMATE_CHANGE(1.0),Climate Change indicators,I,A,Annual,SEA_LVL,Sea Level Anomalies,MH,Marshall Islands,2012,,0.1,,,,METER,meter,,,,,N,National,,
DATAFLOW,SPC:DF_CLIMATE_CHANGE(1.0),Climate Change indicators,I,A,Annual,SEA_LVL,Sea Level Anomalies,MH,Marshall Islands,2013,,0.1,,,,METER,meter,,,,,N,National,,
DATAFLOW,SPC:DF_CLIMATE_CHANGE(1.0),Climate Change indicators,I,A,Annual,SEA_LVL,Sea Level Anomalies,MH,Marshall Islands,2014,,0,,,,METER,meter,,,,,N,National,,
DATAFLOW,SPC:DF_CLIMATE_CHANGE(1.0),Climate Change indicators,I,A,Annual,SEA_LVL,Sea Level Anomalies,MH,Marshall Islands,2015,,0,,,,METER,meter,,,,,N,National,,
DATAFLOW,SPC:DF_CLIMATE_CHANGE(1.0),Climate Change indicators,I,A,Annual,SEA_LVL,Sea Level Anomalies,MH,Marshall Islands,2016,,0,,,,METER,meter,,,,,N,National,,
DATAFLOW,SPC:DF_CLIMATE_CHANGE(1.0),Climate Change indicators,I,A,Annual,SEA_LVL,Sea Level Anomalies,MH,Marshall Islands,2017,,0.1,,,,METER,meter,,,,,N,National,,
DATAFLOW,SPC:DF_CLIMATE_CHANGE(1.0),Climate Change indicators,I,A,Annual,SEA_LVL,Sea Level Anomalies,MH,Marshall Islands,2018,,0,,,,METER,meter,,,,,N,National,,
DATAFLOW,SPC:DF_CLIMATE_CHANGE(1.0),Climate Change indicators,I,A,Annual,SEA_LVL,Sea Level Anomalies,MH,Marshall Islands,2019,,0.1,,,,METER,meter,,,,,N,National,,
DATAFLOW,SPC:DF_CLIMATE_CHANGE(1.0),Climate Change indicators,I,A,Annual,SEA_LVL,Sea Level Anomalies,MH,Marshall Islands,2020,,0.1,,,,METER,meter,,,,,N,National,,
DATAFLOW,SPC:DF_CLIMATE_CHANGE(1.0),Climate Change indicators,I,A,Annual,SEA_LVL,Sea Level Anomalies,MH,Marshall Islands,2021,,0.1,,,,METER,meter,,,,,N,National,,
DATAFLOW,SPC:DF_CLIMATE_CHANGE(1.0),Climate Change indicators,I,A,Annual,SEA_LVL,Sea Level Anomalies,MH,Marshall Islands,2022,,0.1,,,,METER,meter,,,,,N,National,,
DATAFLOW,SPC:DF_CLIMATE_CHANGE(1.0),Climate Change indicators,I,A,Annual,SEA_LVL,Sea Level Anomalies,MH,Marshall Islands,2023,,0.1,,,,METER,meter,,,,,N,National,,
DATAFLOW,SPC:DF_CLIMATE_CHANGE(1.0),Climate Change indicators,I,A,Annual,SEA_LVL,Sea Level Anomalies,VU,Vanuatu,1993,,0,,,,METER,meter,,,,,N,National,,
DATAFLOW,SPC:DF_CLIMATE_CHANGE(1.0),Climate Change indicators,I,A,Annual,SEA_LVL,Sea Level Anomalies,VU,Vanuatu,1994,,0,,,,METER,meter,,,,,N,National,,
DATAFLOW,SPC:DF_CLIMATE_CHANGE(1.0),Climate Change indicators,I,A,Annual,SEA_LVL,Sea Level Anomalies,VU,Vanuatu,1995,,0,,,,METER,meter,,,,,N,National,,
DATAFLOW,SPC:DF_CLIMATE_CHANGE(1.0),Climate Change indicators,I,A,Annual,SEA_LVL,Sea Level Anomalies,VU,Vanuatu,1996,,0,,,,METER,meter,,,,,N,National,,
DATAFLOW,SPC:DF_CLIMATE_CHANGE(1.0),Climate Change indicators,I,A,Annual,SEA_LVL,Sea Level Anomalies,VU,Vanuatu,1997,,0,,,,METER,meter,,,,,N,National,,
DATAFLOW,SPC:DF_CLIMATE_CHANGE(1.0),Climate Change indicators,I,A,Annual,SEA_LVL,Sea Level Anomalies,VU,Vanuatu,1998,,0,,,,METER,meter,,,,,N,National,,
DATAFLOW,SPC:DF_CLIMATE_CHANGE(1.0),Climate Change indicators,I,A,Annual,SEA_LVL,Sea Level Anomalies,VU,Vanuatu,1999,,0,,,,METER,meter,,,,,N,National,,
DATAFLOW,SPC:DF_CLIMATE_CHANGE(1.0),Climate Change indicators,I,A,Annual,SEA_LVL,Sea Level Anomalies,VU,Vanuatu,2000,,0,,,,METER,meter,,,,,N,National,,
DATAFLOW,SPC:DF_CLIMATE_CHANGE(1.0),Climate Change indicators,I,A,Annual,SEA_LVL,Sea Level Anomalies,VU,Vanuatu,2001,,0.1,,,,METER,meter,,,,,N,National,,
DATAFLOW,SPC:DF_CLIMATE_CHANGE(1.0),Climate Change indicators,I,A,Annual,SEA_LVL,Sea Level Anomalies,VU,Vanuatu,2002,,0,,,,METER,meter,,,,,N,National,,
DATAFLOW,SPC:DF_CLIMATE_CHANGE(1.0),Climate Change indicators,I,A,Annual,SEA_LVL,Sea Level Anomalies,VU,Vanuatu,2003,,0,,,,METER,meter,,,,,N,National,,
DATAFLOW,SPC:DF_CLIMATE_CHANGE(1.0),Climate Change indicators,I,A,Annual,SEA_LVL,Sea Level Anomalies,VU,Vanuatu,2004,,0,,,,METER,meter,,,,,N,National,,
DATAFLOW,SPC:DF_CLIMATE_CHANGE(1.0),Climate Change indicators,I,A,Annual,SEA_LVL,Sea Level Anomalies,VU,Vanuatu,2005,,0,,,,METER,meter,,,,,N,National,,
DATAFLOW,SPC:DF_CLIMATE_CHANGE(1.0),Climate Change indicators,I,A,Annual,SEA_LVL,Sea Level Anomalies,VU,Vanuatu,2006,,0,,,,METER,meter,,,,,N,National,,
DATAFLOW,SPC:DF_CLIMATE_CHANGE(1.0),Climate Change indicators,I,A,Annual,SEA_LVL,Sea Level Anomalies,VU,Vanuatu,2007,,0,,,,METER,meter,,,,,N,National,,
DATAFLOW,SPC:DF_CLIMATE_CHANGE(1.0),Climate Change indicators,I,A,Annual,SEA_LVL,Sea Level Anomalies,VU,Vanuatu,2008,,0.1,,,,METER,meter,,,,,N,National,,
DATAFLOW,SPC:DF_CLIMATE_CHANGE(1.0),Climate Change indicators,I,A,Annual,SEA_LVL,Sea Level Anomalies,VU,Vanuatu,2009,,0.1,,,,METER,meter,,,,,N,National,,
DATAFLOW,SPC:DF_CLIMATE_CHANGE(1.0),Climate Change indicators,I,A,Annual,SEA_LVL,Sea Level Anomalies,VU,Vanuatu,2010,,0,,,,METER,meter,,,,,N,National,,
DATAFLOW,SPC:DF_CLIMATE_CHANGE(1.0),Climate Change indicators,I,A,Annual,SEA_LVL,Sea Level Anomalies,VU,Vanuatu,2011,,0.1,,,,METER,meter,,,,,N,National,,
DATAFLOW,SPC:DF_CLIMATE_CHANGE(1.0),Climate Change indicators,I,A,Annual,SEA_LVL,Sea Level Anomalies,VU,Vanuatu,2012,,0.1,,,,METER,meter,,,,,N,National,,
DATAFLOW,SPC:DF_CLIMATE_CHANGE(1.0),Climate Change indicators,I,A,Annual,SEA_LVL,Sea Level Anomalies,VU,Vanuatu,2013,,0,,,,METER,meter,,,,,N,National,,
DATAFLOW,SPC:DF_CLIMATE_CHANGE(1.0),Climate Change indicators,I,A,Annual,SEA_LVL,Sea Level Anomalies,VU,Vanuatu,2014,,0,,,,METER,meter,,,,,N,National,,
DATAFLOW,SPC:DF_CLIMATE_CHANGE(1.0),Climate Change indicators,I,A,Annual,SEA_LVL,Sea Level Anomalies,VU,Vanuatu,2015,,0,,,,METER,meter,,,,,N,National,,
DATAFLOW,SPC:DF_CLIMATE_CHANGE(1.0),Climate Change indicators,I,A,Annual,SEA_LVL,Sea Level Anomalies,VU,Vanuatu,2016,,0,,,,METER,meter,,,,,N,National,,
DATAFLOW,SPC:DF_CLIMATE_CHANGE(1.0),Climate Change indicators,I,A,Annual,SEA_LVL,Sea Level Anomalies,VU,Vanuatu,2017,,0.1,,,,METER,meter,,,,,N,National,,
DATAFLOW,SPC:DF_CLIMATE_CHANGE(1.0),Climate Change indicators,I,A,Annual,SEA_LVL,Sea Level Anomalies,VU,Vanuatu,2018,,0.1,,,,METER,meter,,,,,N,National,,
DATAFLOW,SPC:DF_CLIMATE_CHANGE(1.0),Climate Change indicators,I,A,Annual,SEA_LVL,Sea Level Anomalies,VU,Vanuatu,2019,,0.1,,,,METER,meter,,,,,N,National,,
DATAFLOW,SPC:DF_CLIMATE_CHANGE(1.0),Climate Change indicators,I,A,Annual,SEA_LVL,Sea Level Anomalies,VU,Vanuatu,2020,,0.1,,,,METER,meter,,,,,N,National,,
DATAFLOW,SPC:DF_CLIMATE_CHANGE(1.0),Climate Change indicators,I,A,Annual,SEA_LVL,Sea Level Anomalies,VU,Vanuatu,2021,,0.1,,,,METER,meter,,,,,N,National,,
DATAFLOW,SPC:DF_CLIMATE_CHANGE(1.0),Climate Change indicators,I,A,Annual,SEA_LVL,Sea Level Anomalies,VU,Vanuatu,2022,,0.2,,,,METER,meter,,,,,N,National,,
DATAFLOW,SPC:DF_CLIMATE_CHANGE(1.0),Climate Change indicators,I,A,Annual,SEA_LVL,Sea Level Anomalies,VU,Vanuatu,2023,,0.2,,,,METER,meter,,,,,N,National,,
DATAFLOW,SPC:DF_CLIMATE_CHANGE(1.0),Climate Change indicators,I,A,Annual,SEA_LVL,Sea Level Anomalies,FM,"Micronesia, Federated State of",1993,,-0.1,,,,METER,meter,,,,,N,National,,
DATAFLOW,SPC:DF_CLIMATE_CHANGE(1.0),Climate Change indicators,I,A,Annual,SEA_LVL,Sea Level Anomalies,FM,"Micronesia, Federated State of",1994,,0,,,,METER,meter,,,,,N,National,,
DATAFLOW,SPC:DF_CLIMATE_CHANGE(1.0),Climate Change indicators,I,A,Annual,SEA_LVL,Sea Level Anomalies,FM,"Micronesia, Federated State of",1995,,0,,,,METER,meter,,,,,N,National,,
DATAFLOW,SPC:DF_CLIMATE_CHANGE(1.0),Climate Change indicators,I,A,Annual,SEA_LVL,Sea Level Anomalies,FM,"Micronesia, Federated State of",1996,,0,,,,METER,meter,,,,,N,National,,
DATAFLOW,SPC:DF_CLIMATE_CHANGE(1.0),Climate Change indicators,I,A,Annual,SEA_LVL,Sea Level Anomalies,FM,"Micronesia, Federated State of",1997,,-0.1,,,,METER,meter,,,,,N,National,,
DATAFLOW,SPC:DF_CLIMATE_CHANGE(1.0),Climate Change indicators,I,A,Annual,SEA_LVL,Sea Level Anomalies,FM,"Micronesia, Federated State of",1998,,0,,,,METER,meter,,,,,N,National,,
DATAFLOW,SPC:DF_CLIMATE_CHANGE(1.0),Climate Change indicators,I,A,Annual,SEA_LVL,Sea Level Anomalies,FM,"Micronesia, Federated State of",1999,,0.1,,,,METER,meter,,,,,N,National,,
DATAFLOW,SPC:DF_CLIMATE_CHANGE(1.0),Climate Change indicators,I,A,Annual,SEA_LVL,Sea Level Anomalies,FM,"Micronesia, Federated State of",2000,,0.1,,,,METER,meter,,,,,N,National,,
DATAFLOW,SPC:DF_CLIMATE_CHANGE(1.0),Climate Change indicators,I,A,Annual,SEA_LVL,Sea Level Anomalies,FM,"Micronesia, Federated State of",2001,,0.1,,,,METER,meter,,,,,N,National,,
DATAFLOW,SPC:DF_CLIMATE_CHANGE(1.0),Climate Change indicators,I,A,Annual,SEA_LVL,Sea Level Anomalies,FM,"Micronesia, Federated State of",2002,,0,,,,METER,meter,,,,,N,National,,
DATAFLOW,SPC:DF_CLIMATE_CHANGE(1.0),Climate Change indicators,I,A,Annual,SEA_LVL,Sea Level Anomalies,FM,"Micronesia, Federated State of",2003,,0,,,,METER,meter,,,,,N,National,,
DATAFLOW,SPC:DF_CLIMATE_CHANGE(1.0),Climate Change indicators,I,A,Annual,SEA_LVL,Sea Level Anomalies,FM,"Micronesia, Federated State of",2004,,0,,,,METER,meter,,,,,N,National,,
DATAFLOW,SPC:DF_CLIMATE_CHANGE(1.0),Climate Change indicators,I,A,Annual,SEA_LVL,Sea Level Anomalies,FM,"Micronesia, Federated State of",2005,,0,,,,METER,meter,,,,,N,National,,
DATAFLOW,SPC:DF_CLIMATE_CHANGE(1.0),Climate Change indicators,I,A,Annual,SEA_LVL,Sea Level Anomalies,FM,"Micronesia, Federated State of",2006,,0,,,,METER,meter,,,,,N,National,,
DATAFLOW,SPC:DF_CLIMATE_CHANGE(1.0),Climate Change indicators,I,A,Annual,SEA_LVL,Sea Level Anomalies,FM,"Micronesia, Federated State of",2007,,0.1,,,,METER,meter,,,,,N,National,,
DATAFLOW,SPC:DF_CLIMATE_CHANGE(1.0),Climate Change indicators,I,A,Annual,SEA_LVL,Sea Level Anomalies,FM,"Micronesia, Federated State of",2008,,0.1,,,,METER,meter,,,,,N,National,,
DATAFLOW,SPC:DF_CLIMATE_CHANGE(1.0),Climate Change indicators,I,A,Annual,SEA_LVL,Sea Level Anomalies,FM,"Micronesia, Federated State of",2009,,0.1,,,,METER,meter,,,,,N,National,,
DATAFLOW,SPC:DF_CLIMATE_CHANGE(1.0),Climate Change indicators,I,A,Annual,SEA_LVL,Sea Level Anomalies,FM,"Micronesia, Federated State of",2010,,0.1,,,,METER,meter,,,,,N,National,,
DATAFLOW,SPC:DF_CLIMATE_CHANGE(1.0),Climate Change indicators,I,A,Annual,SEA_LVL,Sea Level Anomalies,FM,"Micronesia, Federated State of",2011,,0.1,,,,METER,meter,,,,,N,National,,
DATAFLOW,SPC:DF_CLIMATE_CHANGE(1.0),Climate Change indicators,I,A,Annual,SEA_LVL,Sea Level Anomalies,FM,"Micronesia, Federated State of",2012,,0.1,,,,METER,meter,,,,,N,National,,
DATAFLOW,SPC:DF_CLIMATE_CHANGE(1.0),Climate Change indicators,I,A,Annual,SEA_LVL,Sea Level Anomalies,FM,"Micronesia, Federated State of",2013,,0.1,,,,METER,meter,,,,,N,National,,
DATAFLOW,SPC:DF_CLIMATE_CHANGE(1.0),Climate Change indicators,I,A,Annual,SEA_LVL,Sea Level Anomalies,FM,"Micronesia, Federated State of",2014,,0,,,,METER,meter,,,,,N,National,,
DATAFLOW,SPC:DF_CLIMATE_CHANGE(1.0),Climate Change indicators,I,A,Annual,SEA_LVL,Sea Level Anomalies,FM,"Micronesia, Federated State of",2015,,-0.1,,,,METER,meter,,,,,N,National,,
DATAFLOW,SPC:DF_CLIMATE_CHANGE(1.0),Climate Change indicators,I,A,Annual,SEA_LVL,Sea Level Anomalies,FM,"Micronesia, Federated State of",2016,,0.1,,,,METER,meter,,,,,N,National,,
DATAFLOW,SPC:DF_CLIMATE_CHANGE(1.0),Climate Change indicators,I,A,Annual,SEA_LVL,Sea Level Anomalies,FM,"Micronesia, Federated State of",2017,,0.1,,,,METER,meter,,,,,N,National,,
DATAFLOW,SPC:DF_CLIMATE_CHANGE(1.0),Climate Change indicators,I,A,Annual,SEA_LVL,Sea Level Anomalies,FM,"Micronesia, Federated State of",2018,,0.1,,,,METER,meter,,,,,N,National,,
DATAFLOW,SPC:DF_CLIMATE_CHANGE(1.0),Climate Change indicators,I,A,Annual,SEA_LVL,Sea Level Anomalies,FM,"Micronesia, Federated State of",2019,,0.1,,,,METER,meter,,,,,N,National,,
DATAFLOW,SPC:DF_CLIMATE_CHANGE(1.0),Climate Change indicators,I,A,Annual,SEA_LVL,Sea Level Anomalies,FM,"Micronesia, Federated State of",2020,,0.1,,,,METER,meter,,,,,N,National,,
DATAFLOW,SPC:DF_CLIMATE_CHANGE(1.0),Climate Change indicators,I,A,Annual,SEA_LVL,Sea Level Anomalies,FM,"Micronesia, Federated State of",2021,,0.1,,,,METER,meter,,,,,N,National,,
DATAFLOW,SPC:DF_CLIMATE_CHANGE(1.0),Climate Change indicators,I,A,Annual,SEA_LVL,Sea Level Anomalies,FM,"Micronesia, Federated State of",2022,,0.2,,,,METER,meter,,,,,N,National,,
DATAFLOW,SPC:DF_CLIMATE_CHANGE(1.0),Climate Change indicators,I,A,Annual,SEA_LVL,Sea Level Anomalies,FM,"Micronesia, Federated State of",2023,,0.1,,,,METER,meter,,,,,N,National,,
DATAFLOW,SPC:DF_CLIMATE_CHANGE(1.0),Climate Change indicators,I,A,Annual,SEA_LVL,Sea Level Anomalies,TO,Tonga,1993,,0,,,,METER,meter,,,,,N,National,,
DATAFLOW,SPC:DF_CLIMATE_CHANGE(1.0),Climate Change indicators,I,A,Annual,SEA_LVL,Sea Level Anomalies,TO,Tonga,1994,,0,,,,METER,meter,,,,,N,National,,
DATAFLOW,SPC:DF_CLIMATE_CHANGE(1.0),Climate Change indicators,I,A,Annual,SEA_LVL,Sea Level Anomalies,TO,Tonga,1995,,0,,,,METER,meter,,,,,N,National,,
DATAFLOW,SPC:DF_CLIMATE_CHANGE(1.0),Climate Change indicators,I,A,Annual,SEA_LVL,Sea Level Anomalies,TO,Tonga,1996,,0,,,,METER,meter,,,,,N,National,,
DATAFLOW,SPC:DF_CLIMATE_CHANGE(1.0),Climate Change indicators,I,A,Annual,SEA_LVL,Sea Level Anomalies,TO,Tonga,1997,,0,,,,METER,meter,,,,,N,National,,
DATAFLOW,SPC:DF_CLIMATE_CHANGE(1.0),Climate Change indicators,I,A,Annual,SEA_LVL,Sea Level Anomalies,TO,Tonga,1998,,0,,,,METER,meter,,,,,N,National,,
DATAFLOW,SPC:DF_CLIMATE_CHANGE(1.0),Climate Change indicators,I,A,Annual,SEA_LVL,Sea Level Anomalies,TO,Tonga,1999,,0,,,,METER,meter,,,,,N,National,,
DATAFLOW,SPC:DF_CLIMATE_CHANGE(1.0),Climate Change indicators,I,A,Annual,SEA_LVL,Sea Level Anomalies,TO,Tonga,2000,,0.1,,,,METER,meter,,,,,N,National,,
DATAFLOW,SPC:DF_CLIMATE_CHANGE(1.0),Climate Change indicators,I,A,Annual,SEA_LVL,Sea Level Anomalies,TO,Tonga,2001,,0,,,,METER,meter,,,,,N,National,,
DATAFLOW,SPC:DF_CLIMATE_CHANGE(1.0),Climate Change indicators,I,A,Annual,SEA_LVL,Sea Level Anomalies,TO,Tonga,2002,,0.1,,,,METER,meter,,,,,N,National,,
DATAFLOW,SPC:DF_CLIMATE_CHANGE(1.0),Climate Change indicators,I,A,Annual,SEA_LVL,Sea Level Anomalies,TO,Tonga,2003,,0,,,,METER,meter,,,,,N,National,,
DATAFLOW,SPC:DF_CLIMATE_CHANGE(1.0),Climate Change indicators,I,A,Annual,SEA_LVL,Sea Level Anomalies,TO,Tonga,2004,,0,,,,METER,meter,,,,,N,National,,
DATAFLOW,SPC:DF_CLIMATE_CHANGE(1.0),Climate Change indicators,I,A,Annual,SEA_LVL,Sea Level Anomalies,TO,Tonga,2005,,0,,,,METER,meter,,,,,N,National,,
DATAFLOW,SPC:DF_CLIMATE_CHANGE(1.0),Climate Change indicators,I,A,Annual,SEA_LVL,Sea Level Anomalies,TO,Tonga,2006,,0,,,,METER,meter,,,,,N,National,,
DATAFLOW,SPC:DF_CLIMATE_CHANGE(1.0),Climate Change indicators,I,A,Annual,SEA_LVL,Sea Level Anomalies,TO,Tonga,2007,,0.1,,,,METER,meter,,,,,N,National,,
DATAFLOW,SPC:DF_CLIMATE_CHANGE(1.0),Climate Change indicators,I,A,Annual,SEA_LVL,Sea Level Anomalies,TO,Tonga,2008,,0.1,,,,METER,meter,,,,,N,National,,
DATAFLOW,SPC:DF_CLIMATE_CHANGE(1.0),Climate Change indicators,I,A,Annual,SEA_LVL,Sea Level Anomalies,TO,Tonga,2009,,0.1,,,,METER,meter,,,,,N,National,,
DATAFLOW,SPC:DF_CLIMATE_CHANGE(1.0),Climate Change indicators,I,A,Annual,SEA_LVL,Sea Level Anomalies,TO,Tonga,2010,,0,,,,METER,meter,,,,,N,National,,
DATAFLOW,SPC:DF_CLIMATE_CHANGE(1.0),Climate Change indicators,I,A,Annual,SEA_LVL,Sea Level Anomalies,TO,Tonga,2011,,0.1,,,,METER,meter,,,,,N,National,,
DATAFLOW,SPC:DF_CLIMATE_CHANGE(1.0),Climate Change indicators,I,A,Annual,SEA_LVL,Sea Level Anomalies,TO,Tonga,2012,,0.1,,,,METER,meter,,,,,N,National,,
DATAFLOW,SPC:DF_CLIMATE_CHANGE(1.0),Climate Change indicators,I,A,Annual,SEA_LVL,Sea Level Anomalies,TO,Tonga,2013,,0.1,,,,METER,meter,,,,,N,National,,
DATAFLOW,SPC:DF_CLIMATE_CHANGE(1.0),Climate Change indicators,I,A,Annual,SEA_LVL,Sea Level Anomalies,TO,Tonga,2014,,0.1,,,,METER,meter,,,,,N,National,,
DATAFLOW,SPC:DF_CLIMATE_CHANGE(1.0),Climate Change indicators,I,A,Annual,SEA_LVL,Sea Level Anomalies,TO,Tonga,2015,,0,,,,METER,meter,,,,,N,National,,
DATAFLOW,SPC:DF_CLIMATE_CHANGE(1.0),Climate Change indicators,I,A,Annual,SEA_LVL,Sea Level Anomalies,TO,Tonga,2016,,0.1,,,,METER,meter,,,,,N,National,,
DATAFLOW,SPC:DF_CLIMATE_CHANGE(1.0),Climate Change indicators,I,A,Annual,SEA_LVL,Sea Level Anomalies,TO,Tonga,2017,,0.1,,,,METER,meter,,,,,N,National,,
DATAFLOW,SPC:DF_CLIMATE_CHANGE(1.0),Climate Change indicators,I,A,Annual,SEA_LVL,Sea Level Anomalies,TO,Tonga,2018,,0.1,,,,METER,meter,,,,,N,National,,
DATAFLOW,SPC:DF_CLIMATE_CHANGE(1.0),Climate Change indicators,I,A,Annual,SEA_LVL,Sea Level Anomalies,TO,Tonga,2019,,0.1,,,,METER,meter,,,,,N,National,,
DATAFLOW,SPC:DF_CLIMATE_CHANGE(1.0),Climate Change indicators,I,A,Annual,SEA_LVL,Sea Level Anomalies,TO,Tonga,2020,,0.1,,,,METER,meter,,,,,N,National,,
DATAFLOW,SPC:DF_CLIMATE_CHANGE(1.0),Climate Change indicators,I,A,Annual,SEA_LVL,Sea Level Anomalies,TO,Tonga,2021,,0.1,,,,METER,meter,,,,,N,National,,
DATAFLOW,SPC:DF_CLIMATE_CHANGE(1.0),Climate Change indicators,I,A,Annual,SEA_LVL,Sea Level Anomalies,TO,Tonga,2022,,0.1,,,,METER,meter,,,,,N,National,,
DATAFLOW,SPC:DF_CLIMATE_CHANGE(1.0),Climate Change indicators,I,A,Annual,SEA_LVL,Sea Level Anomalies,TO,Tonga,2023,,0.1,,,,METER,meter,,,,,N,National,,
DATAFLOW,SPC:DF_CLIMATE_CHANGE(1.0),Climate Change indicators,I,A,Annual,SEA_LVL,Sea Level Anomalies,NC,New Caledonia,1993,,0,,,,METER,meter,,,,,N,National,,
DATAFLOW,SPC:DF_CLIMATE_CHANGE(1.0),Climate Change indicators,I,A,Annual,SEA_LVL,Sea Level Anomalies,NC,New Caledonia,1994,,0,,,,METER,meter,,,,,N,National,,
DATAFLOW,SPC:DF_CLIMATE_CHANGE(1.0),Climate Change indicators,I,A,Annual,SEA_LVL,Sea Level Anomalies,NC,New Caledonia,1995,,0,,,,METER,meter,,,,,N,National,,
DATAFLOW,SPC:DF_CLIMATE_CHANGE(1.0),Climate Change indicators,I,A,Annual,SEA_LVL,Sea Level Anomalies,NC,New Caledonia,1996,,0,,,,METER,meter,,,,,N,National,,
DATAFLOW,SPC:DF_CLIMATE_CHANGE(1.0),Climate Change indicators,I,A,Annual,SEA_LVL,Sea Level Anomalies,NC,New Caledonia,1997,,0,,,,METER,meter,,,,,N,National,,
DATAFLOW,SPC:DF_CLIMATE_CHANGE(1.0),Climate Change indicators,I,A,Annual,SEA_LVL,Sea Level Anomalies,NC,New Caledonia,1998,,0.1,,,,METER,meter,,,,,N,National,,
DATAFLOW,SPC:DF_CLIMATE_CHANGE(1.0),Climate Change indicators,I,A,Annual,SEA_LVL,Sea Level Anomalies,NC,New Caledonia,1999,,0,,,,METER,meter,,,,,N,National,,
DATAFLOW,SPC:DF_CLIMATE_CHANGE(1.0),Climate Change indicators,I,A,Annual,SEA_LVL,Sea Level Anomalies,NC,New Caledonia,2000,,0,,,,METER,meter,,,,,N,National,,
DATAFLOW,SPC:DF_CLIMATE_CHANGE(1.0),Climate Change indicators,I,A,Annual,SEA_LVL,Sea Level Anomalies,NC,New Caledonia,2001,,0,,,,METER,meter,,,,,N,National,,
DATAFLOW,SPC:DF_CLIMATE_CHANGE(1.0),Climate Change indicators,I,A,Annual,SEA_LVL,Sea Level Anomalies,NC,New Caledonia,2002,,0,,,,METER,meter,,,,,N,National,,
DATAFLOW,SPC:DF_CLIMATE_CHANGE(1.0),Climate Change indicators,I,A,Annual,SEA_LVL,Sea Level Anomalies,NC,New Caledonia,2003,,0,,,,METER,meter,,,,,N,National,,
DATAFLOW,SPC:DF_CLIMATE_CHANGE(1.0),Climate Change indicators,I,A,Annual,SEA_LVL,Sea Level Anomalies,NC,New Caledonia,2004,,0,,,,METER,meter,,,,,N,National,,
DATAFLOW,SPC:DF_CLIMATE_CHANGE(1.0),Climate Change indicators,I,A,Annual,SEA_LVL,Sea Level Anomalies,NC,New Caledonia,2005,,0,,,,METER,meter,,,,,N,National,,
DATAFLOW,SPC:DF_CLIMATE_CHANGE(1.0),Climate Change indicators,I,A,Annual,SEA_LVL,Sea Level Anomalies,NC,New Caledonia,2006,,0,,,,METER,meter,,,,,N,National,,
DATAFLOW,SPC:DF_CLIMATE_CHANGE(1.0),Climate Change indicators,I,A,Annual,SEA_LVL,Sea Level Anomalies,NC,New Caledonia,2007,,0,,,,METER,meter,,,,,N,National,,
DATAFLOW,SPC:DF_CLIMATE_CHANGE(1.0),Climate Change indicators,I,A,Annual,SEA_LVL,Sea Level Anomalies,NC,New Caledonia,2008,,0,,,,METER,meter,,,,,N,National,,
DATAFLOW,SPC:DF_CLIMATE_CHANGE(1.0),Climate Change indicators,I,A,Annual,SEA_LVL,Sea Level Anomalies,NC,New Caledonia,2009,,0.1,,,,METER,meter,,,,,N,National,,
DATAFLOW,SPC:DF_CLIMATE_CHANGE(1.0),Climate Change indicators,I,A,Annual,SEA_LVL,Sea Level Anomalies,NC,New Caledonia,2010,,0.1,,,,METER,meter,,,,,N,National,,
DATAFLOW,SPC:DF_CLIMATE_CHANGE(1.0),Climate Change indicators,I,A,Annual,SEA_LVL,Sea Level Anomalies,NC,New Caledonia,2011,,0,,,,METER,meter,,,,,N,National,,
DATAFLOW,SPC:DF_CLIMATE_CHANGE(1.0),Climate Change indicators,I,A,Annual,SEA_LVL,Sea Level Anomalies,NC,New Caledonia,2012,,0.1,,,,METER,meter,,,,,N,National,,
DATAFLOW,SPC:DF_CLIMATE_CHANGE(1.0),Climate Change indicators,I,A,Annual,SEA_LVL,Sea Level Anomalies,NC,New Caledonia,2013,,0.1,,,,METER,meter,,,,,N,National,,
DATAFLOW,SPC:DF_CLIMATE_CHANGE(1.0),Climate Change indicators,I,A,Annual,SEA_LVL,Sea Level Anomalies,NC,New Caledonia,2014,,0.1,,,,METER,meter,,,,,N,National,,
DATAFLOW,SPC:DF_CLIMATE_CHANGE(1.0),Climate Change indicators,I,A,Annual,SEA_LVL,Sea Level Anomalies,NC,New Caledonia,2015,,0.1,,,,METER,meter,,,,,N,National,,
DATAFLOW,SPC:DF_CLIMATE_CHANGE(1.0),Climate Change indicators,I,A,Annual,SEA_LVL,Sea Level Anomalies,NC,New Caledonia,2016,,0.1,,,,METER,meter,,,,,N,National,,
DATAFLOW,SPC:DF_CLIMATE_CHANGE(1.0),Climate Change indicators,I,A,Annual,SEA_LVL,Sea Level Anomalies,NC,New Caledonia,2017,,0.1,,,,METER,meter,,,,,N,National,,
DATAFLOW,SPC:DF_CLIMATE_CHANGE(1.0),Climate Change indicators,I,A,Annual,SEA_LVL,Sea Level Anomalies,NC,New Caledonia,2018,,0.1,,,,METER,meter,,,,,N,National,,
DATAFLOW,SPC:DF_CLIMATE_CHANGE(1.0),Climate Change indicators,I,A,Annual,SEA_LVL,Sea Level Anomalies,NC,New Caledonia,2019,,0.1,,,,METER,meter,,,,,N,National,,
DATAFLOW,SPC:DF_CLIMATE_CHANGE(1.0),Climate Change indicators,I,A,Annual,SEA_LVL,Sea Level Anomalies,NC,New Caledonia,2020,,0.1,,,,METER,meter,,,,,N,National,,
DATAFLOW,SPC:DF_CLIMATE_CHANGE(1.0),Climate Change indicators,I,A,Annual,SEA_LVL,Sea Level Anomalies,NC,New Caledonia,2021,,0.1,,,,METER,meter,,,,,N,National,,
DATAFLOW,SPC:DF_CLIMATE_CHANGE(1.0),Climate Change indicators,I,A,Annual,SEA_LVL,Sea Level Anomalies,NC,New Caledonia,2022,,0.1,,,,METER,meter,,,,,N,National,,
DATAFLOW,SPC:DF_CLIMATE_CHANGE(1.0),Climate Change indicators,I,A,Annual,SEA_LVL,Sea Level Anomalies,NC,New Caledonia,2023,,0.1,,,,METER,meter,,,,,N,National,,
DATAFLOW,SPC:DF_CLIMATE_CHANGE(1.0),Climate Change indicators,I,A,Annual,SEA_LVL,Sea Level Anomalies,GU,Guam,1993,,0,,,,METER,meter,,,,,N,National,,
DATAFLOW,SPC:DF_CLIMATE_CHANGE(1.0),Climate Change indicators,I,A,Annual,SEA_LVL,Sea Level Anomalies,GU,Guam,1994,,0,,,,METER,meter,,,,,N,National,,
DATAFLOW,SPC:DF_CLIMATE_CHANGE(1.0),Climate Change indicators,I,A,Annual,SEA_LVL,Sea Level Anomalies,GU,Guam,1995,,-0.1,,,,METER,meter,,,,,N,National,,
DATAFLOW,SPC:DF_CLIMATE_CHANGE(1.0),Climate Change indicators,I,A,Annual,SEA_LVL,Sea Level Anomalies,GU,Guam,1996,,0,,,,METER,meter,,,,,N,National,,
DATAFLOW,SPC:DF_CLIMATE_CHANGE(1.0),Climate Change indicators,I,A,Annual,SEA_LVL,Sea Level Anomalies,GU,Guam,1997,,-0.1,,,,METER,meter,,,,,N,National,,
DATAFLOW,SPC:DF_CLIMATE_CHANGE(1.0),Climate Change indicators,I,A,Annual,SEA_LVL,Sea Level Anomalies,GU,Guam,1998,,0,,,,METER,meter,,,,,N,National,,
DATAFLOW,SPC:DF_CLIMATE_CHANGE(1.0),Climate Change indicators,I,A,Annual,SEA_LVL,Sea Level Anomalies,GU,Guam,1999,,0.1,,,,METER,meter,,,,,N,National,,
DATAFLOW,SPC:DF_CLIMATE_CHANGE(1.0),Climate Change indicators,I,A,Annual,SEA_LVL,Sea Level Anomalies,GU,Guam,2000,,0.1,,,,METER,meter,,,,,N,National,,
DATAFLOW,SPC:DF_CLIMATE_CHANGE(1.0),Climate Change indicators,I,A,Annual,SEA_LVL,Sea Level Anomalies,GU,Guam,2001,,0,,,,METER,meter,,,,,N,National,,
DATAFLOW,SPC:DF_CLIMATE_CHANGE(1.0),Climate Change indicators,I,A,Annual,SEA_LVL,Sea Level Anomalies,GU,Guam,2002,,0,,,,METER,meter,,,,,N,National,,
DATAFLOW,SPC:DF_CLIMATE_CHANGE(1.0),Climate Change indicators,I,A,Annual,SEA_LVL,Sea Level Anomalies,GU,Guam,2003,,0,,,,METER,meter,,,,,N,National,,
DATAFLOW,SPC:DF_CLIMATE_CHANGE(1.0),Climate Change indicators,I,A,Annual,SEA_LVL,Sea Level Anomalies,GU,Guam,2004,,0,,,,METER,meter,,,,,N,National,,
DATAFLOW,SPC:DF_CLIMATE_CHANGE(1.0),Climate Change indicators,I,A,Annual,SEA_LVL,Sea Level Anomalies,GU,Guam,2005,,0,,,,METER,meter,,,,,N,National,,
DATAFLOW,SPC:DF_CLIMATE_CHANGE(1.0),Climate Change indicators,I,A,Annual,SEA_LVL,Sea Level Anomalies,GU,Guam,2006,,0.1,,,,METER,meter,,,,,N,National,,
DATAFLOW,SPC:DF_CLIMATE_CHANGE(1.0),Climate Change indicators,I,A,Annual,SEA_LVL,Sea Level Anomalies,GU,Guam,2007,,0.1,,,,METER,meter,,,,,N,National,,
DATAFLOW,SPC:DF_CLIMATE_CHANGE(1.0),Climate Change indicators,I,A,Annual,SEA_LVL,Sea Level Anomalies,GU,Guam,2008,,0.2,,,,METER,meter,,,,,N,National,,
DATAFLOW,SPC:DF_CLIMATE_CHANGE(1.0),Climate Change indicators,I,A,Annual,SEA_LVL,Sea Level Anomalies,GU,Guam,2009,,0.1,,,,METER,meter,,,,,N,National,,
DATAFLOW,SPC:DF_CLIMATE_CHANGE(1.0),Climate Change indicators,I,A,Annual,SEA_LVL,Sea Level Anomalies,GU,Guam,2010,,0.1,,,,METER,meter,,,,,N,National,,
DATAFLOW,SPC:DF_CLIMATE_CHANGE(1.0),Climate Change indicators,I,A,Annual,SEA_LVL,Sea Level Anomalies,GU,Guam,2011,,0.1,,,,METER,meter,,,,,N,National,,
DATAFLOW,SPC:DF_CLIMATE_CHANGE(1.0),Climate Change indicators,I,A,Annual,SEA_LVL,Sea Level Anomalies,GU,Guam,2012,,0.1,,,,METER,meter,,,,,N,National,,
DATAFLOW,SPC:DF_CLIMATE_CHANGE(1.0),Climate Change indicators,I,A,Annual,SEA_LVL,Sea Level Anomalies,GU,Guam,2013,,0.1,,,,METER,meter,,,,,N,National,,
DATAFLOW,SPC:DF_CLIMATE_CHANGE(1.0),Climate Change indicators,I,A,Annual,SEA_LVL,Sea Level Anomalies,GU,Guam,2014,,0,,,,METER,meter,,,,,N,National,,
DATAFLOW,SPC:DF_CLIMATE_CHANGE(1.0),Climate Change indicators,I,A,Annual,SEA_LVL,Sea Level Anomalies,GU,Guam,2015,,-0.1,,,,METER,meter,,,,,N,National,,
DATAFLOW,SPC:DF_CLIMATE_CHANGE(1.0),Climate Change indicators,I,A,Annual,SEA_LVL,Sea Level Anomalies,GU,Guam,2016,,0,,,,METER,meter,,,,,N,National,,
DATAFLOW,SPC:DF_CLIMATE_CHANGE(1.0),Climate Change indicators,I,A,Annual,SEA_LVL,Sea Level Anomalies,GU,Guam,2017,,0.1,,,,METER,meter,,,,,N,National,,
DATAFLOW,SPC:DF_CLIMATE_CHANGE(1.0),Climate Change indicators,I,A,Annual,SEA_LVL,Sea Level Anomalies,GU,Guam,2018,,0,,,,METER,meter,,,,,N,National,,
DATAFLOW,SPC:DF_CLIMATE_CHANGE(1.0),Climate Change indicators,I,A,Annual,SEA_LVL,Sea Level Anomalies,GU,Guam,2019,,0,,,,METER,meter,,,,,N,National,,
DATAFLOW,SPC:DF_CLIMATE_CHANGE(1.0),Climate Change indicators,I,A,Annual,SEA_LVL,Sea Level Anomalies,GU,Guam,2020,,0.1,,,,METER,meter,,,,,N,National,,
DATAFLOW,SPC:DF_CLIMATE_CHANGE(1.0),Climate Change indicators,I,A,Annual,SEA_LVL,Sea Level Anomalies,GU,Guam,2021,,0.2,,,,METER,meter,,,,,N,National,,
DATAFLOW,SPC:DF_CLIMATE_CHANGE(1.0),Climate Change indicators,I,A,Annual,SEA_LVL,Sea Level Anomalies,GU,Guam,2022,,0.1,,,,METER,meter,,,,,N,National,,
DATAFLOW,SPC:DF_CLIMATE_CHANGE(1.0),Climate Change indicators,I,A,Annual,SEA_LVL,Sea Level Anomalies,GU,Guam,2023,,0.1,,,,METER,meter,,,,,N,National,,
DATAFLOW,SPC:DF_CLIMATE_CHANGE(1.0),Climate Change indicators,I,A,Annual,SEA_LVL,Sea Level Anomalies,PW,Palau,1993,,-0.1,,,,METER,meter,,,,,N,National,,
DATAFLOW,SPC:DF_CLIMATE_CHANGE(1.0),Climate Change indicators,I,A,Annual,SEA_LVL,Sea Level Anomalies,PW,Palau,1994,,-0.1,,,,METER,meter,,,,,N,National,,
DATAFLOW,SPC:DF_CLIMATE_CHANGE(1.0),Climate Change indicators,I,A,Annual,SEA_LVL,Sea Level Anomalies,PW,Palau,1995,,0,,,,METER,meter,,,,,N,National,,
DATAFLOW,SPC:DF_CLIMATE_CHANGE(1.0),Climate Change indicators,I,A,Annual,SEA_LVL,Sea Level Anomalies,PW,Palau,1996,,0,,,,METER,meter,,,,,N,National,,
DATAFLOW,SPC:DF_CLIMATE_CHANGE(1.0),Climate Change indicators,I,A,Annual,SEA_LVL,Sea Level Anomalies,PW,Palau,1997,,-0.1,,,,METER,meter,,,,,N,National,,
DATAFLOW,SPC:DF_CLIMATE_CHANGE(1.0),Climate Change indicators,I,A,Annual,SEA_LVL,Sea Level Anomalies,PW,Palau,1998,,0,,,,METER,meter,,,,,N,National,,
DATAFLOW,SPC:DF_CLIMATE_CHANGE(1.0),Climate Change indicators,I,A,Annual,SEA_LVL,Sea Level Anomalies,PW,Palau,1999,,0.1,,,,METER,meter,,,,,N,National,,
DATAFLOW,SPC:DF_CLIMATE_CHANGE(1.0),Climate Change indicators,I,A,Annual,SEA_LVL,Sea Level Anomalies,PW,Palau,2000,,0.1,,,,METER,meter,,,,,N,National,,
DATAFLOW,SPC:DF_CLIMATE_CHANGE(1.0),Climate Change indicators,I,A,Annual,SEA_LVL,Sea Level Anomalies,PW,Palau,2001,,0.1,,,,METER,meter,,,,,N,National,,
DATAFLOW,SPC:DF_CLIMATE_CHANGE(1.0),Climate Change indicators,I,A,Annual,SEA_LVL,Sea Level Anomalies,PW,Palau,2002,,-0.1,,,,METER,meter,,,,,N,National,,
DATAFLOW,SPC:DF_CLIMATE_CHANGE(1.0),Climate Change indicators,I,A,Annual,SEA_LVL,Sea Level Anomalies,PW,Palau,2003,,0,,,,METER,meter,,,,,N,National,,
DATAFLOW,SPC:DF_CLIMATE_CHANGE(1.0),Climate Change indicators,I,A,Annual,SEA_LVL,Sea Level Anomalies,PW,Palau,2004,,0,,,,METER,meter,,,,,N,National,,
DATAFLOW,SPC:DF_CLIMATE_CHANGE(1.0),Climate Change indicators,I,A,Annual,SEA_LVL,Sea Level Anomalies,PW,Palau,2005,,0,,,,METER,meter,,,,,N,National,,
DATAFLOW,SPC:DF_CLIMATE_CHANGE(1.0),Climate Change indicators,I,A,Annual,SEA_LVL,Sea Level Anomalies,PW,Palau,2006,,0,,,,METER,meter,,,,,N,National,,
DATAFLOW,SPC:DF_CLIMATE_CHANGE(1.0),Climate Change indicators,I,A,Annual,SEA_LVL,Sea Level Anomalies,PW,Palau,2007,,0,,,,METER,meter,,,,,N,National,,
DATAFLOW,SPC:DF_CLIMATE_CHANGE(1.0),Climate Change indicators,I,A,Annual,SEA_LVL,Sea Level Anomalies,PW,Palau,2008,,0.2,,,,METER,meter,,,,,N,National,,
DATAFLOW,SPC:DF_CLIMATE_CHANGE(1.0),Climate Change indicators,I,A,Annual,SEA_LVL,Sea Level Anomalies,PW,Palau,2009,,0.1,,,,METER,meter,,,,,N,National,,
DATAFLOW,SPC:DF_CLIMATE_CHANGE(1.0),Climate Change indicators,I,A,Annual,SEA_LVL,Sea Level Anomalies,PW,Palau,2010,,0.1,,,,METER,meter,,,,,N,National,,
DATAFLOW,SPC:DF_CLIMATE_CHANGE(1.0),Climate Change indicators,I,A,Annual,SEA_LVL,Sea Level Anomalies,PW,Palau,2011,,0.1,,,,METER,meter,,,,,N,National,,
DATAFLOW,SPC:DF_CLIMATE_CHANGE(1.0),Climate Change indicators,I,A,Annual,SEA_LVL,Sea Level Anomalies,PW,Palau,2012,,0.1,,,,METER,meter,,,,,N,National,,
DATAFLOW,SPC:DF_CLIMATE_CHANGE(1.0),Climate Change indicators,I,A,Annual,SEA_LVL,Sea Level Anomalies,PW,Palau,2013,,0.1,,,,METER,meter,,,,,N,National,,
DATAFLOW,SPC:DF_CLIMATE_CHANGE(1.0),Climate Change indicators,I,A,Annual,SEA_LVL,Sea Level Anomalies,PW,Palau,2014,,0,,,,METER,meter,,,,,N,National,,
DATAFLOW,SPC:DF_CLIMATE_CHANGE(1.0),Climate Change indicators,I,A,Annual,SEA_LVL,Sea Level Anomalies,PW,Palau,2015,,-0.1,,,,METER,meter,,,,,N,National,,
DATAFLOW,SPC:DF_CLIMATE_CHANGE(1.0),Climate Change indicators,I,A,Annual,SEA_LVL,Sea Level Anomalies,PW,Palau,2016,,0,,,,METER,meter,,,,,N,National,,
DATAFLOW,SPC:DF_CLIMATE_CHANGE(1.0),Climate Change indicators,I,A,Annual,SEA_LVL,Sea Level Anomalies,PW,Palau,2017,,0.1,,,,METER,meter,,,,,N,National,,
DATAFLOW,SPC:DF_CLIMATE_CHANGE(1.0),Climate Change indicators,I,A,Annual,SEA_LVL,Sea Level Anomalies,PW,Palau,2018,,0,,,,METER,meter,,,,,N,National,,
DATAFLOW,SPC:DF_CLIMATE_CHANGE(1.0),Climate Change indicators,I,A,Annual,SEA_LVL,Sea Level Anomalies,PW,Palau,2019,,0,,,,METER,meter,,,,,N,National,,
DATAFLOW,SPC:DF_CLIMATE_CHANGE(1.0),Climate Change indicators,I,A,Annual,SEA_LVL,Sea Level Anomalies,PW,Palau,2020,,0.1,,,,METER,meter,,,,,N,National,,
DATAFLOW,SPC:DF_CLIMATE_CHANGE(1.0),Climate Change indicators,I,A,Annual,SEA_LVL,Sea Level Anomalies,PW,Palau,2021,,0.2,,,,METER,meter,,,,,N,National,,
DATAFLOW,SPC:DF_CLIMATE_CHANGE(1.0),Climate Change indicators,I,A,Annual,SEA_LVL,Sea Level Anomalies,PW,Palau,2022,,0.2,,,,METER,meter,,,,,N,National,,
DATAFLOW,SPC:DF_CLIMATE_CHANGE(1.0),Climate Change indicators,I,A,Annual,SEA_LVL,Sea Level Anomalies,PW,Palau,2023,,0.1,,,,METER,meter,,,,,N,National,,
