STRUCTURE,STRUCTURE_ID,STRUCTURE_NAME,ACTION,FREQ,Frequency,CLIMATE_CHANGE_INDICATORS,Climate Change Indicators,GEO_PICT,Pacific Island Countries and territories,TIME_PERIOD,Time,OBS_VALUE,Observation value,OBS_STATUS,Observation Status,UNIT_MEASURE,Unit of measure,ERROR_TYPE,Error type,ERROR_VAL,Error value,REPORTING_TYPE,Reporting Type,OBS_COMMENT,Comment
DATAFLOW,SPC:DF_CLIMATE_CHANGE(1.0),Climate Change indicators,I,A,Annual,SST_ANOM,Sea Surface Temperature anomalies,AS,American Samoa,1850,,0,,,,CELSIUS,Celsius (°C),SE,Standard error,0,,N,National,,
DATAFLOW,SPC:DF_CLIMATE_CHANGE(1.0),Climate Change indicators,I,A,Annual,SST_ANOM,Sea Surface Temperature anomalies,AS,American Samoa,1851,,-0.3,,,,CELSIUS,Celsius (°C),SE,Standard error,0,,N,National,,
DATAFLOW,SPC:DF_CLIMATE_CHANGE(1.0),Climate Change indicators,I,A,Annual,SST_ANOM,Sea Surface Temperature anomalies,AS,American Samoa,1852,,0,,,,CELSIUS,Celsius (°C),SE,Standard error,0,,N,National,,
DATAFLOW,SPC:DF_CLIMATE_CHANGE(1.0),Climate Change indicators,I,A,Annual,SST_ANOM,Sea Surface Temperature anomalies,AS,American Samoa,1853,,0.4,,,,CELSIUS,Celsius (°C),SE,Standard error,0.1,,N,National,,
DATAFLOW,SPC:DF_CLIMATE_CHANGE(1.0),Climate Change indicators,I,A,Annual,SST_ANOM,Sea Surface Temperature anomalies,AS,American Samoa,1854,,0.2,,,,CELSIUS,Celsius (°C),SE,Standard error,0.1,,N,National,,
DATAFLOW,SPC:DF_CLIMATE_CHANGE(1.0),Climate Change indicators,I,A,Annual,SST_ANOM,Sea Surface Temperature anomalies,AS,American Samoa,1855,,-0.3,,,,CELSIUS,Celsius (°C),SE,Standard error,0,,N,National,,
DATAFLOW,SPC:DF_CLIMATE_CHANGE(1.0),Climate Change indicators,I,A,Annual,SST_ANOM,Sea Surface Temperature anomalies,AS,American Samoa,1856,,-0.1,,,,CELSIUS,Celsius (°C),SE,Standard error,0.1,,N,National,,
DATAFLOW,SPC:DF_CLIMATE_CHANGE(1.0),Climate Change indicators,I,A,Annual,SST_ANOM,Sea Surface Temperature anomalies,AS,American Samoa,1857,,-0.5,,,,CELSIUS,Celsius (°C),SE,Standard error,0.1,,N,National,,
DATAFLOW,SPC:DF_CLIMATE_CHANGE(1.0),Climate Change indicators,I,A,Annual,SST_ANOM,Sea Surface Temperature anomalies,AS,American Samoa,1858,,-0.2,,,,CELSIUS,Celsius (°C),SE,Standard error,0.1,,N,National,,
DATAFLOW,SPC:DF_CLIMATE_CHANGE(1.0),Climate Change indicators,I,A,Annual,SST_ANOM,Sea Surface Temperature anomalies,AS,American Samoa,1859,,0.2,,,,CELSIUS,Celsius (°C),SE,Standard error,0.1,,N,National,,
DATAFLOW,SPC:DF_CLIMATE_CHANGE(1.0),Climate Change indicators,I,A,Annual,SST_ANOM,Sea Surface Temperature anomalies,AS,American Samoa,1860,,-0.2,,,,CELSIUS,Celsius (°C),SE,Standard error,0,,N,National,,
DATAFLOW,SPC:DF_CLIMATE_CHANGE(1.0),Climate Change indicators,I,A,Annual,SST_ANOM,Sea Surface Temperature anomalies,AS,American Samoa,1861,,-0.5,,,,CELSIUS,Celsius (°C),SE,Standard error,0.2,,N,National,,
DATAFLOW,SPC:DF_CLIMATE_CHANGE(1.0),Climate Change indicators,I,A,Annual,SST_ANOM,Sea Surface Temperature anomalies,AS,American Samoa,1862,,-0.4,,,,CELSIUS,Celsius (°C),SE,Standard error,0,,N,National,,
DATAFLOW,SPC:DF_CLIMATE_CHANGE(1.0),Climate Change indicators,I,A,Annual,SST_ANOM,Sea Surface Temperature anomalies,AS,American Samoa,1863,,-0.4,,,,CELSIUS,Celsius (°C),SE,Standard error,0,,N,National,,
DATAFLOW,SPC:DF_CLIMATE_CHANGE(1.0),Climate Change indicators,I,A,Annual,SST_ANOM,Sea Surface Temperature anomalies,AS,American Samoa,1864,,-0.2,,,,CELSIUS,Celsius (°C),SE,Standard error,0,,N,National,,
DATAFLOW,SPC:DF_CLIMATE_CHANGE(1.0),Climate Change indicators,I,A,Annual,SST_ANOM,Sea Surface Temperature anomalies,AS,American Samoa,1865,,-0.2,,,,CELSIUS,Celsius (°C),SE,Standard error,0,,N,National,,
DATAFLOW,SPC:DF_CLIMATE_CHANGE(1.0),Climate Change indicators,I,A,Annual,SST_ANOM,Sea Surface Temperature anomalies,AS,American Samoa,1866,,-0.3,,,,CELSIUS,Celsius (°C),SE,Standard error,0,,N,National,,
DATAFLOW,SPC:DF_CLIMATE_CHANGE(1.0),Climate Change indicators,I,A,Annual,SST_ANOM,Sea Surface Temperature anomalies,AS,American Samoa,1867,,-0.2,,,,CELSIUS,Celsius (°C),SE,Standard error,0,,N,National,,
DATAFLOW,SPC:DF_CLIMATE_CHANGE(1.0),Climate Change indicators,I,A,Annual,SST_ANOM,Sea Surface Temperature anomalies,AS,American Samoa,1868,,-0.1,,,,CELSIUS,Celsius (°C),SE,Standard error,0.1,,N,National,,
DATAFLOW,SPC:DF_CLIMATE_CHANGE(1.0),Climate Change indicators,I,A,Annual,SST_ANOM,Sea Surface Temperature anomalies,AS,American Samoa,1869,,-0.1,,,,CELSIUS,Celsius (°C),SE,Standard error,0.1,,N,National,,
DATAFLOW,SPC:DF_CLIMATE_CHANGE(1.0),Climate Change indicators,I,A,Annual,SST_ANOM,Sea Surface Temperature anomalies,AS,American Samoa,1870,,-0.2,,,,CELSIUS,Celsius (°C),SE,Standard error,0,,N,National,,
DATAFLOW,SPC:DF_CLIMATE_CHANGE(1.0),Climate Change indicators,I,A,Annual,SST_ANOM,Sea Surface Temperature anomalies,AS,American Samoa,1871,,0.1,,,,CELSIUS,Celsius (°C),SE,Standard error,0,,N,National,,
DATAFLOW,SPC:DF_CLIMATE_CHANGE(1.0),Climate Change indicators,I,A,Annual,SST_ANOM,Sea Surface Temperature anomalies,AS,American Samoa,1872,,0.1,,,,CELSIUS,Celsius (°C),SE,Standard error,0.1,,N,National,,
DATAFLOW,SPC:DF_CLIMATE_CHANGE(1.0),Climate Change indicators,I,A,Annual,SST_ANOM,Sea Surface Temperature anomalies,AS,American Samoa,1873,,-0.4,,,,CELSIUS,Celsius (°C),SE,Standard error,0.1,,N,National,,
DATAFLOW,SPC:DF_CLIMATE_CHANGE(1.0),Climate Change indicators,I,A,Annual,SST_ANOM,Sea Surface Temperature anomalies,AS,American Samoa,1874,,0,,,,CELSIUS,Celsius (°C),SE,Standard error,0.2,,N,National,,
DATAFLOW,SPC:DF_CLIMATE_CHANGE(1.0),Climate Change indicators,I,A,Annual,SST_ANOM,Sea Surface Temperature anomalies,AS,American Samoa,1875,,-0.1,,,,CELSIUS,Celsius (°C),SE,Standard error,0.1,,N,National,,
DATAFLOW,SPC:DF_CLIMATE_CHANGE(1.0),Climate Change indicators,I,A,Annual,SST_ANOM,Sea Surface Temperature anomalies,AS,American Samoa,1876,,-0.1,,,,CELSIUS,Celsius (°C),SE,Standard error,0.1,,N,National,,
DATAFLOW,SPC:DF_CLIMATE_CHANGE(1.0),Climate Change indicators,I,A,Annual,SST_ANOM,Sea Surface Temperature anomalies,AS,American Samoa,1877,,-0.2,,,,CELSIUS,Celsius (°C),SE,Standard error,0.1,,N,National,,
DATAFLOW,SPC:DF_CLIMATE_CHANGE(1.0),Climate Change indicators,I,A,Annual,SST_ANOM,Sea Surface Temperature anomalies,AS,American Samoa,1878,,-0.2,,,,CELSIUS,Celsius (°C),SE,Standard error,0.1,,N,National,,
DATAFLOW,SPC:DF_CLIMATE_CHANGE(1.0),Climate Change indicators,I,A,Annual,SST_ANOM,Sea Surface Temperature anomalies,AS,American Samoa,1879,,-0.2,,,,CELSIUS,Celsius (°C),SE,Standard error,0.1,,N,National,,
DATAFLOW,SPC:DF_CLIMATE_CHANGE(1.0),Climate Change indicators,I,A,Annual,SST_ANOM,Sea Surface Temperature anomalies,AS,American Samoa,1880,,-0.2,,,,CELSIUS,Celsius (°C),SE,Standard error,0,,N,National,,
DATAFLOW,SPC:DF_CLIMATE_CHANGE(1.0),Climate Change indicators,I,A,Annual,SST_ANOM,Sea Surface Temperature anomalies,AS,American Samoa,1881,,0.1,,,,CELSIUS,Celsius (°C),SE,Standard error,0,,N,National,,
DATAFLOW,SPC:DF_CLIMATE_CHANGE(1.0),Climate Change indicators,I,A,Annual,SST_ANOM,Sea Surface Temperature anomalies,AS,American Samoa,1882,,0.1,,,,CELSIUS,Celsius (°C),SE,Standard error,0.1,,N,National,,
DATAFLOW,SPC:DF_CLIMATE_CHANGE(1.0),Climate Change indicators,I,A,Annual,SST_ANOM,Sea Surface Temperature anomalies,AS,American Samoa,1883,,-0.4,,,,CELSIUS,Celsius (°C),SE,Standard error,0.1,,N,National,,
DATAFLOW,SPC:DF_CLIMATE_CHANGE(1.0),Climate Change indicators,I,A,Annual,SST_ANOM,Sea Surface Temperature anomalies,AS,American Samoa,1884,,-0.4,,,,CELSIUS,Celsius (°C),SE,Standard error,0.1,,N,National,,
DATAFLOW,SPC:DF_CLIMATE_CHANGE(1.0),Climate Change indicators,I,A,Annual,SST_ANOM,Sea Surface Temperature anomalies,AS,American Samoa,1885,,-0.6,,,,CELSIUS,Celsius (°C),SE,Standard error,0.1,,N,National,,
DATAFLOW,SPC:DF_CLIMATE_CHANGE(1.0),Climate Change indicators,I,A,Annual,SST_ANOM,Sea Surface Temperature anomalies,AS,American Samoa,1886,,-0.5,,,,CELSIUS,Celsius (°C),SE,Standard error,0.1,,N,National,,
DATAFLOW,SPC:DF_CLIMATE_CHANGE(1.0),Climate Change indicators,I,A,Annual,SST_ANOM,Sea Surface Temperature anomalies,AS,American Samoa,1887,,-0.4,,,,CELSIUS,Celsius (°C),SE,Standard error,0.1,,N,National,,
DATAFLOW,SPC:DF_CLIMATE_CHANGE(1.0),Climate Change indicators,I,A,Annual,SST_ANOM,Sea Surface Temperature anomalies,AS,American Samoa,1888,,-0.2,,,,CELSIUS,Celsius (°C),SE,Standard error,0,,N,National,,
DATAFLOW,SPC:DF_CLIMATE_CHANGE(1.0),Climate Change indicators,I,A,Annual,SST_ANOM,Sea Surface Temperature anomalies,AS,American Samoa,1889,,-0.1,,,,CELSIUS,Celsius (°C),SE,Standard error,0.1,,N,National,,
DATAFLOW,SPC:DF_CLIMATE_CHANGE(1.0),Climate Change indicators,I,A,Annual,SST_ANOM,Sea Surface Temperature anomalies,AS,American Samoa,1890,,-0.5,,,,CELSIUS,Celsius (°C),SE,Standard error,0.1,,N,National,,
DATAFLOW,SPC:DF_CLIMATE_CHANGE(1.0),Climate Change indicators,I,A,Annual,SST_ANOM,Sea Surface Temperature anomalies,AS,American Samoa,1891,,-0.4,,,,CELSIUS,Celsius (°C),SE,Standard error,0.1,,N,National,,
DATAFLOW,SPC:DF_CLIMATE_CHANGE(1.0),Climate Change indicators,I,A,Annual,SST_ANOM,Sea Surface Temperature anomalies,AS,American Samoa,1892,,-0.3,,,,CELSIUS,Celsius (°C),SE,Standard error,0.1,,N,National,,
DATAFLOW,SPC:DF_CLIMATE_CHANGE(1.0),Climate Change indicators,I,A,Annual,SST_ANOM,Sea Surface Temperature anomalies,AS,American Samoa,1893,,-0.7,,,,CELSIUS,Celsius (°C),SE,Standard error,0.1,,N,National,,
DATAFLOW,SPC:DF_CLIMATE_CHANGE(1.0),Climate Change indicators,I,A,Annual,SST_ANOM,Sea Surface Temperature anomalies,AS,American Samoa,1894,,-0.3,,,,CELSIUS,Celsius (°C),SE,Standard error,0.1,,N,National,,
DATAFLOW,SPC:DF_CLIMATE_CHANGE(1.0),Climate Change indicators,I,A,Annual,SST_ANOM,Sea Surface Temperature anomalies,AS,American Samoa,1895,,-0.2,,,,CELSIUS,Celsius (°C),SE,Standard error,0.1,,N,National,,
DATAFLOW,SPC:DF_CLIMATE_CHANGE(1.0),Climate Change indicators,I,A,Annual,SST_ANOM,Sea Surface Temperature anomalies,AS,American Samoa,1896,,-0.4,,,,CELSIUS,Celsius (°C),SE,Standard error,0.1,,N,National,,
DATAFLOW,SPC:DF_CLIMATE_CHANGE(1.0),Climate Change indicators,I,A,Annual,SST_ANOM,Sea Surface Temperature anomalies,AS,American Samoa,1897,,-0.2,,,,CELSIUS,Celsius (°C),SE,Standard error,0.1,,N,National,,
DATAFLOW,SPC:DF_CLIMATE_CHANGE(1.0),Climate Change indicators,I,A,Annual,SST_ANOM,Sea Surface Temperature anomalies,AS,American Samoa,1898,,-0.2,,,,CELSIUS,Celsius (°C),SE,Standard error,0,,N,National,,
DATAFLOW,SPC:DF_CLIMATE_CHANGE(1.0),Climate Change indicators,I,A,Annual,SST_ANOM,Sea Surface Temperature anomalies,AS,American Samoa,1899,,-0.1,,,,CELSIUS,Celsius (°C),SE,Standard error,0.1,,N,National,,
DATAFLOW,SPC:DF_CLIMATE_CHANGE(1.0),Climate Change indicators,I,A,Annual,SST_ANOM,Sea Surface Temperature anomalies,AS,American Samoa,1900,,0.1,,,,CELSIUS,Celsius (°C),SE,Standard error,0.1,,N,National,,
DATAFLOW,SPC:DF_CLIMATE_CHANGE(1.0),Climate Change indicators,I,A,Annual,SST_ANOM,Sea Surface Temperature anomalies,AS,American Samoa,1901,,0.2,,,,CELSIUS,Celsius (°C),SE,Standard error,0.1,,N,National,,
DATAFLOW,SPC:DF_CLIMATE_CHANGE(1.0),Climate Change indicators,I,A,Annual,SST_ANOM,Sea Surface Temperature anomalies,AS,American Samoa,1902,,-0.4,,,,CELSIUS,Celsius (°C),SE,Standard error,0.1,,N,National,,
DATAFLOW,SPC:DF_CLIMATE_CHANGE(1.0),Climate Change indicators,I,A,Annual,SST_ANOM,Sea Surface Temperature anomalies,AS,American Samoa,1903,,-0.2,,,,CELSIUS,Celsius (°C),SE,Standard error,0.1,,N,National,,
DATAFLOW,SPC:DF_CLIMATE_CHANGE(1.0),Climate Change indicators,I,A,Annual,SST_ANOM,Sea Surface Temperature anomalies,AS,American Samoa,1904,,-0.6,,,,CELSIUS,Celsius (°C),SE,Standard error,0.1,,N,National,,
DATAFLOW,SPC:DF_CLIMATE_CHANGE(1.0),Climate Change indicators,I,A,Annual,SST_ANOM,Sea Surface Temperature anomalies,AS,American Samoa,1905,,-0.5,,,,CELSIUS,Celsius (°C),SE,Standard error,0.1,,N,National,,
DATAFLOW,SPC:DF_CLIMATE_CHANGE(1.0),Climate Change indicators,I,A,Annual,SST_ANOM,Sea Surface Temperature anomalies,AS,American Samoa,1906,,-0.1,,,,CELSIUS,Celsius (°C),SE,Standard error,0.1,,N,National,,
DATAFLOW,SPC:DF_CLIMATE_CHANGE(1.0),Climate Change indicators,I,A,Annual,SST_ANOM,Sea Surface Temperature anomalies,AS,American Samoa,1907,,-0.4,,,,CELSIUS,Celsius (°C),SE,Standard error,0.1,,N,National,,
DATAFLOW,SPC:DF_CLIMATE_CHANGE(1.0),Climate Change indicators,I,A,Annual,SST_ANOM,Sea Surface Temperature anomalies,AS,American Samoa,1908,,-0.5,,,,CELSIUS,Celsius (°C),SE,Standard error,0,,N,National,,
DATAFLOW,SPC:DF_CLIMATE_CHANGE(1.0),Climate Change indicators,I,A,Annual,SST_ANOM,Sea Surface Temperature anomalies,AS,American Samoa,1909,,-0.7,,,,CELSIUS,Celsius (°C),SE,Standard error,0.1,,N,National,,
DATAFLOW,SPC:DF_CLIMATE_CHANGE(1.0),Climate Change indicators,I,A,Annual,SST_ANOM,Sea Surface Temperature anomalies,AS,American Samoa,1910,,-0.7,,,,CELSIUS,Celsius (°C),SE,Standard error,0.1,,N,National,,
DATAFLOW,SPC:DF_CLIMATE_CHANGE(1.0),Climate Change indicators,I,A,Annual,SST_ANOM,Sea Surface Temperature anomalies,AS,American Samoa,1911,,-0.6,,,,CELSIUS,Celsius (°C),SE,Standard error,0.1,,N,National,,
DATAFLOW,SPC:DF_CLIMATE_CHANGE(1.0),Climate Change indicators,I,A,Annual,SST_ANOM,Sea Surface Temperature anomalies,AS,American Samoa,1912,,-0.3,,,,CELSIUS,Celsius (°C),SE,Standard error,0,,N,National,,
DATAFLOW,SPC:DF_CLIMATE_CHANGE(1.0),Climate Change indicators,I,A,Annual,SST_ANOM,Sea Surface Temperature anomalies,AS,American Samoa,1913,,-0.5,,,,CELSIUS,Celsius (°C),SE,Standard error,0,,N,National,,
DATAFLOW,SPC:DF_CLIMATE_CHANGE(1.0),Climate Change indicators,I,A,Annual,SST_ANOM,Sea Surface Temperature anomalies,AS,American Samoa,1914,,-0.3,,,,CELSIUS,Celsius (°C),SE,Standard error,0.1,,N,National,,
DATAFLOW,SPC:DF_CLIMATE_CHANGE(1.0),Climate Change indicators,I,A,Annual,SST_ANOM,Sea Surface Temperature anomalies,AS,American Samoa,1915,,-0.1,,,,CELSIUS,Celsius (°C),SE,Standard error,0.1,,N,National,,
DATAFLOW,SPC:DF_CLIMATE_CHANGE(1.0),Climate Change indicators,I,A,Annual,SST_ANOM,Sea Surface Temperature anomalies,AS,American Samoa,1916,,-0.2,,,,CELSIUS,Celsius (°C),SE,Standard error,0.1,,N,National,,
DATAFLOW,SPC:DF_CLIMATE_CHANGE(1.0),Climate Change indicators,I,A,Annual,SST_ANOM,Sea Surface Temperature anomalies,AS,American Samoa,1917,,-0.8,,,,CELSIUS,Celsius (°C),SE,Standard error,0.1,,N,National,,
DATAFLOW,SPC:DF_CLIMATE_CHANGE(1.0),Climate Change indicators,I,A,Annual,SST_ANOM,Sea Surface Temperature anomalies,AS,American Samoa,1918,,-0.5,,,,CELSIUS,Celsius (°C),SE,Standard error,0.1,,N,National,,
DATAFLOW,SPC:DF_CLIMATE_CHANGE(1.0),Climate Change indicators,I,A,Annual,SST_ANOM,Sea Surface Temperature anomalies,AS,American Samoa,1919,,-0.8,,,,CELSIUS,Celsius (°C),SE,Standard error,0.1,,N,National,,
DATAFLOW,SPC:DF_CLIMATE_CHANGE(1.0),Climate Change indicators,I,A,Annual,SST_ANOM,Sea Surface Temperature anomalies,AS,American Samoa,1920,,-0.5,,,,CELSIUS,Celsius (°C),SE,Standard error,0.1,,N,National,,
DATAFLOW,SPC:DF_CLIMATE_CHANGE(1.0),Climate Change indicators,I,A,Annual,SST_ANOM,Sea Surface Temperature anomalies,AS,American Samoa,1921,,-0.4,,,,CELSIUS,Celsius (°C),SE,Standard error,0.1,,N,National,,
DATAFLOW,SPC:DF_CLIMATE_CHANGE(1.0),Climate Change indicators,I,A,Annual,SST_ANOM,Sea Surface Temperature anomalies,AS,American Samoa,1922,,-0.1,,,,CELSIUS,Celsius (°C),SE,Standard error,0.1,,N,National,,
DATAFLOW,SPC:DF_CLIMATE_CHANGE(1.0),Climate Change indicators,I,A,Annual,SST_ANOM,Sea Surface Temperature anomalies,AS,American Samoa,1923,,-0.4,,,,CELSIUS,Celsius (°C),SE,Standard error,0.1,,N,National,,
DATAFLOW,SPC:DF_CLIMATE_CHANGE(1.0),Climate Change indicators,I,A,Annual,SST_ANOM,Sea Surface Temperature anomalies,AS,American Samoa,1924,,-0.1,,,,CELSIUS,Celsius (°C),SE,Standard error,0.1,,N,National,,
DATAFLOW,SPC:DF_CLIMATE_CHANGE(1.0),Climate Change indicators,I,A,Annual,SST_ANOM,Sea Surface Temperature anomalies,AS,American Samoa,1925,,-0.3,,,,CELSIUS,Celsius (°C),SE,Standard error,0.1,,N,National,,
DATAFLOW,SPC:DF_CLIMATE_CHANGE(1.0),Climate Change indicators,I,A,Annual,SST_ANOM,Sea Surface Temperature anomalies,AS,American Samoa,1926,,-0.3,,,,CELSIUS,Celsius (°C),SE,Standard error,0.1,,N,National,,
DATAFLOW,SPC:DF_CLIMATE_CHANGE(1.0),Climate Change indicators,I,A,Annual,SST_ANOM,Sea Surface Temperature anomalies,AS,American Samoa,1927,,-0.3,,,,CELSIUS,Celsius (°C),SE,Standard error,0.1,,N,National,,
DATAFLOW,SPC:DF_CLIMATE_CHANGE(1.0),Climate Change indicators,I,A,Annual,SST_ANOM,Sea Surface Temperature anomalies,AS,American Samoa,1928,,-0.2,,,,CELSIUS,Celsius (°C),SE,Standard error,0.1,,N,National,,
DATAFLOW,SPC:DF_CLIMATE_CHANGE(1.0),Climate Change indicators,I,A,Annual,SST_ANOM,Sea Surface Temperature anomalies,AS,American Samoa,1929,,-0.3,,,,CELSIUS,Celsius (°C),SE,Standard error,0,,N,National,,
DATAFLOW,SPC:DF_CLIMATE_CHANGE(1.0),Climate Change indicators,I,A,Annual,SST_ANOM,Sea Surface Temperature anomalies,AS,American Samoa,1930,,-0.4,,,,CELSIUS,Celsius (°C),SE,Standard error,0.1,,N,National,,
DATAFLOW,SPC:DF_CLIMATE_CHANGE(1.0),Climate Change indicators,I,A,Annual,SST_ANOM,Sea Surface Temperature anomalies,AS,American Samoa,1931,,-0.3,,,,CELSIUS,Celsius (°C),SE,Standard error,0.1,,N,National,,
DATAFLOW,SPC:DF_CLIMATE_CHANGE(1.0),Climate Change indicators,I,A,Annual,SST_ANOM,Sea Surface Temperature anomalies,AS,American Samoa,1932,,-0.1,,,,CELSIUS,Celsius (°C),SE,Standard error,0,,N,National,,
DATAFLOW,SPC:DF_CLIMATE_CHANGE(1.0),Climate Change indicators,I,A,Annual,SST_ANOM,Sea Surface Temperature anomalies,AS,American Samoa,1933,,-0.5,,,,CELSIUS,Celsius (°C),SE,Standard error,0.1,,N,National,,
DATAFLOW,SPC:DF_CLIMATE_CHANGE(1.0),Climate Change indicators,I,A,Annual,SST_ANOM,Sea Surface Temperature anomalies,AS,American Samoa,1934,,-0.4,,,,CELSIUS,Celsius (°C),SE,Standard error,0.1,,N,National,,
DATAFLOW,SPC:DF_CLIMATE_CHANGE(1.0),Climate Change indicators,I,A,Annual,SST_ANOM,Sea Surface Temperature anomalies,AS,American Samoa,1935,,-0.4,,,,CELSIUS,Celsius (°C),SE,Standard error,0.1,,N,National,,
DATAFLOW,SPC:DF_CLIMATE_CHANGE(1.0),Climate Change indicators,I,A,Annual,SST_ANOM,Sea Surface Temperature anomalies,AS,American Samoa,1936,,-0.2,,,,CELSIUS,Celsius (°C),SE,Standard error,0,,N,National,,
DATAFLOW,SPC:DF_CLIMATE_CHANGE(1.0),Climate Change indicators,I,A,Annual,SST_ANOM,Sea Surface Temperature anomalies,AS,American Samoa,1937,,-0.3,,,,CELSIUS,Celsius (°C),SE,Standard error,0,,N,National,,
DATAFLOW,SPC:DF_CLIMATE_CHANGE(1.0),Climate Change indicators,I,A,Annual,SST_ANOM,Sea Surface Temperature anomalies,AS,American Samoa,1938,,-0.4,,,,CELSIUS,Celsius (°C),SE,Standard error,0,,N,National,,
DATAFLOW,SPC:DF_CLIMATE_CHANGE(1.0),Climate Change indicators,I,A,Annual,SST_ANOM,Sea Surface Temperature anomalies,AS,American Samoa,1939,,-0.5,,,,CELSIUS,Celsius (°C),SE,Standard error,0.1,,N,National,,
DATAFLOW,SPC:DF_CLIMATE_CHANGE(1.0),Climate Change indicators,I,A,Annual,SST_ANOM,Sea Surface Temperature anomalies,AS,American Samoa,1940,,-0.1,,,,CELSIUS,Celsius (°C),SE,Standard error,0.1,,N,National,,
DATAFLOW,SPC:DF_CLIMATE_CHANGE(1.0),Climate Change indicators,I,A,Annual,SST_ANOM,Sea Surface Temperature anomalies,AS,American Samoa,1941,,0.1,,,,CELSIUS,Celsius (°C),SE,Standard error,0.1,,N,National,,
DATAFLOW,SPC:DF_CLIMATE_CHANGE(1.0),Climate Change indicators,I,A,Annual,SST_ANOM,Sea Surface Temperature anomalies,AS,American Samoa,1942,,0.1,,,,CELSIUS,Celsius (°C),SE,Standard error,0.1,,N,National,,
DATAFLOW,SPC:DF_CLIMATE_CHANGE(1.0),Climate Change indicators,I,A,Annual,SST_ANOM,Sea Surface Temperature anomalies,AS,American Samoa,1943,,0.1,,,,CELSIUS,Celsius (°C),SE,Standard error,0.1,,N,National,,
DATAFLOW,SPC:DF_CLIMATE_CHANGE(1.0),Climate Change indicators,I,A,Annual,SST_ANOM,Sea Surface Temperature anomalies,AS,American Samoa,1944,,0.2,,,,CELSIUS,Celsius (°C),SE,Standard error,0.1,,N,National,,
DATAFLOW,SPC:DF_CLIMATE_CHANGE(1.0),Climate Change indicators,I,A,Annual,SST_ANOM,Sea Surface Temperature anomalies,AS,American Samoa,1945,,0.1,,,,CELSIUS,Celsius (°C),SE,Standard error,0,,N,National,,
DATAFLOW,SPC:DF_CLIMATE_CHANGE(1.0),Climate Change indicators,I,A,Annual,SST_ANOM,Sea Surface Temperature anomalies,AS,American Samoa,1946,,0.2,,,,CELSIUS,Celsius (°C),SE,Standard error,0.1,,N,National,,
DATAFLOW,SPC:DF_CLIMATE_CHANGE(1.0),Climate Change indicators,I,A,Annual,SST_ANOM,Sea Surface Temperature anomalies,AS,American Samoa,1947,,0.2,,,,CELSIUS,Celsius (°C),SE,Standard error,0.1,,N,National,,
DATAFLOW,SPC:DF_CLIMATE_CHANGE(1.0),Climate Change indicators,I,A,Annual,SST_ANOM,Sea Surface Temperature anomalies,AS,American Samoa,1948,,-0.2,,,,CELSIUS,Celsius (°C),SE,Standard error,0.1,,N,National,,
DATAFLOW,SPC:DF_CLIMATE_CHANGE(1.0),Climate Change indicators,I,A,Annual,SST_ANOM,Sea Surface Temperature anomalies,AS,American Samoa,1949,,-0.2,,,,CELSIUS,Celsius (°C),SE,Standard error,0,,N,National,,
DATAFLOW,SPC:DF_CLIMATE_CHANGE(1.0),Climate Change indicators,I,A,Annual,SST_ANOM,Sea Surface Temperature anomalies,AS,American Samoa,1950,,-0.2,,,,CELSIUS,Celsius (°C),SE,Standard error,0,,N,National,,
DATAFLOW,SPC:DF_CLIMATE_CHANGE(1.0),Climate Change indicators,I,A,Annual,SST_ANOM,Sea Surface Temperature anomalies,AS,American Samoa,1951,,-0.1,,,,CELSIUS,Celsius (°C),SE,Standard error,0,,N,National,,
DATAFLOW,SPC:DF_CLIMATE_CHANGE(1.0),Climate Change indicators,I,A,Annual,SST_ANOM,Sea Surface Temperature anomalies,AS,American Samoa,1952,,0.2,,,,CELSIUS,Celsius (°C),SE,Standard error,0,,N,National,,
DATAFLOW,SPC:DF_CLIMATE_CHANGE(1.0),Climate Change indicators,I,A,Annual,SST_ANOM,Sea Surface Temperature anomalies,AS,American Samoa,1953,,0.1,,,,CELSIUS,Celsius (°C),SE,Standard error,0.1,,N,National,,
DATAFLOW,SPC:DF_CLIMATE_CHANGE(1.0),Climate Change indicators,I,A,Annual,SST_ANOM,Sea Surface Temperature anomalies,AS,American Samoa,1954,,0,,,,CELSIUS,Celsius (°C),SE,Standard error,0.1,,N,National,,
DATAFLOW,SPC:DF_CLIMATE_CHANGE(1.0),Climate Change indicators,I,A,Annual,SST_ANOM,Sea Surface Temperature anomalies,AS,American Samoa,1955,,-0.3,,,,CELSIUS,Celsius (°C),SE,Standard error,0.1,,N,National,,
DATAFLOW,SPC:DF_CLIMATE_CHANGE(1.0),Climate Change indicators,I,A,Annual,SST_ANOM,Sea Surface Temperature anomalies,AS,American Samoa,1956,,-0.3,,,,CELSIUS,Celsius (°C),SE,Standard error,0.1,,N,National,,
DATAFLOW,SPC:DF_CLIMATE_CHANGE(1.0),Climate Change indicators,I,A,Annual,SST_ANOM,Sea Surface Temperature anomalies,AS,American Samoa,1957,,-0.1,,,,CELSIUS,Celsius (°C),SE,Standard error,0.1,,N,National,,
DATAFLOW,SPC:DF_CLIMATE_CHANGE(1.0),Climate Change indicators,I,A,Annual,SST_ANOM,Sea Surface Temperature anomalies,AS,American Samoa,1958,,0,,,,CELSIUS,Celsius (°C),SE,Standard error,0.1,,N,National,,
DATAFLOW,SPC:DF_CLIMATE_CHANGE(1.0),Climate Change indicators,I,A,Annual,SST_ANOM,Sea Surface Temperature anomalies,AS,American Samoa,1959,,0.1,,,,CELSIUS,Celsius (°C),SE,Standard error,0.1,,N,National,,
DATAFLOW,SPC:DF_CLIMATE_CHANGE(1.0),Climate Change indicators,I,A,Annual,SST_ANOM,Sea Surface Temperature anomalies,AS,American Samoa,1960,,0,,,,CELSIUS,Celsius (°C),SE,Standard error,0.1,,N,National,,
DATAFLOW,SPC:DF_CLIMATE_CHANGE(1.0),Climate Change indicators,I,A,Annual,SST_ANOM,Sea Surface Temperature anomalies,AS,American Samoa,1961,,0,,,,CELSIUS,Celsius (°C),SE,Standard error,0.1,,N,National,,
DATAFLOW,SPC:DF_CLIMATE_CHANGE(1.0),Climate Change indicators,I,A,Annual,SST_ANOM,Sea Surface Temperature anomalies,AS,American Samoa,1962,,-0.1,,,,CELSIUS,Celsius (°C),SE,Standard error,0,,N,National,,
DATAFLOW,SPC:DF_CLIMATE_CHANGE(1.0),Climate Change indicators,I,A,Annual,SST_ANOM,Sea Surface Temperature anomalies,AS,American Samoa,1963,,0,,,,CELSIUS,Celsius (°C),SE,Standard error,0,,N,National,,
DATAFLOW,SPC:DF_CLIMATE_CHANGE(1.0),Climate Change indicators,I,A,Annual,SST_ANOM,Sea Surface Temperature anomalies,AS,American Samoa,1964,,-0.1,,,,CELSIUS,Celsius (°C),SE,Standard error,0.1,,N,National,,
DATAFLOW,SPC:DF_CLIMATE_CHANGE(1.0),Climate Change indicators,I,A,Annual,SST_ANOM,Sea Surface Temperature anomalies,AS,American Samoa,1965,,-0.3,,,,CELSIUS,Celsius (°C),SE,Standard error,0,,N,National,,
DATAFLOW,SPC:DF_CLIMATE_CHANGE(1.0),Climate Change indicators,I,A,Annual,SST_ANOM,Sea Surface Temperature anomalies,AS,American Samoa,1966,,0,,,,CELSIUS,Celsius (°C),SE,Standard error,0.1,,N,National,,
DATAFLOW,SPC:DF_CLIMATE_CHANGE(1.0),Climate Change indicators,I,A,Annual,SST_ANOM,Sea Surface Temperature anomalies,AS,American Samoa,1967,,-0.2,,,,CELSIUS,Celsius (°C),SE,Standard error,0,,N,National,,
DATAFLOW,SPC:DF_CLIMATE_CHANGE(1.0),Climate Change indicators,I,A,Annual,SST_ANOM,Sea Surface Temperature anomalies,AS,American Samoa,1968,,0,,,,CELSIUS,Celsius (°C),SE,Standard error,0.1,,N,National,,
DATAFLOW,SPC:DF_CLIMATE_CHANGE(1.0),Climate Change indicators,I,A,Annual,SST_ANOM,Sea Surface Temperature anomalies,AS,American Samoa,1969,,0.2,,,,CELSIUS,Celsius (°C),SE,Standard error,0.1,,N,National,,
DATAFLOW,SPC:DF_CLIMATE_CHANGE(1.0),Climate Change indicators,I,A,Annual,SST_ANOM,Sea Surface Temperature anomalies,AS,American Samoa,1970,,0.1,,,,CELSIUS,Celsius (°C),SE,Standard error,0.1,,N,National,,
DATAFLOW,SPC:DF_CLIMATE_CHANGE(1.0),Climate Change indicators,I,A,Annual,SST_ANOM,Sea Surface Temperature anomalies,AS,American Samoa,1971,,-0.2,,,,CELSIUS,Celsius (°C),SE,Standard error,0.1,,N,National,,
DATAFLOW,SPC:DF_CLIMATE_CHANGE(1.0),Climate Change indicators,I,A,Annual,SST_ANOM,Sea Surface Temperature anomalies,AS,American Samoa,1972,,-0.2,,,,CELSIUS,Celsius (°C),SE,Standard error,0,,N,National,,
DATAFLOW,SPC:DF_CLIMATE_CHANGE(1.0),Climate Change indicators,I,A,Annual,SST_ANOM,Sea Surface Temperature anomalies,AS,American Samoa,1973,,0.2,,,,CELSIUS,Celsius (°C),SE,Standard error,0.1,,N,National,,
DATAFLOW,SPC:DF_CLIMATE_CHANGE(1.0),Climate Change indicators,I,A,Annual,SST_ANOM,Sea Surface Temperature anomalies,AS,American Samoa,1974,,-0.3,,,,CELSIUS,Celsius (°C),SE,Standard error,0.1,,N,National,,
DATAFLOW,SPC:DF_CLIMATE_CHANGE(1.0),Climate Change indicators,I,A,Annual,SST_ANOM,Sea Surface Temperature anomalies,AS,American Samoa,1975,,-0.3,,,,CELSIUS,Celsius (°C),SE,Standard error,0,,N,National,,
DATAFLOW,SPC:DF_CLIMATE_CHANGE(1.0),Climate Change indicators,I,A,Annual,SST_ANOM,Sea Surface Temperature anomalies,AS,American Samoa,1976,,-0.3,,,,CELSIUS,Celsius (°C),SE,Standard error,0.1,,N,National,,
DATAFLOW,SPC:DF_CLIMATE_CHANGE(1.0),Climate Change indicators,I,A,Annual,SST_ANOM,Sea Surface Temperature anomalies,AS,American Samoa,1977,,-0.1,,,,CELSIUS,Celsius (°C),SE,Standard error,0.1,,N,National,,
DATAFLOW,SPC:DF_CLIMATE_CHANGE(1.0),Climate Change indicators,I,A,Annual,SST_ANOM,Sea Surface Temperature anomalies,AS,American Samoa,1978,,0,,,,CELSIUS,Celsius (°C),SE,Standard error,0.1,,N,National,,
DATAFLOW,SPC:DF_CLIMATE_CHANGE(1.0),Climate Change indicators,I,A,Annual,SST_ANOM,Sea Surface Temperature anomalies,AS,American Samoa,1979,,-0.1,,,,CELSIUS,Celsius (°C),SE,Standard error,0.1,,N,National,,
DATAFLOW,SPC:DF_CLIMATE_CHANGE(1.0),Climate Change indicators,I,A,Annual,SST_ANOM,Sea Surface Temperature anomalies,AS,American Samoa,1980,,0.1,,,,CELSIUS,Celsius (°C),SE,Standard error,0.1,,N,National,,
DATAFLOW,SPC:DF_CLIMATE_CHANGE(1.0),Climate Change indicators,I,A,Annual,SST_ANOM,Sea Surface Temperature anomalies,AS,American Samoa,1981,,-0.1,,,,CELSIUS,Celsius (°C),SE,Standard error,0.1,,N,National,,
DATAFLOW,SPC:DF_CLIMATE_CHANGE(1.0),Climate Change indicators,I,A,Annual,SST_ANOM,Sea Surface Temperature anomalies,AS,American Samoa,1982,,0,,,,CELSIUS,Celsius (°C),SE,Standard error,0.1,,N,National,,
DATAFLOW,SPC:DF_CLIMATE_CHANGE(1.0),Climate Change indicators,I,A,Annual,SST_ANOM,Sea Surface Temperature anomalies,AS,American Samoa,1983,,-0.3,,,,CELSIUS,Celsius (°C),SE,Standard error,0.1,,N,National,,
DATAFLOW,SPC:DF_CLIMATE_CHANGE(1.0),Climate Change indicators,I,A,Annual,SST_ANOM,Sea Surface Temperature anomalies,AS,American Samoa,1984,,0,,,,CELSIUS,Celsius (°C),SE,Standard error,0.1,,N,National,,
DATAFLOW,SPC:DF_CLIMATE_CHANGE(1.0),Climate Change indicators,I,A,Annual,SST_ANOM,Sea Surface Temperature anomalies,AS,American Samoa,1985,,-0.2,,,,CELSIUS,Celsius (°C),SE,Standard error,0,,N,National,,
DATAFLOW,SPC:DF_CLIMATE_CHANGE(1.0),Climate Change indicators,I,A,Annual,SST_ANOM,Sea Surface Temperature anomalies,AS,American Samoa,1986,,-0.1,,,,CELSIUS,Celsius (°C),SE,Standard error,0,,N,National,,
DATAFLOW,SPC:DF_CLIMATE_CHANGE(1.0),Climate Change indicators,I,A,Annual,SST_ANOM,Sea Surface Temperature anomalies,AS,American Samoa,1987,,-0.1,,,,CELSIUS,Celsius (°C),SE,Standard error,0.1,,N,National,,
DATAFLOW,SPC:DF_CLIMATE_CHANGE(1.0),Climate Change indicators,I,A,Annual,SST_ANOM,Sea Surface Temperature anomalies,AS,American Samoa,1988,,0.1,,,,CELSIUS,Celsius (°C),SE,Standard error,0.1,,N,National,,
DATAFLOW,SPC:DF_CLIMATE_CHANGE(1.0),Climate Change indicators,I,A,Annual,SST_ANOM,Sea Surface Temperature anomalies,AS,American Samoa,1989,,-0.1,,,,CELSIUS,Celsius (°C),SE,Standard error,0.1,,N,National,,
DATAFLOW,SPC:DF_CLIMATE_CHANGE(1.0),Climate Change indicators,I,A,Annual,SST_ANOM,Sea Surface Temperature anomalies,AS,American Samoa,1990,,0,,,,CELSIUS,Celsius (°C),SE,Standard error,0.1,,N,National,,
DATAFLOW,SPC:DF_CLIMATE_CHANGE(1.0),Climate Change indicators,I,A,Annual,SST_ANOM,Sea Surface Temperature anomalies,AS,American Samoa,1991,,0.3,,,,CELSIUS,Celsius (°C),SE,Standard error,0,,N,National,,
DATAFLOW,SPC:DF_CLIMATE_CHANGE(1.0),Climate Change indicators,I,A,Annual,SST_ANOM,Sea Surface Temperature anomalies,AS,American Samoa,1992,,0.2,,,,CELSIUS,Celsius (°C),SE,Standard error,0.1,,N,National,,
DATAFLOW,SPC:DF_CLIMATE_CHANGE(1.0),Climate Change indicators,I,A,Annual,SST_ANOM,Sea Surface Temperature anomalies,AS,American Samoa,1993,,0.1,,,,CELSIUS,Celsius (°C),SE,Standard error,0,,N,National,,
DATAFLOW,SPC:DF_CLIMATE_CHANGE(1.0),Climate Change indicators,I,A,Annual,SST_ANOM,Sea Surface Temperature anomalies,AS,American Samoa,1994,,0.2,,,,CELSIUS,Celsius (°C),SE,Standard error,0.1,,N,National,,
DATAFLOW,SPC:DF_CLIMATE_CHANGE(1.0),Climate Change indicators,I,A,Annual,SST_ANOM,Sea Surface Temperature anomalies,AS,American Samoa,1995,,0.3,,,,CELSIUS,Celsius (°C),SE,Standard error,0.1,,N,National,,
DATAFLOW,SPC:DF_CLIMATE_CHANGE(1.0),Climate Change indicators,I,A,Annual,SST_ANOM,Sea Surface Temperature anomalies,AS,American Samoa,1996,,0.2,,,,CELSIUS,Celsius (°C),SE,Standard error,0,,N,National,,
DATAFLOW,SPC:DF_CLIMATE_CHANGE(1.0),Climate Change indicators,I,A,Annual,SST_ANOM,Sea Surface Temperature anomalies,AS,American Samoa,1997,,-0.1,,,,CELSIUS,Celsius (°C),SE,Standard error,0.1,,N,National,,
DATAFLOW,SPC:DF_CLIMATE_CHANGE(1.0),Climate Change indicators,I,A,Annual,SST_ANOM,Sea Surface Temperature anomalies,AS,American Samoa,1998,,-0.2,,,,CELSIUS,Celsius (°C),SE,Standard error,0.1,,N,National,,
DATAFLOW,SPC:DF_CLIMATE_CHANGE(1.0),Climate Change indicators,I,A,Annual,SST_ANOM,Sea Surface Temperature anomalies,AS,American Samoa,1999,,0.1,,,,CELSIUS,Celsius (°C),SE,Standard error,0,,N,National,,
DATAFLOW,SPC:DF_CLIMATE_CHANGE(1.0),Climate Change indicators,I,A,Annual,SST_ANOM,Sea Surface Temperature anomalies,AS,American Samoa,2000,,0.3,,,,CELSIUS,Celsius (°C),SE,Standard error,0,,N,National,,
DATAFLOW,SPC:DF_CLIMATE_CHANGE(1.0),Climate Change indicators,I,A,Annual,SST_ANOM,Sea Surface Temperature anomalies,AS,American Samoa,2001,,0.2,,,,CELSIUS,Celsius (°C),SE,Standard error,0,,N,National,,
DATAFLOW,SPC:DF_CLIMATE_CHANGE(1.0),Climate Change indicators,I,A,Annual,SST_ANOM,Sea Surface Temperature anomalies,AS,American Samoa,2002,,0.4,,,,CELSIUS,Celsius (°C),SE,Standard error,0,,N,National,,
DATAFLOW,SPC:DF_CLIMATE_CHANGE(1.0),Climate Change indicators,I,A,Annual,SST_ANOM,Sea Surface Temperature anomalies,AS,American Samoa,2003,,0.5,,,,CELSIUS,Celsius (°C),SE,Standard error,0,,N,National,,
DATAFLOW,SPC:DF_CLIMATE_CHANGE(1.0),Climate Change indicators,I,A,Annual,SST_ANOM,Sea Surface Temperature anomalies,AS,American Samoa,2004,,0.6,,,,CELSIUS,Celsius (°C),SE,Standard error,0,,N,National,,
DATAFLOW,SPC:DF_CLIMATE_CHANGE(1.0),Climate Change indicators,I,A,Annual,SST_ANOM,Sea Surface Temperature anomalies,AS,American Samoa,2005,,0.6,,,,CELSIUS,Celsius (°C),SE,Standard error,0.1,,N,National,,
DATAFLOW,SPC:DF_CLIMATE_CHANGE(1.0),Climate Change indicators,I,A,Annual,SST_ANOM,Sea Surface Temperature anomalies,AS,American Samoa,2006,,0.5,,,,CELSIUS,Celsius (°C),SE,Standard error,0,,N,National,,
DATAFLOW,SPC:DF_CLIMATE_CHANGE(1.0),Climate Change indicators,I,A,Annual,SST_ANOM,Sea Surface Temperature anomalies,AS,American Samoa,2007,,0.5,,,,CELSIUS,Celsius (°C),SE,Standard error,0.1,,N,National,,
DATAFLOW,SPC:DF_CLIMATE_CHANGE(1.0),Climate Change indicators,I,A,Annual,SST_ANOM,Sea Surface Temperature anomalies,AS,American Samoa,2008,,0.1,,,,CELSIUS,Celsius (°C),SE,Standard error,0.1,,N,National,,
DATAFLOW,SPC:DF_CLIMATE_CHANGE(1.0),Climate Change indicators,I,A,Annual,SST_ANOM,Sea Surface Temperature anomalies,AS,American Samoa,2009,,0.4,,,,CELSIUS,Celsius (°C),SE,Standard error,0,,N,National,,
DATAFLOW,SPC:DF_CLIMATE_CHANGE(1.0),Climate Change indicators,I,A,Annual,SST_ANOM,Sea Surface Temperature anomalies,AS,American Samoa,2010,,0.5,,,,CELSIUS,Celsius (°C),SE,Standard error,0.1,,N,National,,
DATAFLOW,SPC:DF_CLIMATE_CHANGE(1.0),Climate Change indicators,I,A,Annual,SST_ANOM,Sea Surface Temperature anomalies,AS,American Samoa,2011,,0.1,,,,CELSIUS,Celsius (°C),SE,Standard error,0.1,,N,National,,
DATAFLOW,SPC:DF_CLIMATE_CHANGE(1.0),Climate Change indicators,I,A,Annual,SST_ANOM,Sea Surface Temperature anomalies,AS,American Samoa,2012,,0.4,,,,CELSIUS,Celsius (°C),SE,Standard error,0.1,,N,National,,
DATAFLOW,SPC:DF_CLIMATE_CHANGE(1.0),Climate Change indicators,I,A,Annual,SST_ANOM,Sea Surface Temperature anomalies,AS,American Samoa,2013,,0.5,,,,CELSIUS,Celsius (°C),SE,Standard error,0,,N,National,,
DATAFLOW,SPC:DF_CLIMATE_CHANGE(1.0),Climate Change indicators,I,A,Annual,SST_ANOM,Sea Surface Temperature anomalies,AS,American Samoa,2014,,0.6,,,,CELSIUS,Celsius (°C),SE,Standard error,0,,N,National,,
DATAFLOW,SPC:DF_CLIMATE_CHANGE(1.0),Climate Change indicators,I,A,Annual,SST_ANOM,Sea Surface Temperature anomalies,AS,American Samoa,2015,,0.3,,,,CELSIUS,Celsius (°C),SE,Standard error,0.1,,N,National,,
DATAFLOW,SPC:DF_CLIMATE_CHANGE(1.0),Climate Change indicators,I,A,Annual,SST_ANOM,Sea Surface Temperature anomalies,AS,American Samoa,2016,,0.6,,,,CELSIUS,Celsius (°C),SE,Standard error,0.1,,N,National,,
DATAFLOW,SPC:DF_CLIMATE_CHANGE(1.0),Climate Change indicators,I,A,Annual,SST_ANOM,Sea Surface Temperature anomalies,AS,American Samoa,2017,,0.7,,,,CELSIUS,Celsius (°C),SE,Standard error,0,,N,National,,
DATAFLOW,SPC:DF_CLIMATE_CHANGE(1.0),Climate Change indicators,I,A,Annual,SST_ANOM,Sea Surface Temperature anomalies,AS,American Samoa,2018,,0.6,,,,CELSIUS,Celsius (°C),SE,Standard error,0.1,,N,National,,
DATAFLOW,SPC:DF_CLIMATE_CHANGE(1.0),Climate Change indicators,I,A,Annual,SST_ANOM,Sea Surface Temperature anomalies,AS,American Samoa,2019,,0.7,,,,CELSIUS,Celsius (°C),SE,Standard error,0,,N,National,,
DATAFLOW,SPC:DF_CLIMATE_CHANGE(1.0),Climate Change indicators,I,A,Annual,SST_ANOM,Sea Surface Temperature anomalies,AS,American Samoa,2020,,0.7,,,,CELSIUS,Celsius (°C),SE,Standard error,0.1,,N,National,,
DATAFLOW,SPC:DF_CLIMATE_CHANGE(1.0),Climate Change indicators,I,A,Annual,SST_ANOM,Sea Surface Temperature anomalies,AS,American Samoa,2021,,0.4,,,,CELSIUS,Celsius (°C),SE,Standard error,0,,N,National,,
DATAFLOW,SPC:DF_CLIMATE_CHANGE(1.0),Climate Change indicators,I,A,Annual,SST_ANOM,Sea Surface Temperature anomalies,AS,American Samoa,2022,,0.4,,,,CELSIUS,Celsius (°C),SE,Standard error,0,,N,National,,
DATAFLOW,SPC:DF_CLIMATE_CHANGE(1.0),Climate Change indicators,I,A,Annual,SST_ANOM,Sea Surface Temperature anomalies,AS,American Samoa,2023,,0.5,,,,CELSIUS,Celsius (°C),SE,Standard error,0,,N,National,,
DATAFLOW,SPC:DF_CLIMATE_CHANGE(1.0),Climate Change indicators,I,A,Annual,SST_ANOM,Sea Surface Temperature anomalies,AS,American Samoa,2024,,0.7,,,,CELSIUS,Celsius (°C),SE,Standard error,0.1,,N,National,,
DATAFLOW,SPC:DF_CLIMATE_CHANGE(1.0),Climate Change indicators,I,A,Annual,SST_ANOM,Sea Surface Temperature anomalies,AS,American Samoa,2025,,0.5,,,,CELSIUS,Celsius (°C),SE,Standard error,0,,N,National,,
DATAFLOW,SPC:DF_CLIMATE_CHANGE(1.0),Climate Change indicators,I,A,Annual,SST_ANOM,Sea Surface Temperature anomalies,FM,"Micronesia, Federated State of",1850,,0,,,,CELSIUS,Celsius (°C),SE,Standard error,0.1,,N,National,,
DATAFLOW,SPC:DF_CLIMATE_CHANGE(1.0),Climate Change indicators,I,A,Annual,SST_ANOM,Sea Surface Temperature anomalies,FM,"Micronesia, Federated State of",1851,,0.1,,,,CELSIUS,Celsius (°C),SE,Standard error,0,,N,National,,
DATAFLOW,SPC:DF_CLIMATE_CHANGE(1.0),Climate Change indicators,I,A,Annual,SST_ANOM,Sea Surface Temperature anomalies,FM,"Micronesia, Federated State of",1852,,0,,,,CELSIUS,Celsius (°C),SE,Standard error,0.1,,N,National,,
DATAFLOW,SPC:DF_CLIMATE_CHANGE(1.0),Climate Change indicators,I,A,Annual,SST_ANOM,Sea Surface Temperature anomalies,FM,"Micronesia, Federated State of",1853,,-0.1,,,,CELSIUS,Celsius (°C),SE,Standard error,0.1,,N,National,,
DATAFLOW,SPC:DF_CLIMATE_CHANGE(1.0),Climate Change indicators,I,A,Annual,SST_ANOM,Sea Surface Temperature anomalies,FM,"Micronesia, Federated State of",1854,,-0.2,,,,CELSIUS,Celsius (°C),SE,Standard error,0.1,,N,National,,
DATAFLOW,SPC:DF_CLIMATE_CHANGE(1.0),Climate Change indicators,I,A,Annual,SST_ANOM,Sea Surface Temperature anomalies,FM,"Micronesia, Federated State of",1855,,-0.4,,,,CELSIUS,Celsius (°C),SE,Standard error,0.1,,N,National,,
DATAFLOW,SPC:DF_CLIMATE_CHANGE(1.0),Climate Change indicators,I,A,Annual,SST_ANOM,Sea Surface Temperature anomalies,FM,"Micronesia, Federated State of",1856,,-0.3,,,,CELSIUS,Celsius (°C),SE,Standard error,0.1,,N,National,,
DATAFLOW,SPC:DF_CLIMATE_CHANGE(1.0),Climate Change indicators,I,A,Annual,SST_ANOM,Sea Surface Temperature anomalies,FM,"Micronesia, Federated State of",1857,,0,,,,CELSIUS,Celsius (°C),SE,Standard error,0.1,,N,National,,
DATAFLOW,SPC:DF_CLIMATE_CHANGE(1.0),Climate Change indicators,I,A,Annual,SST_ANOM,Sea Surface Temperature anomalies,FM,"Micronesia, Federated State of",1858,,-0.5,,,,CELSIUS,Celsius (°C),SE,Standard error,0.1,,N,National,,
DATAFLOW,SPC:DF_CLIMATE_CHANGE(1.0),Climate Change indicators,I,A,Annual,SST_ANOM,Sea Surface Temperature anomalies,FM,"Micronesia, Federated State of",1859,,0.1,,,,CELSIUS,Celsius (°C),SE,Standard error,0,,N,National,,
DATAFLOW,SPC:DF_CLIMATE_CHANGE(1.0),Climate Change indicators,I,A,Annual,SST_ANOM,Sea Surface Temperature anomalies,FM,"Micronesia, Federated State of",1860,,-0.3,,,,CELSIUS,Celsius (°C),SE,Standard error,0.1,,N,National,,
DATAFLOW,SPC:DF_CLIMATE_CHANGE(1.0),Climate Change indicators,I,A,Annual,SST_ANOM,Sea Surface Temperature anomalies,FM,"Micronesia, Federated State of",1861,,-0.8,,,,CELSIUS,Celsius (°C),SE,Standard error,0.2,,N,National,,
DATAFLOW,SPC:DF_CLIMATE_CHANGE(1.0),Climate Change indicators,I,A,Annual,SST_ANOM,Sea Surface Temperature anomalies,FM,"Micronesia, Federated State of",1862,,-0.4,,,,CELSIUS,Celsius (°C),SE,Standard error,0.1,,N,National,,
DATAFLOW,SPC:DF_CLIMATE_CHANGE(1.0),Climate Change indicators,I,A,Annual,SST_ANOM,Sea Surface Temperature anomalies,FM,"Micronesia, Federated State of",1863,,-0.2,,,,CELSIUS,Celsius (°C),SE,Standard error,0.1,,N,National,,
DATAFLOW,SPC:DF_CLIMATE_CHANGE(1.0),Climate Change indicators,I,A,Annual,SST_ANOM,Sea Surface Temperature anomalies,FM,"Micronesia, Federated State of",1864,,0,,,,CELSIUS,Celsius (°C),SE,Standard error,0.1,,N,National,,
DATAFLOW,SPC:DF_CLIMATE_CHANGE(1.0),Climate Change indicators,I,A,Annual,SST_ANOM,Sea Surface Temperature anomalies,FM,"Micronesia, Federated State of",1865,,0,,,,CELSIUS,Celsius (°C),SE,Standard error,0,,N,National,,
DATAFLOW,SPC:DF_CLIMATE_CHANGE(1.0),Climate Change indicators,I,A,Annual,SST_ANOM,Sea Surface Temperature anomalies,FM,"Micronesia, Federated State of",1866,,0,,,,CELSIUS,Celsius (°C),SE,Standard error,0.1,,N,National,,
DATAFLOW,SPC:DF_CLIMATE_CHANGE(1.0),Climate Change indicators,I,A,Annual,SST_ANOM,Sea Surface Temperature anomalies,FM,"Micronesia, Federated State of",1867,,-0.2,,,,CELSIUS,Celsius (°C),SE,Standard error,0.1,,N,National,,
DATAFLOW,SPC:DF_CLIMATE_CHANGE(1.0),Climate Change indicators,I,A,Annual,SST_ANOM,Sea Surface Temperature anomalies,FM,"Micronesia, Federated State of",1868,,-0.2,,,,CELSIUS,Celsius (°C),SE,Standard error,0.1,,N,National,,
DATAFLOW,SPC:DF_CLIMATE_CHANGE(1.0),Climate Change indicators,I,A,Annual,SST_ANOM,Sea Surface Temperature anomalies,FM,"Micronesia, Federated State of",1869,,0.2,,,,CELSIUS,Celsius (°C),SE,Standard error,0.1,,N,National,,
DATAFLOW,SPC:DF_CLIMATE_CHANGE(1.0),Climate Change indicators,I,A,Annual,SST_ANOM,Sea Surface Temperature anomalies,FM,"Micronesia, Federated State of",1870,,-0.1,,,,CELSIUS,Celsius (°C),SE,Standard error,0.1,,N,National,,
DATAFLOW,SPC:DF_CLIMATE_CHANGE(1.0),Climate Change indicators,I,A,Annual,SST_ANOM,Sea Surface Temperature anomalies,FM,"Micronesia, Federated State of",1871,,-0.2,,,,CELSIUS,Celsius (°C),SE,Standard error,0,,N,National,,
DATAFLOW,SPC:DF_CLIMATE_CHANGE(1.0),Climate Change indicators,I,A,Annual,SST_ANOM,Sea Surface Temperature anomalies,FM,"Micronesia, Federated State of",1872,,-0.1,,,,CELSIUS,Celsius (°C),SE,Standard error,0,,N,National,,
DATAFLOW,SPC:DF_CLIMATE_CHANGE(1.0),Climate Change indicators,I,A,Annual,SST_ANOM,Sea Surface Temperature anomalies,FM,"Micronesia, Federated State of",1873,,0,,,,CELSIUS,Celsius (°C),SE,Standard error,0,,N,National,,
DATAFLOW,SPC:DF_CLIMATE_CHANGE(1.0),Climate Change indicators,I,A,Annual,SST_ANOM,Sea Surface Temperature anomalies,FM,"Micronesia, Federated State of",1874,,-0.1,,,,CELSIUS,Celsius (°C),SE,Standard error,0.1,,N,National,,
DATAFLOW,SPC:DF_CLIMATE_CHANGE(1.0),Climate Change indicators,I,A,Annual,SST_ANOM,Sea Surface Temperature anomalies,FM,"Micronesia, Federated State of",1875,,-0.3,,,,CELSIUS,Celsius (°C),SE,Standard error,0,,N,National,,
DATAFLOW,SPC:DF_CLIMATE_CHANGE(1.0),Climate Change indicators,I,A,Annual,SST_ANOM,Sea Surface Temperature anomalies,FM,"Micronesia, Federated State of",1876,,-0.1,,,,CELSIUS,Celsius (°C),SE,Standard error,0.1,,N,National,,
DATAFLOW,SPC:DF_CLIMATE_CHANGE(1.0),Climate Change indicators,I,A,Annual,SST_ANOM,Sea Surface Temperature anomalies,FM,"Micronesia, Federated State of",1877,,-0.2,,,,CELSIUS,Celsius (°C),SE,Standard error,0.1,,N,National,,
DATAFLOW,SPC:DF_CLIMATE_CHANGE(1.0),Climate Change indicators,I,A,Annual,SST_ANOM,Sea Surface Temperature anomalies,FM,"Micronesia, Federated State of",1878,,0,,,,CELSIUS,Celsius (°C),SE,Standard error,0.1,,N,National,,
DATAFLOW,SPC:DF_CLIMATE_CHANGE(1.0),Climate Change indicators,I,A,Annual,SST_ANOM,Sea Surface Temperature anomalies,FM,"Micronesia, Federated State of",1879,,-0.2,,,,CELSIUS,Celsius (°C),SE,Standard error,0.1,,N,National,,
DATAFLOW,SPC:DF_CLIMATE_CHANGE(1.0),Climate Change indicators,I,A,Annual,SST_ANOM,Sea Surface Temperature anomalies,FM,"Micronesia, Federated State of",1880,,-0.4,,,,CELSIUS,Celsius (°C),SE,Standard error,0,,N,National,,
DATAFLOW,SPC:DF_CLIMATE_CHANGE(1.0),Climate Change indicators,I,A,Annual,SST_ANOM,Sea Surface Temperature anomalies,FM,"Micronesia, Federated State of",1881,,0.1,,,,CELSIUS,Celsius (°C),SE,Standard error,0.1,,N,National,,
DATAFLOW,SPC:DF_CLIMATE_CHANGE(1.0),Climate Change indicators,I,A,Annual,SST_ANOM,Sea Surface Temperature anomalies,FM,"Micronesia, Federated State of",1882,,0.1,,,,CELSIUS,Celsius (°C),SE,Standard error,0.1,,N,National,,
DATAFLOW,SPC:DF_CLIMATE_CHANGE(1.0),Climate Change indicators,I,A,Annual,SST_ANOM,Sea Surface Temperature anomalies,FM,"Micronesia, Federated State of",1883,,-0.4,,,,CELSIUS,Celsius (°C),SE,Standard error,0.1,,N,National,,
DATAFLOW,SPC:DF_CLIMATE_CHANGE(1.0),Climate Change indicators,I,A,Annual,SST_ANOM,Sea Surface Temperature anomalies,FM,"Micronesia, Federated State of",1884,,-0.6,,,,CELSIUS,Celsius (°C),SE,Standard error,0,,N,National,,
DATAFLOW,SPC:DF_CLIMATE_CHANGE(1.0),Climate Change indicators,I,A,Annual,SST_ANOM,Sea Surface Temperature anomalies,FM,"Micronesia, Federated State of",1885,,-0.6,,,,CELSIUS,Celsius (°C),SE,Standard error,0.1,,N,National,,
DATAFLOW,SPC:DF_CLIMATE_CHANGE(1.0),Climate Change indicators,I,A,Annual,SST_ANOM,Sea Surface Temperature anomalies,FM,"Micronesia, Federated State of",1886,,-0.3,,,,CELSIUS,Celsius (°C),SE,Standard error,0.1,,N,National,,
DATAFLOW,SPC:DF_CLIMATE_CHANGE(1.0),Climate Change indicators,I,A,Annual,SST_ANOM,Sea Surface Temperature anomalies,FM,"Micronesia, Federated State of",1887,,0,,,,CELSIUS,Celsius (°C),SE,Standard error,0.1,,N,National,,
DATAFLOW,SPC:DF_CLIMATE_CHANGE(1.0),Climate Change indicators,I,A,Annual,SST_ANOM,Sea Surface Temperature anomalies,FM,"Micronesia, Federated State of",1888,,-0.2,,,,CELSIUS,Celsius (°C),SE,Standard error,0.1,,N,National,,
DATAFLOW,SPC:DF_CLIMATE_CHANGE(1.0),Climate Change indicators,I,A,Annual,SST_ANOM,Sea Surface Temperature anomalies,FM,"Micronesia, Federated State of",1889,,-0.1,,,,CELSIUS,Celsius (°C),SE,Standard error,0.1,,N,National,,
DATAFLOW,SPC:DF_CLIMATE_CHANGE(1.0),Climate Change indicators,I,A,Annual,SST_ANOM,Sea Surface Temperature anomalies,FM,"Micronesia, Federated State of",1890,,0.1,,,,CELSIUS,Celsius (°C),SE,Standard error,0.1,,N,National,,
DATAFLOW,SPC:DF_CLIMATE_CHANGE(1.0),Climate Change indicators,I,A,Annual,SST_ANOM,Sea Surface Temperature anomalies,FM,"Micronesia, Federated State of",1891,,0.3,,,,CELSIUS,Celsius (°C),SE,Standard error,0.1,,N,National,,
DATAFLOW,SPC:DF_CLIMATE_CHANGE(1.0),Climate Change indicators,I,A,Annual,SST_ANOM,Sea Surface Temperature anomalies,FM,"Micronesia, Federated State of",1892,,0.1,,,,CELSIUS,Celsius (°C),SE,Standard error,0.1,,N,National,,
DATAFLOW,SPC:DF_CLIMATE_CHANGE(1.0),Climate Change indicators,I,A,Annual,SST_ANOM,Sea Surface Temperature anomalies,FM,"Micronesia, Federated State of",1893,,0,,,,CELSIUS,Celsius (°C),SE,Standard error,0.1,,N,National,,
DATAFLOW,SPC:DF_CLIMATE_CHANGE(1.0),Climate Change indicators,I,A,Annual,SST_ANOM,Sea Surface Temperature anomalies,FM,"Micronesia, Federated State of",1894,,0,,,,CELSIUS,Celsius (°C),SE,Standard error,0.1,,N,National,,
DATAFLOW,SPC:DF_CLIMATE_CHANGE(1.0),Climate Change indicators,I,A,Annual,SST_ANOM,Sea Surface Temperature anomalies,FM,"Micronesia, Federated State of",1895,,0,,,,CELSIUS,Celsius (°C),SE,Standard error,0,,N,National,,
DATAFLOW,SPC:DF_CLIMATE_CHANGE(1.0),Climate Change indicators,I,A,Annual,SST_ANOM,Sea Surface Temperature anomalies,FM,"Micronesia, Federated State of",1896,,-0.1,,,,CELSIUS,Celsius (°C),SE,Standard error,0.1,,N,National,,
DATAFLOW,SPC:DF_CLIMATE_CHANGE(1.0),Climate Change indicators,I,A,Annual,SST_ANOM,Sea Surface Temperature anomalies,FM,"Micronesia, Federated State of",1897,,0.2,,,,CELSIUS,Celsius (°C),SE,Standard error,0.1,,N,National,,
DATAFLOW,SPC:DF_CLIMATE_CHANGE(1.0),Climate Change indicators,I,A,Annual,SST_ANOM,Sea Surface Temperature anomalies,FM,"Micronesia, Federated State of",1898,,-0.1,,,,CELSIUS,Celsius (°C),SE,Standard error,0.1,,N,National,,
DATAFLOW,SPC:DF_CLIMATE_CHANGE(1.0),Climate Change indicators,I,A,Annual,SST_ANOM,Sea Surface Temperature anomalies,FM,"Micronesia, Federated State of",1899,,-0.3,,,,CELSIUS,Celsius (°C),SE,Standard error,0,,N,National,,
DATAFLOW,SPC:DF_CLIMATE_CHANGE(1.0),Climate Change indicators,I,A,Annual,SST_ANOM,Sea Surface Temperature anomalies,FM,"Micronesia, Federated State of",1900,,0,,,,CELSIUS,Celsius (°C),SE,Standard error,0.1,,N,National,,
DATAFLOW,SPC:DF_CLIMATE_CHANGE(1.0),Climate Change indicators,I,A,Annual,SST_ANOM,Sea Surface Temperature anomalies,FM,"Micronesia, Federated State of",1901,,-0.1,,,,CELSIUS,Celsius (°C),SE,Standard error,0,,N,National,,
DATAFLOW,SPC:DF_CLIMATE_CHANGE(1.0),Climate Change indicators,I,A,Annual,SST_ANOM,Sea Surface Temperature anomalies,FM,"Micronesia, Federated State of",1902,,-0.5,,,,CELSIUS,Celsius (°C),SE,Standard error,0.1,,N,National,,
DATAFLOW,SPC:DF_CLIMATE_CHANGE(1.0),Climate Change indicators,I,A,Annual,SST_ANOM,Sea Surface Temperature anomalies,FM,"Micronesia, Federated State of",1903,,-0.5,,,,CELSIUS,Celsius (°C),SE,Standard error,0.1,,N,National,,
DATAFLOW,SPC:DF_CLIMATE_CHANGE(1.0),Climate Change indicators,I,A,Annual,SST_ANOM,Sea Surface Temperature anomalies,FM,"Micronesia, Federated State of",1904,,-0.6,,,,CELSIUS,Celsius (°C),SE,Standard error,0.1,,N,National,,
DATAFLOW,SPC:DF_CLIMATE_CHANGE(1.0),Climate Change indicators,I,A,Annual,SST_ANOM,Sea Surface Temperature anomalies,FM,"Micronesia, Federated State of",1905,,-0.7,,,,CELSIUS,Celsius (°C),SE,Standard error,0.1,,N,National,,
DATAFLOW,SPC:DF_CLIMATE_CHANGE(1.0),Climate Change indicators,I,A,Annual,SST_ANOM,Sea Surface Temperature anomalies,FM,"Micronesia, Federated State of",1906,,-0.6,,,,CELSIUS,Celsius (°C),SE,Standard error,0.1,,N,National,,
DATAFLOW,SPC:DF_CLIMATE_CHANGE(1.0),Climate Change indicators,I,A,Annual,SST_ANOM,Sea Surface Temperature anomalies,FM,"Micronesia, Federated State of",1907,,-0.3,,,,CELSIUS,Celsius (°C),SE,Standard error,0.1,,N,National,,
DATAFLOW,SPC:DF_CLIMATE_CHANGE(1.0),Climate Change indicators,I,A,Annual,SST_ANOM,Sea Surface Temperature anomalies,FM,"Micronesia, Federated State of",1908,,-0.4,,,,CELSIUS,Celsius (°C),SE,Standard error,0.1,,N,National,,
DATAFLOW,SPC:DF_CLIMATE_CHANGE(1.0),Climate Change indicators,I,A,Annual,SST_ANOM,Sea Surface Temperature anomalies,FM,"Micronesia, Federated State of",1909,,-0.5,,,,CELSIUS,Celsius (°C),SE,Standard error,0,,N,National,,
DATAFLOW,SPC:DF_CLIMATE_CHANGE(1.0),Climate Change indicators,I,A,Annual,SST_ANOM,Sea Surface Temperature anomalies,FM,"Micronesia, Federated State of",1910,,-0.4,,,,CELSIUS,Celsius (°C),SE,Standard error,0,,N,National,,
DATAFLOW,SPC:DF_CLIMATE_CHANGE(1.0),Climate Change indicators,I,A,Annual,SST_ANOM,Sea Surface Temperature anomalies,FM,"Micronesia, Federated State of",1911,,-0.7,,,,CELSIUS,Celsius (°C),SE,Standard error,0.1,,N,National,,
DATAFLOW,SPC:DF_CLIMATE_CHANGE(1.0),Climate Change indicators,I,A,Annual,SST_ANOM,Sea Surface Temperature anomalies,FM,"Micronesia, Federated State of",1912,,-0.7,,,,CELSIUS,Celsius (°C),SE,Standard error,0.1,,N,National,,
DATAFLOW,SPC:DF_CLIMATE_CHANGE(1.0),Climate Change indicators,I,A,Annual,SST_ANOM,Sea Surface Temperature anomalies,FM,"Micronesia, Federated State of",1913,,-0.7,,,,CELSIUS,Celsius (°C),SE,Standard error,0,,N,National,,
DATAFLOW,SPC:DF_CLIMATE_CHANGE(1.0),Climate Change indicators,I,A,Annual,SST_ANOM,Sea Surface Temperature anomalies,FM,"Micronesia, Federated State of",1914,,-0.6,,,,CELSIUS,Celsius (°C),SE,Standard error,0.1,,N,National,,
DATAFLOW,SPC:DF_CLIMATE_CHANGE(1.0),Climate Change indicators,I,A,Annual,SST_ANOM,Sea Surface Temperature anomalies,FM,"Micronesia, Federated State of",1915,,-0.4,,,,CELSIUS,Celsius (°C),SE,Standard error,0.1,,N,National,,
DATAFLOW,SPC:DF_CLIMATE_CHANGE(1.0),Climate Change indicators,I,A,Annual,SST_ANOM,Sea Surface Temperature anomalies,FM,"Micronesia, Federated State of",1916,,-0.4,,,,CELSIUS,Celsius (°C),SE,Standard error,0,,N,National,,
DATAFLOW,SPC:DF_CLIMATE_CHANGE(1.0),Climate Change indicators,I,A,Annual,SST_ANOM,Sea Surface Temperature anomalies,FM,"Micronesia, Federated State of",1917,,-0.8,,,,CELSIUS,Celsius (°C),SE,Standard error,0.1,,N,National,,
DATAFLOW,SPC:DF_CLIMATE_CHANGE(1.0),Climate Change indicators,I,A,Annual,SST_ANOM,Sea Surface Temperature anomalies,FM,"Micronesia, Federated State of",1918,,-0.8,,,,CELSIUS,Celsius (°C),SE,Standard error,0.1,,N,National,,
DATAFLOW,SPC:DF_CLIMATE_CHANGE(1.0),Climate Change indicators,I,A,Annual,SST_ANOM,Sea Surface Temperature anomalies,FM,"Micronesia, Federated State of",1919,,-1,,,,CELSIUS,Celsius (°C),SE,Standard error,0.1,,N,National,,
DATAFLOW,SPC:DF_CLIMATE_CHANGE(1.0),Climate Change indicators,I,A,Annual,SST_ANOM,Sea Surface Temperature anomalies,FM,"Micronesia, Federated State of",1920,,-0.7,,,,CELSIUS,Celsius (°C),SE,Standard error,0.1,,N,National,,
DATAFLOW,SPC:DF_CLIMATE_CHANGE(1.0),Climate Change indicators,I,A,Annual,SST_ANOM,Sea Surface Temperature anomalies,FM,"Micronesia, Federated State of",1921,,-0.2,,,,CELSIUS,Celsius (°C),SE,Standard error,0,,N,National,,
DATAFLOW,SPC:DF_CLIMATE_CHANGE(1.0),Climate Change indicators,I,A,Annual,SST_ANOM,Sea Surface Temperature anomalies,FM,"Micronesia, Federated State of",1922,,-0.1,,,,CELSIUS,Celsius (°C),SE,Standard error,0.1,,N,National,,
DATAFLOW,SPC:DF_CLIMATE_CHANGE(1.0),Climate Change indicators,I,A,Annual,SST_ANOM,Sea Surface Temperature anomalies,FM,"Micronesia, Federated State of",1923,,-0.4,,,,CELSIUS,Celsius (°C),SE,Standard error,0,,N,National,,
DATAFLOW,SPC:DF_CLIMATE_CHANGE(1.0),Climate Change indicators,I,A,Annual,SST_ANOM,Sea Surface Temperature anomalies,FM,"Micronesia, Federated State of",1924,,-0.3,,,,CELSIUS,Celsius (°C),SE,Standard error,0.1,,N,National,,
DATAFLOW,SPC:DF_CLIMATE_CHANGE(1.0),Climate Change indicators,I,A,Annual,SST_ANOM,Sea Surface Temperature anomalies,FM,"Micronesia, Federated State of",1925,,-0.2,,,,CELSIUS,Celsius (°C),SE,Standard error,0.1,,N,National,,
DATAFLOW,SPC:DF_CLIMATE_CHANGE(1.0),Climate Change indicators,I,A,Annual,SST_ANOM,Sea Surface Temperature anomalies,FM,"Micronesia, Federated State of",1926,,-0.3,,,,CELSIUS,Celsius (°C),SE,Standard error,0.1,,N,National,,
DATAFLOW,SPC:DF_CLIMATE_CHANGE(1.0),Climate Change indicators,I,A,Annual,SST_ANOM,Sea Surface Temperature anomalies,FM,"Micronesia, Federated State of",1927,,-0.3,,,,CELSIUS,Celsius (°C),SE,Standard error,0.1,,N,National,,
DATAFLOW,SPC:DF_CLIMATE_CHANGE(1.0),Climate Change indicators,I,A,Annual,SST_ANOM,Sea Surface Temperature anomalies,FM,"Micronesia, Federated State of",1928,,-0.4,,,,CELSIUS,Celsius (°C),SE,Standard error,0.1,,N,National,,
DATAFLOW,SPC:DF_CLIMATE_CHANGE(1.0),Climate Change indicators,I,A,Annual,SST_ANOM,Sea Surface Temperature anomalies,FM,"Micronesia, Federated State of",1929,,-0.4,,,,CELSIUS,Celsius (°C),SE,Standard error,0.1,,N,National,,
DATAFLOW,SPC:DF_CLIMATE_CHANGE(1.0),Climate Change indicators,I,A,Annual,SST_ANOM,Sea Surface Temperature anomalies,FM,"Micronesia, Federated State of",1930,,-0.5,,,,CELSIUS,Celsius (°C),SE,Standard error,0,,N,National,,
DATAFLOW,SPC:DF_CLIMATE_CHANGE(1.0),Climate Change indicators,I,A,Annual,SST_ANOM,Sea Surface Temperature anomalies,FM,"Micronesia, Federated State of",1931,,-0.3,,,,CELSIUS,Celsius (°C),SE,Standard error,0.1,,N,National,,
DATAFLOW,SPC:DF_CLIMATE_CHANGE(1.0),Climate Change indicators,I,A,Annual,SST_ANOM,Sea Surface Temperature anomalies,FM,"Micronesia, Federated State of",1932,,-0.5,,,,CELSIUS,Celsius (°C),SE,Standard error,0,,N,National,,
DATAFLOW,SPC:DF_CLIMATE_CHANGE(1.0),Climate Change indicators,I,A,Annual,SST_ANOM,Sea Surface Temperature anomalies,FM,"Micronesia, Federated State of",1933,,-0.5,,,,CELSIUS,Celsius (°C),SE,Standard error,0,,N,National,,
DATAFLOW,SPC:DF_CLIMATE_CHANGE(1.0),Climate Change indicators,I,A,Annual,SST_ANOM,Sea Surface Temperature anomalies,FM,"Micronesia, Federated State of",1934,,-0.4,,,,CELSIUS,Celsius (°C),SE,Standard error,0,,N,National,,
DATAFLOW,SPC:DF_CLIMATE_CHANGE(1.0),Climate Change indicators,I,A,Annual,SST_ANOM,Sea Surface Temperature anomalies,FM,"Micronesia, Federated State of",1935,,-0.4,,,,CELSIUS,Celsius (°C),SE,Standard error,0,,N,National,,
DATAFLOW,SPC:DF_CLIMATE_CHANGE(1.0),Climate Change indicators,I,A,Annual,SST_ANOM,Sea Surface Temperature anomalies,FM,"Micronesia, Federated State of",1936,,-0.4,,,,CELSIUS,Celsius (°C),SE,Standard error,0,,N,National,,
DATAFLOW,SPC:DF_CLIMATE_CHANGE(1.0),Climate Change indicators,I,A,Annual,SST_ANOM,Sea Surface Temperature anomalies,FM,"Micronesia, Federated State of",1937,,-0.3,,,,CELSIUS,Celsius (°C),SE,Standard error,0.1,,N,National,,
DATAFLOW,SPC:DF_CLIMATE_CHANGE(1.0),Climate Change indicators,I,A,Annual,SST_ANOM,Sea Surface Temperature anomalies,FM,"Micronesia, Federated State of",1938,,-0.4,,,,CELSIUS,Celsius (°C),SE,Standard error,0,,N,National,,
DATAFLOW,SPC:DF_CLIMATE_CHANGE(1.0),Climate Change indicators,I,A,Annual,SST_ANOM,Sea Surface Temperature anomalies,FM,"Micronesia, Federated State of",1939,,-0.3,,,,CELSIUS,Celsius (°C),SE,Standard error,0,,N,National,,
DATAFLOW,SPC:DF_CLIMATE_CHANGE(1.0),Climate Change indicators,I,A,Annual,SST_ANOM,Sea Surface Temperature anomalies,FM,"Micronesia, Federated State of",1940,,-0.4,,,,CELSIUS,Celsius (°C),SE,Standard error,0,,N,National,,
DATAFLOW,SPC:DF_CLIMATE_CHANGE(1.0),Climate Change indicators,I,A,Annual,SST_ANOM,Sea Surface Temperature anomalies,FM,"Micronesia, Federated State of",1941,,-0.3,,,,CELSIUS,Celsius (°C),SE,Standard error,0,,N,National,,
DATAFLOW,SPC:DF_CLIMATE_CHANGE(1.0),Climate Change indicators,I,A,Annual,SST_ANOM,Sea Surface Temperature anomalies,FM,"Micronesia, Federated State of",1942,,-0.3,,,,CELSIUS,Celsius (°C),SE,Standard error,0.1,,N,National,,
DATAFLOW,SPC:DF_CLIMATE_CHANGE(1.0),Climate Change indicators,I,A,Annual,SST_ANOM,Sea Surface Temperature anomalies,FM,"Micronesia, Federated State of",1943,,0.3,,,,CELSIUS,Celsius (°C),SE,Standard error,0.1,,N,National,,
DATAFLOW,SPC:DF_CLIMATE_CHANGE(1.0),Climate Change indicators,I,A,Annual,SST_ANOM,Sea Surface Temperature anomalies,FM,"Micronesia, Federated State of",1944,,0.2,,,,CELSIUS,Celsius (°C),SE,Standard error,0.1,,N,National,,
DATAFLOW,SPC:DF_CLIMATE_CHANGE(1.0),Climate Change indicators,I,A,Annual,SST_ANOM,Sea Surface Temperature anomalies,FM,"Micronesia, Federated State of",1945,,0.2,,,,CELSIUS,Celsius (°C),SE,Standard error,0,,N,National,,
DATAFLOW,SPC:DF_CLIMATE_CHANGE(1.0),Climate Change indicators,I,A,Annual,SST_ANOM,Sea Surface Temperature anomalies,FM,"Micronesia, Federated State of",1946,,0.2,,,,CELSIUS,Celsius (°C),SE,Standard error,0.1,,N,National,,
DATAFLOW,SPC:DF_CLIMATE_CHANGE(1.0),Climate Change indicators,I,A,Annual,SST_ANOM,Sea Surface Temperature anomalies,FM,"Micronesia, Federated State of",1947,,-0.1,,,,CELSIUS,Celsius (°C),SE,Standard error,0.1,,N,National,,
DATAFLOW,SPC:DF_CLIMATE_CHANGE(1.0),Climate Change indicators,I,A,Annual,SST_ANOM,Sea Surface Temperature anomalies,FM,"Micronesia, Federated State of",1948,,-0.3,,,,CELSIUS,Celsius (°C),SE,Standard error,0.1,,N,National,,
DATAFLOW,SPC:DF_CLIMATE_CHANGE(1.0),Climate Change indicators,I,A,Annual,SST_ANOM,Sea Surface Temperature anomalies,FM,"Micronesia, Federated State of",1949,,-0.4,,,,CELSIUS,Celsius (°C),SE,Standard error,0.1,,N,National,,
DATAFLOW,SPC:DF_CLIMATE_CHANGE(1.0),Climate Change indicators,I,A,Annual,SST_ANOM,Sea Surface Temperature anomalies,FM,"Micronesia, Federated State of",1950,,-0.2,,,,CELSIUS,Celsius (°C),SE,Standard error,0.1,,N,National,,
DATAFLOW,SPC:DF_CLIMATE_CHANGE(1.0),Climate Change indicators,I,A,Annual,SST_ANOM,Sea Surface Temperature anomalies,FM,"Micronesia, Federated State of",1951,,-0.2,,,,CELSIUS,Celsius (°C),SE,Standard error,0.1,,N,National,,
DATAFLOW,SPC:DF_CLIMATE_CHANGE(1.0),Climate Change indicators,I,A,Annual,SST_ANOM,Sea Surface Temperature anomalies,FM,"Micronesia, Federated State of",1952,,-0.3,,,,CELSIUS,Celsius (°C),SE,Standard error,0,,N,National,,
DATAFLOW,SPC:DF_CLIMATE_CHANGE(1.0),Climate Change indicators,I,A,Annual,SST_ANOM,Sea Surface Temperature anomalies,FM,"Micronesia, Federated State of",1953,,-0.2,,,,CELSIUS,Celsius (°C),SE,Standard error,0,,N,National,,
DATAFLOW,SPC:DF_CLIMATE_CHANGE(1.0),Climate Change indicators,I,A,Annual,SST_ANOM,Sea Surface Temperature anomalies,FM,"Micronesia, Federated State of",1954,,-0.2,,,,CELSIUS,Celsius (°C),SE,Standard error,0,,N,National,,
DATAFLOW,SPC:DF_CLIMATE_CHANGE(1.0),Climate Change indicators,I,A,Annual,SST_ANOM,Sea Surface Temperature anomalies,FM,"Micronesia, Federated State of",1955,,-0.4,,,,CELSIUS,Celsius (°C),SE,Standard error,0,,N,National,,
DATAFLOW,SPC:DF_CLIMATE_CHANGE(1.0),Climate Change indicators,I,A,Annual,SST_ANOM,Sea Surface Temperature anomalies,FM,"Micronesia, Federated State of",1956,,-0.2,,,,CELSIUS,Celsius (°C),SE,Standard error,0.1,,N,National,,
DATAFLOW,SPC:DF_CLIMATE_CHANGE(1.0),Climate Change indicators,I,A,Annual,SST_ANOM,Sea Surface Temperature anomalies,FM,"Micronesia, Federated State of",1957,,-0.3,,,,CELSIUS,Celsius (°C),SE,Standard error,0,,N,National,,
DATAFLOW,SPC:DF_CLIMATE_CHANGE(1.0),Climate Change indicators,I,A,Annual,SST_ANOM,Sea Surface Temperature anomalies,FM,"Micronesia, Federated State of",1958,,-0.4,,,,CELSIUS,Celsius (°C),SE,Standard error,0,,N,National,,
DATAFLOW,SPC:DF_CLIMATE_CHANGE(1.0),Climate Change indicators,I,A,Annual,SST_ANOM,Sea Surface Temperature anomalies,FM,"Micronesia, Federated State of",1959,,-0.3,,,,CELSIUS,Celsius (°C),SE,Standard error,0.1,,N,National,,
DATAFLOW,SPC:DF_CLIMATE_CHANGE(1.0),Climate Change indicators,I,A,Annual,SST_ANOM,Sea Surface Temperature anomalies,FM,"Micronesia, Federated State of",1960,,-0.2,,,,CELSIUS,Celsius (°C),SE,Standard error,0,,N,National,,
DATAFLOW,SPC:DF_CLIMATE_CHANGE(1.0),Climate Change indicators,I,A,Annual,SST_ANOM,Sea Surface Temperature anomalies,FM,"Micronesia, Federated State of",1961,,-0.2,,,,CELSIUS,Celsius (°C),SE,Standard error,0,,N,National,,
DATAFLOW,SPC:DF_CLIMATE_CHANGE(1.0),Climate Change indicators,I,A,Annual,SST_ANOM,Sea Surface Temperature anomalies,FM,"Micronesia, Federated State of",1962,,-0.1,,,,CELSIUS,Celsius (°C),SE,Standard error,0,,N,National,,
DATAFLOW,SPC:DF_CLIMATE_CHANGE(1.0),Climate Change indicators,I,A,Annual,SST_ANOM,Sea Surface Temperature anomalies,FM,"Micronesia, Federated State of",1963,,0,,,,CELSIUS,Celsius (°C),SE,Standard error,0,,N,National,,
DATAFLOW,SPC:DF_CLIMATE_CHANGE(1.0),Climate Change indicators,I,A,Annual,SST_ANOM,Sea Surface Temperature anomalies,FM,"Micronesia, Federated State of",1964,,-0.1,,,,CELSIUS,Celsius (°C),SE,Standard error,0,,N,National,,
DATAFLOW,SPC:DF_CLIMATE_CHANGE(1.0),Climate Change indicators,I,A,Annual,SST_ANOM,Sea Surface Temperature anomalies,FM,"Micronesia, Federated State of",1965,,-0.4,,,,CELSIUS,Celsius (°C),SE,Standard error,0,,N,National,,
DATAFLOW,SPC:DF_CLIMATE_CHANGE(1.0),Climate Change indicators,I,A,Annual,SST_ANOM,Sea Surface Temperature anomalies,FM,"Micronesia, Federated State of",1966,,-0.3,,,,CELSIUS,Celsius (°C),SE,Standard error,0,,N,National,,
DATAFLOW,SPC:DF_CLIMATE_CHANGE(1.0),Climate Change indicators,I,A,Annual,SST_ANOM,Sea Surface Temperature anomalies,FM,"Micronesia, Federated State of",1967,,-0.2,,,,CELSIUS,Celsius (°C),SE,Standard error,0,,N,National,,
DATAFLOW,SPC:DF_CLIMATE_CHANGE(1.0),Climate Change indicators,I,A,Annual,SST_ANOM,Sea Surface Temperature anomalies,FM,"Micronesia, Federated State of",1968,,-0.1,,,,CELSIUS,Celsius (°C),SE,Standard error,0,,N,National,,
DATAFLOW,SPC:DF_CLIMATE_CHANGE(1.0),Climate Change indicators,I,A,Annual,SST_ANOM,Sea Surface Temperature anomalies,FM,"Micronesia, Federated State of",1969,,0,,,,CELSIUS,Celsius (°C),SE,Standard error,0,,N,National,,
DATAFLOW,SPC:DF_CLIMATE_CHANGE(1.0),Climate Change indicators,I,A,Annual,SST_ANOM,Sea Surface Temperature anomalies,FM,"Micronesia, Federated State of",1970,,0,,,,CELSIUS,Celsius (°C),SE,Standard error,0,,N,National,,
DATAFLOW,SPC:DF_CLIMATE_CHANGE(1.0),Climate Change indicators,I,A,Annual,SST_ANOM,Sea Surface Temperature anomalies,FM,"Micronesia, Federated State of",1971,,-0.2,,,,CELSIUS,Celsius (°C),SE,Standard error,0,,N,National,,
DATAFLOW,SPC:DF_CLIMATE_CHANGE(1.0),Climate Change indicators,I,A,Annual,SST_ANOM,Sea Surface Temperature anomalies,FM,"Micronesia, Federated State of",1972,,-0.5,,,,CELSIUS,Celsius (°C),SE,Standard error,0,,N,National,,
DATAFLOW,SPC:DF_CLIMATE_CHANGE(1.0),Climate Change indicators,I,A,Annual,SST_ANOM,Sea Surface Temperature anomalies,FM,"Micronesia, Federated State of",1973,,-0.2,,,,CELSIUS,Celsius (°C),SE,Standard error,0.1,,N,National,,
DATAFLOW,SPC:DF_CLIMATE_CHANGE(1.0),Climate Change indicators,I,A,Annual,SST_ANOM,Sea Surface Temperature anomalies,FM,"Micronesia, Federated State of",1974,,-0.2,,,,CELSIUS,Celsius (°C),SE,Standard error,0,,N,National,,
DATAFLOW,SPC:DF_CLIMATE_CHANGE(1.0),Climate Change indicators,I,A,Annual,SST_ANOM,Sea Surface Temperature anomalies,FM,"Micronesia, Federated State of",1975,,-0.3,,,,CELSIUS,Celsius (°C),SE,Standard error,0,,N,National,,
DATAFLOW,SPC:DF_CLIMATE_CHANGE(1.0),Climate Change indicators,I,A,Annual,SST_ANOM,Sea Surface Temperature anomalies,FM,"Micronesia, Federated State of",1976,,-0.3,,,,CELSIUS,Celsius (°C),SE,Standard error,0,,N,National,,
DATAFLOW,SPC:DF_CLIMATE_CHANGE(1.0),Climate Change indicators,I,A,Annual,SST_ANOM,Sea Surface Temperature anomalies,FM,"Micronesia, Federated State of",1977,,-0.2,,,,CELSIUS,Celsius (°C),SE,Standard error,0,,N,National,,
DATAFLOW,SPC:DF_CLIMATE_CHANGE(1.0),Climate Change indicators,I,A,Annual,SST_ANOM,Sea Surface Temperature anomalies,FM,"Micronesia, Federated State of",1978,,-0.1,,,,CELSIUS,Celsius (°C),SE,Standard error,0,,N,National,,
DATAFLOW,SPC:DF_CLIMATE_CHANGE(1.0),Climate Change indicators,I,A,Annual,SST_ANOM,Sea Surface Temperature anomalies,FM,"Micronesia, Federated State of",1979,,-0.1,,,,CELSIUS,Celsius (°C),SE,Standard error,0,,N,National,,
DATAFLOW,SPC:DF_CLIMATE_CHANGE(1.0),Climate Change indicators,I,A,Annual,SST_ANOM,Sea Surface Temperature anomalies,FM,"Micronesia, Federated State of",1980,,-0.1,,,,CELSIUS,Celsius (°C),SE,Standard error,0,,N,National,,
DATAFLOW,SPC:DF_CLIMATE_CHANGE(1.0),Climate Change indicators,I,A,Annual,SST_ANOM,Sea Surface Temperature anomalies,FM,"Micronesia, Federated State of",1981,,0.1,,,,CELSIUS,Celsius (°C),SE,Standard error,0.1,,N,National,,
DATAFLOW,SPC:DF_CLIMATE_CHANGE(1.0),Climate Change indicators,I,A,Annual,SST_ANOM,Sea Surface Temperature anomalies,FM,"Micronesia, Federated State of",1982,,-0.1,,,,CELSIUS,Celsius (°C),SE,Standard error,0.1,,N,National,,
DATAFLOW,SPC:DF_CLIMATE_CHANGE(1.0),Climate Change indicators,I,A,Annual,SST_ANOM,Sea Surface Temperature anomalies,FM,"Micronesia, Federated State of",1983,,-0.2,,,,CELSIUS,Celsius (°C),SE,Standard error,0.1,,N,National,,
DATAFLOW,SPC:DF_CLIMATE_CHANGE(1.0),Climate Change indicators,I,A,Annual,SST_ANOM,Sea Surface Temperature anomalies,FM,"Micronesia, Federated State of",1984,,0.1,,,,CELSIUS,Celsius (°C),SE,Standard error,0,,N,National,,
DATAFLOW,SPC:DF_CLIMATE_CHANGE(1.0),Climate Change indicators,I,A,Annual,SST_ANOM,Sea Surface Temperature anomalies,FM,"Micronesia, Federated State of",1985,,0,,,,CELSIUS,Celsius (°C),SE,Standard error,0,,N,National,,
DATAFLOW,SPC:DF_CLIMATE_CHANGE(1.0),Climate Change indicators,I,A,Annual,SST_ANOM,Sea Surface Temperature anomalies,FM,"Micronesia, Federated State of",1986,,0,,,,CELSIUS,Celsius (°C),SE,Standard error,0.1,,N,National,,
DATAFLOW,SPC:DF_CLIMATE_CHANGE(1.0),Climate Change indicators,I,A,Annual,SST_ANOM,Sea Surface Temperature anomalies,FM,"Micronesia, Federated State of",1987,,-0.1,,,,CELSIUS,Celsius (°C),SE,Standard error,0,,N,National,,
DATAFLOW,SPC:DF_CLIMATE_CHANGE(1.0),Climate Change indicators,I,A,Annual,SST_ANOM,Sea Surface Temperature anomalies,FM,"Micronesia, Federated State of",1988,,0.2,,,,CELSIUS,Celsius (°C),SE,Standard error,0,,N,National,,
DATAFLOW,SPC:DF_CLIMATE_CHANGE(1.0),Climate Change indicators,I,A,Annual,SST_ANOM,Sea Surface Temperature anomalies,FM,"Micronesia, Federated State of",1989,,0.1,,,,CELSIUS,Celsius (°C),SE,Standard error,0,,N,National,,
DATAFLOW,SPC:DF_CLIMATE_CHANGE(1.0),Climate Change indicators,I,A,Annual,SST_ANOM,Sea Surface Temperature anomalies,FM,"Micronesia, Federated State of",1990,,0,,,,CELSIUS,Celsius (°C),SE,Standard error,0,,N,National,,
DATAFLOW,SPC:DF_CLIMATE_CHANGE(1.0),Climate Change indicators,I,A,Annual,SST_ANOM,Sea Surface Temperature anomalies,FM,"Micronesia, Federated State of",1991,,-0.1,,,,CELSIUS,Celsius (°C),SE,Standard error,0,,N,National,,
DATAFLOW,SPC:DF_CLIMATE_CHANGE(1.0),Climate Change indicators,I,A,Annual,SST_ANOM,Sea Surface Temperature anomalies,FM,"Micronesia, Federated State of",1992,,-0.3,,,,CELSIUS,Celsius (°C),SE,Standard error,0,,N,National,,
DATAFLOW,SPC:DF_CLIMATE_CHANGE(1.0),Climate Change indicators,I,A,Annual,SST_ANOM,Sea Surface Temperature anomalies,FM,"Micronesia, Federated State of",1993,,-0.4,,,,CELSIUS,Celsius (°C),SE,Standard error,0,,N,National,,
DATAFLOW,SPC:DF_CLIMATE_CHANGE(1.0),Climate Change indicators,I,A,Annual,SST_ANOM,Sea Surface Temperature anomalies,FM,"Micronesia, Federated State of",1994,,0,,,,CELSIUS,Celsius (°C),SE,Standard error,0.1,,N,National,,
DATAFLOW,SPC:DF_CLIMATE_CHANGE(1.0),Climate Change indicators,I,A,Annual,SST_ANOM,Sea Surface Temperature anomalies,FM,"Micronesia, Federated State of",1995,,0.3,,,,CELSIUS,Celsius (°C),SE,Standard error,0.1,,N,National,,
DATAFLOW,SPC:DF_CLIMATE_CHANGE(1.0),Climate Change indicators,I,A,Annual,SST_ANOM,Sea Surface Temperature anomalies,FM,"Micronesia, Federated State of",1996,,0.4,,,,CELSIUS,Celsius (°C),SE,Standard error,0,,N,National,,
DATAFLOW,SPC:DF_CLIMATE_CHANGE(1.0),Climate Change indicators,I,A,Annual,SST_ANOM,Sea Surface Temperature anomalies,FM,"Micronesia, Federated State of",1997,,0,,,,CELSIUS,Celsius (°C),SE,Standard error,0.1,,N,National,,
DATAFLOW,SPC:DF_CLIMATE_CHANGE(1.0),Climate Change indicators,I,A,Annual,SST_ANOM,Sea Surface Temperature anomalies,FM,"Micronesia, Federated State of",1998,,0.1,,,,CELSIUS,Celsius (°C),SE,Standard error,0.1,,N,National,,
DATAFLOW,SPC:DF_CLIMATE_CHANGE(1.0),Climate Change indicators,I,A,Annual,SST_ANOM,Sea Surface Temperature anomalies,FM,"Micronesia, Federated State of",1999,,0.2,,,,CELSIUS,Celsius (°C),SE,Standard error,0,,N,National,,
DATAFLOW,SPC:DF_CLIMATE_CHANGE(1.0),Climate Change indicators,I,A,Annual,SST_ANOM,Sea Surface Temperature anomalies,FM,"Micronesia, Federated State of",2000,,0.2,,,,CELSIUS,Celsius (°C),SE,Standard error,0,,N,National,,
DATAFLOW,SPC:DF_CLIMATE_CHANGE(1.0),Climate Change indicators,I,A,Annual,SST_ANOM,Sea Surface Temperature anomalies,FM,"Micronesia, Federated State of",2001,,0.4,,,,CELSIUS,Celsius (°C),SE,Standard error,0,,N,National,,
DATAFLOW,SPC:DF_CLIMATE_CHANGE(1.0),Climate Change indicators,I,A,Annual,SST_ANOM,Sea Surface Temperature anomalies,FM,"Micronesia, Federated State of",2002,,0.3,,,,CELSIUS,Celsius (°C),SE,Standard error,0,,N,National,,
DATAFLOW,SPC:DF_CLIMATE_CHANGE(1.0),Climate Change indicators,I,A,Annual,SST_ANOM,Sea Surface Temperature anomalies,FM,"Micronesia, Federated State of",2003,,0.4,,,,CELSIUS,Celsius (°C),SE,Standard error,0,,N,National,,
DATAFLOW,SPC:DF_CLIMATE_CHANGE(1.0),Climate Change indicators,I,A,Annual,SST_ANOM,Sea Surface Temperature anomalies,FM,"Micronesia, Federated State of",2004,,0.3,,,,CELSIUS,Celsius (°C),SE,Standard error,0.1,,N,National,,
DATAFLOW,SPC:DF_CLIMATE_CHANGE(1.0),Climate Change indicators,I,A,Annual,SST_ANOM,Sea Surface Temperature anomalies,FM,"Micronesia, Federated State of",2005,,0.3,,,,CELSIUS,Celsius (°C),SE,Standard error,0,,N,National,,
DATAFLOW,SPC:DF_CLIMATE_CHANGE(1.0),Climate Change indicators,I,A,Annual,SST_ANOM,Sea Surface Temperature anomalies,FM,"Micronesia, Federated State of",2006,,0.3,,,,CELSIUS,Celsius (°C),SE,Standard error,0.1,,N,National,,
DATAFLOW,SPC:DF_CLIMATE_CHANGE(1.0),Climate Change indicators,I,A,Annual,SST_ANOM,Sea Surface Temperature anomalies,FM,"Micronesia, Federated State of",2007,,0.4,,,,CELSIUS,Celsius (°C),SE,Standard error,0,,N,National,,
DATAFLOW,SPC:DF_CLIMATE_CHANGE(1.0),Climate Change indicators,I,A,Annual,SST_ANOM,Sea Surface Temperature anomalies,FM,"Micronesia, Federated State of",2008,,0.3,,,,CELSIUS,Celsius (°C),SE,Standard error,0,,N,National,,
DATAFLOW,SPC:DF_CLIMATE_CHANGE(1.0),Climate Change indicators,I,A,Annual,SST_ANOM,Sea Surface Temperature anomalies,FM,"Micronesia, Federated State of",2009,,0.4,,,,CELSIUS,Celsius (°C),SE,Standard error,0,,N,National,,
DATAFLOW,SPC:DF_CLIMATE_CHANGE(1.0),Climate Change indicators,I,A,Annual,SST_ANOM,Sea Surface Temperature anomalies,FM,"Micronesia, Federated State of",2010,,0.4,,,,CELSIUS,Celsius (°C),SE,Standard error,0.1,,N,National,,
DATAFLOW,SPC:DF_CLIMATE_CHANGE(1.0),Climate Change indicators,I,A,Annual,SST_ANOM,Sea Surface Temperature anomalies,FM,"Micronesia, Federated State of",2011,,0.4,,,,CELSIUS,Celsius (°C),SE,Standard error,0,,N,National,,
DATAFLOW,SPC:DF_CLIMATE_CHANGE(1.0),Climate Change indicators,I,A,Annual,SST_ANOM,Sea Surface Temperature anomalies,FM,"Micronesia, Federated State of",2012,,0.4,,,,CELSIUS,Celsius (°C),SE,Standard error,0,,N,National,,
DATAFLOW,SPC:DF_CLIMATE_CHANGE(1.0),Climate Change indicators,I,A,Annual,SST_ANOM,Sea Surface Temperature anomalies,FM,"Micronesia, Federated State of",2013,,0.5,,,,CELSIUS,Celsius (°C),SE,Standard error,0,,N,National,,
DATAFLOW,SPC:DF_CLIMATE_CHANGE(1.0),Climate Change indicators,I,A,Annual,SST_ANOM,Sea Surface Temperature anomalies,FM,"Micronesia, Federated State of",2014,,0.6,,,,CELSIUS,Celsius (°C),SE,Standard error,0,,N,National,,
DATAFLOW,SPC:DF_CLIMATE_CHANGE(1.0),Climate Change indicators,I,A,Annual,SST_ANOM,Sea Surface Temperature anomalies,FM,"Micronesia, Federated State of",2015,,0.3,,,,CELSIUS,Celsius (°C),SE,Standard error,0.1,,N,National,,
DATAFLOW,SPC:DF_CLIMATE_CHANGE(1.0),Climate Change indicators,I,A,Annual,SST_ANOM,Sea Surface Temperature anomalies,FM,"Micronesia, Federated State of",2016,,0.6,,,,CELSIUS,Celsius (°C),SE,Standard error,0.1,,N,National,,
DATAFLOW,SPC:DF_CLIMATE_CHANGE(1.0),Climate Change indicators,I,A,Annual,SST_ANOM,Sea Surface Temperature anomalies,FM,"Micronesia, Federated State of",2017,,0.7,,,,CELSIUS,Celsius (°C),SE,Standard error,0,,N,National,,
DATAFLOW,SPC:DF_CLIMATE_CHANGE(1.0),Climate Change indicators,I,A,Annual,SST_ANOM,Sea Surface Temperature anomalies,FM,"Micronesia, Federated State of",2018,,0.6,,,,CELSIUS,Celsius (°C),SE,Standard error,0,,N,National,,
DATAFLOW,SPC:DF_CLIMATE_CHANGE(1.0),Climate Change indicators,I,A,Annual,SST_ANOM,Sea Surface Temperature anomalies,FM,"Micronesia, Federated State of",2019,,0.5,,,,CELSIUS,Celsius (°C),SE,Standard error,0.1,,N,National,,
DATAFLOW,SPC:DF_CLIMATE_CHANGE(1.0),Climate Change indicators,I,A,Annual,SST_ANOM,Sea Surface Temperature anomalies,FM,"Micronesia, Federated State of",2020,,0.7,,,,CELSIUS,Celsius (°C),SE,Standard error,0,,N,National,,
DATAFLOW,SPC:DF_CLIMATE_CHANGE(1.0),Climate Change indicators,I,A,Annual,SST_ANOM,Sea Surface Temperature anomalies,FM,"Micronesia, Federated State of",2021,,0.7,,,,CELSIUS,Celsius (°C),SE,Standard error,0,,N,National,,
DATAFLOW,SPC:DF_CLIMATE_CHANGE(1.0),Climate Change indicators,I,A,Annual,SST_ANOM,Sea Surface Temperature anomalies,FM,"Micronesia, Federated State of",2022,,0.6,,,,CELSIUS,Celsius (°C),SE,Standard error,0,,N,National,,
DATAFLOW,SPC:DF_CLIMATE_CHANGE(1.0),Climate Change indicators,I,A,Annual,SST_ANOM,Sea Surface Temperature anomalies,FM,"Micronesia, Federated State of",2023,,0.7,,,,CELSIUS,Celsius (°C),SE,Standard error,0,,N,National,,
DATAFLOW,SPC:DF_CLIMATE_CHANGE(1.0),Climate Change indicators,I,A,Annual,SST_ANOM,Sea Surface Temperature anomalies,FM,"Micronesia, Federated State of",2024,,0.8,,,,CELSIUS,Celsius (°C),SE,Standard error,0,,N,National,,
DATAFLOW,SPC:DF_CLIMATE_CHANGE(1.0),Climate Change indicators,I,A,Annual,SST_ANOM,Sea Surface Temperature anomalies,FM,"Micronesia, Federated State of",2025,,0.9,,,,CELSIUS,Celsius (°C),SE,Standard error,0,,N,National,,
DATAFLOW,SPC:DF_CLIMATE_CHANGE(1.0),Climate Change indicators,I,A,Annual,SST_ANOM,Sea Surface Temperature anomalies,WS,Samoa,1850,,0.1,,,,CELSIUS,Celsius (°C),SE,Standard error,0,,N,National,,
DATAFLOW,SPC:DF_CLIMATE_CHANGE(1.0),Climate Change indicators,I,A,Annual,SST_ANOM,Sea Surface Temperature anomalies,WS,Samoa,1851,,-0.3,,,,CELSIUS,Celsius (°C),SE,Standard error,0,,N,National,,
DATAFLOW,SPC:DF_CLIMATE_CHANGE(1.0),Climate Change indicators,I,A,Annual,SST_ANOM,Sea Surface Temperature anomalies,WS,Samoa,1852,,0,,,,CELSIUS,Celsius (°C),SE,Standard error,0,,N,National,,
DATAFLOW,SPC:DF_CLIMATE_CHANGE(1.0),Climate Change indicators,I,A,Annual,SST_ANOM,Sea Surface Temperature anomalies,WS,Samoa,1853,,0.3,,,,CELSIUS,Celsius (°C),SE,Standard error,0.1,,N,National,,
DATAFLOW,SPC:DF_CLIMATE_CHANGE(1.0),Climate Change indicators,I,A,Annual,SST_ANOM,Sea Surface Temperature anomalies,WS,Samoa,1854,,0.1,,,,CELSIUS,Celsius (°C),SE,Standard error,0.1,,N,National,,
DATAFLOW,SPC:DF_CLIMATE_CHANGE(1.0),Climate Change indicators,I,A,Annual,SST_ANOM,Sea Surface Temperature anomalies,WS,Samoa,1855,,-0.2,,,,CELSIUS,Celsius (°C),SE,Standard error,0,,N,National,,
DATAFLOW,SPC:DF_CLIMATE_CHANGE(1.0),Climate Change indicators,I,A,Annual,SST_ANOM,Sea Surface Temperature anomalies,WS,Samoa,1856,,-0.2,,,,CELSIUS,Celsius (°C),SE,Standard error,0.1,,N,National,,
DATAFLOW,SPC:DF_CLIMATE_CHANGE(1.0),Climate Change indicators,I,A,Annual,SST_ANOM,Sea Surface Temperature anomalies,WS,Samoa,1857,,-0.5,,,,CELSIUS,Celsius (°C),SE,Standard error,0,,N,National,,
DATAFLOW,SPC:DF_CLIMATE_CHANGE(1.0),Climate Change indicators,I,A,Annual,SST_ANOM,Sea Surface Temperature anomalies,WS,Samoa,1858,,-0.2,,,,CELSIUS,Celsius (°C),SE,Standard error,0.1,,N,National,,
DATAFLOW,SPC:DF_CLIMATE_CHANGE(1.0),Climate Change indicators,I,A,Annual,SST_ANOM,Sea Surface Temperature anomalies,WS,Samoa,1859,,0.1,,,,CELSIUS,Celsius (°C),SE,Standard error,0,,N,National,,
DATAFLOW,SPC:DF_CLIMATE_CHANGE(1.0),Climate Change indicators,I,A,Annual,SST_ANOM,Sea Surface Temperature anomalies,WS,Samoa,1860,,-0.3,,,,CELSIUS,Celsius (°C),SE,Standard error,0,,N,National,,
DATAFLOW,SPC:DF_CLIMATE_CHANGE(1.0),Climate Change indicators,I,A,Annual,SST_ANOM,Sea Surface Temperature anomalies,WS,Samoa,1861,,-0.5,,,,CELSIUS,Celsius (°C),SE,Standard error,0.1,,N,National,,
DATAFLOW,SPC:DF_CLIMATE_CHANGE(1.0),Climate Change indicators,I,A,Annual,SST_ANOM,Sea Surface Temperature anomalies,WS,Samoa,1862,,-0.4,,,,CELSIUS,Celsius (°C),SE,Standard error,0,,N,National,,
DATAFLOW,SPC:DF_CLIMATE_CHANGE(1.0),Climate Change indicators,I,A,Annual,SST_ANOM,Sea Surface Temperature anomalies,WS,Samoa,1863,,-0.4,,,,CELSIUS,Celsius (°C),SE,Standard error,0,,N,National,,
DATAFLOW,SPC:DF_CLIMATE_CHANGE(1.0),Climate Change indicators,I,A,Annual,SST_ANOM,Sea Surface Temperature anomalies,WS,Samoa,1864,,-0.3,,,,CELSIUS,Celsius (°C),SE,Standard error,0,,N,National,,
DATAFLOW,SPC:DF_CLIMATE_CHANGE(1.0),Climate Change indicators,I,A,Annual,SST_ANOM,Sea Surface Temperature anomalies,WS,Samoa,1865,,-0.3,,,,CELSIUS,Celsius (°C),SE,Standard error,0,,N,National,,
DATAFLOW,SPC:DF_CLIMATE_CHANGE(1.0),Climate Change indicators,I,A,Annual,SST_ANOM,Sea Surface Temperature anomalies,WS,Samoa,1866,,-0.3,,,,CELSIUS,Celsius (°C),SE,Standard error,0,,N,National,,
DATAFLOW,SPC:DF_CLIMATE_CHANGE(1.0),Climate Change indicators,I,A,Annual,SST_ANOM,Sea Surface Temperature anomalies,WS,Samoa,1867,,-0.2,,,,CELSIUS,Celsius (°C),SE,Standard error,0,,N,National,,
DATAFLOW,SPC:DF_CLIMATE_CHANGE(1.0),Climate Change indicators,I,A,Annual,SST_ANOM,Sea Surface Temperature anomalies,WS,Samoa,1868,,-0.2,,,,CELSIUS,Celsius (°C),SE,Standard error,0.1,,N,National,,
DATAFLOW,SPC:DF_CLIMATE_CHANGE(1.0),Climate Change indicators,I,A,Annual,SST_ANOM,Sea Surface Temperature anomalies,WS,Samoa,1869,,-0.1,,,,CELSIUS,Celsius (°C),SE,Standard error,0.1,,N,National,,
DATAFLOW,SPC:DF_CLIMATE_CHANGE(1.0),Climate Change indicators,I,A,Annual,SST_ANOM,Sea Surface Temperature anomalies,WS,Samoa,1870,,-0.4,,,,CELSIUS,Celsius (°C),SE,Standard error,0,,N,National,,
DATAFLOW,SPC:DF_CLIMATE_CHANGE(1.0),Climate Change indicators,I,A,Annual,SST_ANOM,Sea Surface Temperature anomalies,WS,Samoa,1871,,-0.1,,,,CELSIUS,Celsius (°C),SE,Standard error,0,,N,National,,
DATAFLOW,SPC:DF_CLIMATE_CHANGE(1.0),Climate Change indicators,I,A,Annual,SST_ANOM,Sea Surface Temperature anomalies,WS,Samoa,1872,,-0.1,,,,CELSIUS,Celsius (°C),SE,Standard error,0.1,,N,National,,
DATAFLOW,SPC:DF_CLIMATE_CHANGE(1.0),Climate Change indicators,I,A,Annual,SST_ANOM,Sea Surface Temperature anomalies,WS,Samoa,1873,,-0.4,,,,CELSIUS,Celsius (°C),SE,Standard error,0,,N,National,,
DATAFLOW,SPC:DF_CLIMATE_CHANGE(1.0),Climate Change indicators,I,A,Annual,SST_ANOM,Sea Surface Temperature anomalies,WS,Samoa,1874,,-0.1,,,,CELSIUS,Celsius (°C),SE,Standard error,0.1,,N,National,,
DATAFLOW,SPC:DF_CLIMATE_CHANGE(1.0),Climate Change indicators,I,A,Annual,SST_ANOM,Sea Surface Temperature anomalies,WS,Samoa,1875,,-0.2,,,,CELSIUS,Celsius (°C),SE,Standard error,0.1,,N,National,,
DATAFLOW,SPC:DF_CLIMATE_CHANGE(1.0),Climate Change indicators,I,A,Annual,SST_ANOM,Sea Surface Temperature anomalies,WS,Samoa,1876,,-0.2,,,,CELSIUS,Celsius (°C),SE,Standard error,0,,N,National,,
DATAFLOW,SPC:DF_CLIMATE_CHANGE(1.0),Climate Change indicators,I,A,Annual,SST_ANOM,Sea Surface Temperature anomalies,WS,Samoa,1877,,-0.2,,,,CELSIUS,Celsius (°C),SE,Standard error,0,,N,National,,
DATAFLOW,SPC:DF_CLIMATE_CHANGE(1.0),Climate Change indicators,I,A,Annual,SST_ANOM,Sea Surface Temperature anomalies,WS,Samoa,1878,,-0.2,,,,CELSIUS,Celsius (°C),SE,Standard error,0.1,,N,National,,
DATAFLOW,SPC:DF_CLIMATE_CHANGE(1.0),Climate Change indicators,I,A,Annual,SST_ANOM,Sea Surface Temperature anomalies,WS,Samoa,1879,,-0.3,,,,CELSIUS,Celsius (°C),SE,Standard error,0.1,,N,National,,
DATAFLOW,SPC:DF_CLIMATE_CHANGE(1.0),Climate Change indicators,I,A,Annual,SST_ANOM,Sea Surface Temperature anomalies,WS,Samoa,1880,,-0.3,,,,CELSIUS,Celsius (°C),SE,Standard error,0,,N,National,,
DATAFLOW,SPC:DF_CLIMATE_CHANGE(1.0),Climate Change indicators,I,A,Annual,SST_ANOM,Sea Surface Temperature anomalies,WS,Samoa,1881,,0.1,,,,CELSIUS,Celsius (°C),SE,Standard error,0,,N,National,,
DATAFLOW,SPC:DF_CLIMATE_CHANGE(1.0),Climate Change indicators,I,A,Annual,SST_ANOM,Sea Surface Temperature anomalies,WS,Samoa,1882,,0,,,,CELSIUS,Celsius (°C),SE,Standard error,0.1,,N,National,,
DATAFLOW,SPC:DF_CLIMATE_CHANGE(1.0),Climate Change indicators,I,A,Annual,SST_ANOM,Sea Surface Temperature anomalies,WS,Samoa,1883,,-0.4,,,,CELSIUS,Celsius (°C),SE,Standard error,0.1,,N,National,,
DATAFLOW,SPC:DF_CLIMATE_CHANGE(1.0),Climate Change indicators,I,A,Annual,SST_ANOM,Sea Surface Temperature anomalies,WS,Samoa,1884,,-0.4,,,,CELSIUS,Celsius (°C),SE,Standard error,0.1,,N,National,,
DATAFLOW,SPC:DF_CLIMATE_CHANGE(1.0),Climate Change indicators,I,A,Annual,SST_ANOM,Sea Surface Temperature anomalies,WS,Samoa,1885,,-0.5,,,,CELSIUS,Celsius (°C),SE,Standard error,0.1,,N,National,,
DATAFLOW,SPC:DF_CLIMATE_CHANGE(1.0),Climate Change indicators,I,A,Annual,SST_ANOM,Sea Surface Temperature anomalies,WS,Samoa,1886,,-0.4,,,,CELSIUS,Celsius (°C),SE,Standard error,0.1,,N,National,,
DATAFLOW,SPC:DF_CLIMATE_CHANGE(1.0),Climate Change indicators,I,A,Annual,SST_ANOM,Sea Surface Temperature anomalies,WS,Samoa,1887,,-0.4,,,,CELSIUS,Celsius (°C),SE,Standard error,0.1,,N,National,,
DATAFLOW,SPC:DF_CLIMATE_CHANGE(1.0),Climate Change indicators,I,A,Annual,SST_ANOM,Sea Surface Temperature anomalies,WS,Samoa,1888,,-0.2,,,,CELSIUS,Celsius (°C),SE,Standard error,0,,N,National,,
DATAFLOW,SPC:DF_CLIMATE_CHANGE(1.0),Climate Change indicators,I,A,Annual,SST_ANOM,Sea Surface Temperature anomalies,WS,Samoa,1889,,-0.2,,,,CELSIUS,Celsius (°C),SE,Standard error,0,,N,National,,
DATAFLOW,SPC:DF_CLIMATE_CHANGE(1.0),Climate Change indicators,I,A,Annual,SST_ANOM,Sea Surface Temperature anomalies,WS,Samoa,1890,,-0.5,,,,CELSIUS,Celsius (°C),SE,Standard error,0.1,,N,National,,
DATAFLOW,SPC:DF_CLIMATE_CHANGE(1.0),Climate Change indicators,I,A,Annual,SST_ANOM,Sea Surface Temperature anomalies,WS,Samoa,1891,,-0.4,,,,CELSIUS,Celsius (°C),SE,Standard error,0.1,,N,National,,
DATAFLOW,SPC:DF_CLIMATE_CHANGE(1.0),Climate Change indicators,I,A,Annual,SST_ANOM,Sea Surface Temperature anomalies,WS,Samoa,1892,,-0.3,,,,CELSIUS,Celsius (°C),SE,Standard error,0.1,,N,National,,
DATAFLOW,SPC:DF_CLIMATE_CHANGE(1.0),Climate Change indicators,I,A,Annual,SST_ANOM,Sea Surface Temperature anomalies,WS,Samoa,1893,,-0.7,,,,CELSIUS,Celsius (°C),SE,Standard error,0.1,,N,National,,
DATAFLOW,SPC:DF_CLIMATE_CHANGE(1.0),Climate Change indicators,I,A,Annual,SST_ANOM,Sea Surface Temperature anomalies,WS,Samoa,1894,,-0.3,,,,CELSIUS,Celsius (°C),SE,Standard error,0.1,,N,National,,
DATAFLOW,SPC:DF_CLIMATE_CHANGE(1.0),Climate Change indicators,I,A,Annual,SST_ANOM,Sea Surface Temperature anomalies,WS,Samoa,1895,,-0.2,,,,CELSIUS,Celsius (°C),SE,Standard error,0.1,,N,National,,
DATAFLOW,SPC:DF_CLIMATE_CHANGE(1.0),Climate Change indicators,I,A,Annual,SST_ANOM,Sea Surface Temperature anomalies,WS,Samoa,1896,,-0.3,,,,CELSIUS,Celsius (°C),SE,Standard error,0.1,,N,National,,
DATAFLOW,SPC:DF_CLIMATE_CHANGE(1.0),Climate Change indicators,I,A,Annual,SST_ANOM,Sea Surface Temperature anomalies,WS,Samoa,1897,,-0.2,,,,CELSIUS,Celsius (°C),SE,Standard error,0.1,,N,National,,
DATAFLOW,SPC:DF_CLIMATE_CHANGE(1.0),Climate Change indicators,I,A,Annual,SST_ANOM,Sea Surface Temperature anomalies,WS,Samoa,1898,,-0.3,,,,CELSIUS,Celsius (°C),SE,Standard error,0,,N,National,,
DATAFLOW,SPC:DF_CLIMATE_CHANGE(1.0),Climate Change indicators,I,A,Annual,SST_ANOM,Sea Surface Temperature anomalies,WS,Samoa,1899,,-0.2,,,,CELSIUS,Celsius (°C),SE,Standard error,0.1,,N,National,,
DATAFLOW,SPC:DF_CLIMATE_CHANGE(1.0),Climate Change indicators,I,A,Annual,SST_ANOM,Sea Surface Temperature anomalies,WS,Samoa,1900,,0.2,,,,CELSIUS,Celsius (°C),SE,Standard error,0.1,,N,National,,
DATAFLOW,SPC:DF_CLIMATE_CHANGE(1.0),Climate Change indicators,I,A,Annual,SST_ANOM,Sea Surface Temperature anomalies,WS,Samoa,1901,,0.1,,,,CELSIUS,Celsius (°C),SE,Standard error,0.1,,N,National,,
DATAFLOW,SPC:DF_CLIMATE_CHANGE(1.0),Climate Change indicators,I,A,Annual,SST_ANOM,Sea Surface Temperature anomalies,WS,Samoa,1902,,-0.4,,,,CELSIUS,Celsius (°C),SE,Standard error,0.1,,N,National,,
DATAFLOW,SPC:DF_CLIMATE_CHANGE(1.0),Climate Change indicators,I,A,Annual,SST_ANOM,Sea Surface Temperature anomalies,WS,Samoa,1903,,-0.2,,,,CELSIUS,Celsius (°C),SE,Standard error,0.1,,N,National,,
DATAFLOW,SPC:DF_CLIMATE_CHANGE(1.0),Climate Change indicators,I,A,Annual,SST_ANOM,Sea Surface Temperature anomalies,WS,Samoa,1904,,-0.6,,,,CELSIUS,Celsius (°C),SE,Standard error,0.1,,N,National,,
DATAFLOW,SPC:DF_CLIMATE_CHANGE(1.0),Climate Change indicators,I,A,Annual,SST_ANOM,Sea Surface Temperature anomalies,WS,Samoa,1905,,-0.4,,,,CELSIUS,Celsius (°C),SE,Standard error,0,,N,National,,
DATAFLOW,SPC:DF_CLIMATE_CHANGE(1.0),Climate Change indicators,I,A,Annual,SST_ANOM,Sea Surface Temperature anomalies,WS,Samoa,1906,,-0.3,,,,CELSIUS,Celsius (°C),SE,Standard error,0.1,,N,National,,
DATAFLOW,SPC:DF_CLIMATE_CHANGE(1.0),Climate Change indicators,I,A,Annual,SST_ANOM,Sea Surface Temperature anomalies,WS,Samoa,1907,,-0.4,,,,CELSIUS,Celsius (°C),SE,Standard error,0.1,,N,National,,
DATAFLOW,SPC:DF_CLIMATE_CHANGE(1.0),Climate Change indicators,I,A,Annual,SST_ANOM,Sea Surface Temperature anomalies,WS,Samoa,1908,,-0.5,,,,CELSIUS,Celsius (°C),SE,Standard error,0.1,,N,National,,
DATAFLOW,SPC:DF_CLIMATE_CHANGE(1.0),Climate Change indicators,I,A,Annual,SST_ANOM,Sea Surface Temperature anomalies,WS,Samoa,1909,,-0.8,,,,CELSIUS,Celsius (°C),SE,Standard error,0.1,,N,National,,
DATAFLOW,SPC:DF_CLIMATE_CHANGE(1.0),Climate Change indicators,I,A,Annual,SST_ANOM,Sea Surface Temperature anomalies,WS,Samoa,1910,,-0.9,,,,CELSIUS,Celsius (°C),SE,Standard error,0,,N,National,,
DATAFLOW,SPC:DF_CLIMATE_CHANGE(1.0),Climate Change indicators,I,A,Annual,SST_ANOM,Sea Surface Temperature anomalies,WS,Samoa,1911,,-0.6,,,,CELSIUS,Celsius (°C),SE,Standard error,0.1,,N,National,,
DATAFLOW,SPC:DF_CLIMATE_CHANGE(1.0),Climate Change indicators,I,A,Annual,SST_ANOM,Sea Surface Temperature anomalies,WS,Samoa,1912,,-0.3,,,,CELSIUS,Celsius (°C),SE,Standard error,0,,N,National,,
DATAFLOW,SPC:DF_CLIMATE_CHANGE(1.0),Climate Change indicators,I,A,Annual,SST_ANOM,Sea Surface Temperature anomalies,WS,Samoa,1913,,-0.5,,,,CELSIUS,Celsius (°C),SE,Standard error,0,,N,National,,
DATAFLOW,SPC:DF_CLIMATE_CHANGE(1.0),Climate Change indicators,I,A,Annual,SST_ANOM,Sea Surface Temperature anomalies,WS,Samoa,1914,,-0.3,,,,CELSIUS,Celsius (°C),SE,Standard error,0.1,,N,National,,
DATAFLOW,SPC:DF_CLIMATE_CHANGE(1.0),Climate Change indicators,I,A,Annual,SST_ANOM,Sea Surface Temperature anomalies,WS,Samoa,1915,,-0.2,,,,CELSIUS,Celsius (°C),SE,Standard error,0.1,,N,National,,
DATAFLOW,SPC:DF_CLIMATE_CHANGE(1.0),Climate Change indicators,I,A,Annual,SST_ANOM,Sea Surface Temperature anomalies,WS,Samoa,1916,,-0.5,,,,CELSIUS,Celsius (°C),SE,Standard error,0.1,,N,National,,
DATAFLOW,SPC:DF_CLIMATE_CHANGE(1.0),Climate Change indicators,I,A,Annual,SST_ANOM,Sea Surface Temperature anomalies,WS,Samoa,1917,,-1,,,,CELSIUS,Celsius (°C),SE,Standard error,0.1,,N,National,,
DATAFLOW,SPC:DF_CLIMATE_CHANGE(1.0),Climate Change indicators,I,A,Annual,SST_ANOM,Sea Surface Temperature anomalies,WS,Samoa,1918,,-0.6,,,,CELSIUS,Celsius (°C),SE,Standard error,0.1,,N,National,,
DATAFLOW,SPC:DF_CLIMATE_CHANGE(1.0),Climate Change indicators,I,A,Annual,SST_ANOM,Sea Surface Temperature anomalies,WS,Samoa,1919,,-0.9,,,,CELSIUS,Celsius (°C),SE,Standard error,0.1,,N,National,,
DATAFLOW,SPC:DF_CLIMATE_CHANGE(1.0),Climate Change indicators,I,A,Annual,SST_ANOM,Sea Surface Temperature anomalies,WS,Samoa,1920,,-0.5,,,,CELSIUS,Celsius (°C),SE,Standard error,0.1,,N,National,,
DATAFLOW,SPC:DF_CLIMATE_CHANGE(1.0),Climate Change indicators,I,A,Annual,SST_ANOM,Sea Surface Temperature anomalies,WS,Samoa,1921,,-0.5,,,,CELSIUS,Celsius (°C),SE,Standard error,0.1,,N,National,,
DATAFLOW,SPC:DF_CLIMATE_CHANGE(1.0),Climate Change indicators,I,A,Annual,SST_ANOM,Sea Surface Temperature anomalies,WS,Samoa,1922,,-0.2,,,,CELSIUS,Celsius (°C),SE,Standard error,0.1,,N,National,,
DATAFLOW,SPC:DF_CLIMATE_CHANGE(1.0),Climate Change indicators,I,A,Annual,SST_ANOM,Sea Surface Temperature anomalies,WS,Samoa,1923,,-0.4,,,,CELSIUS,Celsius (°C),SE,Standard error,0,,N,National,,
DATAFLOW,SPC:DF_CLIMATE_CHANGE(1.0),Climate Change indicators,I,A,Annual,SST_ANOM,Sea Surface Temperature anomalies,WS,Samoa,1924,,-0.2,,,,CELSIUS,Celsius (°C),SE,Standard error,0.1,,N,National,,
DATAFLOW,SPC:DF_CLIMATE_CHANGE(1.0),Climate Change indicators,I,A,Annual,SST_ANOM,Sea Surface Temperature anomalies,WS,Samoa,1925,,-0.3,,,,CELSIUS,Celsius (°C),SE,Standard error,0.1,,N,National,,
DATAFLOW,SPC:DF_CLIMATE_CHANGE(1.0),Climate Change indicators,I,A,Annual,SST_ANOM,Sea Surface Temperature anomalies,WS,Samoa,1926,,-0.2,,,,CELSIUS,Celsius (°C),SE,Standard error,0.1,,N,National,,
DATAFLOW,SPC:DF_CLIMATE_CHANGE(1.0),Climate Change indicators,I,A,Annual,SST_ANOM,Sea Surface Temperature anomalies,WS,Samoa,1927,,-0.3,,,,CELSIUS,Celsius (°C),SE,Standard error,0.1,,N,National,,
DATAFLOW,SPC:DF_CLIMATE_CHANGE(1.0),Climate Change indicators,I,A,Annual,SST_ANOM,Sea Surface Temperature anomalies,WS,Samoa,1928,,-0.3,,,,CELSIUS,Celsius (°C),SE,Standard error,0.1,,N,National,,
DATAFLOW,SPC:DF_CLIMATE_CHANGE(1.0),Climate Change indicators,I,A,Annual,SST_ANOM,Sea Surface Temperature anomalies,WS,Samoa,1929,,-0.3,,,,CELSIUS,Celsius (°C),SE,Standard error,0,,N,National,,
DATAFLOW,SPC:DF_CLIMATE_CHANGE(1.0),Climate Change indicators,I,A,Annual,SST_ANOM,Sea Surface Temperature anomalies,WS,Samoa,1930,,-0.3,,,,CELSIUS,Celsius (°C),SE,Standard error,0.1,,N,National,,
DATAFLOW,SPC:DF_CLIMATE_CHANGE(1.0),Climate Change indicators,I,A,Annual,SST_ANOM,Sea Surface Temperature anomalies,WS,Samoa,1931,,-0.3,,,,CELSIUS,Celsius (°C),SE,Standard error,0,,N,National,,
DATAFLOW,SPC:DF_CLIMATE_CHANGE(1.0),Climate Change indicators,I,A,Annual,SST_ANOM,Sea Surface Temperature anomalies,WS,Samoa,1932,,-0.2,,,,CELSIUS,Celsius (°C),SE,Standard error,0,,N,National,,
DATAFLOW,SPC:DF_CLIMATE_CHANGE(1.0),Climate Change indicators,I,A,Annual,SST_ANOM,Sea Surface Temperature anomalies,WS,Samoa,1933,,-0.6,,,,CELSIUS,Celsius (°C),SE,Standard error,0.1,,N,National,,
DATAFLOW,SPC:DF_CLIMATE_CHANGE(1.0),Climate Change indicators,I,A,Annual,SST_ANOM,Sea Surface Temperature anomalies,WS,Samoa,1934,,-0.4,,,,CELSIUS,Celsius (°C),SE,Standard error,0.1,,N,National,,
DATAFLOW,SPC:DF_CLIMATE_CHANGE(1.0),Climate Change indicators,I,A,Annual,SST_ANOM,Sea Surface Temperature anomalies,WS,Samoa,1935,,-0.4,,,,CELSIUS,Celsius (°C),SE,Standard error,0.1,,N,National,,
DATAFLOW,SPC:DF_CLIMATE_CHANGE(1.0),Climate Change indicators,I,A,Annual,SST_ANOM,Sea Surface Temperature anomalies,WS,Samoa,1936,,-0.3,,,,CELSIUS,Celsius (°C),SE,Standard error,0,,N,National,,
DATAFLOW,SPC:DF_CLIMATE_CHANGE(1.0),Climate Change indicators,I,A,Annual,SST_ANOM,Sea Surface Temperature anomalies,WS,Samoa,1937,,-0.3,,,,CELSIUS,Celsius (°C),SE,Standard error,0,,N,National,,
DATAFLOW,SPC:DF_CLIMATE_CHANGE(1.0),Climate Change indicators,I,A,Annual,SST_ANOM,Sea Surface Temperature anomalies,WS,Samoa,1938,,-0.4,,,,CELSIUS,Celsius (°C),SE,Standard error,0,,N,National,,
DATAFLOW,SPC:DF_CLIMATE_CHANGE(1.0),Climate Change indicators,I,A,Annual,SST_ANOM,Sea Surface Temperature anomalies,WS,Samoa,1939,,-0.6,,,,CELSIUS,Celsius (°C),SE,Standard error,0,,N,National,,
DATAFLOW,SPC:DF_CLIMATE_CHANGE(1.0),Climate Change indicators,I,A,Annual,SST_ANOM,Sea Surface Temperature anomalies,WS,Samoa,1940,,-0.1,,,,CELSIUS,Celsius (°C),SE,Standard error,0.1,,N,National,,
DATAFLOW,SPC:DF_CLIMATE_CHANGE(1.0),Climate Change indicators,I,A,Annual,SST_ANOM,Sea Surface Temperature anomalies,WS,Samoa,1941,,0.1,,,,CELSIUS,Celsius (°C),SE,Standard error,0,,N,National,,
DATAFLOW,SPC:DF_CLIMATE_CHANGE(1.0),Climate Change indicators,I,A,Annual,SST_ANOM,Sea Surface Temperature anomalies,WS,Samoa,1942,,0,,,,CELSIUS,Celsius (°C),SE,Standard error,0.1,,N,National,,
DATAFLOW,SPC:DF_CLIMATE_CHANGE(1.0),Climate Change indicators,I,A,Annual,SST_ANOM,Sea Surface Temperature anomalies,WS,Samoa,1943,,0,,,,CELSIUS,Celsius (°C),SE,Standard error,0.1,,N,National,,
DATAFLOW,SPC:DF_CLIMATE_CHANGE(1.0),Climate Change indicators,I,A,Annual,SST_ANOM,Sea Surface Temperature anomalies,WS,Samoa,1944,,0.1,,,,CELSIUS,Celsius (°C),SE,Standard error,0.1,,N,National,,
DATAFLOW,SPC:DF_CLIMATE_CHANGE(1.0),Climate Change indicators,I,A,Annual,SST_ANOM,Sea Surface Temperature anomalies,WS,Samoa,1945,,0.1,,,,CELSIUS,Celsius (°C),SE,Standard error,0,,N,National,,
DATAFLOW,SPC:DF_CLIMATE_CHANGE(1.0),Climate Change indicators,I,A,Annual,SST_ANOM,Sea Surface Temperature anomalies,WS,Samoa,1946,,0.2,,,,CELSIUS,Celsius (°C),SE,Standard error,0.1,,N,National,,
DATAFLOW,SPC:DF_CLIMATE_CHANGE(1.0),Climate Change indicators,I,A,Annual,SST_ANOM,Sea Surface Temperature anomalies,WS,Samoa,1947,,0.1,,,,CELSIUS,Celsius (°C),SE,Standard error,0.1,,N,National,,
DATAFLOW,SPC:DF_CLIMATE_CHANGE(1.0),Climate Change indicators,I,A,Annual,SST_ANOM,Sea Surface Temperature anomalies,WS,Samoa,1948,,-0.2,,,,CELSIUS,Celsius (°C),SE,Standard error,0.1,,N,National,,
DATAFLOW,SPC:DF_CLIMATE_CHANGE(1.0),Climate Change indicators,I,A,Annual,SST_ANOM,Sea Surface Temperature anomalies,WS,Samoa,1949,,-0.2,,,,CELSIUS,Celsius (°C),SE,Standard error,0,,N,National,,
DATAFLOW,SPC:DF_CLIMATE_CHANGE(1.0),Climate Change indicators,I,A,Annual,SST_ANOM,Sea Surface Temperature anomalies,WS,Samoa,1950,,-0.3,,,,CELSIUS,Celsius (°C),SE,Standard error,0,,N,National,,
DATAFLOW,SPC:DF_CLIMATE_CHANGE(1.0),Climate Change indicators,I,A,Annual,SST_ANOM,Sea Surface Temperature anomalies,WS,Samoa,1951,,-0.1,,,,CELSIUS,Celsius (°C),SE,Standard error,0,,N,National,,
DATAFLOW,SPC:DF_CLIMATE_CHANGE(1.0),Climate Change indicators,I,A,Annual,SST_ANOM,Sea Surface Temperature anomalies,WS,Samoa,1952,,0.1,,,,CELSIUS,Celsius (°C),SE,Standard error,0,,N,National,,
DATAFLOW,SPC:DF_CLIMATE_CHANGE(1.0),Climate Change indicators,I,A,Annual,SST_ANOM,Sea Surface Temperature anomalies,WS,Samoa,1953,,0.1,,,,CELSIUS,Celsius (°C),SE,Standard error,0.1,,N,National,,
DATAFLOW,SPC:DF_CLIMATE_CHANGE(1.0),Climate Change indicators,I,A,Annual,SST_ANOM,Sea Surface Temperature anomalies,WS,Samoa,1954,,-0.1,,,,CELSIUS,Celsius (°C),SE,Standard error,0.1,,N,National,,
DATAFLOW,SPC:DF_CLIMATE_CHANGE(1.0),Climate Change indicators,I,A,Annual,SST_ANOM,Sea Surface Temperature anomalies,WS,Samoa,1955,,-0.4,,,,CELSIUS,Celsius (°C),SE,Standard error,0.1,,N,National,,
DATAFLOW,SPC:DF_CLIMATE_CHANGE(1.0),Climate Change indicators,I,A,Annual,SST_ANOM,Sea Surface Temperature anomalies,WS,Samoa,1956,,-0.4,,,,CELSIUS,Celsius (°C),SE,Standard error,0.1,,N,National,,
DATAFLOW,SPC:DF_CLIMATE_CHANGE(1.0),Climate Change indicators,I,A,Annual,SST_ANOM,Sea Surface Temperature anomalies,WS,Samoa,1957,,-0.2,,,,CELSIUS,Celsius (°C),SE,Standard error,0,,N,National,,
DATAFLOW,SPC:DF_CLIMATE_CHANGE(1.0),Climate Change indicators,I,A,Annual,SST_ANOM,Sea Surface Temperature anomalies,WS,Samoa,1958,,0,,,,CELSIUS,Celsius (°C),SE,Standard error,0,,N,National,,
DATAFLOW,SPC:DF_CLIMATE_CHANGE(1.0),Climate Change indicators,I,A,Annual,SST_ANOM,Sea Surface Temperature anomalies,WS,Samoa,1959,,0.1,,,,CELSIUS,Celsius (°C),SE,Standard error,0.1,,N,National,,
DATAFLOW,SPC:DF_CLIMATE_CHANGE(1.0),Climate Change indicators,I,A,Annual,SST_ANOM,Sea Surface Temperature anomalies,WS,Samoa,1960,,-0.1,,,,CELSIUS,Celsius (°C),SE,Standard error,0.1,,N,National,,
DATAFLOW,SPC:DF_CLIMATE_CHANGE(1.0),Climate Change indicators,I,A,Annual,SST_ANOM,Sea Surface Temperature anomalies,WS,Samoa,1961,,0,,,,CELSIUS,Celsius (°C),SE,Standard error,0.1,,N,National,,
DATAFLOW,SPC:DF_CLIMATE_CHANGE(1.0),Climate Change indicators,I,A,Annual,SST_ANOM,Sea Surface Temperature anomalies,WS,Samoa,1962,,-0.1,,,,CELSIUS,Celsius (°C),SE,Standard error,0,,N,National,,
DATAFLOW,SPC:DF_CLIMATE_CHANGE(1.0),Climate Change indicators,I,A,Annual,SST_ANOM,Sea Surface Temperature anomalies,WS,Samoa,1963,,0,,,,CELSIUS,Celsius (°C),SE,Standard error,0,,N,National,,
DATAFLOW,SPC:DF_CLIMATE_CHANGE(1.0),Climate Change indicators,I,A,Annual,SST_ANOM,Sea Surface Temperature anomalies,WS,Samoa,1964,,-0.2,,,,CELSIUS,Celsius (°C),SE,Standard error,0.1,,N,National,,
DATAFLOW,SPC:DF_CLIMATE_CHANGE(1.0),Climate Change indicators,I,A,Annual,SST_ANOM,Sea Surface Temperature anomalies,WS,Samoa,1965,,-0.3,,,,CELSIUS,Celsius (°C),SE,Standard error,0,,N,National,,
DATAFLOW,SPC:DF_CLIMATE_CHANGE(1.0),Climate Change indicators,I,A,Annual,SST_ANOM,Sea Surface Temperature anomalies,WS,Samoa,1966,,0,,,,CELSIUS,Celsius (°C),SE,Standard error,0,,N,National,,
DATAFLOW,SPC:DF_CLIMATE_CHANGE(1.0),Climate Change indicators,I,A,Annual,SST_ANOM,Sea Surface Temperature anomalies,WS,Samoa,1967,,-0.3,,,,CELSIUS,Celsius (°C),SE,Standard error,0,,N,National,,
DATAFLOW,SPC:DF_CLIMATE_CHANGE(1.0),Climate Change indicators,I,A,Annual,SST_ANOM,Sea Surface Temperature anomalies,WS,Samoa,1968,,-0.1,,,,CELSIUS,Celsius (°C),SE,Standard error,0.1,,N,National,,
DATAFLOW,SPC:DF_CLIMATE_CHANGE(1.0),Climate Change indicators,I,A,Annual,SST_ANOM,Sea Surface Temperature anomalies,WS,Samoa,1969,,0.2,,,,CELSIUS,Celsius (°C),SE,Standard error,0,,N,National,,
DATAFLOW,SPC:DF_CLIMATE_CHANGE(1.0),Climate Change indicators,I,A,Annual,SST_ANOM,Sea Surface Temperature anomalies,WS,Samoa,1970,,0,,,,CELSIUS,Celsius (°C),SE,Standard error,0.1,,N,National,,
DATAFLOW,SPC:DF_CLIMATE_CHANGE(1.0),Climate Change indicators,I,A,Annual,SST_ANOM,Sea Surface Temperature anomalies,WS,Samoa,1971,,-0.3,,,,CELSIUS,Celsius (°C),SE,Standard error,0.1,,N,National,,
DATAFLOW,SPC:DF_CLIMATE_CHANGE(1.0),Climate Change indicators,I,A,Annual,SST_ANOM,Sea Surface Temperature anomalies,WS,Samoa,1972,,-0.2,,,,CELSIUS,Celsius (°C),SE,Standard error,0,,N,National,,
DATAFLOW,SPC:DF_CLIMATE_CHANGE(1.0),Climate Change indicators,I,A,Annual,SST_ANOM,Sea Surface Temperature anomalies,WS,Samoa,1973,,0.1,,,,CELSIUS,Celsius (°C),SE,Standard error,0.1,,N,National,,
DATAFLOW,SPC:DF_CLIMATE_CHANGE(1.0),Climate Change indicators,I,A,Annual,SST_ANOM,Sea Surface Temperature anomalies,WS,Samoa,1974,,-0.4,,,,CELSIUS,Celsius (°C),SE,Standard error,0.1,,N,National,,
DATAFLOW,SPC:DF_CLIMATE_CHANGE(1.0),Climate Change indicators,I,A,Annual,SST_ANOM,Sea Surface Temperature anomalies,WS,Samoa,1975,,-0.4,,,,CELSIUS,Celsius (°C),SE,Standard error,0.1,,N,National,,
DATAFLOW,SPC:DF_CLIMATE_CHANGE(1.0),Climate Change indicators,I,A,Annual,SST_ANOM,Sea Surface Temperature anomalies,WS,Samoa,1976,,-0.4,,,,CELSIUS,Celsius (°C),SE,Standard error,0.1,,N,National,,
DATAFLOW,SPC:DF_CLIMATE_CHANGE(1.0),Climate Change indicators,I,A,Annual,SST_ANOM,Sea Surface Temperature anomalies,WS,Samoa,1977,,0,,,,CELSIUS,Celsius (°C),SE,Standard error,0,,N,National,,
DATAFLOW,SPC:DF_CLIMATE_CHANGE(1.0),Climate Change indicators,I,A,Annual,SST_ANOM,Sea Surface Temperature anomalies,WS,Samoa,1978,,0,,,,CELSIUS,Celsius (°C),SE,Standard error,0.1,,N,National,,
DATAFLOW,SPC:DF_CLIMATE_CHANGE(1.0),Climate Change indicators,I,A,Annual,SST_ANOM,Sea Surface Temperature anomalies,WS,Samoa,1979,,0,,,,CELSIUS,Celsius (°C),SE,Standard error,0,,N,National,,
DATAFLOW,SPC:DF_CLIMATE_CHANGE(1.0),Climate Change indicators,I,A,Annual,SST_ANOM,Sea Surface Temperature anomalies,WS,Samoa,1980,,0.2,,,,CELSIUS,Celsius (°C),SE,Standard error,0,,N,National,,
DATAFLOW,SPC:DF_CLIMATE_CHANGE(1.0),Climate Change indicators,I,A,Annual,SST_ANOM,Sea Surface Temperature anomalies,WS,Samoa,1981,,-0.1,,,,CELSIUS,Celsius (°C),SE,Standard error,0.1,,N,National,,
DATAFLOW,SPC:DF_CLIMATE_CHANGE(1.0),Climate Change indicators,I,A,Annual,SST_ANOM,Sea Surface Temperature anomalies,WS,Samoa,1982,,0,,,,CELSIUS,Celsius (°C),SE,Standard error,0.1,,N,National,,
DATAFLOW,SPC:DF_CLIMATE_CHANGE(1.0),Climate Change indicators,I,A,Annual,SST_ANOM,Sea Surface Temperature anomalies,WS,Samoa,1983,,-0.2,,,,CELSIUS,Celsius (°C),SE,Standard error,0.1,,N,National,,
DATAFLOW,SPC:DF_CLIMATE_CHANGE(1.0),Climate Change indicators,I,A,Annual,SST_ANOM,Sea Surface Temperature anomalies,WS,Samoa,1984,,0,,,,CELSIUS,Celsius (°C),SE,Standard error,0.1,,N,National,,
DATAFLOW,SPC:DF_CLIMATE_CHANGE(1.0),Climate Change indicators,I,A,Annual,SST_ANOM,Sea Surface Temperature anomalies,WS,Samoa,1985,,-0.2,,,,CELSIUS,Celsius (°C),SE,Standard error,0,,N,National,,
DATAFLOW,SPC:DF_CLIMATE_CHANGE(1.0),Climate Change indicators,I,A,Annual,SST_ANOM,Sea Surface Temperature anomalies,WS,Samoa,1986,,0,,,,CELSIUS,Celsius (°C),SE,Standard error,0,,N,National,,
DATAFLOW,SPC:DF_CLIMATE_CHANGE(1.0),Climate Change indicators,I,A,Annual,SST_ANOM,Sea Surface Temperature anomalies,WS,Samoa,1987,,0,,,,CELSIUS,Celsius (°C),SE,Standard error,0.1,,N,National,,
DATAFLOW,SPC:DF_CLIMATE_CHANGE(1.0),Climate Change indicators,I,A,Annual,SST_ANOM,Sea Surface Temperature anomalies,WS,Samoa,1988,,0.1,,,,CELSIUS,Celsius (°C),SE,Standard error,0.1,,N,National,,
DATAFLOW,SPC:DF_CLIMATE_CHANGE(1.0),Climate Change indicators,I,A,Annual,SST_ANOM,Sea Surface Temperature anomalies,WS,Samoa,1989,,-0.2,,,,CELSIUS,Celsius (°C),SE,Standard error,0.1,,N,National,,
DATAFLOW,SPC:DF_CLIMATE_CHANGE(1.0),Climate Change indicators,I,A,Annual,SST_ANOM,Sea Surface Temperature anomalies,WS,Samoa,1990,,0.1,,,,CELSIUS,Celsius (°C),SE,Standard error,0.1,,N,National,,
DATAFLOW,SPC:DF_CLIMATE_CHANGE(1.0),Climate Change indicators,I,A,Annual,SST_ANOM,Sea Surface Temperature anomalies,WS,Samoa,1991,,0.4,,,,CELSIUS,Celsius (°C),SE,Standard error,0,,N,National,,
DATAFLOW,SPC:DF_CLIMATE_CHANGE(1.0),Climate Change indicators,I,A,Annual,SST_ANOM,Sea Surface Temperature anomalies,WS,Samoa,1992,,0.2,,,,CELSIUS,Celsius (°C),SE,Standard error,0.1,,N,National,,
DATAFLOW,SPC:DF_CLIMATE_CHANGE(1.0),Climate Change indicators,I,A,Annual,SST_ANOM,Sea Surface Temperature anomalies,WS,Samoa,1993,,0.1,,,,CELSIUS,Celsius (°C),SE,Standard error,0,,N,National,,
DATAFLOW,SPC:DF_CLIMATE_CHANGE(1.0),Climate Change indicators,I,A,Annual,SST_ANOM,Sea Surface Temperature anomalies,WS,Samoa,1994,,0.3,,,,CELSIUS,Celsius (°C),SE,Standard error,0,,N,National,,
DATAFLOW,SPC:DF_CLIMATE_CHANGE(1.0),Climate Change indicators,I,A,Annual,SST_ANOM,Sea Surface Temperature anomalies,WS,Samoa,1995,,0.3,,,,CELSIUS,Celsius (°C),SE,Standard error,0,,N,National,,
DATAFLOW,SPC:DF_CLIMATE_CHANGE(1.0),Climate Change indicators,I,A,Annual,SST_ANOM,Sea Surface Temperature anomalies,WS,Samoa,1996,,0.1,,,,CELSIUS,Celsius (°C),SE,Standard error,0,,N,National,,
DATAFLOW,SPC:DF_CLIMATE_CHANGE(1.0),Climate Change indicators,I,A,Annual,SST_ANOM,Sea Surface Temperature anomalies,WS,Samoa,1997,,-0.1,,,,CELSIUS,Celsius (°C),SE,Standard error,0.1,,N,National,,
DATAFLOW,SPC:DF_CLIMATE_CHANGE(1.0),Climate Change indicators,I,A,Annual,SST_ANOM,Sea Surface Temperature anomalies,WS,Samoa,1998,,-0.2,,,,CELSIUS,Celsius (°C),SE,Standard error,0,,N,National,,
DATAFLOW,SPC:DF_CLIMATE_CHANGE(1.0),Climate Change indicators,I,A,Annual,SST_ANOM,Sea Surface Temperature anomalies,WS,Samoa,1999,,0,,,,CELSIUS,Celsius (°C),SE,Standard error,0,,N,National,,
DATAFLOW,SPC:DF_CLIMATE_CHANGE(1.0),Climate Change indicators,I,A,Annual,SST_ANOM,Sea Surface Temperature anomalies,WS,Samoa,2000,,0.2,,,,CELSIUS,Celsius (°C),SE,Standard error,0,,N,National,,
DATAFLOW,SPC:DF_CLIMATE_CHANGE(1.0),Climate Change indicators,I,A,Annual,SST_ANOM,Sea Surface Temperature anomalies,WS,Samoa,2001,,0.2,,,,CELSIUS,Celsius (°C),SE,Standard error,0,,N,National,,
DATAFLOW,SPC:DF_CLIMATE_CHANGE(1.0),Climate Change indicators,I,A,Annual,SST_ANOM,Sea Surface Temperature anomalies,WS,Samoa,2002,,0.4,,,,CELSIUS,Celsius (°C),SE,Standard error,0,,N,National,,
DATAFLOW,SPC:DF_CLIMATE_CHANGE(1.0),Climate Change indicators,I,A,Annual,SST_ANOM,Sea Surface Temperature anomalies,WS,Samoa,2003,,0.5,,,,CELSIUS,Celsius (°C),SE,Standard error,0,,N,National,,
DATAFLOW,SPC:DF_CLIMATE_CHANGE(1.0),Climate Change indicators,I,A,Annual,SST_ANOM,Sea Surface Temperature anomalies,WS,Samoa,2004,,0.5,,,,CELSIUS,Celsius (°C),SE,Standard error,0,,N,National,,
DATAFLOW,SPC:DF_CLIMATE_CHANGE(1.0),Climate Change indicators,I,A,Annual,SST_ANOM,Sea Surface Temperature anomalies,WS,Samoa,2005,,0.6,,,,CELSIUS,Celsius (°C),SE,Standard error,0,,N,National,,
DATAFLOW,SPC:DF_CLIMATE_CHANGE(1.0),Climate Change indicators,I,A,Annual,SST_ANOM,Sea Surface Temperature anomalies,WS,Samoa,2006,,0.5,,,,CELSIUS,Celsius (°C),SE,Standard error,0,,N,National,,
DATAFLOW,SPC:DF_CLIMATE_CHANGE(1.0),Climate Change indicators,I,A,Annual,SST_ANOM,Sea Surface Temperature anomalies,WS,Samoa,2007,,0.5,,,,CELSIUS,Celsius (°C),SE,Standard error,0.1,,N,National,,
DATAFLOW,SPC:DF_CLIMATE_CHANGE(1.0),Climate Change indicators,I,A,Annual,SST_ANOM,Sea Surface Temperature anomalies,WS,Samoa,2008,,0.1,,,,CELSIUS,Celsius (°C),SE,Standard error,0.1,,N,National,,
DATAFLOW,SPC:DF_CLIMATE_CHANGE(1.0),Climate Change indicators,I,A,Annual,SST_ANOM,Sea Surface Temperature anomalies,WS,Samoa,2009,,0.4,,,,CELSIUS,Celsius (°C),SE,Standard error,0,,N,National,,
DATAFLOW,SPC:DF_CLIMATE_CHANGE(1.0),Climate Change indicators,I,A,Annual,SST_ANOM,Sea Surface Temperature anomalies,WS,Samoa,2010,,0.4,,,,CELSIUS,Celsius (°C),SE,Standard error,0.1,,N,National,,
DATAFLOW,SPC:DF_CLIMATE_CHANGE(1.0),Climate Change indicators,I,A,Annual,SST_ANOM,Sea Surface Temperature anomalies,WS,Samoa,2011,,0,,,,CELSIUS,Celsius (°C),SE,Standard error,0.1,,N,National,,
DATAFLOW,SPC:DF_CLIMATE_CHANGE(1.0),Climate Change indicators,I,A,Annual,SST_ANOM,Sea Surface Temperature anomalies,WS,Samoa,2012,,0.4,,,,CELSIUS,Celsius (°C),SE,Standard error,0.1,,N,National,,
DATAFLOW,SPC:DF_CLIMATE_CHANGE(1.0),Climate Change indicators,I,A,Annual,SST_ANOM,Sea Surface Temperature anomalies,WS,Samoa,2013,,0.5,,,,CELSIUS,Celsius (°C),SE,Standard error,0,,N,National,,
DATAFLOW,SPC:DF_CLIMATE_CHANGE(1.0),Climate Change indicators,I,A,Annual,SST_ANOM,Sea Surface Temperature anomalies,WS,Samoa,2014,,0.6,,,,CELSIUS,Celsius (°C),SE,Standard error,0,,N,National,,
DATAFLOW,SPC:DF_CLIMATE_CHANGE(1.0),Climate Change indicators,I,A,Annual,SST_ANOM,Sea Surface Temperature anomalies,WS,Samoa,2015,,0.5,,,,CELSIUS,Celsius (°C),SE,Standard error,0.1,,N,National,,
DATAFLOW,SPC:DF_CLIMATE_CHANGE(1.0),Climate Change indicators,I,A,Annual,SST_ANOM,Sea Surface Temperature anomalies,WS,Samoa,2016,,0.6,,,,CELSIUS,Celsius (°C),SE,Standard error,0,,N,National,,
DATAFLOW,SPC:DF_CLIMATE_CHANGE(1.0),Climate Change indicators,I,A,Annual,SST_ANOM,Sea Surface Temperature anomalies,WS,Samoa,2017,,0.6,,,,CELSIUS,Celsius (°C),SE,Standard error,0,,N,National,,
DATAFLOW,SPC:DF_CLIMATE_CHANGE(1.0),Climate Change indicators,I,A,Annual,SST_ANOM,Sea Surface Temperature anomalies,WS,Samoa,2018,,0.6,,,,CELSIUS,Celsius (°C),SE,Standard error,0.1,,N,National,,
DATAFLOW,SPC:DF_CLIMATE_CHANGE(1.0),Climate Change indicators,I,A,Annual,SST_ANOM,Sea Surface Temperature anomalies,WS,Samoa,2019,,0.7,,,,CELSIUS,Celsius (°C),SE,Standard error,0,,N,National,,
DATAFLOW,SPC:DF_CLIMATE_CHANGE(1.0),Climate Change indicators,I,A,Annual,SST_ANOM,Sea Surface Temperature anomalies,WS,Samoa,2020,,0.6,,,,CELSIUS,Celsius (°C),SE,Standard error,0.1,,N,National,,
DATAFLOW,SPC:DF_CLIMATE_CHANGE(1.0),Climate Change indicators,I,A,Annual,SST_ANOM,Sea Surface Temperature anomalies,WS,Samoa,2021,,0.4,,,,CELSIUS,Celsius (°C),SE,Standard error,0,,N,National,,
DATAFLOW,SPC:DF_CLIMATE_CHANGE(1.0),Climate Change indicators,I,A,Annual,SST_ANOM,Sea Surface Temperature anomalies,WS,Samoa,2022,,0.3,,,,CELSIUS,Celsius (°C),SE,Standard error,0,,N,National,,
DATAFLOW,SPC:DF_CLIMATE_CHANGE(1.0),Climate Change indicators,I,A,Annual,SST_ANOM,Sea Surface Temperature anomalies,WS,Samoa,2023,,0.6,,,,CELSIUS,Celsius (°C),SE,Standard error,0,,N,National,,
DATAFLOW,SPC:DF_CLIMATE_CHANGE(1.0),Climate Change indicators,I,A,Annual,SST_ANOM,Sea Surface Temperature anomalies,WS,Samoa,2024,,0.8,,,,CELSIUS,Celsius (°C),SE,Standard error,0.1,,N,National,,
DATAFLOW,SPC:DF_CLIMATE_CHANGE(1.0),Climate Change indicators,I,A,Annual,SST_ANOM,Sea Surface Temperature anomalies,WS,Samoa,2025,,0.5,,,,CELSIUS,Celsius (°C),SE,Standard error,0,,N,National,,
DATAFLOW,SPC:DF_CLIMATE_CHANGE(1.0),Climate Change indicators,I,A,Annual,SST_ANOM,Sea Surface Temperature anomalies,PG,Papua New Guinea,1850,,0,,,,CELSIUS,Celsius (°C),SE,Standard error,0.1,,N,National,,
DATAFLOW,SPC:DF_CLIMATE_CHANGE(1.0),Climate Change indicators,I,A,Annual,SST_ANOM,Sea Surface Temperature anomalies,PG,Papua New Guinea,1851,,0.3,,,,CELSIUS,Celsius (°C),SE,Standard error,0.1,,N,National,,
DATAFLOW,SPC:DF_CLIMATE_CHANGE(1.0),Climate Change indicators,I,A,Annual,SST_ANOM,Sea Surface Temperature anomalies,PG,Papua New Guinea,1852,,0.1,,,,CELSIUS,Celsius (°C),SE,Standard error,0.1,,N,National,,
DATAFLOW,SPC:DF_CLIMATE_CHANGE(1.0),Climate Change indicators,I,A,Annual,SST_ANOM,Sea Surface Temperature anomalies,PG,Papua New Guinea,1853,,0,,,,CELSIUS,Celsius (°C),SE,Standard error,0.1,,N,National,,
DATAFLOW,SPC:DF_CLIMATE_CHANGE(1.0),Climate Change indicators,I,A,Annual,SST_ANOM,Sea Surface Temperature anomalies,PG,Papua New Guinea,1854,,-0.3,,,,CELSIUS,Celsius (°C),SE,Standard error,0.1,,N,National,,
DATAFLOW,SPC:DF_CLIMATE_CHANGE(1.0),Climate Change indicators,I,A,Annual,SST_ANOM,Sea Surface Temperature anomalies,PG,Papua New Guinea,1855,,-0.5,,,,CELSIUS,Celsius (°C),SE,Standard error,0.1,,N,National,,
DATAFLOW,SPC:DF_CLIMATE_CHANGE(1.0),Climate Change indicators,I,A,Annual,SST_ANOM,Sea Surface Temperature anomalies,PG,Papua New Guinea,1856,,-0.4,,,,CELSIUS,Celsius (°C),SE,Standard error,0.1,,N,National,,
DATAFLOW,SPC:DF_CLIMATE_CHANGE(1.0),Climate Change indicators,I,A,Annual,SST_ANOM,Sea Surface Temperature anomalies,PG,Papua New Guinea,1857,,0,,,,CELSIUS,Celsius (°C),SE,Standard error,0.1,,N,National,,
DATAFLOW,SPC:DF_CLIMATE_CHANGE(1.0),Climate Change indicators,I,A,Annual,SST_ANOM,Sea Surface Temperature anomalies,PG,Papua New Guinea,1858,,-0.4,,,,CELSIUS,Celsius (°C),SE,Standard error,0.2,,N,National,,
DATAFLOW,SPC:DF_CLIMATE_CHANGE(1.0),Climate Change indicators,I,A,Annual,SST_ANOM,Sea Surface Temperature anomalies,PG,Papua New Guinea,1859,,0.1,,,,CELSIUS,Celsius (°C),SE,Standard error,0.1,,N,National,,
DATAFLOW,SPC:DF_CLIMATE_CHANGE(1.0),Climate Change indicators,I,A,Annual,SST_ANOM,Sea Surface Temperature anomalies,PG,Papua New Guinea,1860,,-0.3,,,,CELSIUS,Celsius (°C),SE,Standard error,0.1,,N,National,,
DATAFLOW,SPC:DF_CLIMATE_CHANGE(1.0),Climate Change indicators,I,A,Annual,SST_ANOM,Sea Surface Temperature anomalies,PG,Papua New Guinea,1861,,-1,,,,CELSIUS,Celsius (°C),SE,Standard error,0.4,,N,National,,
DATAFLOW,SPC:DF_CLIMATE_CHANGE(1.0),Climate Change indicators,I,A,Annual,SST_ANOM,Sea Surface Temperature anomalies,PG,Papua New Guinea,1862,,-0.4,,,,CELSIUS,Celsius (°C),SE,Standard error,0.1,,N,National,,
DATAFLOW,SPC:DF_CLIMATE_CHANGE(1.0),Climate Change indicators,I,A,Annual,SST_ANOM,Sea Surface Temperature anomalies,PG,Papua New Guinea,1863,,-0.2,,,,CELSIUS,Celsius (°C),SE,Standard error,0.1,,N,National,,
DATAFLOW,SPC:DF_CLIMATE_CHANGE(1.0),Climate Change indicators,I,A,Annual,SST_ANOM,Sea Surface Temperature anomalies,PG,Papua New Guinea,1864,,0.2,,,,CELSIUS,Celsius (°C),SE,Standard error,0.1,,N,National,,
DATAFLOW,SPC:DF_CLIMATE_CHANGE(1.0),Climate Change indicators,I,A,Annual,SST_ANOM,Sea Surface Temperature anomalies,PG,Papua New Guinea,1865,,0,,,,CELSIUS,Celsius (°C),SE,Standard error,0.1,,N,National,,
DATAFLOW,SPC:DF_CLIMATE_CHANGE(1.0),Climate Change indicators,I,A,Annual,SST_ANOM,Sea Surface Temperature anomalies,PG,Papua New Guinea,1866,,0,,,,CELSIUS,Celsius (°C),SE,Standard error,0.2,,N,National,,
DATAFLOW,SPC:DF_CLIMATE_CHANGE(1.0),Climate Change indicators,I,A,Annual,SST_ANOM,Sea Surface Temperature anomalies,PG,Papua New Guinea,1867,,-0.2,,,,CELSIUS,Celsius (°C),SE,Standard error,0.1,,N,National,,
DATAFLOW,SPC:DF_CLIMATE_CHANGE(1.0),Climate Change indicators,I,A,Annual,SST_ANOM,Sea Surface Temperature anomalies,PG,Papua New Guinea,1868,,-0.3,,,,CELSIUS,Celsius (°C),SE,Standard error,0.1,,N,National,,
DATAFLOW,SPC:DF_CLIMATE_CHANGE(1.0),Climate Change indicators,I,A,Annual,SST_ANOM,Sea Surface Temperature anomalies,PG,Papua New Guinea,1869,,0.2,,,,CELSIUS,Celsius (°C),SE,Standard error,0.2,,N,National,,
DATAFLOW,SPC:DF_CLIMATE_CHANGE(1.0),Climate Change indicators,I,A,Annual,SST_ANOM,Sea Surface Temperature anomalies,PG,Papua New Guinea,1870,,-0.1,,,,CELSIUS,Celsius (°C),SE,Standard error,0,,N,National,,
DATAFLOW,SPC:DF_CLIMATE_CHANGE(1.0),Climate Change indicators,I,A,Annual,SST_ANOM,Sea Surface Temperature anomalies,PG,Papua New Guinea,1871,,-0.1,,,,CELSIUS,Celsius (°C),SE,Standard error,0.1,,N,National,,
DATAFLOW,SPC:DF_CLIMATE_CHANGE(1.0),Climate Change indicators,I,A,Annual,SST_ANOM,Sea Surface Temperature anomalies,PG,Papua New Guinea,1872,,-0.1,,,,CELSIUS,Celsius (°C),SE,Standard error,0.1,,N,National,,
DATAFLOW,SPC:DF_CLIMATE_CHANGE(1.0),Climate Change indicators,I,A,Annual,SST_ANOM,Sea Surface Temperature anomalies,PG,Papua New Guinea,1873,,-0.1,,,,CELSIUS,Celsius (°C),SE,Standard error,0.1,,N,National,,
DATAFLOW,SPC:DF_CLIMATE_CHANGE(1.0),Climate Change indicators,I,A,Annual,SST_ANOM,Sea Surface Temperature anomalies,PG,Papua New Guinea,1874,,0.1,,,,CELSIUS,Celsius (°C),SE,Standard error,0.1,,N,National,,
DATAFLOW,SPC:DF_CLIMATE_CHANGE(1.0),Climate Change indicators,I,A,Annual,SST_ANOM,Sea Surface Temperature anomalies,PG,Papua New Guinea,1875,,-0.1,,,,CELSIUS,Celsius (°C),SE,Standard error,0,,N,National,,
DATAFLOW,SPC:DF_CLIMATE_CHANGE(1.0),Climate Change indicators,I,A,Annual,SST_ANOM,Sea Surface Temperature anomalies,PG,Papua New Guinea,1876,,-0.1,,,,CELSIUS,Celsius (°C),SE,Standard error,0.1,,N,National,,
DATAFLOW,SPC:DF_CLIMATE_CHANGE(1.0),Climate Change indicators,I,A,Annual,SST_ANOM,Sea Surface Temperature anomalies,PG,Papua New Guinea,1877,,-0.3,,,,CELSIUS,Celsius (°C),SE,Standard error,0.1,,N,National,,
DATAFLOW,SPC:DF_CLIMATE_CHANGE(1.0),Climate Change indicators,I,A,Annual,SST_ANOM,Sea Surface Temperature anomalies,PG,Papua New Guinea,1878,,0.2,,,,CELSIUS,Celsius (°C),SE,Standard error,0.1,,N,National,,
DATAFLOW,SPC:DF_CLIMATE_CHANGE(1.0),Climate Change indicators,I,A,Annual,SST_ANOM,Sea Surface Temperature anomalies,PG,Papua New Guinea,1879,,-0.1,,,,CELSIUS,Celsius (°C),SE,Standard error,0.1,,N,National,,
DATAFLOW,SPC:DF_CLIMATE_CHANGE(1.0),Climate Change indicators,I,A,Annual,SST_ANOM,Sea Surface Temperature anomalies,PG,Papua New Guinea,1880,,-0.2,,,,CELSIUS,Celsius (°C),SE,Standard error,0,,N,National,,
DATAFLOW,SPC:DF_CLIMATE_CHANGE(1.0),Climate Change indicators,I,A,Annual,SST_ANOM,Sea Surface Temperature anomalies,PG,Papua New Guinea,1881,,0.2,,,,CELSIUS,Celsius (°C),SE,Standard error,0.1,,N,National,,
DATAFLOW,SPC:DF_CLIMATE_CHANGE(1.0),Climate Change indicators,I,A,Annual,SST_ANOM,Sea Surface Temperature anomalies,PG,Papua New Guinea,1882,,0.1,,,,CELSIUS,Celsius (°C),SE,Standard error,0.1,,N,National,,
DATAFLOW,SPC:DF_CLIMATE_CHANGE(1.0),Climate Change indicators,I,A,Annual,SST_ANOM,Sea Surface Temperature anomalies,PG,Papua New Guinea,1883,,-0.5,,,,CELSIUS,Celsius (°C),SE,Standard error,0.1,,N,National,,
DATAFLOW,SPC:DF_CLIMATE_CHANGE(1.0),Climate Change indicators,I,A,Annual,SST_ANOM,Sea Surface Temperature anomalies,PG,Papua New Guinea,1884,,-0.7,,,,CELSIUS,Celsius (°C),SE,Standard error,0.1,,N,National,,
DATAFLOW,SPC:DF_CLIMATE_CHANGE(1.0),Climate Change indicators,I,A,Annual,SST_ANOM,Sea Surface Temperature anomalies,PG,Papua New Guinea,1885,,-0.9,,,,CELSIUS,Celsius (°C),SE,Standard error,0.1,,N,National,,
DATAFLOW,SPC:DF_CLIMATE_CHANGE(1.0),Climate Change indicators,I,A,Annual,SST_ANOM,Sea Surface Temperature anomalies,PG,Papua New Guinea,1886,,-0.4,,,,CELSIUS,Celsius (°C),SE,Standard error,0.1,,N,National,,
DATAFLOW,SPC:DF_CLIMATE_CHANGE(1.0),Climate Change indicators,I,A,Annual,SST_ANOM,Sea Surface Temperature anomalies,PG,Papua New Guinea,1887,,-0.2,,,,CELSIUS,Celsius (°C),SE,Standard error,0.1,,N,National,,
DATAFLOW,SPC:DF_CLIMATE_CHANGE(1.0),Climate Change indicators,I,A,Annual,SST_ANOM,Sea Surface Temperature anomalies,PG,Papua New Guinea,1888,,-0.5,,,,CELSIUS,Celsius (°C),SE,Standard error,0.1,,N,National,,
DATAFLOW,SPC:DF_CLIMATE_CHANGE(1.0),Climate Change indicators,I,A,Annual,SST_ANOM,Sea Surface Temperature anomalies,PG,Papua New Guinea,1889,,-0.1,,,,CELSIUS,Celsius (°C),SE,Standard error,0.1,,N,National,,
DATAFLOW,SPC:DF_CLIMATE_CHANGE(1.0),Climate Change indicators,I,A,Annual,SST_ANOM,Sea Surface Temperature anomalies,PG,Papua New Guinea,1890,,0,,,,CELSIUS,Celsius (°C),SE,Standard error,0.1,,N,National,,
DATAFLOW,SPC:DF_CLIMATE_CHANGE(1.0),Climate Change indicators,I,A,Annual,SST_ANOM,Sea Surface Temperature anomalies,PG,Papua New Guinea,1891,,0,,,,CELSIUS,Celsius (°C),SE,Standard error,0.1,,N,National,,
DATAFLOW,SPC:DF_CLIMATE_CHANGE(1.0),Climate Change indicators,I,A,Annual,SST_ANOM,Sea Surface Temperature anomalies,PG,Papua New Guinea,1892,,0,,,,CELSIUS,Celsius (°C),SE,Standard error,0.1,,N,National,,
DATAFLOW,SPC:DF_CLIMATE_CHANGE(1.0),Climate Change indicators,I,A,Annual,SST_ANOM,Sea Surface Temperature anomalies,PG,Papua New Guinea,1893,,0,,,,CELSIUS,Celsius (°C),SE,Standard error,0,,N,National,,
DATAFLOW,SPC:DF_CLIMATE_CHANGE(1.0),Climate Change indicators,I,A,Annual,SST_ANOM,Sea Surface Temperature anomalies,PG,Papua New Guinea,1894,,-0.2,,,,CELSIUS,Celsius (°C),SE,Standard error,0.1,,N,National,,
DATAFLOW,SPC:DF_CLIMATE_CHANGE(1.0),Climate Change indicators,I,A,Annual,SST_ANOM,Sea Surface Temperature anomalies,PG,Papua New Guinea,1895,,-0.3,,,,CELSIUS,Celsius (°C),SE,Standard error,0,,N,National,,
DATAFLOW,SPC:DF_CLIMATE_CHANGE(1.0),Climate Change indicators,I,A,Annual,SST_ANOM,Sea Surface Temperature anomalies,PG,Papua New Guinea,1896,,-0.3,,,,CELSIUS,Celsius (°C),SE,Standard error,0.1,,N,National,,
DATAFLOW,SPC:DF_CLIMATE_CHANGE(1.0),Climate Change indicators,I,A,Annual,SST_ANOM,Sea Surface Temperature anomalies,PG,Papua New Guinea,1897,,0,,,,CELSIUS,Celsius (°C),SE,Standard error,0.1,,N,National,,
DATAFLOW,SPC:DF_CLIMATE_CHANGE(1.0),Climate Change indicators,I,A,Annual,SST_ANOM,Sea Surface Temperature anomalies,PG,Papua New Guinea,1898,,-0.4,,,,CELSIUS,Celsius (°C),SE,Standard error,0.1,,N,National,,
DATAFLOW,SPC:DF_CLIMATE_CHANGE(1.0),Climate Change indicators,I,A,Annual,SST_ANOM,Sea Surface Temperature anomalies,PG,Papua New Guinea,1899,,-0.5,,,,CELSIUS,Celsius (°C),SE,Standard error,0.1,,N,National,,
DATAFLOW,SPC:DF_CLIMATE_CHANGE(1.0),Climate Change indicators,I,A,Annual,SST_ANOM,Sea Surface Temperature anomalies,PG,Papua New Guinea,1900,,0,,,,CELSIUS,Celsius (°C),SE,Standard error,0.2,,N,National,,
DATAFLOW,SPC:DF_CLIMATE_CHANGE(1.0),Climate Change indicators,I,A,Annual,SST_ANOM,Sea Surface Temperature anomalies,PG,Papua New Guinea,1901,,-0.5,,,,CELSIUS,Celsius (°C),SE,Standard error,0.1,,N,National,,
DATAFLOW,SPC:DF_CLIMATE_CHANGE(1.0),Climate Change indicators,I,A,Annual,SST_ANOM,Sea Surface Temperature anomalies,PG,Papua New Guinea,1902,,-1.1,,,,CELSIUS,Celsius (°C),SE,Standard error,0.1,,N,National,,
DATAFLOW,SPC:DF_CLIMATE_CHANGE(1.0),Climate Change indicators,I,A,Annual,SST_ANOM,Sea Surface Temperature anomalies,PG,Papua New Guinea,1903,,-0.8,,,,CELSIUS,Celsius (°C),SE,Standard error,0.1,,N,National,,
DATAFLOW,SPC:DF_CLIMATE_CHANGE(1.0),Climate Change indicators,I,A,Annual,SST_ANOM,Sea Surface Temperature anomalies,PG,Papua New Guinea,1904,,-0.9,,,,CELSIUS,Celsius (°C),SE,Standard error,0.1,,N,National,,
DATAFLOW,SPC:DF_CLIMATE_CHANGE(1.0),Climate Change indicators,I,A,Annual,SST_ANOM,Sea Surface Temperature anomalies,PG,Papua New Guinea,1905,,-1,,,,CELSIUS,Celsius (°C),SE,Standard error,0.1,,N,National,,
DATAFLOW,SPC:DF_CLIMATE_CHANGE(1.0),Climate Change indicators,I,A,Annual,SST_ANOM,Sea Surface Temperature anomalies,PG,Papua New Guinea,1906,,-0.7,,,,CELSIUS,Celsius (°C),SE,Standard error,0.1,,N,National,,
DATAFLOW,SPC:DF_CLIMATE_CHANGE(1.0),Climate Change indicators,I,A,Annual,SST_ANOM,Sea Surface Temperature anomalies,PG,Papua New Guinea,1907,,-0.3,,,,CELSIUS,Celsius (°C),SE,Standard error,0.1,,N,National,,
DATAFLOW,SPC:DF_CLIMATE_CHANGE(1.0),Climate Change indicators,I,A,Annual,SST_ANOM,Sea Surface Temperature anomalies,PG,Papua New Guinea,1908,,-0.3,,,,CELSIUS,Celsius (°C),SE,Standard error,0.1,,N,National,,
DATAFLOW,SPC:DF_CLIMATE_CHANGE(1.0),Climate Change indicators,I,A,Annual,SST_ANOM,Sea Surface Temperature anomalies,PG,Papua New Guinea,1909,,-0.4,,,,CELSIUS,Celsius (°C),SE,Standard error,0.1,,N,National,,
DATAFLOW,SPC:DF_CLIMATE_CHANGE(1.0),Climate Change indicators,I,A,Annual,SST_ANOM,Sea Surface Temperature anomalies,PG,Papua New Guinea,1910,,-0.3,,,,CELSIUS,Celsius (°C),SE,Standard error,0.1,,N,National,,
DATAFLOW,SPC:DF_CLIMATE_CHANGE(1.0),Climate Change indicators,I,A,Annual,SST_ANOM,Sea Surface Temperature anomalies,PG,Papua New Guinea,1911,,-0.9,,,,CELSIUS,Celsius (°C),SE,Standard error,0.1,,N,National,,
DATAFLOW,SPC:DF_CLIMATE_CHANGE(1.0),Climate Change indicators,I,A,Annual,SST_ANOM,Sea Surface Temperature anomalies,PG,Papua New Guinea,1912,,-0.7,,,,CELSIUS,Celsius (°C),SE,Standard error,0.1,,N,National,,
DATAFLOW,SPC:DF_CLIMATE_CHANGE(1.0),Climate Change indicators,I,A,Annual,SST_ANOM,Sea Surface Temperature anomalies,PG,Papua New Guinea,1913,,-0.7,,,,CELSIUS,Celsius (°C),SE,Standard error,0.1,,N,National,,
DATAFLOW,SPC:DF_CLIMATE_CHANGE(1.0),Climate Change indicators,I,A,Annual,SST_ANOM,Sea Surface Temperature anomalies,PG,Papua New Guinea,1914,,-0.8,,,,CELSIUS,Celsius (°C),SE,Standard error,0.1,,N,National,,
DATAFLOW,SPC:DF_CLIMATE_CHANGE(1.0),Climate Change indicators,I,A,Annual,SST_ANOM,Sea Surface Temperature anomalies,PG,Papua New Guinea,1915,,-0.5,,,,CELSIUS,Celsius (°C),SE,Standard error,0.2,,N,National,,
DATAFLOW,SPC:DF_CLIMATE_CHANGE(1.0),Climate Change indicators,I,A,Annual,SST_ANOM,Sea Surface Temperature anomalies,PG,Papua New Guinea,1916,,-0.3,,,,CELSIUS,Celsius (°C),SE,Standard error,0.1,,N,National,,
DATAFLOW,SPC:DF_CLIMATE_CHANGE(1.0),Climate Change indicators,I,A,Annual,SST_ANOM,Sea Surface Temperature anomalies,PG,Papua New Guinea,1917,,-0.8,,,,CELSIUS,Celsius (°C),SE,Standard error,0.1,,N,National,,
DATAFLOW,SPC:DF_CLIMATE_CHANGE(1.0),Climate Change indicators,I,A,Annual,SST_ANOM,Sea Surface Temperature anomalies,PG,Papua New Guinea,1918,,-0.9,,,,CELSIUS,Celsius (°C),SE,Standard error,0.1,,N,National,,
DATAFLOW,SPC:DF_CLIMATE_CHANGE(1.0),Climate Change indicators,I,A,Annual,SST_ANOM,Sea Surface Temperature anomalies,PG,Papua New Guinea,1919,,-1.2,,,,CELSIUS,Celsius (°C),SE,Standard error,0.2,,N,National,,
DATAFLOW,SPC:DF_CLIMATE_CHANGE(1.0),Climate Change indicators,I,A,Annual,SST_ANOM,Sea Surface Temperature anomalies,PG,Papua New Guinea,1920,,-0.8,,,,CELSIUS,Celsius (°C),SE,Standard error,0.1,,N,National,,
DATAFLOW,SPC:DF_CLIMATE_CHANGE(1.0),Climate Change indicators,I,A,Annual,SST_ANOM,Sea Surface Temperature anomalies,PG,Papua New Guinea,1921,,-0.2,,,,CELSIUS,Celsius (°C),SE,Standard error,0.1,,N,National,,
DATAFLOW,SPC:DF_CLIMATE_CHANGE(1.0),Climate Change indicators,I,A,Annual,SST_ANOM,Sea Surface Temperature anomalies,PG,Papua New Guinea,1922,,-0.2,,,,CELSIUS,Celsius (°C),SE,Standard error,0.1,,N,National,,
DATAFLOW,SPC:DF_CLIMATE_CHANGE(1.0),Climate Change indicators,I,A,Annual,SST_ANOM,Sea Surface Temperature anomalies,PG,Papua New Guinea,1923,,-0.5,,,,CELSIUS,Celsius (°C),SE,Standard error,0.1,,N,National,,
DATAFLOW,SPC:DF_CLIMATE_CHANGE(1.0),Climate Change indicators,I,A,Annual,SST_ANOM,Sea Surface Temperature anomalies,PG,Papua New Guinea,1924,,-0.3,,,,CELSIUS,Celsius (°C),SE,Standard error,0.1,,N,National,,
DATAFLOW,SPC:DF_CLIMATE_CHANGE(1.0),Climate Change indicators,I,A,Annual,SST_ANOM,Sea Surface Temperature anomalies,PG,Papua New Guinea,1925,,-0.5,,,,CELSIUS,Celsius (°C),SE,Standard error,0.1,,N,National,,
DATAFLOW,SPC:DF_CLIMATE_CHANGE(1.0),Climate Change indicators,I,A,Annual,SST_ANOM,Sea Surface Temperature anomalies,PG,Papua New Guinea,1926,,-0.5,,,,CELSIUS,Celsius (°C),SE,Standard error,0.1,,N,National,,
DATAFLOW,SPC:DF_CLIMATE_CHANGE(1.0),Climate Change indicators,I,A,Annual,SST_ANOM,Sea Surface Temperature anomalies,PG,Papua New Guinea,1927,,-0.4,,,,CELSIUS,Celsius (°C),SE,Standard error,0.1,,N,National,,
DATAFLOW,SPC:DF_CLIMATE_CHANGE(1.0),Climate Change indicators,I,A,Annual,SST_ANOM,Sea Surface Temperature anomalies,PG,Papua New Guinea,1928,,-0.4,,,,CELSIUS,Celsius (°C),SE,Standard error,0.1,,N,National,,
DATAFLOW,SPC:DF_CLIMATE_CHANGE(1.0),Climate Change indicators,I,A,Annual,SST_ANOM,Sea Surface Temperature anomalies,PG,Papua New Guinea,1929,,-0.6,,,,CELSIUS,Celsius (°C),SE,Standard error,0.1,,N,National,,
DATAFLOW,SPC:DF_CLIMATE_CHANGE(1.0),Climate Change indicators,I,A,Annual,SST_ANOM,Sea Surface Temperature anomalies,PG,Papua New Guinea,1930,,-0.6,,,,CELSIUS,Celsius (°C),SE,Standard error,0,,N,National,,
DATAFLOW,SPC:DF_CLIMATE_CHANGE(1.0),Climate Change indicators,I,A,Annual,SST_ANOM,Sea Surface Temperature anomalies,PG,Papua New Guinea,1931,,-0.3,,,,CELSIUS,Celsius (°C),SE,Standard error,0,,N,National,,
DATAFLOW,SPC:DF_CLIMATE_CHANGE(1.0),Climate Change indicators,I,A,Annual,SST_ANOM,Sea Surface Temperature anomalies,PG,Papua New Guinea,1932,,-0.6,,,,CELSIUS,Celsius (°C),SE,Standard error,0.1,,N,National,,
DATAFLOW,SPC:DF_CLIMATE_CHANGE(1.0),Climate Change indicators,I,A,Annual,SST_ANOM,Sea Surface Temperature anomalies,PG,Papua New Guinea,1933,,-0.4,,,,CELSIUS,Celsius (°C),SE,Standard error,0,,N,National,,
DATAFLOW,SPC:DF_CLIMATE_CHANGE(1.0),Climate Change indicators,I,A,Annual,SST_ANOM,Sea Surface Temperature anomalies,PG,Papua New Guinea,1934,,-0.4,,,,CELSIUS,Celsius (°C),SE,Standard error,0,,N,National,,
DATAFLOW,SPC:DF_CLIMATE_CHANGE(1.0),Climate Change indicators,I,A,Annual,SST_ANOM,Sea Surface Temperature anomalies,PG,Papua New Guinea,1935,,-0.5,,,,CELSIUS,Celsius (°C),SE,Standard error,0,,N,National,,
DATAFLOW,SPC:DF_CLIMATE_CHANGE(1.0),Climate Change indicators,I,A,Annual,SST_ANOM,Sea Surface Temperature anomalies,PG,Papua New Guinea,1936,,-0.4,,,,CELSIUS,Celsius (°C),SE,Standard error,0.1,,N,National,,
DATAFLOW,SPC:DF_CLIMATE_CHANGE(1.0),Climate Change indicators,I,A,Annual,SST_ANOM,Sea Surface Temperature anomalies,PG,Papua New Guinea,1937,,-0.4,,,,CELSIUS,Celsius (°C),SE,Standard error,0.1,,N,National,,
DATAFLOW,SPC:DF_CLIMATE_CHANGE(1.0),Climate Change indicators,I,A,Annual,SST_ANOM,Sea Surface Temperature anomalies,PG,Papua New Guinea,1938,,-0.3,,,,CELSIUS,Celsius (°C),SE,Standard error,0,,N,National,,
DATAFLOW,SPC:DF_CLIMATE_CHANGE(1.0),Climate Change indicators,I,A,Annual,SST_ANOM,Sea Surface Temperature anomalies,PG,Papua New Guinea,1939,,-0.5,,,,CELSIUS,Celsius (°C),SE,Standard error,0.1,,N,National,,
DATAFLOW,SPC:DF_CLIMATE_CHANGE(1.0),Climate Change indicators,I,A,Annual,SST_ANOM,Sea Surface Temperature anomalies,PG,Papua New Guinea,1940,,-0.6,,,,CELSIUS,Celsius (°C),SE,Standard error,0.1,,N,National,,
DATAFLOW,SPC:DF_CLIMATE_CHANGE(1.0),Climate Change indicators,I,A,Annual,SST_ANOM,Sea Surface Temperature anomalies,PG,Papua New Guinea,1941,,-0.6,,,,CELSIUS,Celsius (°C),SE,Standard error,0.1,,N,National,,
DATAFLOW,SPC:DF_CLIMATE_CHANGE(1.0),Climate Change indicators,I,A,Annual,SST_ANOM,Sea Surface Temperature anomalies,PG,Papua New Guinea,1942,,-0.2,,,,CELSIUS,Celsius (°C),SE,Standard error,0.1,,N,National,,
DATAFLOW,SPC:DF_CLIMATE_CHANGE(1.0),Climate Change indicators,I,A,Annual,SST_ANOM,Sea Surface Temperature anomalies,PG,Papua New Guinea,1943,,0.3,,,,CELSIUS,Celsius (°C),SE,Standard error,0.1,,N,National,,
DATAFLOW,SPC:DF_CLIMATE_CHANGE(1.0),Climate Change indicators,I,A,Annual,SST_ANOM,Sea Surface Temperature anomalies,PG,Papua New Guinea,1944,,0.1,,,,CELSIUS,Celsius (°C),SE,Standard error,0.1,,N,National,,
DATAFLOW,SPC:DF_CLIMATE_CHANGE(1.0),Climate Change indicators,I,A,Annual,SST_ANOM,Sea Surface Temperature anomalies,PG,Papua New Guinea,1945,,0.2,,,,CELSIUS,Celsius (°C),SE,Standard error,0.1,,N,National,,
DATAFLOW,SPC:DF_CLIMATE_CHANGE(1.0),Climate Change indicators,I,A,Annual,SST_ANOM,Sea Surface Temperature anomalies,PG,Papua New Guinea,1946,,-0.2,,,,CELSIUS,Celsius (°C),SE,Standard error,0.2,,N,National,,
DATAFLOW,SPC:DF_CLIMATE_CHANGE(1.0),Climate Change indicators,I,A,Annual,SST_ANOM,Sea Surface Temperature anomalies,PG,Papua New Guinea,1947,,-0.5,,,,CELSIUS,Celsius (°C),SE,Standard error,0.1,,N,National,,
DATAFLOW,SPC:DF_CLIMATE_CHANGE(1.0),Climate Change indicators,I,A,Annual,SST_ANOM,Sea Surface Temperature anomalies,PG,Papua New Guinea,1948,,-0.6,,,,CELSIUS,Celsius (°C),SE,Standard error,0,,N,National,,
DATAFLOW,SPC:DF_CLIMATE_CHANGE(1.0),Climate Change indicators,I,A,Annual,SST_ANOM,Sea Surface Temperature anomalies,PG,Papua New Guinea,1949,,-0.8,,,,CELSIUS,Celsius (°C),SE,Standard error,0.1,,N,National,,
DATAFLOW,SPC:DF_CLIMATE_CHANGE(1.0),Climate Change indicators,I,A,Annual,SST_ANOM,Sea Surface Temperature anomalies,PG,Papua New Guinea,1950,,-0.3,,,,CELSIUS,Celsius (°C),SE,Standard error,0.1,,N,National,,
DATAFLOW,SPC:DF_CLIMATE_CHANGE(1.0),Climate Change indicators,I,A,Annual,SST_ANOM,Sea Surface Temperature anomalies,PG,Papua New Guinea,1951,,-0.5,,,,CELSIUS,Celsius (°C),SE,Standard error,0.1,,N,National,,
DATAFLOW,SPC:DF_CLIMATE_CHANGE(1.0),Climate Change indicators,I,A,Annual,SST_ANOM,Sea Surface Temperature anomalies,PG,Papua New Guinea,1952,,-0.5,,,,CELSIUS,Celsius (°C),SE,Standard error,0.1,,N,National,,
DATAFLOW,SPC:DF_CLIMATE_CHANGE(1.0),Climate Change indicators,I,A,Annual,SST_ANOM,Sea Surface Temperature anomalies,PG,Papua New Guinea,1953,,-0.5,,,,CELSIUS,Celsius (°C),SE,Standard error,0,,N,National,,
DATAFLOW,SPC:DF_CLIMATE_CHANGE(1.0),Climate Change indicators,I,A,Annual,SST_ANOM,Sea Surface Temperature anomalies,PG,Papua New Guinea,1954,,-0.4,,,,CELSIUS,Celsius (°C),SE,Standard error,0.1,,N,National,,
DATAFLOW,SPC:DF_CLIMATE_CHANGE(1.0),Climate Change indicators,I,A,Annual,SST_ANOM,Sea Surface Temperature anomalies,PG,Papua New Guinea,1955,,-0.5,,,,CELSIUS,Celsius (°C),SE,Standard error,0.1,,N,National,,
DATAFLOW,SPC:DF_CLIMATE_CHANGE(1.0),Climate Change indicators,I,A,Annual,SST_ANOM,Sea Surface Temperature anomalies,PG,Papua New Guinea,1956,,-0.1,,,,CELSIUS,Celsius (°C),SE,Standard error,0.1,,N,National,,
DATAFLOW,SPC:DF_CLIMATE_CHANGE(1.0),Climate Change indicators,I,A,Annual,SST_ANOM,Sea Surface Temperature anomalies,PG,Papua New Guinea,1957,,-0.5,,,,CELSIUS,Celsius (°C),SE,Standard error,0.1,,N,National,,
DATAFLOW,SPC:DF_CLIMATE_CHANGE(1.0),Climate Change indicators,I,A,Annual,SST_ANOM,Sea Surface Temperature anomalies,PG,Papua New Guinea,1958,,-0.5,,,,CELSIUS,Celsius (°C),SE,Standard error,0.1,,N,National,,
DATAFLOW,SPC:DF_CLIMATE_CHANGE(1.0),Climate Change indicators,I,A,Annual,SST_ANOM,Sea Surface Temperature anomalies,PG,Papua New Guinea,1959,,-0.5,,,,CELSIUS,Celsius (°C),SE,Standard error,0.1,,N,National,,
DATAFLOW,SPC:DF_CLIMATE_CHANGE(1.0),Climate Change indicators,I,A,Annual,SST_ANOM,Sea Surface Temperature anomalies,PG,Papua New Guinea,1960,,-0.3,,,,CELSIUS,Celsius (°C),SE,Standard error,0,,N,National,,
DATAFLOW,SPC:DF_CLIMATE_CHANGE(1.0),Climate Change indicators,I,A,Annual,SST_ANOM,Sea Surface Temperature anomalies,PG,Papua New Guinea,1961,,-0.3,,,,CELSIUS,Celsius (°C),SE,Standard error,0,,N,National,,
DATAFLOW,SPC:DF_CLIMATE_CHANGE(1.0),Climate Change indicators,I,A,Annual,SST_ANOM,Sea Surface Temperature anomalies,PG,Papua New Guinea,1962,,0,,,,CELSIUS,Celsius (°C),SE,Standard error,0,,N,National,,
DATAFLOW,SPC:DF_CLIMATE_CHANGE(1.0),Climate Change indicators,I,A,Annual,SST_ANOM,Sea Surface Temperature anomalies,PG,Papua New Guinea,1963,,-0.1,,,,CELSIUS,Celsius (°C),SE,Standard error,0.1,,N,National,,
DATAFLOW,SPC:DF_CLIMATE_CHANGE(1.0),Climate Change indicators,I,A,Annual,SST_ANOM,Sea Surface Temperature anomalies,PG,Papua New Guinea,1964,,-0.1,,,,CELSIUS,Celsius (°C),SE,Standard error,0.1,,N,National,,
DATAFLOW,SPC:DF_CLIMATE_CHANGE(1.0),Climate Change indicators,I,A,Annual,SST_ANOM,Sea Surface Temperature anomalies,PG,Papua New Guinea,1965,,-0.8,,,,CELSIUS,Celsius (°C),SE,Standard error,0.1,,N,National,,
DATAFLOW,SPC:DF_CLIMATE_CHANGE(1.0),Climate Change indicators,I,A,Annual,SST_ANOM,Sea Surface Temperature anomalies,PG,Papua New Guinea,1966,,-0.5,,,,CELSIUS,Celsius (°C),SE,Standard error,0,,N,National,,
DATAFLOW,SPC:DF_CLIMATE_CHANGE(1.0),Climate Change indicators,I,A,Annual,SST_ANOM,Sea Surface Temperature anomalies,PG,Papua New Guinea,1967,,-0.3,,,,CELSIUS,Celsius (°C),SE,Standard error,0,,N,National,,
DATAFLOW,SPC:DF_CLIMATE_CHANGE(1.0),Climate Change indicators,I,A,Annual,SST_ANOM,Sea Surface Temperature anomalies,PG,Papua New Guinea,1968,,-0.1,,,,CELSIUS,Celsius (°C),SE,Standard error,0.1,,N,National,,
DATAFLOW,SPC:DF_CLIMATE_CHANGE(1.0),Climate Change indicators,I,A,Annual,SST_ANOM,Sea Surface Temperature anomalies,PG,Papua New Guinea,1969,,0,,,,CELSIUS,Celsius (°C),SE,Standard error,0,,N,National,,
DATAFLOW,SPC:DF_CLIMATE_CHANGE(1.0),Climate Change indicators,I,A,Annual,SST_ANOM,Sea Surface Temperature anomalies,PG,Papua New Guinea,1970,,0.1,,,,CELSIUS,Celsius (°C),SE,Standard error,0,,N,National,,
DATAFLOW,SPC:DF_CLIMATE_CHANGE(1.0),Climate Change indicators,I,A,Annual,SST_ANOM,Sea Surface Temperature anomalies,PG,Papua New Guinea,1971,,-0.1,,,,CELSIUS,Celsius (°C),SE,Standard error,0,,N,National,,
DATAFLOW,SPC:DF_CLIMATE_CHANGE(1.0),Climate Change indicators,I,A,Annual,SST_ANOM,Sea Surface Temperature anomalies,PG,Papua New Guinea,1972,,-0.5,,,,CELSIUS,Celsius (°C),SE,Standard error,0.1,,N,National,,
DATAFLOW,SPC:DF_CLIMATE_CHANGE(1.0),Climate Change indicators,I,A,Annual,SST_ANOM,Sea Surface Temperature anomalies,PG,Papua New Guinea,1973,,0,,,,CELSIUS,Celsius (°C),SE,Standard error,0,,N,National,,
DATAFLOW,SPC:DF_CLIMATE_CHANGE(1.0),Climate Change indicators,I,A,Annual,SST_ANOM,Sea Surface Temperature anomalies,PG,Papua New Guinea,1974,,-0.1,,,,CELSIUS,Celsius (°C),SE,Standard error,0,,N,National,,
DATAFLOW,SPC:DF_CLIMATE_CHANGE(1.0),Climate Change indicators,I,A,Annual,SST_ANOM,Sea Surface Temperature anomalies,PG,Papua New Guinea,1975,,-0.2,,,,CELSIUS,Celsius (°C),SE,Standard error,0.1,,N,National,,
DATAFLOW,SPC:DF_CLIMATE_CHANGE(1.0),Climate Change indicators,I,A,Annual,SST_ANOM,Sea Surface Temperature anomalies,PG,Papua New Guinea,1976,,-0.3,,,,CELSIUS,Celsius (°C),SE,Standard error,0.1,,N,National,,
DATAFLOW,SPC:DF_CLIMATE_CHANGE(1.0),Climate Change indicators,I,A,Annual,SST_ANOM,Sea Surface Temperature anomalies,PG,Papua New Guinea,1977,,-0.2,,,,CELSIUS,Celsius (°C),SE,Standard error,0.1,,N,National,,
DATAFLOW,SPC:DF_CLIMATE_CHANGE(1.0),Climate Change indicators,I,A,Annual,SST_ANOM,Sea Surface Temperature anomalies,PG,Papua New Guinea,1978,,0,,,,CELSIUS,Celsius (°C),SE,Standard error,0.1,,N,National,,
DATAFLOW,SPC:DF_CLIMATE_CHANGE(1.0),Climate Change indicators,I,A,Annual,SST_ANOM,Sea Surface Temperature anomalies,PG,Papua New Guinea,1979,,-0.1,,,,CELSIUS,Celsius (°C),SE,Standard error,0,,N,National,,
DATAFLOW,SPC:DF_CLIMATE_CHANGE(1.0),Climate Change indicators,I,A,Annual,SST_ANOM,Sea Surface Temperature anomalies,PG,Papua New Guinea,1980,,-0.2,,,,CELSIUS,Celsius (°C),SE,Standard error,0,,N,National,,
DATAFLOW,SPC:DF_CLIMATE_CHANGE(1.0),Climate Change indicators,I,A,Annual,SST_ANOM,Sea Surface Temperature anomalies,PG,Papua New Guinea,1981,,0.1,,,,CELSIUS,Celsius (°C),SE,Standard error,0,,N,National,,
DATAFLOW,SPC:DF_CLIMATE_CHANGE(1.0),Climate Change indicators,I,A,Annual,SST_ANOM,Sea Surface Temperature anomalies,PG,Papua New Guinea,1982,,-0.4,,,,CELSIUS,Celsius (°C),SE,Standard error,0.1,,N,National,,
DATAFLOW,SPC:DF_CLIMATE_CHANGE(1.0),Climate Change indicators,I,A,Annual,SST_ANOM,Sea Surface Temperature anomalies,PG,Papua New Guinea,1983,,-0.2,,,,CELSIUS,Celsius (°C),SE,Standard error,0,,N,National,,
DATAFLOW,SPC:DF_CLIMATE_CHANGE(1.0),Climate Change indicators,I,A,Annual,SST_ANOM,Sea Surface Temperature anomalies,PG,Papua New Guinea,1984,,0,,,,CELSIUS,Celsius (°C),SE,Standard error,0.1,,N,National,,
DATAFLOW,SPC:DF_CLIMATE_CHANGE(1.0),Climate Change indicators,I,A,Annual,SST_ANOM,Sea Surface Temperature anomalies,PG,Papua New Guinea,1985,,0,,,,CELSIUS,Celsius (°C),SE,Standard error,0,,N,National,,
DATAFLOW,SPC:DF_CLIMATE_CHANGE(1.0),Climate Change indicators,I,A,Annual,SST_ANOM,Sea Surface Temperature anomalies,PG,Papua New Guinea,1986,,0,,,,CELSIUS,Celsius (°C),SE,Standard error,0.1,,N,National,,
DATAFLOW,SPC:DF_CLIMATE_CHANGE(1.0),Climate Change indicators,I,A,Annual,SST_ANOM,Sea Surface Temperature anomalies,PG,Papua New Guinea,1987,,-0.3,,,,CELSIUS,Celsius (°C),SE,Standard error,0.1,,N,National,,
DATAFLOW,SPC:DF_CLIMATE_CHANGE(1.0),Climate Change indicators,I,A,Annual,SST_ANOM,Sea Surface Temperature anomalies,PG,Papua New Guinea,1988,,0.2,,,,CELSIUS,Celsius (°C),SE,Standard error,0.1,,N,National,,
DATAFLOW,SPC:DF_CLIMATE_CHANGE(1.0),Climate Change indicators,I,A,Annual,SST_ANOM,Sea Surface Temperature anomalies,PG,Papua New Guinea,1989,,0.2,,,,CELSIUS,Celsius (°C),SE,Standard error,0.1,,N,National,,
DATAFLOW,SPC:DF_CLIMATE_CHANGE(1.0),Climate Change indicators,I,A,Annual,SST_ANOM,Sea Surface Temperature anomalies,PG,Papua New Guinea,1990,,0,,,,CELSIUS,Celsius (°C),SE,Standard error,0,,N,National,,
DATAFLOW,SPC:DF_CLIMATE_CHANGE(1.0),Climate Change indicators,I,A,Annual,SST_ANOM,Sea Surface Temperature anomalies,PG,Papua New Guinea,1991,,-0.1,,,,CELSIUS,Celsius (°C),SE,Standard error,0.1,,N,National,,
DATAFLOW,SPC:DF_CLIMATE_CHANGE(1.0),Climate Change indicators,I,A,Annual,SST_ANOM,Sea Surface Temperature anomalies,PG,Papua New Guinea,1992,,-0.4,,,,CELSIUS,Celsius (°C),SE,Standard error,0,,N,National,,
DATAFLOW,SPC:DF_CLIMATE_CHANGE(1.0),Climate Change indicators,I,A,Annual,SST_ANOM,Sea Surface Temperature anomalies,PG,Papua New Guinea,1993,,-0.6,,,,CELSIUS,Celsius (°C),SE,Standard error,0,,N,National,,
DATAFLOW,SPC:DF_CLIMATE_CHANGE(1.0),Climate Change indicators,I,A,Annual,SST_ANOM,Sea Surface Temperature anomalies,PG,Papua New Guinea,1994,,-0.1,,,,CELSIUS,Celsius (°C),SE,Standard error,0.1,,N,National,,
DATAFLOW,SPC:DF_CLIMATE_CHANGE(1.0),Climate Change indicators,I,A,Annual,SST_ANOM,Sea Surface Temperature anomalies,PG,Papua New Guinea,1995,,0.3,,,,CELSIUS,Celsius (°C),SE,Standard error,0.1,,N,National,,
DATAFLOW,SPC:DF_CLIMATE_CHANGE(1.0),Climate Change indicators,I,A,Annual,SST_ANOM,Sea Surface Temperature anomalies,PG,Papua New Guinea,1996,,0.5,,,,CELSIUS,Celsius (°C),SE,Standard error,0,,N,National,,
DATAFLOW,SPC:DF_CLIMATE_CHANGE(1.0),Climate Change indicators,I,A,Annual,SST_ANOM,Sea Surface Temperature anomalies,PG,Papua New Guinea,1997,,-0.2,,,,CELSIUS,Celsius (°C),SE,Standard error,0.1,,N,National,,
DATAFLOW,SPC:DF_CLIMATE_CHANGE(1.0),Climate Change indicators,I,A,Annual,SST_ANOM,Sea Surface Temperature anomalies,PG,Papua New Guinea,1998,,0.4,,,,CELSIUS,Celsius (°C),SE,Standard error,0.1,,N,National,,
DATAFLOW,SPC:DF_CLIMATE_CHANGE(1.0),Climate Change indicators,I,A,Annual,SST_ANOM,Sea Surface Temperature anomalies,PG,Papua New Guinea,1999,,0.2,,,,CELSIUS,Celsius (°C),SE,Standard error,0,,N,National,,
DATAFLOW,SPC:DF_CLIMATE_CHANGE(1.0),Climate Change indicators,I,A,Annual,SST_ANOM,Sea Surface Temperature anomalies,PG,Papua New Guinea,2000,,0.3,,,,CELSIUS,Celsius (°C),SE,Standard error,0.1,,N,National,,
DATAFLOW,SPC:DF_CLIMATE_CHANGE(1.0),Climate Change indicators,I,A,Annual,SST_ANOM,Sea Surface Temperature anomalies,PG,Papua New Guinea,2001,,0.4,,,,CELSIUS,Celsius (°C),SE,Standard error,0,,N,National,,
DATAFLOW,SPC:DF_CLIMATE_CHANGE(1.0),Climate Change indicators,I,A,Annual,SST_ANOM,Sea Surface Temperature anomalies,PG,Papua New Guinea,2002,,0.3,,,,CELSIUS,Celsius (°C),SE,Standard error,0.1,,N,National,,
DATAFLOW,SPC:DF_CLIMATE_CHANGE(1.0),Climate Change indicators,I,A,Annual,SST_ANOM,Sea Surface Temperature anomalies,PG,Papua New Guinea,2003,,0.4,,,,CELSIUS,Celsius (°C),SE,Standard error,0,,N,National,,
DATAFLOW,SPC:DF_CLIMATE_CHANGE(1.0),Climate Change indicators,I,A,Annual,SST_ANOM,Sea Surface Temperature anomalies,PG,Papua New Guinea,2004,,0.3,,,,CELSIUS,Celsius (°C),SE,Standard error,0.1,,N,National,,
DATAFLOW,SPC:DF_CLIMATE_CHANGE(1.0),Climate Change indicators,I,A,Annual,SST_ANOM,Sea Surface Temperature anomalies,PG,Papua New Guinea,2005,,0.4,,,,CELSIUS,Celsius (°C),SE,Standard error,0,,N,National,,
DATAFLOW,SPC:DF_CLIMATE_CHANGE(1.0),Climate Change indicators,I,A,Annual,SST_ANOM,Sea Surface Temperature anomalies,PG,Papua New Guinea,2006,,0.2,,,,CELSIUS,Celsius (°C),SE,Standard error,0.1,,N,National,,
DATAFLOW,SPC:DF_CLIMATE_CHANGE(1.0),Climate Change indicators,I,A,Annual,SST_ANOM,Sea Surface Temperature anomalies,PG,Papua New Guinea,2007,,0.5,,,,CELSIUS,Celsius (°C),SE,Standard error,0,,N,National,,
DATAFLOW,SPC:DF_CLIMATE_CHANGE(1.0),Climate Change indicators,I,A,Annual,SST_ANOM,Sea Surface Temperature anomalies,PG,Papua New Guinea,2008,,0.3,,,,CELSIUS,Celsius (°C),SE,Standard error,0.1,,N,National,,
DATAFLOW,SPC:DF_CLIMATE_CHANGE(1.0),Climate Change indicators,I,A,Annual,SST_ANOM,Sea Surface Temperature anomalies,PG,Papua New Guinea,2009,,0.4,,,,CELSIUS,Celsius (°C),SE,Standard error,0.1,,N,National,,
DATAFLOW,SPC:DF_CLIMATE_CHANGE(1.0),Climate Change indicators,I,A,Annual,SST_ANOM,Sea Surface Temperature anomalies,PG,Papua New Guinea,2010,,0.6,,,,CELSIUS,Celsius (°C),SE,Standard error,0.1,,N,National,,
DATAFLOW,SPC:DF_CLIMATE_CHANGE(1.0),Climate Change indicators,I,A,Annual,SST_ANOM,Sea Surface Temperature anomalies,PG,Papua New Guinea,2011,,0.4,,,,CELSIUS,Celsius (°C),SE,Standard error,0,,N,National,,
DATAFLOW,SPC:DF_CLIMATE_CHANGE(1.0),Climate Change indicators,I,A,Annual,SST_ANOM,Sea Surface Temperature anomalies,PG,Papua New Guinea,2012,,0.3,,,,CELSIUS,Celsius (°C),SE,Standard error,0,,N,National,,
DATAFLOW,SPC:DF_CLIMATE_CHANGE(1.0),Climate Change indicators,I,A,Annual,SST_ANOM,Sea Surface Temperature anomalies,PG,Papua New Guinea,2013,,0.4,,,,CELSIUS,Celsius (°C),SE,Standard error,0,,N,National,,
DATAFLOW,SPC:DF_CLIMATE_CHANGE(1.0),Climate Change indicators,I,A,Annual,SST_ANOM,Sea Surface Temperature anomalies,PG,Papua New Guinea,2014,,0.3,,,,CELSIUS,Celsius (°C),SE,Standard error,0,,N,National,,
DATAFLOW,SPC:DF_CLIMATE_CHANGE(1.0),Climate Change indicators,I,A,Annual,SST_ANOM,Sea Surface Temperature anomalies,PG,Papua New Guinea,2015,,0.1,,,,CELSIUS,Celsius (°C),SE,Standard error,0.1,,N,National,,
DATAFLOW,SPC:DF_CLIMATE_CHANGE(1.0),Climate Change indicators,I,A,Annual,SST_ANOM,Sea Surface Temperature anomalies,PG,Papua New Guinea,2016,,0.7,,,,CELSIUS,Celsius (°C),SE,Standard error,0.1,,N,National,,
DATAFLOW,SPC:DF_CLIMATE_CHANGE(1.0),Climate Change indicators,I,A,Annual,SST_ANOM,Sea Surface Temperature anomalies,PG,Papua New Guinea,2017,,0.7,,,,CELSIUS,Celsius (°C),SE,Standard error,0,,N,National,,
DATAFLOW,SPC:DF_CLIMATE_CHANGE(1.0),Climate Change indicators,I,A,Annual,SST_ANOM,Sea Surface Temperature anomalies,PG,Papua New Guinea,2018,,0.5,,,,CELSIUS,Celsius (°C),SE,Standard error,0,,N,National,,
DATAFLOW,SPC:DF_CLIMATE_CHANGE(1.0),Climate Change indicators,I,A,Annual,SST_ANOM,Sea Surface Temperature anomalies,PG,Papua New Guinea,2019,,0.3,,,,CELSIUS,Celsius (°C),SE,Standard error,0,,N,National,,
DATAFLOW,SPC:DF_CLIMATE_CHANGE(1.0),Climate Change indicators,I,A,Annual,SST_ANOM,Sea Surface Temperature anomalies,PG,Papua New Guinea,2020,,0.8,,,,CELSIUS,Celsius (°C),SE,Standard error,0.1,,N,National,,
DATAFLOW,SPC:DF_CLIMATE_CHANGE(1.0),Climate Change indicators,I,A,Annual,SST_ANOM,Sea Surface Temperature anomalies,PG,Papua New Guinea,2021,,0.6,,,,CELSIUS,Celsius (°C),SE,Standard error,0.1,,N,National,,
DATAFLOW,SPC:DF_CLIMATE_CHANGE(1.0),Climate Change indicators,I,A,Annual,SST_ANOM,Sea Surface Temperature anomalies,PG,Papua New Guinea,2022,,0.8,,,,CELSIUS,Celsius (°C),SE,Standard error,0.1,,N,National,,
DATAFLOW,SPC:DF_CLIMATE_CHANGE(1.0),Climate Change indicators,I,A,Annual,SST_ANOM,Sea Surface Temperature anomalies,PG,Papua New Guinea,2023,,0.6,,,,CELSIUS,Celsius (°C),SE,Standard error,0.1,,N,National,,
DATAFLOW,SPC:DF_CLIMATE_CHANGE(1.0),Climate Change indicators,I,A,Annual,SST_ANOM,Sea Surface Temperature anomalies,PG,Papua New Guinea,2024,,0.9,,,,CELSIUS,Celsius (°C),SE,Standard error,0,,N,National,,
DATAFLOW,SPC:DF_CLIMATE_CHANGE(1.0),Climate Change indicators,I,A,Annual,SST_ANOM,Sea Surface Temperature anomalies,PG,Papua New Guinea,2025,,1.1,,,,CELSIUS,Celsius (°C),SE,Standard error,0,,N,National,,
DATAFLOW,SPC:DF_CLIMATE_CHANGE(1.0),Climate Change indicators,I,A,Annual,SST_ANOM,Sea Surface Temperature anomalies,PW,Palau,1850,,0,,,,CELSIUS,Celsius (°C),SE,Standard error,0.1,,N,National,,
DATAFLOW,SPC:DF_CLIMATE_CHANGE(1.0),Climate Change indicators,I,A,Annual,SST_ANOM,Sea Surface Temperature anomalies,PW,Palau,1851,,0.1,,,,CELSIUS,Celsius (°C),SE,Standard error,0.1,,N,National,,
DATAFLOW,SPC:DF_CLIMATE_CHANGE(1.0),Climate Change indicators,I,A,Annual,SST_ANOM,Sea Surface Temperature anomalies,PW,Palau,1852,,0.1,,,,CELSIUS,Celsius (°C),SE,Standard error,0.1,,N,National,,
DATAFLOW,SPC:DF_CLIMATE_CHANGE(1.0),Climate Change indicators,I,A,Annual,SST_ANOM,Sea Surface Temperature anomalies,PW,Palau,1853,,0.1,,,,CELSIUS,Celsius (°C),SE,Standard error,0.1,,N,National,,
DATAFLOW,SPC:DF_CLIMATE_CHANGE(1.0),Climate Change indicators,I,A,Annual,SST_ANOM,Sea Surface Temperature anomalies,PW,Palau,1854,,0.2,,,,CELSIUS,Celsius (°C),SE,Standard error,0.2,,N,National,,
DATAFLOW,SPC:DF_CLIMATE_CHANGE(1.0),Climate Change indicators,I,A,Annual,SST_ANOM,Sea Surface Temperature anomalies,PW,Palau,1855,,-0.5,,,,CELSIUS,Celsius (°C),SE,Standard error,0.1,,N,National,,
DATAFLOW,SPC:DF_CLIMATE_CHANGE(1.0),Climate Change indicators,I,A,Annual,SST_ANOM,Sea Surface Temperature anomalies,PW,Palau,1856,,0,,,,CELSIUS,Celsius (°C),SE,Standard error,0,,N,National,,
DATAFLOW,SPC:DF_CLIMATE_CHANGE(1.0),Climate Change indicators,I,A,Annual,SST_ANOM,Sea Surface Temperature anomalies,PW,Palau,1857,,-0.1,,,,CELSIUS,Celsius (°C),SE,Standard error,0.1,,N,National,,
DATAFLOW,SPC:DF_CLIMATE_CHANGE(1.0),Climate Change indicators,I,A,Annual,SST_ANOM,Sea Surface Temperature anomalies,PW,Palau,1858,,-0.6,,,,CELSIUS,Celsius (°C),SE,Standard error,0.1,,N,National,,
DATAFLOW,SPC:DF_CLIMATE_CHANGE(1.0),Climate Change indicators,I,A,Annual,SST_ANOM,Sea Surface Temperature anomalies,PW,Palau,1859,,0.1,,,,CELSIUS,Celsius (°C),SE,Standard error,0.1,,N,National,,
DATAFLOW,SPC:DF_CLIMATE_CHANGE(1.0),Climate Change indicators,I,A,Annual,SST_ANOM,Sea Surface Temperature anomalies,PW,Palau,1860,,-0.1,,,,CELSIUS,Celsius (°C),SE,Standard error,0.1,,N,National,,
DATAFLOW,SPC:DF_CLIMATE_CHANGE(1.0),Climate Change indicators,I,A,Annual,SST_ANOM,Sea Surface Temperature anomalies,PW,Palau,1861,,-0.7,,,,CELSIUS,Celsius (°C),SE,Standard error,0.1,,N,National,,
DATAFLOW,SPC:DF_CLIMATE_CHANGE(1.0),Climate Change indicators,I,A,Annual,SST_ANOM,Sea Surface Temperature anomalies,PW,Palau,1862,,-0.7,,,,CELSIUS,Celsius (°C),SE,Standard error,0.1,,N,National,,
DATAFLOW,SPC:DF_CLIMATE_CHANGE(1.0),Climate Change indicators,I,A,Annual,SST_ANOM,Sea Surface Temperature anomalies,PW,Palau,1863,,-0.1,,,,CELSIUS,Celsius (°C),SE,Standard error,0.1,,N,National,,
DATAFLOW,SPC:DF_CLIMATE_CHANGE(1.0),Climate Change indicators,I,A,Annual,SST_ANOM,Sea Surface Temperature anomalies,PW,Palau,1864,,-0.1,,,,CELSIUS,Celsius (°C),SE,Standard error,0.1,,N,National,,
DATAFLOW,SPC:DF_CLIMATE_CHANGE(1.0),Climate Change indicators,I,A,Annual,SST_ANOM,Sea Surface Temperature anomalies,PW,Palau,1865,,0,,,,CELSIUS,Celsius (°C),SE,Standard error,0.1,,N,National,,
DATAFLOW,SPC:DF_CLIMATE_CHANGE(1.0),Climate Change indicators,I,A,Annual,SST_ANOM,Sea Surface Temperature anomalies,PW,Palau,1866,,0,,,,CELSIUS,Celsius (°C),SE,Standard error,0.1,,N,National,,
DATAFLOW,SPC:DF_CLIMATE_CHANGE(1.0),Climate Change indicators,I,A,Annual,SST_ANOM,Sea Surface Temperature anomalies,PW,Palau,1867,,-0.2,,,,CELSIUS,Celsius (°C),SE,Standard error,0.1,,N,National,,
DATAFLOW,SPC:DF_CLIMATE_CHANGE(1.0),Climate Change indicators,I,A,Annual,SST_ANOM,Sea Surface Temperature anomalies,PW,Palau,1868,,-0.2,,,,CELSIUS,Celsius (°C),SE,Standard error,0.2,,N,National,,
DATAFLOW,SPC:DF_CLIMATE_CHANGE(1.0),Climate Change indicators,I,A,Annual,SST_ANOM,Sea Surface Temperature anomalies,PW,Palau,1869,,0.3,,,,CELSIUS,Celsius (°C),SE,Standard error,0.1,,N,National,,
DATAFLOW,SPC:DF_CLIMATE_CHANGE(1.0),Climate Change indicators,I,A,Annual,SST_ANOM,Sea Surface Temperature anomalies,PW,Palau,1870,,0.2,,,,CELSIUS,Celsius (°C),SE,Standard error,0.1,,N,National,,
DATAFLOW,SPC:DF_CLIMATE_CHANGE(1.0),Climate Change indicators,I,A,Annual,SST_ANOM,Sea Surface Temperature anomalies,PW,Palau,1871,,-0.1,,,,CELSIUS,Celsius (°C),SE,Standard error,0.1,,N,National,,
DATAFLOW,SPC:DF_CLIMATE_CHANGE(1.0),Climate Change indicators,I,A,Annual,SST_ANOM,Sea Surface Temperature anomalies,PW,Palau,1872,,0.1,,,,CELSIUS,Celsius (°C),SE,Standard error,0.1,,N,National,,
DATAFLOW,SPC:DF_CLIMATE_CHANGE(1.0),Climate Change indicators,I,A,Annual,SST_ANOM,Sea Surface Temperature anomalies,PW,Palau,1873,,0.2,,,,CELSIUS,Celsius (°C),SE,Standard error,0,,N,National,,
DATAFLOW,SPC:DF_CLIMATE_CHANGE(1.0),Climate Change indicators,I,A,Annual,SST_ANOM,Sea Surface Temperature anomalies,PW,Palau,1874,,0,,,,CELSIUS,Celsius (°C),SE,Standard error,0.1,,N,National,,
DATAFLOW,SPC:DF_CLIMATE_CHANGE(1.0),Climate Change indicators,I,A,Annual,SST_ANOM,Sea Surface Temperature anomalies,PW,Palau,1875,,-0.2,,,,CELSIUS,Celsius (°C),SE,Standard error,0.1,,N,National,,
DATAFLOW,SPC:DF_CLIMATE_CHANGE(1.0),Climate Change indicators,I,A,Annual,SST_ANOM,Sea Surface Temperature anomalies,PW,Palau,1876,,0,,,,CELSIUS,Celsius (°C),SE,Standard error,0,,N,National,,
DATAFLOW,SPC:DF_CLIMATE_CHANGE(1.0),Climate Change indicators,I,A,Annual,SST_ANOM,Sea Surface Temperature anomalies,PW,Palau,1877,,0,,,,CELSIUS,Celsius (°C),SE,Standard error,0.1,,N,National,,
DATAFLOW,SPC:DF_CLIMATE_CHANGE(1.0),Climate Change indicators,I,A,Annual,SST_ANOM,Sea Surface Temperature anomalies,PW,Palau,1878,,0.4,,,,CELSIUS,Celsius (°C),SE,Standard error,0.1,,N,National,,
DATAFLOW,SPC:DF_CLIMATE_CHANGE(1.0),Climate Change indicators,I,A,Annual,SST_ANOM,Sea Surface Temperature anomalies,PW,Palau,1879,,0.1,,,,CELSIUS,Celsius (°C),SE,Standard error,0.1,,N,National,,
DATAFLOW,SPC:DF_CLIMATE_CHANGE(1.0),Climate Change indicators,I,A,Annual,SST_ANOM,Sea Surface Temperature anomalies,PW,Palau,1880,,-0.2,,,,CELSIUS,Celsius (°C),SE,Standard error,0.1,,N,National,,
DATAFLOW,SPC:DF_CLIMATE_CHANGE(1.0),Climate Change indicators,I,A,Annual,SST_ANOM,Sea Surface Temperature anomalies,PW,Palau,1881,,-0.1,,,,CELSIUS,Celsius (°C),SE,Standard error,0.1,,N,National,,
DATAFLOW,SPC:DF_CLIMATE_CHANGE(1.0),Climate Change indicators,I,A,Annual,SST_ANOM,Sea Surface Temperature anomalies,PW,Palau,1882,,0,,,,CELSIUS,Celsius (°C),SE,Standard error,0.1,,N,National,,
DATAFLOW,SPC:DF_CLIMATE_CHANGE(1.0),Climate Change indicators,I,A,Annual,SST_ANOM,Sea Surface Temperature anomalies,PW,Palau,1883,,-0.6,,,,CELSIUS,Celsius (°C),SE,Standard error,0.1,,N,National,,
DATAFLOW,SPC:DF_CLIMATE_CHANGE(1.0),Climate Change indicators,I,A,Annual,SST_ANOM,Sea Surface Temperature anomalies,PW,Palau,1884,,-0.9,,,,CELSIUS,Celsius (°C),SE,Standard error,0.1,,N,National,,
DATAFLOW,SPC:DF_CLIMATE_CHANGE(1.0),Climate Change indicators,I,A,Annual,SST_ANOM,Sea Surface Temperature anomalies,PW,Palau,1885,,-0.5,,,,CELSIUS,Celsius (°C),SE,Standard error,0.1,,N,National,,
DATAFLOW,SPC:DF_CLIMATE_CHANGE(1.0),Climate Change indicators,I,A,Annual,SST_ANOM,Sea Surface Temperature anomalies,PW,Palau,1886,,-0.1,,,,CELSIUS,Celsius (°C),SE,Standard error,0.1,,N,National,,
DATAFLOW,SPC:DF_CLIMATE_CHANGE(1.0),Climate Change indicators,I,A,Annual,SST_ANOM,Sea Surface Temperature anomalies,PW,Palau,1887,,0.1,,,,CELSIUS,Celsius (°C),SE,Standard error,0.1,,N,National,,
DATAFLOW,SPC:DF_CLIMATE_CHANGE(1.0),Climate Change indicators,I,A,Annual,SST_ANOM,Sea Surface Temperature anomalies,PW,Palau,1888,,-0.1,,,,CELSIUS,Celsius (°C),SE,Standard error,0.1,,N,National,,
DATAFLOW,SPC:DF_CLIMATE_CHANGE(1.0),Climate Change indicators,I,A,Annual,SST_ANOM,Sea Surface Temperature anomalies,PW,Palau,1889,,0.3,,,,CELSIUS,Celsius (°C),SE,Standard error,0.1,,N,National,,
DATAFLOW,SPC:DF_CLIMATE_CHANGE(1.0),Climate Change indicators,I,A,Annual,SST_ANOM,Sea Surface Temperature anomalies,PW,Palau,1890,,0.2,,,,CELSIUS,Celsius (°C),SE,Standard error,0.1,,N,National,,
DATAFLOW,SPC:DF_CLIMATE_CHANGE(1.0),Climate Change indicators,I,A,Annual,SST_ANOM,Sea Surface Temperature anomalies,PW,Palau,1891,,0.2,,,,CELSIUS,Celsius (°C),SE,Standard error,0.1,,N,National,,
DATAFLOW,SPC:DF_CLIMATE_CHANGE(1.0),Climate Change indicators,I,A,Annual,SST_ANOM,Sea Surface Temperature anomalies,PW,Palau,1892,,0.1,,,,CELSIUS,Celsius (°C),SE,Standard error,0.1,,N,National,,
DATAFLOW,SPC:DF_CLIMATE_CHANGE(1.0),Climate Change indicators,I,A,Annual,SST_ANOM,Sea Surface Temperature anomalies,PW,Palau,1893,,-0.1,,,,CELSIUS,Celsius (°C),SE,Standard error,0.1,,N,National,,
DATAFLOW,SPC:DF_CLIMATE_CHANGE(1.0),Climate Change indicators,I,A,Annual,SST_ANOM,Sea Surface Temperature anomalies,PW,Palau,1894,,-0.2,,,,CELSIUS,Celsius (°C),SE,Standard error,0.1,,N,National,,
DATAFLOW,SPC:DF_CLIMATE_CHANGE(1.0),Climate Change indicators,I,A,Annual,SST_ANOM,Sea Surface Temperature anomalies,PW,Palau,1895,,-0.1,,,,CELSIUS,Celsius (°C),SE,Standard error,0.1,,N,National,,
DATAFLOW,SPC:DF_CLIMATE_CHANGE(1.0),Climate Change indicators,I,A,Annual,SST_ANOM,Sea Surface Temperature anomalies,PW,Palau,1896,,-0.3,,,,CELSIUS,Celsius (°C),SE,Standard error,0.1,,N,National,,
DATAFLOW,SPC:DF_CLIMATE_CHANGE(1.0),Climate Change indicators,I,A,Annual,SST_ANOM,Sea Surface Temperature anomalies,PW,Palau,1897,,0.3,,,,CELSIUS,Celsius (°C),SE,Standard error,0.1,,N,National,,
DATAFLOW,SPC:DF_CLIMATE_CHANGE(1.0),Climate Change indicators,I,A,Annual,SST_ANOM,Sea Surface Temperature anomalies,PW,Palau,1898,,-0.1,,,,CELSIUS,Celsius (°C),SE,Standard error,0.1,,N,National,,
DATAFLOW,SPC:DF_CLIMATE_CHANGE(1.0),Climate Change indicators,I,A,Annual,SST_ANOM,Sea Surface Temperature anomalies,PW,Palau,1899,,-0.4,,,,CELSIUS,Celsius (°C),SE,Standard error,0.1,,N,National,,
DATAFLOW,SPC:DF_CLIMATE_CHANGE(1.0),Climate Change indicators,I,A,Annual,SST_ANOM,Sea Surface Temperature anomalies,PW,Palau,1900,,0,,,,CELSIUS,Celsius (°C),SE,Standard error,0.1,,N,National,,
DATAFLOW,SPC:DF_CLIMATE_CHANGE(1.0),Climate Change indicators,I,A,Annual,SST_ANOM,Sea Surface Temperature anomalies,PW,Palau,1901,,-0.4,,,,CELSIUS,Celsius (°C),SE,Standard error,0.1,,N,National,,
DATAFLOW,SPC:DF_CLIMATE_CHANGE(1.0),Climate Change indicators,I,A,Annual,SST_ANOM,Sea Surface Temperature anomalies,PW,Palau,1902,,-0.6,,,,CELSIUS,Celsius (°C),SE,Standard error,0.1,,N,National,,
DATAFLOW,SPC:DF_CLIMATE_CHANGE(1.0),Climate Change indicators,I,A,Annual,SST_ANOM,Sea Surface Temperature anomalies,PW,Palau,1903,,-0.5,,,,CELSIUS,Celsius (°C),SE,Standard error,0.1,,N,National,,
DATAFLOW,SPC:DF_CLIMATE_CHANGE(1.0),Climate Change indicators,I,A,Annual,SST_ANOM,Sea Surface Temperature anomalies,PW,Palau,1904,,-0.7,,,,CELSIUS,Celsius (°C),SE,Standard error,0.1,,N,National,,
DATAFLOW,SPC:DF_CLIMATE_CHANGE(1.0),Climate Change indicators,I,A,Annual,SST_ANOM,Sea Surface Temperature anomalies,PW,Palau,1905,,-0.8,,,,CELSIUS,Celsius (°C),SE,Standard error,0.1,,N,National,,
DATAFLOW,SPC:DF_CLIMATE_CHANGE(1.0),Climate Change indicators,I,A,Annual,SST_ANOM,Sea Surface Temperature anomalies,PW,Palau,1906,,-0.5,,,,CELSIUS,Celsius (°C),SE,Standard error,0.1,,N,National,,
DATAFLOW,SPC:DF_CLIMATE_CHANGE(1.0),Climate Change indicators,I,A,Annual,SST_ANOM,Sea Surface Temperature anomalies,PW,Palau,1907,,-0.5,,,,CELSIUS,Celsius (°C),SE,Standard error,0.1,,N,National,,
DATAFLOW,SPC:DF_CLIMATE_CHANGE(1.0),Climate Change indicators,I,A,Annual,SST_ANOM,Sea Surface Temperature anomalies,PW,Palau,1908,,-0.3,,,,CELSIUS,Celsius (°C),SE,Standard error,0.1,,N,National,,
DATAFLOW,SPC:DF_CLIMATE_CHANGE(1.0),Climate Change indicators,I,A,Annual,SST_ANOM,Sea Surface Temperature anomalies,PW,Palau,1909,,-0.4,,,,CELSIUS,Celsius (°C),SE,Standard error,0.1,,N,National,,
DATAFLOW,SPC:DF_CLIMATE_CHANGE(1.0),Climate Change indicators,I,A,Annual,SST_ANOM,Sea Surface Temperature anomalies,PW,Palau,1910,,-0.3,,,,CELSIUS,Celsius (°C),SE,Standard error,0,,N,National,,
DATAFLOW,SPC:DF_CLIMATE_CHANGE(1.0),Climate Change indicators,I,A,Annual,SST_ANOM,Sea Surface Temperature anomalies,PW,Palau,1911,,-0.7,,,,CELSIUS,Celsius (°C),SE,Standard error,0.1,,N,National,,
DATAFLOW,SPC:DF_CLIMATE_CHANGE(1.0),Climate Change indicators,I,A,Annual,SST_ANOM,Sea Surface Temperature anomalies,PW,Palau,1912,,-0.8,,,,CELSIUS,Celsius (°C),SE,Standard error,0,,N,National,,
DATAFLOW,SPC:DF_CLIMATE_CHANGE(1.0),Climate Change indicators,I,A,Annual,SST_ANOM,Sea Surface Temperature anomalies,PW,Palau,1913,,-0.8,,,,CELSIUS,Celsius (°C),SE,Standard error,0.1,,N,National,,
DATAFLOW,SPC:DF_CLIMATE_CHANGE(1.0),Climate Change indicators,I,A,Annual,SST_ANOM,Sea Surface Temperature anomalies,PW,Palau,1914,,-0.6,,,,CELSIUS,Celsius (°C),SE,Standard error,0.1,,N,National,,
DATAFLOW,SPC:DF_CLIMATE_CHANGE(1.0),Climate Change indicators,I,A,Annual,SST_ANOM,Sea Surface Temperature anomalies,PW,Palau,1915,,-0.3,,,,CELSIUS,Celsius (°C),SE,Standard error,0.1,,N,National,,
DATAFLOW,SPC:DF_CLIMATE_CHANGE(1.0),Climate Change indicators,I,A,Annual,SST_ANOM,Sea Surface Temperature anomalies,PW,Palau,1916,,-0.3,,,,CELSIUS,Celsius (°C),SE,Standard error,0.1,,N,National,,
DATAFLOW,SPC:DF_CLIMATE_CHANGE(1.0),Climate Change indicators,I,A,Annual,SST_ANOM,Sea Surface Temperature anomalies,PW,Palau,1917,,-0.3,,,,CELSIUS,Celsius (°C),SE,Standard error,0.1,,N,National,,
DATAFLOW,SPC:DF_CLIMATE_CHANGE(1.0),Climate Change indicators,I,A,Annual,SST_ANOM,Sea Surface Temperature anomalies,PW,Palau,1918,,-1,,,,CELSIUS,Celsius (°C),SE,Standard error,0.1,,N,National,,
DATAFLOW,SPC:DF_CLIMATE_CHANGE(1.0),Climate Change indicators,I,A,Annual,SST_ANOM,Sea Surface Temperature anomalies,PW,Palau,1919,,-0.8,,,,CELSIUS,Celsius (°C),SE,Standard error,0.1,,N,National,,
DATAFLOW,SPC:DF_CLIMATE_CHANGE(1.0),Climate Change indicators,I,A,Annual,SST_ANOM,Sea Surface Temperature anomalies,PW,Palau,1920,,-0.7,,,,CELSIUS,Celsius (°C),SE,Standard error,0.1,,N,National,,
DATAFLOW,SPC:DF_CLIMATE_CHANGE(1.0),Climate Change indicators,I,A,Annual,SST_ANOM,Sea Surface Temperature anomalies,PW,Palau,1921,,-0.1,,,,CELSIUS,Celsius (°C),SE,Standard error,0,,N,National,,
DATAFLOW,SPC:DF_CLIMATE_CHANGE(1.0),Climate Change indicators,I,A,Annual,SST_ANOM,Sea Surface Temperature anomalies,PW,Palau,1922,,-0.2,,,,CELSIUS,Celsius (°C),SE,Standard error,0.1,,N,National,,
DATAFLOW,SPC:DF_CLIMATE_CHANGE(1.0),Climate Change indicators,I,A,Annual,SST_ANOM,Sea Surface Temperature anomalies,PW,Palau,1923,,-0.5,,,,CELSIUS,Celsius (°C),SE,Standard error,0.1,,N,National,,
DATAFLOW,SPC:DF_CLIMATE_CHANGE(1.0),Climate Change indicators,I,A,Annual,SST_ANOM,Sea Surface Temperature anomalies,PW,Palau,1924,,-0.4,,,,CELSIUS,Celsius (°C),SE,Standard error,0.1,,N,National,,
DATAFLOW,SPC:DF_CLIMATE_CHANGE(1.0),Climate Change indicators,I,A,Annual,SST_ANOM,Sea Surface Temperature anomalies,PW,Palau,1925,,-0.3,,,,CELSIUS,Celsius (°C),SE,Standard error,0,,N,National,,
DATAFLOW,SPC:DF_CLIMATE_CHANGE(1.0),Climate Change indicators,I,A,Annual,SST_ANOM,Sea Surface Temperature anomalies,PW,Palau,1926,,-0.5,,,,CELSIUS,Celsius (°C),SE,Standard error,0.1,,N,National,,
DATAFLOW,SPC:DF_CLIMATE_CHANGE(1.0),Climate Change indicators,I,A,Annual,SST_ANOM,Sea Surface Temperature anomalies,PW,Palau,1927,,-0.2,,,,CELSIUS,Celsius (°C),SE,Standard error,0.1,,N,National,,
DATAFLOW,SPC:DF_CLIMATE_CHANGE(1.0),Climate Change indicators,I,A,Annual,SST_ANOM,Sea Surface Temperature anomalies,PW,Palau,1928,,-0.4,,,,CELSIUS,Celsius (°C),SE,Standard error,0.1,,N,National,,
DATAFLOW,SPC:DF_CLIMATE_CHANGE(1.0),Climate Change indicators,I,A,Annual,SST_ANOM,Sea Surface Temperature anomalies,PW,Palau,1929,,-0.6,,,,CELSIUS,Celsius (°C),SE,Standard error,0.1,,N,National,,
DATAFLOW,SPC:DF_CLIMATE_CHANGE(1.0),Climate Change indicators,I,A,Annual,SST_ANOM,Sea Surface Temperature anomalies,PW,Palau,1930,,-0.6,,,,CELSIUS,Celsius (°C),SE,Standard error,0.1,,N,National,,
DATAFLOW,SPC:DF_CLIMATE_CHANGE(1.0),Climate Change indicators,I,A,Annual,SST_ANOM,Sea Surface Temperature anomalies,PW,Palau,1931,,-0.3,,,,CELSIUS,Celsius (°C),SE,Standard error,0,,N,National,,
DATAFLOW,SPC:DF_CLIMATE_CHANGE(1.0),Climate Change indicators,I,A,Annual,SST_ANOM,Sea Surface Temperature anomalies,PW,Palau,1932,,-0.5,,,,CELSIUS,Celsius (°C),SE,Standard error,0.1,,N,National,,
DATAFLOW,SPC:DF_CLIMATE_CHANGE(1.0),Climate Change indicators,I,A,Annual,SST_ANOM,Sea Surface Temperature anomalies,PW,Palau,1933,,-0.4,,,,CELSIUS,Celsius (°C),SE,Standard error,0,,N,National,,
DATAFLOW,SPC:DF_CLIMATE_CHANGE(1.0),Climate Change indicators,I,A,Annual,SST_ANOM,Sea Surface Temperature anomalies,PW,Palau,1934,,-0.4,,,,CELSIUS,Celsius (°C),SE,Standard error,0.1,,N,National,,
DATAFLOW,SPC:DF_CLIMATE_CHANGE(1.0),Climate Change indicators,I,A,Annual,SST_ANOM,Sea Surface Temperature anomalies,PW,Palau,1935,,-0.6,,,,CELSIUS,Celsius (°C),SE,Standard error,0,,N,National,,
DATAFLOW,SPC:DF_CLIMATE_CHANGE(1.0),Climate Change indicators,I,A,Annual,SST_ANOM,Sea Surface Temperature anomalies,PW,Palau,1936,,-0.5,,,,CELSIUS,Celsius (°C),SE,Standard error,0,,N,National,,
DATAFLOW,SPC:DF_CLIMATE_CHANGE(1.0),Climate Change indicators,I,A,Annual,SST_ANOM,Sea Surface Temperature anomalies,PW,Palau,1937,,-0.3,,,,CELSIUS,Celsius (°C),SE,Standard error,0,,N,National,,
DATAFLOW,SPC:DF_CLIMATE_CHANGE(1.0),Climate Change indicators,I,A,Annual,SST_ANOM,Sea Surface Temperature anomalies,PW,Palau,1938,,-0.3,,,,CELSIUS,Celsius (°C),SE,Standard error,0.1,,N,National,,
DATAFLOW,SPC:DF_CLIMATE_CHANGE(1.0),Climate Change indicators,I,A,Annual,SST_ANOM,Sea Surface Temperature anomalies,PW,Palau,1939,,-0.3,,,,CELSIUS,Celsius (°C),SE,Standard error,0,,N,National,,
DATAFLOW,SPC:DF_CLIMATE_CHANGE(1.0),Climate Change indicators,I,A,Annual,SST_ANOM,Sea Surface Temperature anomalies,PW,Palau,1940,,-0.5,,,,CELSIUS,Celsius (°C),SE,Standard error,0.1,,N,National,,
DATAFLOW,SPC:DF_CLIMATE_CHANGE(1.0),Climate Change indicators,I,A,Annual,SST_ANOM,Sea Surface Temperature anomalies,PW,Palau,1941,,-0.4,,,,CELSIUS,Celsius (°C),SE,Standard error,0.1,,N,National,,
DATAFLOW,SPC:DF_CLIMATE_CHANGE(1.0),Climate Change indicators,I,A,Annual,SST_ANOM,Sea Surface Temperature anomalies,PW,Palau,1942,,-0.2,,,,CELSIUS,Celsius (°C),SE,Standard error,0.1,,N,National,,
DATAFLOW,SPC:DF_CLIMATE_CHANGE(1.0),Climate Change indicators,I,A,Annual,SST_ANOM,Sea Surface Temperature anomalies,PW,Palau,1943,,0,,,,CELSIUS,Celsius (°C),SE,Standard error,0.1,,N,National,,
DATAFLOW,SPC:DF_CLIMATE_CHANGE(1.0),Climate Change indicators,I,A,Annual,SST_ANOM,Sea Surface Temperature anomalies,PW,Palau,1944,,0.1,,,,CELSIUS,Celsius (°C),SE,Standard error,0.1,,N,National,,
DATAFLOW,SPC:DF_CLIMATE_CHANGE(1.0),Climate Change indicators,I,A,Annual,SST_ANOM,Sea Surface Temperature anomalies,PW,Palau,1945,,0.3,,,,CELSIUS,Celsius (°C),SE,Standard error,0.1,,N,National,,
DATAFLOW,SPC:DF_CLIMATE_CHANGE(1.0),Climate Change indicators,I,A,Annual,SST_ANOM,Sea Surface Temperature anomalies,PW,Palau,1946,,0.1,,,,CELSIUS,Celsius (°C),SE,Standard error,0.2,,N,National,,
DATAFLOW,SPC:DF_CLIMATE_CHANGE(1.0),Climate Change indicators,I,A,Annual,SST_ANOM,Sea Surface Temperature anomalies,PW,Palau,1947,,-0.2,,,,CELSIUS,Celsius (°C),SE,Standard error,0.1,,N,National,,
DATAFLOW,SPC:DF_CLIMATE_CHANGE(1.0),Climate Change indicators,I,A,Annual,SST_ANOM,Sea Surface Temperature anomalies,PW,Palau,1948,,-0.4,,,,CELSIUS,Celsius (°C),SE,Standard error,0.1,,N,National,,
DATAFLOW,SPC:DF_CLIMATE_CHANGE(1.0),Climate Change indicators,I,A,Annual,SST_ANOM,Sea Surface Temperature anomalies,PW,Palau,1949,,-0.5,,,,CELSIUS,Celsius (°C),SE,Standard error,0.1,,N,National,,
DATAFLOW,SPC:DF_CLIMATE_CHANGE(1.0),Climate Change indicators,I,A,Annual,SST_ANOM,Sea Surface Temperature anomalies,PW,Palau,1950,,-0.2,,,,CELSIUS,Celsius (°C),SE,Standard error,0.1,,N,National,,
DATAFLOW,SPC:DF_CLIMATE_CHANGE(1.0),Climate Change indicators,I,A,Annual,SST_ANOM,Sea Surface Temperature anomalies,PW,Palau,1951,,-0.3,,,,CELSIUS,Celsius (°C),SE,Standard error,0.1,,N,National,,
DATAFLOW,SPC:DF_CLIMATE_CHANGE(1.0),Climate Change indicators,I,A,Annual,SST_ANOM,Sea Surface Temperature anomalies,PW,Palau,1952,,-0.4,,,,CELSIUS,Celsius (°C),SE,Standard error,0.1,,N,National,,
DATAFLOW,SPC:DF_CLIMATE_CHANGE(1.0),Climate Change indicators,I,A,Annual,SST_ANOM,Sea Surface Temperature anomalies,PW,Palau,1953,,-0.2,,,,CELSIUS,Celsius (°C),SE,Standard error,0.1,,N,National,,
DATAFLOW,SPC:DF_CLIMATE_CHANGE(1.0),Climate Change indicators,I,A,Annual,SST_ANOM,Sea Surface Temperature anomalies,PW,Palau,1954,,-0.1,,,,CELSIUS,Celsius (°C),SE,Standard error,0.1,,N,National,,
DATAFLOW,SPC:DF_CLIMATE_CHANGE(1.0),Climate Change indicators,I,A,Annual,SST_ANOM,Sea Surface Temperature anomalies,PW,Palau,1955,,-0.3,,,,CELSIUS,Celsius (°C),SE,Standard error,0.1,,N,National,,
DATAFLOW,SPC:DF_CLIMATE_CHANGE(1.0),Climate Change indicators,I,A,Annual,SST_ANOM,Sea Surface Temperature anomalies,PW,Palau,1956,,-0.3,,,,CELSIUS,Celsius (°C),SE,Standard error,0,,N,National,,
DATAFLOW,SPC:DF_CLIMATE_CHANGE(1.0),Climate Change indicators,I,A,Annual,SST_ANOM,Sea Surface Temperature anomalies,PW,Palau,1957,,-0.2,,,,CELSIUS,Celsius (°C),SE,Standard error,0,,N,National,,
DATAFLOW,SPC:DF_CLIMATE_CHANGE(1.0),Climate Change indicators,I,A,Annual,SST_ANOM,Sea Surface Temperature anomalies,PW,Palau,1958,,-0.5,,,,CELSIUS,Celsius (°C),SE,Standard error,0,,N,National,,
DATAFLOW,SPC:DF_CLIMATE_CHANGE(1.0),Climate Change indicators,I,A,Annual,SST_ANOM,Sea Surface Temperature anomalies,PW,Palau,1959,,-0.4,,,,CELSIUS,Celsius (°C),SE,Standard error,0,,N,National,,
DATAFLOW,SPC:DF_CLIMATE_CHANGE(1.0),Climate Change indicators,I,A,Annual,SST_ANOM,Sea Surface Temperature anomalies,PW,Palau,1960,,-0.1,,,,CELSIUS,Celsius (°C),SE,Standard error,0,,N,National,,
DATAFLOW,SPC:DF_CLIMATE_CHANGE(1.0),Climate Change indicators,I,A,Annual,SST_ANOM,Sea Surface Temperature anomalies,PW,Palau,1961,,-0.3,,,,CELSIUS,Celsius (°C),SE,Standard error,0.1,,N,National,,
DATAFLOW,SPC:DF_CLIMATE_CHANGE(1.0),Climate Change indicators,I,A,Annual,SST_ANOM,Sea Surface Temperature anomalies,PW,Palau,1962,,-0.3,,,,CELSIUS,Celsius (°C),SE,Standard error,0,,N,National,,
DATAFLOW,SPC:DF_CLIMATE_CHANGE(1.0),Climate Change indicators,I,A,Annual,SST_ANOM,Sea Surface Temperature anomalies,PW,Palau,1963,,-0.3,,,,CELSIUS,Celsius (°C),SE,Standard error,0,,N,National,,
DATAFLOW,SPC:DF_CLIMATE_CHANGE(1.0),Climate Change indicators,I,A,Annual,SST_ANOM,Sea Surface Temperature anomalies,PW,Palau,1964,,-0.1,,,,CELSIUS,Celsius (°C),SE,Standard error,0,,N,National,,
DATAFLOW,SPC:DF_CLIMATE_CHANGE(1.0),Climate Change indicators,I,A,Annual,SST_ANOM,Sea Surface Temperature anomalies,PW,Palau,1965,,-0.5,,,,CELSIUS,Celsius (°C),SE,Standard error,0.1,,N,National,,
DATAFLOW,SPC:DF_CLIMATE_CHANGE(1.0),Climate Change indicators,I,A,Annual,SST_ANOM,Sea Surface Temperature anomalies,PW,Palau,1966,,-0.4,,,,CELSIUS,Celsius (°C),SE,Standard error,0.1,,N,National,,
DATAFLOW,SPC:DF_CLIMATE_CHANGE(1.0),Climate Change indicators,I,A,Annual,SST_ANOM,Sea Surface Temperature anomalies,PW,Palau,1967,,-0.5,,,,CELSIUS,Celsius (°C),SE,Standard error,0.1,,N,National,,
DATAFLOW,SPC:DF_CLIMATE_CHANGE(1.0),Climate Change indicators,I,A,Annual,SST_ANOM,Sea Surface Temperature anomalies,PW,Palau,1968,,-0.3,,,,CELSIUS,Celsius (°C),SE,Standard error,0.1,,N,National,,
DATAFLOW,SPC:DF_CLIMATE_CHANGE(1.0),Climate Change indicators,I,A,Annual,SST_ANOM,Sea Surface Temperature anomalies,PW,Palau,1969,,-0.2,,,,CELSIUS,Celsius (°C),SE,Standard error,0.1,,N,National,,
DATAFLOW,SPC:DF_CLIMATE_CHANGE(1.0),Climate Change indicators,I,A,Annual,SST_ANOM,Sea Surface Temperature anomalies,PW,Palau,1970,,0,,,,CELSIUS,Celsius (°C),SE,Standard error,0.1,,N,National,,
DATAFLOW,SPC:DF_CLIMATE_CHANGE(1.0),Climate Change indicators,I,A,Annual,SST_ANOM,Sea Surface Temperature anomalies,PW,Palau,1971,,-0.2,,,,CELSIUS,Celsius (°C),SE,Standard error,0.1,,N,National,,
DATAFLOW,SPC:DF_CLIMATE_CHANGE(1.0),Climate Change indicators,I,A,Annual,SST_ANOM,Sea Surface Temperature anomalies,PW,Palau,1972,,-0.4,,,,CELSIUS,Celsius (°C),SE,Standard error,0.1,,N,National,,
DATAFLOW,SPC:DF_CLIMATE_CHANGE(1.0),Climate Change indicators,I,A,Annual,SST_ANOM,Sea Surface Temperature anomalies,PW,Palau,1973,,-0.1,,,,CELSIUS,Celsius (°C),SE,Standard error,0.1,,N,National,,
DATAFLOW,SPC:DF_CLIMATE_CHANGE(1.0),Climate Change indicators,I,A,Annual,SST_ANOM,Sea Surface Temperature anomalies,PW,Palau,1974,,-0.2,,,,CELSIUS,Celsius (°C),SE,Standard error,0.1,,N,National,,
DATAFLOW,SPC:DF_CLIMATE_CHANGE(1.0),Climate Change indicators,I,A,Annual,SST_ANOM,Sea Surface Temperature anomalies,PW,Palau,1975,,-0.2,,,,CELSIUS,Celsius (°C),SE,Standard error,0.1,,N,National,,
DATAFLOW,SPC:DF_CLIMATE_CHANGE(1.0),Climate Change indicators,I,A,Annual,SST_ANOM,Sea Surface Temperature anomalies,PW,Palau,1976,,-0.4,,,,CELSIUS,Celsius (°C),SE,Standard error,0.1,,N,National,,
DATAFLOW,SPC:DF_CLIMATE_CHANGE(1.0),Climate Change indicators,I,A,Annual,SST_ANOM,Sea Surface Temperature anomalies,PW,Palau,1977,,-0.3,,,,CELSIUS,Celsius (°C),SE,Standard error,0,,N,National,,
DATAFLOW,SPC:DF_CLIMATE_CHANGE(1.0),Climate Change indicators,I,A,Annual,SST_ANOM,Sea Surface Temperature anomalies,PW,Palau,1978,,-0.1,,,,CELSIUS,Celsius (°C),SE,Standard error,0.1,,N,National,,
DATAFLOW,SPC:DF_CLIMATE_CHANGE(1.0),Climate Change indicators,I,A,Annual,SST_ANOM,Sea Surface Temperature anomalies,PW,Palau,1979,,-0.2,,,,CELSIUS,Celsius (°C),SE,Standard error,0,,N,National,,
DATAFLOW,SPC:DF_CLIMATE_CHANGE(1.0),Climate Change indicators,I,A,Annual,SST_ANOM,Sea Surface Temperature anomalies,PW,Palau,1980,,-0.3,,,,CELSIUS,Celsius (°C),SE,Standard error,0,,N,National,,
DATAFLOW,SPC:DF_CLIMATE_CHANGE(1.0),Climate Change indicators,I,A,Annual,SST_ANOM,Sea Surface Temperature anomalies,PW,Palau,1981,,0.1,,,,CELSIUS,Celsius (°C),SE,Standard error,0.1,,N,National,,
DATAFLOW,SPC:DF_CLIMATE_CHANGE(1.0),Climate Change indicators,I,A,Annual,SST_ANOM,Sea Surface Temperature anomalies,PW,Palau,1982,,-0.2,,,,CELSIUS,Celsius (°C),SE,Standard error,0.1,,N,National,,
DATAFLOW,SPC:DF_CLIMATE_CHANGE(1.0),Climate Change indicators,I,A,Annual,SST_ANOM,Sea Surface Temperature anomalies,PW,Palau,1983,,-0.2,,,,CELSIUS,Celsius (°C),SE,Standard error,0.1,,N,National,,
DATAFLOW,SPC:DF_CLIMATE_CHANGE(1.0),Climate Change indicators,I,A,Annual,SST_ANOM,Sea Surface Temperature anomalies,PW,Palau,1984,,0,,,,CELSIUS,Celsius (°C),SE,Standard error,0,,N,National,,
DATAFLOW,SPC:DF_CLIMATE_CHANGE(1.0),Climate Change indicators,I,A,Annual,SST_ANOM,Sea Surface Temperature anomalies,PW,Palau,1985,,0,,,,CELSIUS,Celsius (°C),SE,Standard error,0.1,,N,National,,
DATAFLOW,SPC:DF_CLIMATE_CHANGE(1.0),Climate Change indicators,I,A,Annual,SST_ANOM,Sea Surface Temperature anomalies,PW,Palau,1986,,-0.1,,,,CELSIUS,Celsius (°C),SE,Standard error,0.1,,N,National,,
DATAFLOW,SPC:DF_CLIMATE_CHANGE(1.0),Climate Change indicators,I,A,Annual,SST_ANOM,Sea Surface Temperature anomalies,PW,Palau,1987,,-0.1,,,,CELSIUS,Celsius (°C),SE,Standard error,0.1,,N,National,,
DATAFLOW,SPC:DF_CLIMATE_CHANGE(1.0),Climate Change indicators,I,A,Annual,SST_ANOM,Sea Surface Temperature anomalies,PW,Palau,1988,,0.3,,,,CELSIUS,Celsius (°C),SE,Standard error,0.1,,N,National,,
DATAFLOW,SPC:DF_CLIMATE_CHANGE(1.0),Climate Change indicators,I,A,Annual,SST_ANOM,Sea Surface Temperature anomalies,PW,Palau,1989,,0.2,,,,CELSIUS,Celsius (°C),SE,Standard error,0.1,,N,National,,
DATAFLOW,SPC:DF_CLIMATE_CHANGE(1.0),Climate Change indicators,I,A,Annual,SST_ANOM,Sea Surface Temperature anomalies,PW,Palau,1990,,-0.2,,,,CELSIUS,Celsius (°C),SE,Standard error,0.1,,N,National,,
DATAFLOW,SPC:DF_CLIMATE_CHANGE(1.0),Climate Change indicators,I,A,Annual,SST_ANOM,Sea Surface Temperature anomalies,PW,Palau,1991,,-0.4,,,,CELSIUS,Celsius (°C),SE,Standard error,0,,N,National,,
DATAFLOW,SPC:DF_CLIMATE_CHANGE(1.0),Climate Change indicators,I,A,Annual,SST_ANOM,Sea Surface Temperature anomalies,PW,Palau,1992,,-0.3,,,,CELSIUS,Celsius (°C),SE,Standard error,0.1,,N,National,,
DATAFLOW,SPC:DF_CLIMATE_CHANGE(1.0),Climate Change indicators,I,A,Annual,SST_ANOM,Sea Surface Temperature anomalies,PW,Palau,1993,,-0.4,,,,CELSIUS,Celsius (°C),SE,Standard error,0.1,,N,National,,
DATAFLOW,SPC:DF_CLIMATE_CHANGE(1.0),Climate Change indicators,I,A,Annual,SST_ANOM,Sea Surface Temperature anomalies,PW,Palau,1994,,-0.1,,,,CELSIUS,Celsius (°C),SE,Standard error,0.1,,N,National,,
DATAFLOW,SPC:DF_CLIMATE_CHANGE(1.0),Climate Change indicators,I,A,Annual,SST_ANOM,Sea Surface Temperature anomalies,PW,Palau,1995,,0.2,,,,CELSIUS,Celsius (°C),SE,Standard error,0.1,,N,National,,
DATAFLOW,SPC:DF_CLIMATE_CHANGE(1.0),Climate Change indicators,I,A,Annual,SST_ANOM,Sea Surface Temperature anomalies,PW,Palau,1996,,0.3,,,,CELSIUS,Celsius (°C),SE,Standard error,0,,N,National,,
DATAFLOW,SPC:DF_CLIMATE_CHANGE(1.0),Climate Change indicators,I,A,Annual,SST_ANOM,Sea Surface Temperature anomalies,PW,Palau,1997,,0,,,,CELSIUS,Celsius (°C),SE,Standard error,0.1,,N,National,,
DATAFLOW,SPC:DF_CLIMATE_CHANGE(1.0),Climate Change indicators,I,A,Annual,SST_ANOM,Sea Surface Temperature anomalies,PW,Palau,1998,,0.4,,,,CELSIUS,Celsius (°C),SE,Standard error,0.1,,N,National,,
DATAFLOW,SPC:DF_CLIMATE_CHANGE(1.0),Climate Change indicators,I,A,Annual,SST_ANOM,Sea Surface Temperature anomalies,PW,Palau,1999,,0.3,,,,CELSIUS,Celsius (°C),SE,Standard error,0.1,,N,National,,
DATAFLOW,SPC:DF_CLIMATE_CHANGE(1.0),Climate Change indicators,I,A,Annual,SST_ANOM,Sea Surface Temperature anomalies,PW,Palau,2000,,0.3,,,,CELSIUS,Celsius (°C),SE,Standard error,0.1,,N,National,,
DATAFLOW,SPC:DF_CLIMATE_CHANGE(1.0),Climate Change indicators,I,A,Annual,SST_ANOM,Sea Surface Temperature anomalies,PW,Palau,2001,,0.3,,,,CELSIUS,Celsius (°C),SE,Standard error,0.1,,N,National,,
DATAFLOW,SPC:DF_CLIMATE_CHANGE(1.0),Climate Change indicators,I,A,Annual,SST_ANOM,Sea Surface Temperature anomalies,PW,Palau,2002,,0.1,,,,CELSIUS,Celsius (°C),SE,Standard error,0.1,,N,National,,
DATAFLOW,SPC:DF_CLIMATE_CHANGE(1.0),Climate Change indicators,I,A,Annual,SST_ANOM,Sea Surface Temperature anomalies,PW,Palau,2003,,0.1,,,,CELSIUS,Celsius (°C),SE,Standard error,0,,N,National,,
DATAFLOW,SPC:DF_CLIMATE_CHANGE(1.0),Climate Change indicators,I,A,Annual,SST_ANOM,Sea Surface Temperature anomalies,PW,Palau,2004,,0,,,,CELSIUS,Celsius (°C),SE,Standard error,0.1,,N,National,,
DATAFLOW,SPC:DF_CLIMATE_CHANGE(1.0),Climate Change indicators,I,A,Annual,SST_ANOM,Sea Surface Temperature anomalies,PW,Palau,2005,,0.2,,,,CELSIUS,Celsius (°C),SE,Standard error,0.1,,N,National,,
DATAFLOW,SPC:DF_CLIMATE_CHANGE(1.0),Climate Change indicators,I,A,Annual,SST_ANOM,Sea Surface Temperature anomalies,PW,Palau,2006,,0.1,,,,CELSIUS,Celsius (°C),SE,Standard error,0.1,,N,National,,
DATAFLOW,SPC:DF_CLIMATE_CHANGE(1.0),Climate Change indicators,I,A,Annual,SST_ANOM,Sea Surface Temperature anomalies,PW,Palau,2007,,0.2,,,,CELSIUS,Celsius (°C),SE,Standard error,0,,N,National,,
DATAFLOW,SPC:DF_CLIMATE_CHANGE(1.0),Climate Change indicators,I,A,Annual,SST_ANOM,Sea Surface Temperature anomalies,PW,Palau,2008,,0.2,,,,CELSIUS,Celsius (°C),SE,Standard error,0.1,,N,National,,
DATAFLOW,SPC:DF_CLIMATE_CHANGE(1.0),Climate Change indicators,I,A,Annual,SST_ANOM,Sea Surface Temperature anomalies,PW,Palau,2009,,0.3,,,,CELSIUS,Celsius (°C),SE,Standard error,0.1,,N,National,,
DATAFLOW,SPC:DF_CLIMATE_CHANGE(1.0),Climate Change indicators,I,A,Annual,SST_ANOM,Sea Surface Temperature anomalies,PW,Palau,2010,,0.6,,,,CELSIUS,Celsius (°C),SE,Standard error,0.1,,N,National,,
DATAFLOW,SPC:DF_CLIMATE_CHANGE(1.0),Climate Change indicators,I,A,Annual,SST_ANOM,Sea Surface Temperature anomalies,PW,Palau,2011,,0.4,,,,CELSIUS,Celsius (°C),SE,Standard error,0.1,,N,National,,
DATAFLOW,SPC:DF_CLIMATE_CHANGE(1.0),Climate Change indicators,I,A,Annual,SST_ANOM,Sea Surface Temperature anomalies,PW,Palau,2012,,0.4,,,,CELSIUS,Celsius (°C),SE,Standard error,0.1,,N,National,,
DATAFLOW,SPC:DF_CLIMATE_CHANGE(1.0),Climate Change indicators,I,A,Annual,SST_ANOM,Sea Surface Temperature anomalies,PW,Palau,2013,,0.6,,,,CELSIUS,Celsius (°C),SE,Standard error,0.1,,N,National,,
DATAFLOW,SPC:DF_CLIMATE_CHANGE(1.0),Climate Change indicators,I,A,Annual,SST_ANOM,Sea Surface Temperature anomalies,PW,Palau,2014,,0.5,,,,CELSIUS,Celsius (°C),SE,Standard error,0.1,,N,National,,
DATAFLOW,SPC:DF_CLIMATE_CHANGE(1.0),Climate Change indicators,I,A,Annual,SST_ANOM,Sea Surface Temperature anomalies,PW,Palau,2015,,0.2,,,,CELSIUS,Celsius (°C),SE,Standard error,0.1,,N,National,,
DATAFLOW,SPC:DF_CLIMATE_CHANGE(1.0),Climate Change indicators,I,A,Annual,SST_ANOM,Sea Surface Temperature anomalies,PW,Palau,2016,,0.6,,,,CELSIUS,Celsius (°C),SE,Standard error,0.1,,N,National,,
DATAFLOW,SPC:DF_CLIMATE_CHANGE(1.0),Climate Change indicators,I,A,Annual,SST_ANOM,Sea Surface Temperature anomalies,PW,Palau,2017,,0.7,,,,CELSIUS,Celsius (°C),SE,Standard error,0,,N,National,,
DATAFLOW,SPC:DF_CLIMATE_CHANGE(1.0),Climate Change indicators,I,A,Annual,SST_ANOM,Sea Surface Temperature anomalies,PW,Palau,2018,,0.5,,,,CELSIUS,Celsius (°C),SE,Standard error,0.1,,N,National,,
DATAFLOW,SPC:DF_CLIMATE_CHANGE(1.0),Climate Change indicators,I,A,Annual,SST_ANOM,Sea Surface Temperature anomalies,PW,Palau,2019,,0.3,,,,CELSIUS,Celsius (°C),SE,Standard error,0.1,,N,National,,
DATAFLOW,SPC:DF_CLIMATE_CHANGE(1.0),Climate Change indicators,I,A,Annual,SST_ANOM,Sea Surface Temperature anomalies,PW,Palau,2020,,0.7,,,,CELSIUS,Celsius (°C),SE,Standard error,0.1,,N,National,,
DATAFLOW,SPC:DF_CLIMATE_CHANGE(1.0),Climate Change indicators,I,A,Annual,SST_ANOM,Sea Surface Temperature anomalies,PW,Palau,2021,,0.8,,,,CELSIUS,Celsius (°C),SE,Standard error,0.1,,N,National,,
DATAFLOW,SPC:DF_CLIMATE_CHANGE(1.0),Climate Change indicators,I,A,Annual,SST_ANOM,Sea Surface Temperature anomalies,PW,Palau,2022,,0.8,,,,CELSIUS,Celsius (°C),SE,Standard error,0.1,,N,National,,
DATAFLOW,SPC:DF_CLIMATE_CHANGE(1.0),Climate Change indicators,I,A,Annual,SST_ANOM,Sea Surface Temperature anomalies,PW,Palau,2023,,0.7,,,,CELSIUS,Celsius (°C),SE,Standard error,0.1,,N,National,,
DATAFLOW,SPC:DF_CLIMATE_CHANGE(1.0),Climate Change indicators,I,A,Annual,SST_ANOM,Sea Surface Temperature anomalies,PW,Palau,2024,,0.8,,,,CELSIUS,Celsius (°C),SE,Standard error,0.1,,N,National,,
DATAFLOW,SPC:DF_CLIMATE_CHANGE(1.0),Climate Change indicators,I,A,Annual,SST_ANOM,Sea Surface Temperature anomalies,PW,Palau,2025,,0.9,,,,CELSIUS,Celsius (°C),SE,Standard error,0.1,,N,National,,
DATAFLOW,SPC:DF_CLIMATE_CHANGE(1.0),Climate Change indicators,I,A,Annual,SST_ANOM,Sea Surface Temperature anomalies,NU,Niue,1850,,-0.2,,,,CELSIUS,Celsius (°C),SE,Standard error,0.1,,N,National,,
DATAFLOW,SPC:DF_CLIMATE_CHANGE(1.0),Climate Change indicators,I,A,Annual,SST_ANOM,Sea Surface Temperature anomalies,NU,Niue,1851,,-0.4,,,,CELSIUS,Celsius (°C),SE,Standard error,0.1,,N,National,,
DATAFLOW,SPC:DF_CLIMATE_CHANGE(1.0),Climate Change indicators,I,A,Annual,SST_ANOM,Sea Surface Temperature anomalies,NU,Niue,1852,,0,,,,CELSIUS,Celsius (°C),SE,Standard error,0,,N,National,,
DATAFLOW,SPC:DF_CLIMATE_CHANGE(1.0),Climate Change indicators,I,A,Annual,SST_ANOM,Sea Surface Temperature anomalies,NU,Niue,1853,,0.6,,,,CELSIUS,Celsius (°C),SE,Standard error,0.1,,N,National,,
DATAFLOW,SPC:DF_CLIMATE_CHANGE(1.0),Climate Change indicators,I,A,Annual,SST_ANOM,Sea Surface Temperature anomalies,NU,Niue,1854,,0.3,,,,CELSIUS,Celsius (°C),SE,Standard error,0.1,,N,National,,
DATAFLOW,SPC:DF_CLIMATE_CHANGE(1.0),Climate Change indicators,I,A,Annual,SST_ANOM,Sea Surface Temperature anomalies,NU,Niue,1855,,-0.2,,,,CELSIUS,Celsius (°C),SE,Standard error,0.1,,N,National,,
DATAFLOW,SPC:DF_CLIMATE_CHANGE(1.0),Climate Change indicators,I,A,Annual,SST_ANOM,Sea Surface Temperature anomalies,NU,Niue,1856,,-0.1,,,,CELSIUS,Celsius (°C),SE,Standard error,0.1,,N,National,,
DATAFLOW,SPC:DF_CLIMATE_CHANGE(1.0),Climate Change indicators,I,A,Annual,SST_ANOM,Sea Surface Temperature anomalies,NU,Niue,1857,,-0.2,,,,CELSIUS,Celsius (°C),SE,Standard error,0.1,,N,National,,
DATAFLOW,SPC:DF_CLIMATE_CHANGE(1.0),Climate Change indicators,I,A,Annual,SST_ANOM,Sea Surface Temperature anomalies,NU,Niue,1858,,-0.2,,,,CELSIUS,Celsius (°C),SE,Standard error,0,,N,National,,
DATAFLOW,SPC:DF_CLIMATE_CHANGE(1.0),Climate Change indicators,I,A,Annual,SST_ANOM,Sea Surface Temperature anomalies,NU,Niue,1859,,0.3,,,,CELSIUS,Celsius (°C),SE,Standard error,0.1,,N,National,,
DATAFLOW,SPC:DF_CLIMATE_CHANGE(1.0),Climate Change indicators,I,A,Annual,SST_ANOM,Sea Surface Temperature anomalies,NU,Niue,1860,,0.1,,,,CELSIUS,Celsius (°C),SE,Standard error,0,,N,National,,
DATAFLOW,SPC:DF_CLIMATE_CHANGE(1.0),Climate Change indicators,I,A,Annual,SST_ANOM,Sea Surface Temperature anomalies,NU,Niue,1861,,-0.1,,,,CELSIUS,Celsius (°C),SE,Standard error,0.1,,N,National,,
DATAFLOW,SPC:DF_CLIMATE_CHANGE(1.0),Climate Change indicators,I,A,Annual,SST_ANOM,Sea Surface Temperature anomalies,NU,Niue,1862,,-0.1,,,,CELSIUS,Celsius (°C),SE,Standard error,0,,N,National,,
DATAFLOW,SPC:DF_CLIMATE_CHANGE(1.0),Climate Change indicators,I,A,Annual,SST_ANOM,Sea Surface Temperature anomalies,NU,Niue,1863,,-0.1,,,,CELSIUS,Celsius (°C),SE,Standard error,0,,N,National,,
DATAFLOW,SPC:DF_CLIMATE_CHANGE(1.0),Climate Change indicators,I,A,Annual,SST_ANOM,Sea Surface Temperature anomalies,NU,Niue,1864,,0.1,,,,CELSIUS,Celsius (°C),SE,Standard error,0,,N,National,,
DATAFLOW,SPC:DF_CLIMATE_CHANGE(1.0),Climate Change indicators,I,A,Annual,SST_ANOM,Sea Surface Temperature anomalies,NU,Niue,1865,,0,,,,CELSIUS,Celsius (°C),SE,Standard error,0,,N,National,,
DATAFLOW,SPC:DF_CLIMATE_CHANGE(1.0),Climate Change indicators,I,A,Annual,SST_ANOM,Sea Surface Temperature anomalies,NU,Niue,1866,,0,,,,CELSIUS,Celsius (°C),SE,Standard error,0,,N,National,,
DATAFLOW,SPC:DF_CLIMATE_CHANGE(1.0),Climate Change indicators,I,A,Annual,SST_ANOM,Sea Surface Temperature anomalies,NU,Niue,1867,,0.1,,,,CELSIUS,Celsius (°C),SE,Standard error,0,,N,National,,
DATAFLOW,SPC:DF_CLIMATE_CHANGE(1.0),Climate Change indicators,I,A,Annual,SST_ANOM,Sea Surface Temperature anomalies,NU,Niue,1868,,0.2,,,,CELSIUS,Celsius (°C),SE,Standard error,0.1,,N,National,,
DATAFLOW,SPC:DF_CLIMATE_CHANGE(1.0),Climate Change indicators,I,A,Annual,SST_ANOM,Sea Surface Temperature anomalies,NU,Niue,1869,,0.1,,,,CELSIUS,Celsius (°C),SE,Standard error,0.2,,N,National,,
DATAFLOW,SPC:DF_CLIMATE_CHANGE(1.0),Climate Change indicators,I,A,Annual,SST_ANOM,Sea Surface Temperature anomalies,NU,Niue,1870,,0.2,,,,CELSIUS,Celsius (°C),SE,Standard error,0.1,,N,National,,
DATAFLOW,SPC:DF_CLIMATE_CHANGE(1.0),Climate Change indicators,I,A,Annual,SST_ANOM,Sea Surface Temperature anomalies,NU,Niue,1871,,0.5,,,,CELSIUS,Celsius (°C),SE,Standard error,0.1,,N,National,,
DATAFLOW,SPC:DF_CLIMATE_CHANGE(1.0),Climate Change indicators,I,A,Annual,SST_ANOM,Sea Surface Temperature anomalies,NU,Niue,1872,,0.4,,,,CELSIUS,Celsius (°C),SE,Standard error,0.1,,N,National,,
DATAFLOW,SPC:DF_CLIMATE_CHANGE(1.0),Climate Change indicators,I,A,Annual,SST_ANOM,Sea Surface Temperature anomalies,NU,Niue,1873,,0,,,,CELSIUS,Celsius (°C),SE,Standard error,0.1,,N,National,,
DATAFLOW,SPC:DF_CLIMATE_CHANGE(1.0),Climate Change indicators,I,A,Annual,SST_ANOM,Sea Surface Temperature anomalies,NU,Niue,1874,,0.4,,,,CELSIUS,Celsius (°C),SE,Standard error,0.3,,N,National,,
DATAFLOW,SPC:DF_CLIMATE_CHANGE(1.0),Climate Change indicators,I,A,Annual,SST_ANOM,Sea Surface Temperature anomalies,NU,Niue,1875,,0.4,,,,CELSIUS,Celsius (°C),SE,Standard error,0.1,,N,National,,
DATAFLOW,SPC:DF_CLIMATE_CHANGE(1.0),Climate Change indicators,I,A,Annual,SST_ANOM,Sea Surface Temperature anomalies,NU,Niue,1876,,0.3,,,,CELSIUS,Celsius (°C),SE,Standard error,0.1,,N,National,,
DATAFLOW,SPC:DF_CLIMATE_CHANGE(1.0),Climate Change indicators,I,A,Annual,SST_ANOM,Sea Surface Temperature anomalies,NU,Niue,1877,,-0.3,,,,CELSIUS,Celsius (°C),SE,Standard error,0.1,,N,National,,
DATAFLOW,SPC:DF_CLIMATE_CHANGE(1.0),Climate Change indicators,I,A,Annual,SST_ANOM,Sea Surface Temperature anomalies,NU,Niue,1878,,-0.2,,,,CELSIUS,Celsius (°C),SE,Standard error,0.1,,N,National,,
DATAFLOW,SPC:DF_CLIMATE_CHANGE(1.0),Climate Change indicators,I,A,Annual,SST_ANOM,Sea Surface Temperature anomalies,NU,Niue,1879,,0.3,,,,CELSIUS,Celsius (°C),SE,Standard error,0.2,,N,National,,
DATAFLOW,SPC:DF_CLIMATE_CHANGE(1.0),Climate Change indicators,I,A,Annual,SST_ANOM,Sea Surface Temperature anomalies,NU,Niue,1880,,0.1,,,,CELSIUS,Celsius (°C),SE,Standard error,0.1,,N,National,,
DATAFLOW,SPC:DF_CLIMATE_CHANGE(1.0),Climate Change indicators,I,A,Annual,SST_ANOM,Sea Surface Temperature anomalies,NU,Niue,1881,,0,,,,CELSIUS,Celsius (°C),SE,Standard error,0.1,,N,National,,
DATAFLOW,SPC:DF_CLIMATE_CHANGE(1.0),Climate Change indicators,I,A,Annual,SST_ANOM,Sea Surface Temperature anomalies,NU,Niue,1882,,0.2,,,,CELSIUS,Celsius (°C),SE,Standard error,0.1,,N,National,,
DATAFLOW,SPC:DF_CLIMATE_CHANGE(1.0),Climate Change indicators,I,A,Annual,SST_ANOM,Sea Surface Temperature anomalies,NU,Niue,1883,,-0.4,,,,CELSIUS,Celsius (°C),SE,Standard error,0.1,,N,National,,
DATAFLOW,SPC:DF_CLIMATE_CHANGE(1.0),Climate Change indicators,I,A,Annual,SST_ANOM,Sea Surface Temperature anomalies,NU,Niue,1884,,-0.7,,,,CELSIUS,Celsius (°C),SE,Standard error,0.2,,N,National,,
DATAFLOW,SPC:DF_CLIMATE_CHANGE(1.0),Climate Change indicators,I,A,Annual,SST_ANOM,Sea Surface Temperature anomalies,NU,Niue,1885,,-0.9,,,,CELSIUS,Celsius (°C),SE,Standard error,0.1,,N,National,,
DATAFLOW,SPC:DF_CLIMATE_CHANGE(1.0),Climate Change indicators,I,A,Annual,SST_ANOM,Sea Surface Temperature anomalies,NU,Niue,1886,,-0.5,,,,CELSIUS,Celsius (°C),SE,Standard error,0.1,,N,National,,
DATAFLOW,SPC:DF_CLIMATE_CHANGE(1.0),Climate Change indicators,I,A,Annual,SST_ANOM,Sea Surface Temperature anomalies,NU,Niue,1887,,-0.3,,,,CELSIUS,Celsius (°C),SE,Standard error,0.2,,N,National,,
DATAFLOW,SPC:DF_CLIMATE_CHANGE(1.0),Climate Change indicators,I,A,Annual,SST_ANOM,Sea Surface Temperature anomalies,NU,Niue,1888,,-0.6,,,,CELSIUS,Celsius (°C),SE,Standard error,0.1,,N,National,,
DATAFLOW,SPC:DF_CLIMATE_CHANGE(1.0),Climate Change indicators,I,A,Annual,SST_ANOM,Sea Surface Temperature anomalies,NU,Niue,1889,,-0.2,,,,CELSIUS,Celsius (°C),SE,Standard error,0.2,,N,National,,
DATAFLOW,SPC:DF_CLIMATE_CHANGE(1.0),Climate Change indicators,I,A,Annual,SST_ANOM,Sea Surface Temperature anomalies,NU,Niue,1890,,-0.1,,,,CELSIUS,Celsius (°C),SE,Standard error,0.2,,N,National,,
DATAFLOW,SPC:DF_CLIMATE_CHANGE(1.0),Climate Change indicators,I,A,Annual,SST_ANOM,Sea Surface Temperature anomalies,NU,Niue,1891,,-0.3,,,,CELSIUS,Celsius (°C),SE,Standard error,0.1,,N,National,,
DATAFLOW,SPC:DF_CLIMATE_CHANGE(1.0),Climate Change indicators,I,A,Annual,SST_ANOM,Sea Surface Temperature anomalies,NU,Niue,1892,,-0.2,,,,CELSIUS,Celsius (°C),SE,Standard error,0,,N,National,,
DATAFLOW,SPC:DF_CLIMATE_CHANGE(1.0),Climate Change indicators,I,A,Annual,SST_ANOM,Sea Surface Temperature anomalies,NU,Niue,1893,,-0.2,,,,CELSIUS,Celsius (°C),SE,Standard error,0.1,,N,National,,
DATAFLOW,SPC:DF_CLIMATE_CHANGE(1.0),Climate Change indicators,I,A,Annual,SST_ANOM,Sea Surface Temperature anomalies,NU,Niue,1894,,-0.2,,,,CELSIUS,Celsius (°C),SE,Standard error,0,,N,National,,
DATAFLOW,SPC:DF_CLIMATE_CHANGE(1.0),Climate Change indicators,I,A,Annual,SST_ANOM,Sea Surface Temperature anomalies,NU,Niue,1895,,-0.1,,,,CELSIUS,Celsius (°C),SE,Standard error,0.1,,N,National,,
DATAFLOW,SPC:DF_CLIMATE_CHANGE(1.0),Climate Change indicators,I,A,Annual,SST_ANOM,Sea Surface Temperature anomalies,NU,Niue,1896,,-0.6,,,,CELSIUS,Celsius (°C),SE,Standard error,0.1,,N,National,,
DATAFLOW,SPC:DF_CLIMATE_CHANGE(1.0),Climate Change indicators,I,A,Annual,SST_ANOM,Sea Surface Temperature anomalies,NU,Niue,1897,,-0.5,,,,CELSIUS,Celsius (°C),SE,Standard error,0.1,,N,National,,
DATAFLOW,SPC:DF_CLIMATE_CHANGE(1.0),Climate Change indicators,I,A,Annual,SST_ANOM,Sea Surface Temperature anomalies,NU,Niue,1898,,0.1,,,,CELSIUS,Celsius (°C),SE,Standard error,0.1,,N,National,,
DATAFLOW,SPC:DF_CLIMATE_CHANGE(1.0),Climate Change indicators,I,A,Annual,SST_ANOM,Sea Surface Temperature anomalies,NU,Niue,1899,,0,,,,CELSIUS,Celsius (°C),SE,Standard error,0.1,,N,National,,
DATAFLOW,SPC:DF_CLIMATE_CHANGE(1.0),Climate Change indicators,I,A,Annual,SST_ANOM,Sea Surface Temperature anomalies,NU,Niue,1900,,-0.5,,,,CELSIUS,Celsius (°C),SE,Standard error,0.2,,N,National,,
DATAFLOW,SPC:DF_CLIMATE_CHANGE(1.0),Climate Change indicators,I,A,Annual,SST_ANOM,Sea Surface Temperature anomalies,NU,Niue,1901,,0.3,,,,CELSIUS,Celsius (°C),SE,Standard error,0.1,,N,National,,
DATAFLOW,SPC:DF_CLIMATE_CHANGE(1.0),Climate Change indicators,I,A,Annual,SST_ANOM,Sea Surface Temperature anomalies,NU,Niue,1902,,-0.8,,,,CELSIUS,Celsius (°C),SE,Standard error,0.1,,N,National,,
DATAFLOW,SPC:DF_CLIMATE_CHANGE(1.0),Climate Change indicators,I,A,Annual,SST_ANOM,Sea Surface Temperature anomalies,NU,Niue,1903,,-0.4,,,,CELSIUS,Celsius (°C),SE,Standard error,0,,N,National,,
DATAFLOW,SPC:DF_CLIMATE_CHANGE(1.0),Climate Change indicators,I,A,Annual,SST_ANOM,Sea Surface Temperature anomalies,NU,Niue,1904,,-0.5,,,,CELSIUS,Celsius (°C),SE,Standard error,0.1,,N,National,,
DATAFLOW,SPC:DF_CLIMATE_CHANGE(1.0),Climate Change indicators,I,A,Annual,SST_ANOM,Sea Surface Temperature anomalies,NU,Niue,1905,,-1,,,,CELSIUS,Celsius (°C),SE,Standard error,0.1,,N,National,,
DATAFLOW,SPC:DF_CLIMATE_CHANGE(1.0),Climate Change indicators,I,A,Annual,SST_ANOM,Sea Surface Temperature anomalies,NU,Niue,1906,,-0.1,,,,CELSIUS,Celsius (°C),SE,Standard error,0.1,,N,National,,
DATAFLOW,SPC:DF_CLIMATE_CHANGE(1.0),Climate Change indicators,I,A,Annual,SST_ANOM,Sea Surface Temperature anomalies,NU,Niue,1907,,-0.6,,,,CELSIUS,Celsius (°C),SE,Standard error,0.1,,N,National,,
DATAFLOW,SPC:DF_CLIMATE_CHANGE(1.0),Climate Change indicators,I,A,Annual,SST_ANOM,Sea Surface Temperature anomalies,NU,Niue,1908,,-0.6,,,,CELSIUS,Celsius (°C),SE,Standard error,0.1,,N,National,,
DATAFLOW,SPC:DF_CLIMATE_CHANGE(1.0),Climate Change indicators,I,A,Annual,SST_ANOM,Sea Surface Temperature anomalies,NU,Niue,1909,,-0.6,,,,CELSIUS,Celsius (°C),SE,Standard error,0.1,,N,National,,
DATAFLOW,SPC:DF_CLIMATE_CHANGE(1.0),Climate Change indicators,I,A,Annual,SST_ANOM,Sea Surface Temperature anomalies,NU,Niue,1910,,-0.3,,,,CELSIUS,Celsius (°C),SE,Standard error,0.1,,N,National,,
DATAFLOW,SPC:DF_CLIMATE_CHANGE(1.0),Climate Change indicators,I,A,Annual,SST_ANOM,Sea Surface Temperature anomalies,NU,Niue,1911,,-0.5,,,,CELSIUS,Celsius (°C),SE,Standard error,0.1,,N,National,,
DATAFLOW,SPC:DF_CLIMATE_CHANGE(1.0),Climate Change indicators,I,A,Annual,SST_ANOM,Sea Surface Temperature anomalies,NU,Niue,1912,,-0.5,,,,CELSIUS,Celsius (°C),SE,Standard error,0.1,,N,National,,
DATAFLOW,SPC:DF_CLIMATE_CHANGE(1.0),Climate Change indicators,I,A,Annual,SST_ANOM,Sea Surface Temperature anomalies,NU,Niue,1913,,-0.5,,,,CELSIUS,Celsius (°C),SE,Standard error,0.1,,N,National,,
DATAFLOW,SPC:DF_CLIMATE_CHANGE(1.0),Climate Change indicators,I,A,Annual,SST_ANOM,Sea Surface Temperature anomalies,NU,Niue,1914,,-0.4,,,,CELSIUS,Celsius (°C),SE,Standard error,0.1,,N,National,,
DATAFLOW,SPC:DF_CLIMATE_CHANGE(1.0),Climate Change indicators,I,A,Annual,SST_ANOM,Sea Surface Temperature anomalies,NU,Niue,1915,,-0.1,,,,CELSIUS,Celsius (°C),SE,Standard error,0.1,,N,National,,
DATAFLOW,SPC:DF_CLIMATE_CHANGE(1.0),Climate Change indicators,I,A,Annual,SST_ANOM,Sea Surface Temperature anomalies,NU,Niue,1916,,0.3,,,,CELSIUS,Celsius (°C),SE,Standard error,0.1,,N,National,,
DATAFLOW,SPC:DF_CLIMATE_CHANGE(1.0),Climate Change indicators,I,A,Annual,SST_ANOM,Sea Surface Temperature anomalies,NU,Niue,1917,,-0.1,,,,CELSIUS,Celsius (°C),SE,Standard error,0.1,,N,National,,
DATAFLOW,SPC:DF_CLIMATE_CHANGE(1.0),Climate Change indicators,I,A,Annual,SST_ANOM,Sea Surface Temperature anomalies,NU,Niue,1918,,-0.4,,,,CELSIUS,Celsius (°C),SE,Standard error,0,,N,National,,
DATAFLOW,SPC:DF_CLIMATE_CHANGE(1.0),Climate Change indicators,I,A,Annual,SST_ANOM,Sea Surface Temperature anomalies,NU,Niue,1919,,-0.9,,,,CELSIUS,Celsius (°C),SE,Standard error,0.2,,N,National,,
DATAFLOW,SPC:DF_CLIMATE_CHANGE(1.0),Climate Change indicators,I,A,Annual,SST_ANOM,Sea Surface Temperature anomalies,NU,Niue,1920,,-0.5,,,,CELSIUS,Celsius (°C),SE,Standard error,0.1,,N,National,,
DATAFLOW,SPC:DF_CLIMATE_CHANGE(1.0),Climate Change indicators,I,A,Annual,SST_ANOM,Sea Surface Temperature anomalies,NU,Niue,1921,,-0.5,,,,CELSIUS,Celsius (°C),SE,Standard error,0.1,,N,National,,
DATAFLOW,SPC:DF_CLIMATE_CHANGE(1.0),Climate Change indicators,I,A,Annual,SST_ANOM,Sea Surface Temperature anomalies,NU,Niue,1922,,-0.1,,,,CELSIUS,Celsius (°C),SE,Standard error,0.1,,N,National,,
DATAFLOW,SPC:DF_CLIMATE_CHANGE(1.0),Climate Change indicators,I,A,Annual,SST_ANOM,Sea Surface Temperature anomalies,NU,Niue,1923,,-0.4,,,,CELSIUS,Celsius (°C),SE,Standard error,0.2,,N,National,,
DATAFLOW,SPC:DF_CLIMATE_CHANGE(1.0),Climate Change indicators,I,A,Annual,SST_ANOM,Sea Surface Temperature anomalies,NU,Niue,1924,,0,,,,CELSIUS,Celsius (°C),SE,Standard error,0.1,,N,National,,
DATAFLOW,SPC:DF_CLIMATE_CHANGE(1.0),Climate Change indicators,I,A,Annual,SST_ANOM,Sea Surface Temperature anomalies,NU,Niue,1925,,-0.3,,,,CELSIUS,Celsius (°C),SE,Standard error,0.1,,N,National,,
DATAFLOW,SPC:DF_CLIMATE_CHANGE(1.0),Climate Change indicators,I,A,Annual,SST_ANOM,Sea Surface Temperature anomalies,NU,Niue,1926,,-0.6,,,,CELSIUS,Celsius (°C),SE,Standard error,0.1,,N,National,,
DATAFLOW,SPC:DF_CLIMATE_CHANGE(1.0),Climate Change indicators,I,A,Annual,SST_ANOM,Sea Surface Temperature anomalies,NU,Niue,1927,,-0.2,,,,CELSIUS,Celsius (°C),SE,Standard error,0.1,,N,National,,
DATAFLOW,SPC:DF_CLIMATE_CHANGE(1.0),Climate Change indicators,I,A,Annual,SST_ANOM,Sea Surface Temperature anomalies,NU,Niue,1928,,-0.4,,,,CELSIUS,Celsius (°C),SE,Standard error,0.1,,N,National,,
DATAFLOW,SPC:DF_CLIMATE_CHANGE(1.0),Climate Change indicators,I,A,Annual,SST_ANOM,Sea Surface Temperature anomalies,NU,Niue,1929,,-0.4,,,,CELSIUS,Celsius (°C),SE,Standard error,0,,N,National,,
DATAFLOW,SPC:DF_CLIMATE_CHANGE(1.0),Climate Change indicators,I,A,Annual,SST_ANOM,Sea Surface Temperature anomalies,NU,Niue,1930,,-0.7,,,,CELSIUS,Celsius (°C),SE,Standard error,0.1,,N,National,,
DATAFLOW,SPC:DF_CLIMATE_CHANGE(1.0),Climate Change indicators,I,A,Annual,SST_ANOM,Sea Surface Temperature anomalies,NU,Niue,1931,,-0.6,,,,CELSIUS,Celsius (°C),SE,Standard error,0.1,,N,National,,
DATAFLOW,SPC:DF_CLIMATE_CHANGE(1.0),Climate Change indicators,I,A,Annual,SST_ANOM,Sea Surface Temperature anomalies,NU,Niue,1932,,-0.2,,,,CELSIUS,Celsius (°C),SE,Standard error,0,,N,National,,
DATAFLOW,SPC:DF_CLIMATE_CHANGE(1.0),Climate Change indicators,I,A,Annual,SST_ANOM,Sea Surface Temperature anomalies,NU,Niue,1933,,-0.5,,,,CELSIUS,Celsius (°C),SE,Standard error,0.1,,N,National,,
DATAFLOW,SPC:DF_CLIMATE_CHANGE(1.0),Climate Change indicators,I,A,Annual,SST_ANOM,Sea Surface Temperature anomalies,NU,Niue,1934,,-0.4,,,,CELSIUS,Celsius (°C),SE,Standard error,0.1,,N,National,,
DATAFLOW,SPC:DF_CLIMATE_CHANGE(1.0),Climate Change indicators,I,A,Annual,SST_ANOM,Sea Surface Temperature anomalies,NU,Niue,1935,,-0.3,,,,CELSIUS,Celsius (°C),SE,Standard error,0.1,,N,National,,
DATAFLOW,SPC:DF_CLIMATE_CHANGE(1.0),Climate Change indicators,I,A,Annual,SST_ANOM,Sea Surface Temperature anomalies,NU,Niue,1936,,-0.2,,,,CELSIUS,Celsius (°C),SE,Standard error,0.1,,N,National,,
DATAFLOW,SPC:DF_CLIMATE_CHANGE(1.0),Climate Change indicators,I,A,Annual,SST_ANOM,Sea Surface Temperature anomalies,NU,Niue,1937,,-0.2,,,,CELSIUS,Celsius (°C),SE,Standard error,0.1,,N,National,,
DATAFLOW,SPC:DF_CLIMATE_CHANGE(1.0),Climate Change indicators,I,A,Annual,SST_ANOM,Sea Surface Temperature anomalies,NU,Niue,1938,,-0.1,,,,CELSIUS,Celsius (°C),SE,Standard error,0.1,,N,National,,
DATAFLOW,SPC:DF_CLIMATE_CHANGE(1.0),Climate Change indicators,I,A,Annual,SST_ANOM,Sea Surface Temperature anomalies,NU,Niue,1939,,-0.4,,,,CELSIUS,Celsius (°C),SE,Standard error,0.1,,N,National,,
DATAFLOW,SPC:DF_CLIMATE_CHANGE(1.0),Climate Change indicators,I,A,Annual,SST_ANOM,Sea Surface Temperature anomalies,NU,Niue,1940,,-0.5,,,,CELSIUS,Celsius (°C),SE,Standard error,0.1,,N,National,,
DATAFLOW,SPC:DF_CLIMATE_CHANGE(1.0),Climate Change indicators,I,A,Annual,SST_ANOM,Sea Surface Temperature anomalies,NU,Niue,1941,,-0.2,,,,CELSIUS,Celsius (°C),SE,Standard error,0.1,,N,National,,
DATAFLOW,SPC:DF_CLIMATE_CHANGE(1.0),Climate Change indicators,I,A,Annual,SST_ANOM,Sea Surface Temperature anomalies,NU,Niue,1942,,0.1,,,,CELSIUS,Celsius (°C),SE,Standard error,0.1,,N,National,,
DATAFLOW,SPC:DF_CLIMATE_CHANGE(1.0),Climate Change indicators,I,A,Annual,SST_ANOM,Sea Surface Temperature anomalies,NU,Niue,1943,,0.5,,,,CELSIUS,Celsius (°C),SE,Standard error,0.1,,N,National,,
DATAFLOW,SPC:DF_CLIMATE_CHANGE(1.0),Climate Change indicators,I,A,Annual,SST_ANOM,Sea Surface Temperature anomalies,NU,Niue,1944,,0.4,,,,CELSIUS,Celsius (°C),SE,Standard error,0.2,,N,National,,
DATAFLOW,SPC:DF_CLIMATE_CHANGE(1.0),Climate Change indicators,I,A,Annual,SST_ANOM,Sea Surface Temperature anomalies,NU,Niue,1945,,0.1,,,,CELSIUS,Celsius (°C),SE,Standard error,0.1,,N,National,,
DATAFLOW,SPC:DF_CLIMATE_CHANGE(1.0),Climate Change indicators,I,A,Annual,SST_ANOM,Sea Surface Temperature anomalies,NU,Niue,1946,,0.2,,,,CELSIUS,Celsius (°C),SE,Standard error,0.1,,N,National,,
DATAFLOW,SPC:DF_CLIMATE_CHANGE(1.0),Climate Change indicators,I,A,Annual,SST_ANOM,Sea Surface Temperature anomalies,NU,Niue,1947,,0.1,,,,CELSIUS,Celsius (°C),SE,Standard error,0.1,,N,National,,
DATAFLOW,SPC:DF_CLIMATE_CHANGE(1.0),Climate Change indicators,I,A,Annual,SST_ANOM,Sea Surface Temperature anomalies,NU,Niue,1948,,-0.3,,,,CELSIUS,Celsius (°C),SE,Standard error,0.1,,N,National,,
DATAFLOW,SPC:DF_CLIMATE_CHANGE(1.0),Climate Change indicators,I,A,Annual,SST_ANOM,Sea Surface Temperature anomalies,NU,Niue,1949,,-0.1,,,,CELSIUS,Celsius (°C),SE,Standard error,0.1,,N,National,,
DATAFLOW,SPC:DF_CLIMATE_CHANGE(1.0),Climate Change indicators,I,A,Annual,SST_ANOM,Sea Surface Temperature anomalies,NU,Niue,1950,,0.2,,,,CELSIUS,Celsius (°C),SE,Standard error,0.1,,N,National,,
DATAFLOW,SPC:DF_CLIMATE_CHANGE(1.0),Climate Change indicators,I,A,Annual,SST_ANOM,Sea Surface Temperature anomalies,NU,Niue,1951,,0,,,,CELSIUS,Celsius (°C),SE,Standard error,0.1,,N,National,,
DATAFLOW,SPC:DF_CLIMATE_CHANGE(1.0),Climate Change indicators,I,A,Annual,SST_ANOM,Sea Surface Temperature anomalies,NU,Niue,1952,,0.3,,,,CELSIUS,Celsius (°C),SE,Standard error,0.1,,N,National,,
DATAFLOW,SPC:DF_CLIMATE_CHANGE(1.0),Climate Change indicators,I,A,Annual,SST_ANOM,Sea Surface Temperature anomalies,NU,Niue,1953,,0.1,,,,CELSIUS,Celsius (°C),SE,Standard error,0.1,,N,National,,
DATAFLOW,SPC:DF_CLIMATE_CHANGE(1.0),Climate Change indicators,I,A,Annual,SST_ANOM,Sea Surface Temperature anomalies,NU,Niue,1954,,0,,,,CELSIUS,Celsius (°C),SE,Standard error,0.1,,N,National,,
DATAFLOW,SPC:DF_CLIMATE_CHANGE(1.0),Climate Change indicators,I,A,Annual,SST_ANOM,Sea Surface Temperature anomalies,NU,Niue,1955,,0,,,,CELSIUS,Celsius (°C),SE,Standard error,0.1,,N,National,,
DATAFLOW,SPC:DF_CLIMATE_CHANGE(1.0),Climate Change indicators,I,A,Annual,SST_ANOM,Sea Surface Temperature anomalies,NU,Niue,1956,,0.1,,,,CELSIUS,Celsius (°C),SE,Standard error,0.1,,N,National,,
DATAFLOW,SPC:DF_CLIMATE_CHANGE(1.0),Climate Change indicators,I,A,Annual,SST_ANOM,Sea Surface Temperature anomalies,NU,Niue,1957,,-0.2,,,,CELSIUS,Celsius (°C),SE,Standard error,0.1,,N,National,,
DATAFLOW,SPC:DF_CLIMATE_CHANGE(1.0),Climate Change indicators,I,A,Annual,SST_ANOM,Sea Surface Temperature anomalies,NU,Niue,1958,,-0.3,,,,CELSIUS,Celsius (°C),SE,Standard error,0.1,,N,National,,
DATAFLOW,SPC:DF_CLIMATE_CHANGE(1.0),Climate Change indicators,I,A,Annual,SST_ANOM,Sea Surface Temperature anomalies,NU,Niue,1959,,-0.1,,,,CELSIUS,Celsius (°C),SE,Standard error,0.1,,N,National,,
DATAFLOW,SPC:DF_CLIMATE_CHANGE(1.0),Climate Change indicators,I,A,Annual,SST_ANOM,Sea Surface Temperature anomalies,NU,Niue,1960,,0,,,,CELSIUS,Celsius (°C),SE,Standard error,0.1,,N,National,,
DATAFLOW,SPC:DF_CLIMATE_CHANGE(1.0),Climate Change indicators,I,A,Annual,SST_ANOM,Sea Surface Temperature anomalies,NU,Niue,1961,,0.1,,,,CELSIUS,Celsius (°C),SE,Standard error,0.1,,N,National,,
DATAFLOW,SPC:DF_CLIMATE_CHANGE(1.0),Climate Change indicators,I,A,Annual,SST_ANOM,Sea Surface Temperature anomalies,NU,Niue,1962,,-0.1,,,,CELSIUS,Celsius (°C),SE,Standard error,0.1,,N,National,,
DATAFLOW,SPC:DF_CLIMATE_CHANGE(1.0),Climate Change indicators,I,A,Annual,SST_ANOM,Sea Surface Temperature anomalies,NU,Niue,1963,,-0.1,,,,CELSIUS,Celsius (°C),SE,Standard error,0.1,,N,National,,
DATAFLOW,SPC:DF_CLIMATE_CHANGE(1.0),Climate Change indicators,I,A,Annual,SST_ANOM,Sea Surface Temperature anomalies,NU,Niue,1964,,0,,,,CELSIUS,Celsius (°C),SE,Standard error,0.1,,N,National,,
DATAFLOW,SPC:DF_CLIMATE_CHANGE(1.0),Climate Change indicators,I,A,Annual,SST_ANOM,Sea Surface Temperature anomalies,NU,Niue,1965,,-0.4,,,,CELSIUS,Celsius (°C),SE,Standard error,0,,N,National,,
DATAFLOW,SPC:DF_CLIMATE_CHANGE(1.0),Climate Change indicators,I,A,Annual,SST_ANOM,Sea Surface Temperature anomalies,NU,Niue,1966,,-0.3,,,,CELSIUS,Celsius (°C),SE,Standard error,0.1,,N,National,,
DATAFLOW,SPC:DF_CLIMATE_CHANGE(1.0),Climate Change indicators,I,A,Annual,SST_ANOM,Sea Surface Temperature anomalies,NU,Niue,1967,,-0.1,,,,CELSIUS,Celsius (°C),SE,Standard error,0.1,,N,National,,
DATAFLOW,SPC:DF_CLIMATE_CHANGE(1.0),Climate Change indicators,I,A,Annual,SST_ANOM,Sea Surface Temperature anomalies,NU,Niue,1968,,0.2,,,,CELSIUS,Celsius (°C),SE,Standard error,0.1,,N,National,,
DATAFLOW,SPC:DF_CLIMATE_CHANGE(1.0),Climate Change indicators,I,A,Annual,SST_ANOM,Sea Surface Temperature anomalies,NU,Niue,1969,,-0.1,,,,CELSIUS,Celsius (°C),SE,Standard error,0.1,,N,National,,
DATAFLOW,SPC:DF_CLIMATE_CHANGE(1.0),Climate Change indicators,I,A,Annual,SST_ANOM,Sea Surface Temperature anomalies,NU,Niue,1970,,0.2,,,,CELSIUS,Celsius (°C),SE,Standard error,0.1,,N,National,,
DATAFLOW,SPC:DF_CLIMATE_CHANGE(1.0),Climate Change indicators,I,A,Annual,SST_ANOM,Sea Surface Temperature anomalies,NU,Niue,1971,,0.2,,,,CELSIUS,Celsius (°C),SE,Standard error,0.1,,N,National,,
DATAFLOW,SPC:DF_CLIMATE_CHANGE(1.0),Climate Change indicators,I,A,Annual,SST_ANOM,Sea Surface Temperature anomalies,NU,Niue,1972,,-0.1,,,,CELSIUS,Celsius (°C),SE,Standard error,0.1,,N,National,,
DATAFLOW,SPC:DF_CLIMATE_CHANGE(1.0),Climate Change indicators,I,A,Annual,SST_ANOM,Sea Surface Temperature anomalies,NU,Niue,1973,,0.5,,,,CELSIUS,Celsius (°C),SE,Standard error,0.1,,N,National,,
DATAFLOW,SPC:DF_CLIMATE_CHANGE(1.0),Climate Change indicators,I,A,Annual,SST_ANOM,Sea Surface Temperature anomalies,NU,Niue,1974,,0.3,,,,CELSIUS,Celsius (°C),SE,Standard error,0.1,,N,National,,
DATAFLOW,SPC:DF_CLIMATE_CHANGE(1.0),Climate Change indicators,I,A,Annual,SST_ANOM,Sea Surface Temperature anomalies,NU,Niue,1975,,0.1,,,,CELSIUS,Celsius (°C),SE,Standard error,0.1,,N,National,,
DATAFLOW,SPC:DF_CLIMATE_CHANGE(1.0),Climate Change indicators,I,A,Annual,SST_ANOM,Sea Surface Temperature anomalies,NU,Niue,1976,,0,,,,CELSIUS,Celsius (°C),SE,Standard error,0.1,,N,National,,
DATAFLOW,SPC:DF_CLIMATE_CHANGE(1.0),Climate Change indicators,I,A,Annual,SST_ANOM,Sea Surface Temperature anomalies,NU,Niue,1977,,-0.4,,,,CELSIUS,Celsius (°C),SE,Standard error,0.1,,N,National,,
DATAFLOW,SPC:DF_CLIMATE_CHANGE(1.0),Climate Change indicators,I,A,Annual,SST_ANOM,Sea Surface Temperature anomalies,NU,Niue,1978,,-0.2,,,,CELSIUS,Celsius (°C),SE,Standard error,0.1,,N,National,,
DATAFLOW,SPC:DF_CLIMATE_CHANGE(1.0),Climate Change indicators,I,A,Annual,SST_ANOM,Sea Surface Temperature anomalies,NU,Niue,1979,,-0.2,,,,CELSIUS,Celsius (°C),SE,Standard error,0.1,,N,National,,
DATAFLOW,SPC:DF_CLIMATE_CHANGE(1.0),Climate Change indicators,I,A,Annual,SST_ANOM,Sea Surface Temperature anomalies,NU,Niue,1980,,0,,,,CELSIUS,Celsius (°C),SE,Standard error,0.1,,N,National,,
DATAFLOW,SPC:DF_CLIMATE_CHANGE(1.0),Climate Change indicators,I,A,Annual,SST_ANOM,Sea Surface Temperature anomalies,NU,Niue,1981,,-0.1,,,,CELSIUS,Celsius (°C),SE,Standard error,0.1,,N,National,,
DATAFLOW,SPC:DF_CLIMATE_CHANGE(1.0),Climate Change indicators,I,A,Annual,SST_ANOM,Sea Surface Temperature anomalies,NU,Niue,1982,,-0.1,,,,CELSIUS,Celsius (°C),SE,Standard error,0.1,,N,National,,
DATAFLOW,SPC:DF_CLIMATE_CHANGE(1.0),Climate Change indicators,I,A,Annual,SST_ANOM,Sea Surface Temperature anomalies,NU,Niue,1983,,-0.3,,,,CELSIUS,Celsius (°C),SE,Standard error,0.1,,N,National,,
DATAFLOW,SPC:DF_CLIMATE_CHANGE(1.0),Climate Change indicators,I,A,Annual,SST_ANOM,Sea Surface Temperature anomalies,NU,Niue,1984,,0,,,,CELSIUS,Celsius (°C),SE,Standard error,0.1,,N,National,,
DATAFLOW,SPC:DF_CLIMATE_CHANGE(1.0),Climate Change indicators,I,A,Annual,SST_ANOM,Sea Surface Temperature anomalies,NU,Niue,1985,,-0.2,,,,CELSIUS,Celsius (°C),SE,Standard error,0.1,,N,National,,
DATAFLOW,SPC:DF_CLIMATE_CHANGE(1.0),Climate Change indicators,I,A,Annual,SST_ANOM,Sea Surface Temperature anomalies,NU,Niue,1986,,-0.4,,,,CELSIUS,Celsius (°C),SE,Standard error,0,,N,National,,
DATAFLOW,SPC:DF_CLIMATE_CHANGE(1.0),Climate Change indicators,I,A,Annual,SST_ANOM,Sea Surface Temperature anomalies,NU,Niue,1987,,-0.5,,,,CELSIUS,Celsius (°C),SE,Standard error,0.1,,N,National,,
DATAFLOW,SPC:DF_CLIMATE_CHANGE(1.0),Climate Change indicators,I,A,Annual,SST_ANOM,Sea Surface Temperature anomalies,NU,Niue,1988,,0.4,,,,CELSIUS,Celsius (°C),SE,Standard error,0.1,,N,National,,
DATAFLOW,SPC:DF_CLIMATE_CHANGE(1.0),Climate Change indicators,I,A,Annual,SST_ANOM,Sea Surface Temperature anomalies,NU,Niue,1989,,0.1,,,,CELSIUS,Celsius (°C),SE,Standard error,0.1,,N,National,,
DATAFLOW,SPC:DF_CLIMATE_CHANGE(1.0),Climate Change indicators,I,A,Annual,SST_ANOM,Sea Surface Temperature anomalies,NU,Niue,1990,,0,,,,CELSIUS,Celsius (°C),SE,Standard error,0.1,,N,National,,
DATAFLOW,SPC:DF_CLIMATE_CHANGE(1.0),Climate Change indicators,I,A,Annual,SST_ANOM,Sea Surface Temperature anomalies,NU,Niue,1991,,0.1,,,,CELSIUS,Celsius (°C),SE,Standard error,0.1,,N,National,,
DATAFLOW,SPC:DF_CLIMATE_CHANGE(1.0),Climate Change indicators,I,A,Annual,SST_ANOM,Sea Surface Temperature anomalies,NU,Niue,1992,,0.1,,,,CELSIUS,Celsius (°C),SE,Standard error,0.1,,N,National,,
DATAFLOW,SPC:DF_CLIMATE_CHANGE(1.0),Climate Change indicators,I,A,Annual,SST_ANOM,Sea Surface Temperature anomalies,NU,Niue,1993,,-0.2,,,,CELSIUS,Celsius (°C),SE,Standard error,0.1,,N,National,,
DATAFLOW,SPC:DF_CLIMATE_CHANGE(1.0),Climate Change indicators,I,A,Annual,SST_ANOM,Sea Surface Temperature anomalies,NU,Niue,1994,,-0.1,,,,CELSIUS,Celsius (°C),SE,Standard error,0.1,,N,National,,
DATAFLOW,SPC:DF_CLIMATE_CHANGE(1.0),Climate Change indicators,I,A,Annual,SST_ANOM,Sea Surface Temperature anomalies,NU,Niue,1995,,0.2,,,,CELSIUS,Celsius (°C),SE,Standard error,0.1,,N,National,,
DATAFLOW,SPC:DF_CLIMATE_CHANGE(1.0),Climate Change indicators,I,A,Annual,SST_ANOM,Sea Surface Temperature anomalies,NU,Niue,1996,,0.3,,,,CELSIUS,Celsius (°C),SE,Standard error,0,,N,National,,
DATAFLOW,SPC:DF_CLIMATE_CHANGE(1.0),Climate Change indicators,I,A,Annual,SST_ANOM,Sea Surface Temperature anomalies,NU,Niue,1997,,-0.2,,,,CELSIUS,Celsius (°C),SE,Standard error,0.2,,N,National,,
DATAFLOW,SPC:DF_CLIMATE_CHANGE(1.0),Climate Change indicators,I,A,Annual,SST_ANOM,Sea Surface Temperature anomalies,NU,Niue,1998,,-0.2,,,,CELSIUS,Celsius (°C),SE,Standard error,0.2,,N,National,,
DATAFLOW,SPC:DF_CLIMATE_CHANGE(1.0),Climate Change indicators,I,A,Annual,SST_ANOM,Sea Surface Temperature anomalies,NU,Niue,1999,,0.5,,,,CELSIUS,Celsius (°C),SE,Standard error,0.1,,N,National,,
DATAFLOW,SPC:DF_CLIMATE_CHANGE(1.0),Climate Change indicators,I,A,Annual,SST_ANOM,Sea Surface Temperature anomalies,NU,Niue,2000,,0.6,,,,CELSIUS,Celsius (°C),SE,Standard error,0.1,,N,National,,
DATAFLOW,SPC:DF_CLIMATE_CHANGE(1.0),Climate Change indicators,I,A,Annual,SST_ANOM,Sea Surface Temperature anomalies,NU,Niue,2001,,0.2,,,,CELSIUS,Celsius (°C),SE,Standard error,0.1,,N,National,,
DATAFLOW,SPC:DF_CLIMATE_CHANGE(1.0),Climate Change indicators,I,A,Annual,SST_ANOM,Sea Surface Temperature anomalies,NU,Niue,2002,,0.4,,,,CELSIUS,Celsius (°C),SE,Standard error,0.1,,N,National,,
DATAFLOW,SPC:DF_CLIMATE_CHANGE(1.0),Climate Change indicators,I,A,Annual,SST_ANOM,Sea Surface Temperature anomalies,NU,Niue,2003,,0.4,,,,CELSIUS,Celsius (°C),SE,Standard error,0,,N,National,,
DATAFLOW,SPC:DF_CLIMATE_CHANGE(1.0),Climate Change indicators,I,A,Annual,SST_ANOM,Sea Surface Temperature anomalies,NU,Niue,2004,,0.6,,,,CELSIUS,Celsius (°C),SE,Standard error,0.1,,N,National,,
DATAFLOW,SPC:DF_CLIMATE_CHANGE(1.0),Climate Change indicators,I,A,Annual,SST_ANOM,Sea Surface Temperature anomalies,NU,Niue,2005,,0.5,,,,CELSIUS,Celsius (°C),SE,Standard error,0.1,,N,National,,
DATAFLOW,SPC:DF_CLIMATE_CHANGE(1.0),Climate Change indicators,I,A,Annual,SST_ANOM,Sea Surface Temperature anomalies,NU,Niue,2006,,0.5,,,,CELSIUS,Celsius (°C),SE,Standard error,0.1,,N,National,,
DATAFLOW,SPC:DF_CLIMATE_CHANGE(1.0),Climate Change indicators,I,A,Annual,SST_ANOM,Sea Surface Temperature anomalies,NU,Niue,2007,,0.5,,,,CELSIUS,Celsius (°C),SE,Standard error,0.1,,N,National,,
DATAFLOW,SPC:DF_CLIMATE_CHANGE(1.0),Climate Change indicators,I,A,Annual,SST_ANOM,Sea Surface Temperature anomalies,NU,Niue,2008,,0.5,,,,CELSIUS,Celsius (°C),SE,Standard error,0.1,,N,National,,
DATAFLOW,SPC:DF_CLIMATE_CHANGE(1.0),Climate Change indicators,I,A,Annual,SST_ANOM,Sea Surface Temperature anomalies,NU,Niue,2009,,0.4,,,,CELSIUS,Celsius (°C),SE,Standard error,0.1,,N,National,,
DATAFLOW,SPC:DF_CLIMATE_CHANGE(1.0),Climate Change indicators,I,A,Annual,SST_ANOM,Sea Surface Temperature anomalies,NU,Niue,2010,,0.7,,,,CELSIUS,Celsius (°C),SE,Standard error,0.1,,N,National,,
DATAFLOW,SPC:DF_CLIMATE_CHANGE(1.0),Climate Change indicators,I,A,Annual,SST_ANOM,Sea Surface Temperature anomalies,NU,Niue,2011,,0.8,,,,CELSIUS,Celsius (°C),SE,Standard error,0.1,,N,National,,
DATAFLOW,SPC:DF_CLIMATE_CHANGE(1.0),Climate Change indicators,I,A,Annual,SST_ANOM,Sea Surface Temperature anomalies,NU,Niue,2012,,0.4,,,,CELSIUS,Celsius (°C),SE,Standard error,0.1,,N,National,,
DATAFLOW,SPC:DF_CLIMATE_CHANGE(1.0),Climate Change indicators,I,A,Annual,SST_ANOM,Sea Surface Temperature anomalies,NU,Niue,2013,,0.6,,,,CELSIUS,Celsius (°C),SE,Standard error,0.1,,N,National,,
DATAFLOW,SPC:DF_CLIMATE_CHANGE(1.0),Climate Change indicators,I,A,Annual,SST_ANOM,Sea Surface Temperature anomalies,NU,Niue,2014,,0.5,,,,CELSIUS,Celsius (°C),SE,Standard error,0.1,,N,National,,
DATAFLOW,SPC:DF_CLIMATE_CHANGE(1.0),Climate Change indicators,I,A,Annual,SST_ANOM,Sea Surface Temperature anomalies,NU,Niue,2015,,0,,,,CELSIUS,Celsius (°C),SE,Standard error,0.1,,N,National,,
DATAFLOW,SPC:DF_CLIMATE_CHANGE(1.0),Climate Change indicators,I,A,Annual,SST_ANOM,Sea Surface Temperature anomalies,NU,Niue,2016,,0.4,,,,CELSIUS,Celsius (°C),SE,Standard error,0.2,,N,National,,
DATAFLOW,SPC:DF_CLIMATE_CHANGE(1.0),Climate Change indicators,I,A,Annual,SST_ANOM,Sea Surface Temperature anomalies,NU,Niue,2017,,0.7,,,,CELSIUS,Celsius (°C),SE,Standard error,0.1,,N,National,,
DATAFLOW,SPC:DF_CLIMATE_CHANGE(1.0),Climate Change indicators,I,A,Annual,SST_ANOM,Sea Surface Temperature anomalies,NU,Niue,2018,,0.6,,,,CELSIUS,Celsius (°C),SE,Standard error,0.1,,N,National,,
DATAFLOW,SPC:DF_CLIMATE_CHANGE(1.0),Climate Change indicators,I,A,Annual,SST_ANOM,Sea Surface Temperature anomalies,NU,Niue,2019,,0.6,,,,CELSIUS,Celsius (°C),SE,Standard error,0.1,,N,National,,
DATAFLOW,SPC:DF_CLIMATE_CHANGE(1.0),Climate Change indicators,I,A,Annual,SST_ANOM,Sea Surface Temperature anomalies,NU,Niue,2020,,0.7,,,,CELSIUS,Celsius (°C),SE,Standard error,0.1,,N,National,,
DATAFLOW,SPC:DF_CLIMATE_CHANGE(1.0),Climate Change indicators,I,A,Annual,SST_ANOM,Sea Surface Temperature anomalies,NU,Niue,2021,,0.8,,,,CELSIUS,Celsius (°C),SE,Standard error,0,,N,National,,
DATAFLOW,SPC:DF_CLIMATE_CHANGE(1.0),Climate Change indicators,I,A,Annual,SST_ANOM,Sea Surface Temperature anomalies,NU,Niue,2022,,0.9,,,,CELSIUS,Celsius (°C),SE,Standard error,0.1,,N,National,,
DATAFLOW,SPC:DF_CLIMATE_CHANGE(1.0),Climate Change indicators,I,A,Annual,SST_ANOM,Sea Surface Temperature anomalies,NU,Niue,2023,,0.5,,,,CELSIUS,Celsius (°C),SE,Standard error,0.1,,N,National,,
DATAFLOW,SPC:DF_CLIMATE_CHANGE(1.0),Climate Change indicators,I,A,Annual,SST_ANOM,Sea Surface Temperature anomalies,NU,Niue,2024,,0.6,,,,CELSIUS,Celsius (°C),SE,Standard error,0.1,,N,National,,
DATAFLOW,SPC:DF_CLIMATE_CHANGE(1.0),Climate Change indicators,I,A,Annual,SST_ANOM,Sea Surface Temperature anomalies,NU,Niue,2025,,0.5,,,,CELSIUS,Celsius (°C),SE,Standard error,0,,N,National,,
DATAFLOW,SPC:DF_CLIMATE_CHANGE(1.0),Climate Change indicators,I,A,Annual,SST_ANOM,Sea Surface Temperature anomalies,TV,Tuvalu,1850,,0,,,,CELSIUS,Celsius (°C),SE,Standard error,0,,N,National,,
DATAFLOW,SPC:DF_CLIMATE_CHANGE(1.0),Climate Change indicators,I,A,Annual,SST_ANOM,Sea Surface Temperature anomalies,TV,Tuvalu,1851,,-0.4,,,,CELSIUS,Celsius (°C),SE,Standard error,0.1,,N,National,,
DATAFLOW,SPC:DF_CLIMATE_CHANGE(1.0),Climate Change indicators,I,A,Annual,SST_ANOM,Sea Surface Temperature anomalies,TV,Tuvalu,1852,,-0.1,,,,CELSIUS,Celsius (°C),SE,Standard error,0,,N,National,,
DATAFLOW,SPC:DF_CLIMATE_CHANGE(1.0),Climate Change indicators,I,A,Annual,SST_ANOM,Sea Surface Temperature anomalies,TV,Tuvalu,1853,,0,,,,CELSIUS,Celsius (°C),SE,Standard error,0.1,,N,National,,
DATAFLOW,SPC:DF_CLIMATE_CHANGE(1.0),Climate Change indicators,I,A,Annual,SST_ANOM,Sea Surface Temperature anomalies,TV,Tuvalu,1854,,0,,,,CELSIUS,Celsius (°C),SE,Standard error,0,,N,National,,
DATAFLOW,SPC:DF_CLIMATE_CHANGE(1.0),Climate Change indicators,I,A,Annual,SST_ANOM,Sea Surface Temperature anomalies,TV,Tuvalu,1855,,-0.1,,,,CELSIUS,Celsius (°C),SE,Standard error,0.1,,N,National,,
DATAFLOW,SPC:DF_CLIMATE_CHANGE(1.0),Climate Change indicators,I,A,Annual,SST_ANOM,Sea Surface Temperature anomalies,TV,Tuvalu,1856,,-0.3,,,,CELSIUS,Celsius (°C),SE,Standard error,0.1,,N,National,,
DATAFLOW,SPC:DF_CLIMATE_CHANGE(1.0),Climate Change indicators,I,A,Annual,SST_ANOM,Sea Surface Temperature anomalies,TV,Tuvalu,1857,,-0.5,,,,CELSIUS,Celsius (°C),SE,Standard error,0,,N,National,,
DATAFLOW,SPC:DF_CLIMATE_CHANGE(1.0),Climate Change indicators,I,A,Annual,SST_ANOM,Sea Surface Temperature anomalies,TV,Tuvalu,1858,,-0.2,,,,CELSIUS,Celsius (°C),SE,Standard error,0.1,,N,National,,
DATAFLOW,SPC:DF_CLIMATE_CHANGE(1.0),Climate Change indicators,I,A,Annual,SST_ANOM,Sea Surface Temperature anomalies,TV,Tuvalu,1859,,0.2,,,,CELSIUS,Celsius (°C),SE,Standard error,0,,N,National,,
DATAFLOW,SPC:DF_CLIMATE_CHANGE(1.0),Climate Change indicators,I,A,Annual,SST_ANOM,Sea Surface Temperature anomalies,TV,Tuvalu,1860,,-0.2,,,,CELSIUS,Celsius (°C),SE,Standard error,0,,N,National,,
DATAFLOW,SPC:DF_CLIMATE_CHANGE(1.0),Climate Change indicators,I,A,Annual,SST_ANOM,Sea Surface Temperature anomalies,TV,Tuvalu,1861,,-0.3,,,,CELSIUS,Celsius (°C),SE,Standard error,0.1,,N,National,,
DATAFLOW,SPC:DF_CLIMATE_CHANGE(1.0),Climate Change indicators,I,A,Annual,SST_ANOM,Sea Surface Temperature anomalies,TV,Tuvalu,1862,,-0.1,,,,CELSIUS,Celsius (°C),SE,Standard error,0,,N,National,,
DATAFLOW,SPC:DF_CLIMATE_CHANGE(1.0),Climate Change indicators,I,A,Annual,SST_ANOM,Sea Surface Temperature anomalies,TV,Tuvalu,1863,,-0.1,,,,CELSIUS,Celsius (°C),SE,Standard error,0,,N,National,,
DATAFLOW,SPC:DF_CLIMATE_CHANGE(1.0),Climate Change indicators,I,A,Annual,SST_ANOM,Sea Surface Temperature anomalies,TV,Tuvalu,1864,,-0.1,,,,CELSIUS,Celsius (°C),SE,Standard error,0,,N,National,,
DATAFLOW,SPC:DF_CLIMATE_CHANGE(1.0),Climate Change indicators,I,A,Annual,SST_ANOM,Sea Surface Temperature anomalies,TV,Tuvalu,1865,,-0.1,,,,CELSIUS,Celsius (°C),SE,Standard error,0,,N,National,,
DATAFLOW,SPC:DF_CLIMATE_CHANGE(1.0),Climate Change indicators,I,A,Annual,SST_ANOM,Sea Surface Temperature anomalies,TV,Tuvalu,1866,,-0.1,,,,CELSIUS,Celsius (°C),SE,Standard error,0,,N,National,,
DATAFLOW,SPC:DF_CLIMATE_CHANGE(1.0),Climate Change indicators,I,A,Annual,SST_ANOM,Sea Surface Temperature anomalies,TV,Tuvalu,1867,,-0.1,,,,CELSIUS,Celsius (°C),SE,Standard error,0,,N,National,,
DATAFLOW,SPC:DF_CLIMATE_CHANGE(1.0),Climate Change indicators,I,A,Annual,SST_ANOM,Sea Surface Temperature anomalies,TV,Tuvalu,1868,,0,,,,CELSIUS,Celsius (°C),SE,Standard error,0,,N,National,,
DATAFLOW,SPC:DF_CLIMATE_CHANGE(1.0),Climate Change indicators,I,A,Annual,SST_ANOM,Sea Surface Temperature anomalies,TV,Tuvalu,1869,,0.1,,,,CELSIUS,Celsius (°C),SE,Standard error,0.1,,N,National,,
DATAFLOW,SPC:DF_CLIMATE_CHANGE(1.0),Climate Change indicators,I,A,Annual,SST_ANOM,Sea Surface Temperature anomalies,TV,Tuvalu,1870,,-0.3,,,,CELSIUS,Celsius (°C),SE,Standard error,0.1,,N,National,,
DATAFLOW,SPC:DF_CLIMATE_CHANGE(1.0),Climate Change indicators,I,A,Annual,SST_ANOM,Sea Surface Temperature anomalies,TV,Tuvalu,1871,,0,,,,CELSIUS,Celsius (°C),SE,Standard error,0,,N,National,,
DATAFLOW,SPC:DF_CLIMATE_CHANGE(1.0),Climate Change indicators,I,A,Annual,SST_ANOM,Sea Surface Temperature anomalies,TV,Tuvalu,1872,,0,,,,CELSIUS,Celsius (°C),SE,Standard error,0.1,,N,National,,
DATAFLOW,SPC:DF_CLIMATE_CHANGE(1.0),Climate Change indicators,I,A,Annual,SST_ANOM,Sea Surface Temperature anomalies,TV,Tuvalu,1873,,-0.4,,,,CELSIUS,Celsius (°C),SE,Standard error,0.1,,N,National,,
DATAFLOW,SPC:DF_CLIMATE_CHANGE(1.0),Climate Change indicators,I,A,Annual,SST_ANOM,Sea Surface Temperature anomalies,TV,Tuvalu,1874,,-0.1,,,,CELSIUS,Celsius (°C),SE,Standard error,0.1,,N,National,,
DATAFLOW,SPC:DF_CLIMATE_CHANGE(1.0),Climate Change indicators,I,A,Annual,SST_ANOM,Sea Surface Temperature anomalies,TV,Tuvalu,1875,,-0.2,,,,CELSIUS,Celsius (°C),SE,Standard error,0.1,,N,National,,
DATAFLOW,SPC:DF_CLIMATE_CHANGE(1.0),Climate Change indicators,I,A,Annual,SST_ANOM,Sea Surface Temperature anomalies,TV,Tuvalu,1876,,-0.2,,,,CELSIUS,Celsius (°C),SE,Standard error,0,,N,National,,
DATAFLOW,SPC:DF_CLIMATE_CHANGE(1.0),Climate Change indicators,I,A,Annual,SST_ANOM,Sea Surface Temperature anomalies,TV,Tuvalu,1877,,-0.1,,,,CELSIUS,Celsius (°C),SE,Standard error,0,,N,National,,
DATAFLOW,SPC:DF_CLIMATE_CHANGE(1.0),Climate Change indicators,I,A,Annual,SST_ANOM,Sea Surface Temperature anomalies,TV,Tuvalu,1878,,-0.1,,,,CELSIUS,Celsius (°C),SE,Standard error,0,,N,National,,
DATAFLOW,SPC:DF_CLIMATE_CHANGE(1.0),Climate Change indicators,I,A,Annual,SST_ANOM,Sea Surface Temperature anomalies,TV,Tuvalu,1879,,-0.4,,,,CELSIUS,Celsius (°C),SE,Standard error,0,,N,National,,
DATAFLOW,SPC:DF_CLIMATE_CHANGE(1.0),Climate Change indicators,I,A,Annual,SST_ANOM,Sea Surface Temperature anomalies,TV,Tuvalu,1880,,-0.4,,,,CELSIUS,Celsius (°C),SE,Standard error,0,,N,National,,
DATAFLOW,SPC:DF_CLIMATE_CHANGE(1.0),Climate Change indicators,I,A,Annual,SST_ANOM,Sea Surface Temperature anomalies,TV,Tuvalu,1881,,0.2,,,,CELSIUS,Celsius (°C),SE,Standard error,0.1,,N,National,,
DATAFLOW,SPC:DF_CLIMATE_CHANGE(1.0),Climate Change indicators,I,A,Annual,SST_ANOM,Sea Surface Temperature anomalies,TV,Tuvalu,1882,,0.3,,,,CELSIUS,Celsius (°C),SE,Standard error,0.1,,N,National,,
DATAFLOW,SPC:DF_CLIMATE_CHANGE(1.0),Climate Change indicators,I,A,Annual,SST_ANOM,Sea Surface Temperature anomalies,TV,Tuvalu,1883,,-0.2,,,,CELSIUS,Celsius (°C),SE,Standard error,0,,N,National,,
DATAFLOW,SPC:DF_CLIMATE_CHANGE(1.0),Climate Change indicators,I,A,Annual,SST_ANOM,Sea Surface Temperature anomalies,TV,Tuvalu,1884,,-0.2,,,,CELSIUS,Celsius (°C),SE,Standard error,0,,N,National,,
DATAFLOW,SPC:DF_CLIMATE_CHANGE(1.0),Climate Change indicators,I,A,Annual,SST_ANOM,Sea Surface Temperature anomalies,TV,Tuvalu,1885,,-0.3,,,,CELSIUS,Celsius (°C),SE,Standard error,0.1,,N,National,,
DATAFLOW,SPC:DF_CLIMATE_CHANGE(1.0),Climate Change indicators,I,A,Annual,SST_ANOM,Sea Surface Temperature anomalies,TV,Tuvalu,1886,,-0.5,,,,CELSIUS,Celsius (°C),SE,Standard error,0.1,,N,National,,
DATAFLOW,SPC:DF_CLIMATE_CHANGE(1.0),Climate Change indicators,I,A,Annual,SST_ANOM,Sea Surface Temperature anomalies,TV,Tuvalu,1887,,-0.5,,,,CELSIUS,Celsius (°C),SE,Standard error,0.2,,N,National,,
DATAFLOW,SPC:DF_CLIMATE_CHANGE(1.0),Climate Change indicators,I,A,Annual,SST_ANOM,Sea Surface Temperature anomalies,TV,Tuvalu,1888,,-0.1,,,,CELSIUS,Celsius (°C),SE,Standard error,0.1,,N,National,,
DATAFLOW,SPC:DF_CLIMATE_CHANGE(1.0),Climate Change indicators,I,A,Annual,SST_ANOM,Sea Surface Temperature anomalies,TV,Tuvalu,1889,,-0.3,,,,CELSIUS,Celsius (°C),SE,Standard error,0.1,,N,National,,
DATAFLOW,SPC:DF_CLIMATE_CHANGE(1.0),Climate Change indicators,I,A,Annual,SST_ANOM,Sea Surface Temperature anomalies,TV,Tuvalu,1890,,-0.6,,,,CELSIUS,Celsius (°C),SE,Standard error,0.1,,N,National,,
DATAFLOW,SPC:DF_CLIMATE_CHANGE(1.0),Climate Change indicators,I,A,Annual,SST_ANOM,Sea Surface Temperature anomalies,TV,Tuvalu,1891,,-0.3,,,,CELSIUS,Celsius (°C),SE,Standard error,0.1,,N,National,,
DATAFLOW,SPC:DF_CLIMATE_CHANGE(1.0),Climate Change indicators,I,A,Annual,SST_ANOM,Sea Surface Temperature anomalies,TV,Tuvalu,1892,,-0.2,,,,CELSIUS,Celsius (°C),SE,Standard error,0.1,,N,National,,
DATAFLOW,SPC:DF_CLIMATE_CHANGE(1.0),Climate Change indicators,I,A,Annual,SST_ANOM,Sea Surface Temperature anomalies,TV,Tuvalu,1893,,-0.5,,,,CELSIUS,Celsius (°C),SE,Standard error,0,,N,National,,
DATAFLOW,SPC:DF_CLIMATE_CHANGE(1.0),Climate Change indicators,I,A,Annual,SST_ANOM,Sea Surface Temperature anomalies,TV,Tuvalu,1894,,-0.3,,,,CELSIUS,Celsius (°C),SE,Standard error,0,,N,National,,
DATAFLOW,SPC:DF_CLIMATE_CHANGE(1.0),Climate Change indicators,I,A,Annual,SST_ANOM,Sea Surface Temperature anomalies,TV,Tuvalu,1895,,-0.2,,,,CELSIUS,Celsius (°C),SE,Standard error,0,,N,National,,
DATAFLOW,SPC:DF_CLIMATE_CHANGE(1.0),Climate Change indicators,I,A,Annual,SST_ANOM,Sea Surface Temperature anomalies,TV,Tuvalu,1896,,-0.3,,,,CELSIUS,Celsius (°C),SE,Standard error,0,,N,National,,
DATAFLOW,SPC:DF_CLIMATE_CHANGE(1.0),Climate Change indicators,I,A,Annual,SST_ANOM,Sea Surface Temperature anomalies,TV,Tuvalu,1897,,-0.1,,,,CELSIUS,Celsius (°C),SE,Standard error,0.1,,N,National,,
DATAFLOW,SPC:DF_CLIMATE_CHANGE(1.0),Climate Change indicators,I,A,Annual,SST_ANOM,Sea Surface Temperature anomalies,TV,Tuvalu,1898,,-0.4,,,,CELSIUS,Celsius (°C),SE,Standard error,0,,N,National,,
DATAFLOW,SPC:DF_CLIMATE_CHANGE(1.0),Climate Change indicators,I,A,Annual,SST_ANOM,Sea Surface Temperature anomalies,TV,Tuvalu,1899,,-0.2,,,,CELSIUS,Celsius (°C),SE,Standard error,0.1,,N,National,,
DATAFLOW,SPC:DF_CLIMATE_CHANGE(1.0),Climate Change indicators,I,A,Annual,SST_ANOM,Sea Surface Temperature anomalies,TV,Tuvalu,1900,,0.1,,,,CELSIUS,Celsius (°C),SE,Standard error,0.1,,N,National,,
DATAFLOW,SPC:DF_CLIMATE_CHANGE(1.0),Climate Change indicators,I,A,Annual,SST_ANOM,Sea Surface Temperature anomalies,TV,Tuvalu,1901,,0,,,,CELSIUS,Celsius (°C),SE,Standard error,0.1,,N,National,,
DATAFLOW,SPC:DF_CLIMATE_CHANGE(1.0),Climate Change indicators,I,A,Annual,SST_ANOM,Sea Surface Temperature anomalies,TV,Tuvalu,1902,,-0.3,,,,CELSIUS,Celsius (°C),SE,Standard error,0.1,,N,National,,
DATAFLOW,SPC:DF_CLIMATE_CHANGE(1.0),Climate Change indicators,I,A,Annual,SST_ANOM,Sea Surface Temperature anomalies,TV,Tuvalu,1903,,-0.3,,,,CELSIUS,Celsius (°C),SE,Standard error,0.1,,N,National,,
DATAFLOW,SPC:DF_CLIMATE_CHANGE(1.0),Climate Change indicators,I,A,Annual,SST_ANOM,Sea Surface Temperature anomalies,TV,Tuvalu,1904,,-0.6,,,,CELSIUS,Celsius (°C),SE,Standard error,0.1,,N,National,,
DATAFLOW,SPC:DF_CLIMATE_CHANGE(1.0),Climate Change indicators,I,A,Annual,SST_ANOM,Sea Surface Temperature anomalies,TV,Tuvalu,1905,,-0.3,,,,CELSIUS,Celsius (°C),SE,Standard error,0,,N,National,,
DATAFLOW,SPC:DF_CLIMATE_CHANGE(1.0),Climate Change indicators,I,A,Annual,SST_ANOM,Sea Surface Temperature anomalies,TV,Tuvalu,1906,,-0.4,,,,CELSIUS,Celsius (°C),SE,Standard error,0.1,,N,National,,
DATAFLOW,SPC:DF_CLIMATE_CHANGE(1.0),Climate Change indicators,I,A,Annual,SST_ANOM,Sea Surface Temperature anomalies,TV,Tuvalu,1907,,-0.4,,,,CELSIUS,Celsius (°C),SE,Standard error,0.1,,N,National,,
DATAFLOW,SPC:DF_CLIMATE_CHANGE(1.0),Climate Change indicators,I,A,Annual,SST_ANOM,Sea Surface Temperature anomalies,TV,Tuvalu,1908,,-0.7,,,,CELSIUS,Celsius (°C),SE,Standard error,0.1,,N,National,,
DATAFLOW,SPC:DF_CLIMATE_CHANGE(1.0),Climate Change indicators,I,A,Annual,SST_ANOM,Sea Surface Temperature anomalies,TV,Tuvalu,1909,,-0.9,,,,CELSIUS,Celsius (°C),SE,Standard error,0.1,,N,National,,
DATAFLOW,SPC:DF_CLIMATE_CHANGE(1.0),Climate Change indicators,I,A,Annual,SST_ANOM,Sea Surface Temperature anomalies,TV,Tuvalu,1910,,-1.1,,,,CELSIUS,Celsius (°C),SE,Standard error,0.1,,N,National,,
DATAFLOW,SPC:DF_CLIMATE_CHANGE(1.0),Climate Change indicators,I,A,Annual,SST_ANOM,Sea Surface Temperature anomalies,TV,Tuvalu,1911,,-0.7,,,,CELSIUS,Celsius (°C),SE,Standard error,0.1,,N,National,,
DATAFLOW,SPC:DF_CLIMATE_CHANGE(1.0),Climate Change indicators,I,A,Annual,SST_ANOM,Sea Surface Temperature anomalies,TV,Tuvalu,1912,,-0.4,,,,CELSIUS,Celsius (°C),SE,Standard error,0.1,,N,National,,
DATAFLOW,SPC:DF_CLIMATE_CHANGE(1.0),Climate Change indicators,I,A,Annual,SST_ANOM,Sea Surface Temperature anomalies,TV,Tuvalu,1913,,-0.6,,,,CELSIUS,Celsius (°C),SE,Standard error,0.1,,N,National,,
DATAFLOW,SPC:DF_CLIMATE_CHANGE(1.0),Climate Change indicators,I,A,Annual,SST_ANOM,Sea Surface Temperature anomalies,TV,Tuvalu,1914,,-0.3,,,,CELSIUS,Celsius (°C),SE,Standard error,0.1,,N,National,,
DATAFLOW,SPC:DF_CLIMATE_CHANGE(1.0),Climate Change indicators,I,A,Annual,SST_ANOM,Sea Surface Temperature anomalies,TV,Tuvalu,1915,,-0.3,,,,CELSIUS,Celsius (°C),SE,Standard error,0.1,,N,National,,
DATAFLOW,SPC:DF_CLIMATE_CHANGE(1.0),Climate Change indicators,I,A,Annual,SST_ANOM,Sea Surface Temperature anomalies,TV,Tuvalu,1916,,-1,,,,CELSIUS,Celsius (°C),SE,Standard error,0.1,,N,National,,
DATAFLOW,SPC:DF_CLIMATE_CHANGE(1.0),Climate Change indicators,I,A,Annual,SST_ANOM,Sea Surface Temperature anomalies,TV,Tuvalu,1917,,-1.6,,,,CELSIUS,Celsius (°C),SE,Standard error,0.2,,N,National,,
DATAFLOW,SPC:DF_CLIMATE_CHANGE(1.0),Climate Change indicators,I,A,Annual,SST_ANOM,Sea Surface Temperature anomalies,TV,Tuvalu,1918,,-0.6,,,,CELSIUS,Celsius (°C),SE,Standard error,0.1,,N,National,,
DATAFLOW,SPC:DF_CLIMATE_CHANGE(1.0),Climate Change indicators,I,A,Annual,SST_ANOM,Sea Surface Temperature anomalies,TV,Tuvalu,1919,,-0.9,,,,CELSIUS,Celsius (°C),SE,Standard error,0.1,,N,National,,
DATAFLOW,SPC:DF_CLIMATE_CHANGE(1.0),Climate Change indicators,I,A,Annual,SST_ANOM,Sea Surface Temperature anomalies,TV,Tuvalu,1920,,-0.5,,,,CELSIUS,Celsius (°C),SE,Standard error,0.1,,N,National,,
DATAFLOW,SPC:DF_CLIMATE_CHANGE(1.0),Climate Change indicators,I,A,Annual,SST_ANOM,Sea Surface Temperature anomalies,TV,Tuvalu,1921,,-0.5,,,,CELSIUS,Celsius (°C),SE,Standard error,0.1,,N,National,,
DATAFLOW,SPC:DF_CLIMATE_CHANGE(1.0),Climate Change indicators,I,A,Annual,SST_ANOM,Sea Surface Temperature anomalies,TV,Tuvalu,1922,,-0.4,,,,CELSIUS,Celsius (°C),SE,Standard error,0.1,,N,National,,
DATAFLOW,SPC:DF_CLIMATE_CHANGE(1.0),Climate Change indicators,I,A,Annual,SST_ANOM,Sea Surface Temperature anomalies,TV,Tuvalu,1923,,-0.3,,,,CELSIUS,Celsius (°C),SE,Standard error,0,,N,National,,
DATAFLOW,SPC:DF_CLIMATE_CHANGE(1.0),Climate Change indicators,I,A,Annual,SST_ANOM,Sea Surface Temperature anomalies,TV,Tuvalu,1924,,-0.4,,,,CELSIUS,Celsius (°C),SE,Standard error,0.1,,N,National,,
DATAFLOW,SPC:DF_CLIMATE_CHANGE(1.0),Climate Change indicators,I,A,Annual,SST_ANOM,Sea Surface Temperature anomalies,TV,Tuvalu,1925,,-0.5,,,,CELSIUS,Celsius (°C),SE,Standard error,0.1,,N,National,,
DATAFLOW,SPC:DF_CLIMATE_CHANGE(1.0),Climate Change indicators,I,A,Annual,SST_ANOM,Sea Surface Temperature anomalies,TV,Tuvalu,1926,,-0.3,,,,CELSIUS,Celsius (°C),SE,Standard error,0.1,,N,National,,
DATAFLOW,SPC:DF_CLIMATE_CHANGE(1.0),Climate Change indicators,I,A,Annual,SST_ANOM,Sea Surface Temperature anomalies,TV,Tuvalu,1927,,-0.6,,,,CELSIUS,Celsius (°C),SE,Standard error,0.1,,N,National,,
DATAFLOW,SPC:DF_CLIMATE_CHANGE(1.0),Climate Change indicators,I,A,Annual,SST_ANOM,Sea Surface Temperature anomalies,TV,Tuvalu,1928,,-0.3,,,,CELSIUS,Celsius (°C),SE,Standard error,0.1,,N,National,,
DATAFLOW,SPC:DF_CLIMATE_CHANGE(1.0),Climate Change indicators,I,A,Annual,SST_ANOM,Sea Surface Temperature anomalies,TV,Tuvalu,1929,,-0.3,,,,CELSIUS,Celsius (°C),SE,Standard error,0,,N,National,,
DATAFLOW,SPC:DF_CLIMATE_CHANGE(1.0),Climate Change indicators,I,A,Annual,SST_ANOM,Sea Surface Temperature anomalies,TV,Tuvalu,1930,,-0.2,,,,CELSIUS,Celsius (°C),SE,Standard error,0.1,,N,National,,
DATAFLOW,SPC:DF_CLIMATE_CHANGE(1.0),Climate Change indicators,I,A,Annual,SST_ANOM,Sea Surface Temperature anomalies,TV,Tuvalu,1931,,-0.2,,,,CELSIUS,Celsius (°C),SE,Standard error,0,,N,National,,
DATAFLOW,SPC:DF_CLIMATE_CHANGE(1.0),Climate Change indicators,I,A,Annual,SST_ANOM,Sea Surface Temperature anomalies,TV,Tuvalu,1932,,-0.3,,,,CELSIUS,Celsius (°C),SE,Standard error,0.1,,N,National,,
DATAFLOW,SPC:DF_CLIMATE_CHANGE(1.0),Climate Change indicators,I,A,Annual,SST_ANOM,Sea Surface Temperature anomalies,TV,Tuvalu,1933,,-0.7,,,,CELSIUS,Celsius (°C),SE,Standard error,0.1,,N,National,,
DATAFLOW,SPC:DF_CLIMATE_CHANGE(1.0),Climate Change indicators,I,A,Annual,SST_ANOM,Sea Surface Temperature anomalies,TV,Tuvalu,1934,,-0.7,,,,CELSIUS,Celsius (°C),SE,Standard error,0.1,,N,National,,
DATAFLOW,SPC:DF_CLIMATE_CHANGE(1.0),Climate Change indicators,I,A,Annual,SST_ANOM,Sea Surface Temperature anomalies,TV,Tuvalu,1935,,-0.4,,,,CELSIUS,Celsius (°C),SE,Standard error,0,,N,National,,
DATAFLOW,SPC:DF_CLIMATE_CHANGE(1.0),Climate Change indicators,I,A,Annual,SST_ANOM,Sea Surface Temperature anomalies,TV,Tuvalu,1936,,-0.4,,,,CELSIUS,Celsius (°C),SE,Standard error,0,,N,National,,
DATAFLOW,SPC:DF_CLIMATE_CHANGE(1.0),Climate Change indicators,I,A,Annual,SST_ANOM,Sea Surface Temperature anomalies,TV,Tuvalu,1937,,-0.4,,,,CELSIUS,Celsius (°C),SE,Standard error,0,,N,National,,
DATAFLOW,SPC:DF_CLIMATE_CHANGE(1.0),Climate Change indicators,I,A,Annual,SST_ANOM,Sea Surface Temperature anomalies,TV,Tuvalu,1938,,-0.6,,,,CELSIUS,Celsius (°C),SE,Standard error,0.1,,N,National,,
DATAFLOW,SPC:DF_CLIMATE_CHANGE(1.0),Climate Change indicators,I,A,Annual,SST_ANOM,Sea Surface Temperature anomalies,TV,Tuvalu,1939,,-0.5,,,,CELSIUS,Celsius (°C),SE,Standard error,0.1,,N,National,,
DATAFLOW,SPC:DF_CLIMATE_CHANGE(1.0),Climate Change indicators,I,A,Annual,SST_ANOM,Sea Surface Temperature anomalies,TV,Tuvalu,1940,,0.1,,,,CELSIUS,Celsius (°C),SE,Standard error,0.1,,N,National,,
DATAFLOW,SPC:DF_CLIMATE_CHANGE(1.0),Climate Change indicators,I,A,Annual,SST_ANOM,Sea Surface Temperature anomalies,TV,Tuvalu,1941,,0.3,,,,CELSIUS,Celsius (°C),SE,Standard error,0,,N,National,,
DATAFLOW,SPC:DF_CLIMATE_CHANGE(1.0),Climate Change indicators,I,A,Annual,SST_ANOM,Sea Surface Temperature anomalies,TV,Tuvalu,1942,,0,,,,CELSIUS,Celsius (°C),SE,Standard error,0.1,,N,National,,
DATAFLOW,SPC:DF_CLIMATE_CHANGE(1.0),Climate Change indicators,I,A,Annual,SST_ANOM,Sea Surface Temperature anomalies,TV,Tuvalu,1943,,-0.2,,,,CELSIUS,Celsius (°C),SE,Standard error,0.1,,N,National,,
DATAFLOW,SPC:DF_CLIMATE_CHANGE(1.0),Climate Change indicators,I,A,Annual,SST_ANOM,Sea Surface Temperature anomalies,TV,Tuvalu,1944,,0.1,,,,CELSIUS,Celsius (°C),SE,Standard error,0,,N,National,,
DATAFLOW,SPC:DF_CLIMATE_CHANGE(1.0),Climate Change indicators,I,A,Annual,SST_ANOM,Sea Surface Temperature anomalies,TV,Tuvalu,1945,,0,,,,CELSIUS,Celsius (°C),SE,Standard error,0,,N,National,,
DATAFLOW,SPC:DF_CLIMATE_CHANGE(1.0),Climate Change indicators,I,A,Annual,SST_ANOM,Sea Surface Temperature anomalies,TV,Tuvalu,1946,,0.1,,,,CELSIUS,Celsius (°C),SE,Standard error,0.1,,N,National,,
DATAFLOW,SPC:DF_CLIMATE_CHANGE(1.0),Climate Change indicators,I,A,Annual,SST_ANOM,Sea Surface Temperature anomalies,TV,Tuvalu,1947,,0,,,,CELSIUS,Celsius (°C),SE,Standard error,0.1,,N,National,,
DATAFLOW,SPC:DF_CLIMATE_CHANGE(1.0),Climate Change indicators,I,A,Annual,SST_ANOM,Sea Surface Temperature anomalies,TV,Tuvalu,1948,,-0.4,,,,CELSIUS,Celsius (°C),SE,Standard error,0.2,,N,National,,
DATAFLOW,SPC:DF_CLIMATE_CHANGE(1.0),Climate Change indicators,I,A,Annual,SST_ANOM,Sea Surface Temperature anomalies,TV,Tuvalu,1949,,-0.5,,,,CELSIUS,Celsius (°C),SE,Standard error,0.1,,N,National,,
DATAFLOW,SPC:DF_CLIMATE_CHANGE(1.0),Climate Change indicators,I,A,Annual,SST_ANOM,Sea Surface Temperature anomalies,TV,Tuvalu,1950,,-0.7,,,,CELSIUS,Celsius (°C),SE,Standard error,0.1,,N,National,,
DATAFLOW,SPC:DF_CLIMATE_CHANGE(1.0),Climate Change indicators,I,A,Annual,SST_ANOM,Sea Surface Temperature anomalies,TV,Tuvalu,1951,,-0.2,,,,CELSIUS,Celsius (°C),SE,Standard error,0.1,,N,National,,
DATAFLOW,SPC:DF_CLIMATE_CHANGE(1.0),Climate Change indicators,I,A,Annual,SST_ANOM,Sea Surface Temperature anomalies,TV,Tuvalu,1952,,-0.2,,,,CELSIUS,Celsius (°C),SE,Standard error,0,,N,National,,
DATAFLOW,SPC:DF_CLIMATE_CHANGE(1.0),Climate Change indicators,I,A,Annual,SST_ANOM,Sea Surface Temperature anomalies,TV,Tuvalu,1953,,-0.1,,,,CELSIUS,Celsius (°C),SE,Standard error,0,,N,National,,
DATAFLOW,SPC:DF_CLIMATE_CHANGE(1.0),Climate Change indicators,I,A,Annual,SST_ANOM,Sea Surface Temperature anomalies,TV,Tuvalu,1954,,-0.4,,,,CELSIUS,Celsius (°C),SE,Standard error,0.1,,N,National,,
DATAFLOW,SPC:DF_CLIMATE_CHANGE(1.0),Climate Change indicators,I,A,Annual,SST_ANOM,Sea Surface Temperature anomalies,TV,Tuvalu,1955,,-0.7,,,,CELSIUS,Celsius (°C),SE,Standard error,0.1,,N,National,,
DATAFLOW,SPC:DF_CLIMATE_CHANGE(1.0),Climate Change indicators,I,A,Annual,SST_ANOM,Sea Surface Temperature anomalies,TV,Tuvalu,1956,,-0.6,,,,CELSIUS,Celsius (°C),SE,Standard error,0.1,,N,National,,
DATAFLOW,SPC:DF_CLIMATE_CHANGE(1.0),Climate Change indicators,I,A,Annual,SST_ANOM,Sea Surface Temperature anomalies,TV,Tuvalu,1957,,-0.4,,,,CELSIUS,Celsius (°C),SE,Standard error,0,,N,National,,
DATAFLOW,SPC:DF_CLIMATE_CHANGE(1.0),Climate Change indicators,I,A,Annual,SST_ANOM,Sea Surface Temperature anomalies,TV,Tuvalu,1958,,0,,,,CELSIUS,Celsius (°C),SE,Standard error,0,,N,National,,
DATAFLOW,SPC:DF_CLIMATE_CHANGE(1.0),Climate Change indicators,I,A,Annual,SST_ANOM,Sea Surface Temperature anomalies,TV,Tuvalu,1959,,-0.2,,,,CELSIUS,Celsius (°C),SE,Standard error,0.1,,N,National,,
DATAFLOW,SPC:DF_CLIMATE_CHANGE(1.0),Climate Change indicators,I,A,Annual,SST_ANOM,Sea Surface Temperature anomalies,TV,Tuvalu,1960,,-0.3,,,,CELSIUS,Celsius (°C),SE,Standard error,0.1,,N,National,,
DATAFLOW,SPC:DF_CLIMATE_CHANGE(1.0),Climate Change indicators,I,A,Annual,SST_ANOM,Sea Surface Temperature anomalies,TV,Tuvalu,1961,,-0.4,,,,CELSIUS,Celsius (°C),SE,Standard error,0,,N,National,,
DATAFLOW,SPC:DF_CLIMATE_CHANGE(1.0),Climate Change indicators,I,A,Annual,SST_ANOM,Sea Surface Temperature anomalies,TV,Tuvalu,1962,,-0.4,,,,CELSIUS,Celsius (°C),SE,Standard error,0,,N,National,,
DATAFLOW,SPC:DF_CLIMATE_CHANGE(1.0),Climate Change indicators,I,A,Annual,SST_ANOM,Sea Surface Temperature anomalies,TV,Tuvalu,1963,,-0.3,,,,CELSIUS,Celsius (°C),SE,Standard error,0,,N,National,,
DATAFLOW,SPC:DF_CLIMATE_CHANGE(1.0),Climate Change indicators,I,A,Annual,SST_ANOM,Sea Surface Temperature anomalies,TV,Tuvalu,1964,,-0.6,,,,CELSIUS,Celsius (°C),SE,Standard error,0.1,,N,National,,
DATAFLOW,SPC:DF_CLIMATE_CHANGE(1.0),Climate Change indicators,I,A,Annual,SST_ANOM,Sea Surface Temperature anomalies,TV,Tuvalu,1965,,-0.4,,,,CELSIUS,Celsius (°C),SE,Standard error,0.1,,N,National,,
DATAFLOW,SPC:DF_CLIMATE_CHANGE(1.0),Climate Change indicators,I,A,Annual,SST_ANOM,Sea Surface Temperature anomalies,TV,Tuvalu,1966,,0,,,,CELSIUS,Celsius (°C),SE,Standard error,0,,N,National,,
DATAFLOW,SPC:DF_CLIMATE_CHANGE(1.0),Climate Change indicators,I,A,Annual,SST_ANOM,Sea Surface Temperature anomalies,TV,Tuvalu,1967,,-0.4,,,,CELSIUS,Celsius (°C),SE,Standard error,0,,N,National,,
DATAFLOW,SPC:DF_CLIMATE_CHANGE(1.0),Climate Change indicators,I,A,Annual,SST_ANOM,Sea Surface Temperature anomalies,TV,Tuvalu,1968,,-0.3,,,,CELSIUS,Celsius (°C),SE,Standard error,0.1,,N,National,,
DATAFLOW,SPC:DF_CLIMATE_CHANGE(1.0),Climate Change indicators,I,A,Annual,SST_ANOM,Sea Surface Temperature anomalies,TV,Tuvalu,1969,,0.3,,,,CELSIUS,Celsius (°C),SE,Standard error,0,,N,National,,
DATAFLOW,SPC:DF_CLIMATE_CHANGE(1.0),Climate Change indicators,I,A,Annual,SST_ANOM,Sea Surface Temperature anomalies,TV,Tuvalu,1970,,-0.2,,,,CELSIUS,Celsius (°C),SE,Standard error,0.1,,N,National,,
DATAFLOW,SPC:DF_CLIMATE_CHANGE(1.0),Climate Change indicators,I,A,Annual,SST_ANOM,Sea Surface Temperature anomalies,TV,Tuvalu,1971,,-0.6,,,,CELSIUS,Celsius (°C),SE,Standard error,0.1,,N,National,,
DATAFLOW,SPC:DF_CLIMATE_CHANGE(1.0),Climate Change indicators,I,A,Annual,SST_ANOM,Sea Surface Temperature anomalies,TV,Tuvalu,1972,,-0.1,,,,CELSIUS,Celsius (°C),SE,Standard error,0,,N,National,,
DATAFLOW,SPC:DF_CLIMATE_CHANGE(1.0),Climate Change indicators,I,A,Annual,SST_ANOM,Sea Surface Temperature anomalies,TV,Tuvalu,1973,,-0.2,,,,CELSIUS,Celsius (°C),SE,Standard error,0.1,,N,National,,
DATAFLOW,SPC:DF_CLIMATE_CHANGE(1.0),Climate Change indicators,I,A,Annual,SST_ANOM,Sea Surface Temperature anomalies,TV,Tuvalu,1974,,-0.6,,,,CELSIUS,Celsius (°C),SE,Standard error,0.1,,N,National,,
DATAFLOW,SPC:DF_CLIMATE_CHANGE(1.0),Climate Change indicators,I,A,Annual,SST_ANOM,Sea Surface Temperature anomalies,TV,Tuvalu,1975,,-0.7,,,,CELSIUS,Celsius (°C),SE,Standard error,0.1,,N,National,,
DATAFLOW,SPC:DF_CLIMATE_CHANGE(1.0),Climate Change indicators,I,A,Annual,SST_ANOM,Sea Surface Temperature anomalies,TV,Tuvalu,1976,,-0.4,,,,CELSIUS,Celsius (°C),SE,Standard error,0.1,,N,National,,
DATAFLOW,SPC:DF_CLIMATE_CHANGE(1.0),Climate Change indicators,I,A,Annual,SST_ANOM,Sea Surface Temperature anomalies,TV,Tuvalu,1977,,0.1,,,,CELSIUS,Celsius (°C),SE,Standard error,0,,N,National,,
DATAFLOW,SPC:DF_CLIMATE_CHANGE(1.0),Climate Change indicators,I,A,Annual,SST_ANOM,Sea Surface Temperature anomalies,TV,Tuvalu,1978,,0,,,,CELSIUS,Celsius (°C),SE,Standard error,0,,N,National,,
DATAFLOW,SPC:DF_CLIMATE_CHANGE(1.0),Climate Change indicators,I,A,Annual,SST_ANOM,Sea Surface Temperature anomalies,TV,Tuvalu,1979,,0.1,,,,CELSIUS,Celsius (°C),SE,Standard error,0,,N,National,,
DATAFLOW,SPC:DF_CLIMATE_CHANGE(1.0),Climate Change indicators,I,A,Annual,SST_ANOM,Sea Surface Temperature anomalies,TV,Tuvalu,1980,,0.2,,,,CELSIUS,Celsius (°C),SE,Standard error,0,,N,National,,
DATAFLOW,SPC:DF_CLIMATE_CHANGE(1.0),Climate Change indicators,I,A,Annual,SST_ANOM,Sea Surface Temperature anomalies,TV,Tuvalu,1981,,-0.1,,,,CELSIUS,Celsius (°C),SE,Standard error,0.1,,N,National,,
DATAFLOW,SPC:DF_CLIMATE_CHANGE(1.0),Climate Change indicators,I,A,Annual,SST_ANOM,Sea Surface Temperature anomalies,TV,Tuvalu,1982,,0.1,,,,CELSIUS,Celsius (°C),SE,Standard error,0,,N,National,,
DATAFLOW,SPC:DF_CLIMATE_CHANGE(1.0),Climate Change indicators,I,A,Annual,SST_ANOM,Sea Surface Temperature anomalies,TV,Tuvalu,1983,,-0.2,,,,CELSIUS,Celsius (°C),SE,Standard error,0,,N,National,,
DATAFLOW,SPC:DF_CLIMATE_CHANGE(1.0),Climate Change indicators,I,A,Annual,SST_ANOM,Sea Surface Temperature anomalies,TV,Tuvalu,1984,,-0.2,,,,CELSIUS,Celsius (°C),SE,Standard error,0,,N,National,,
DATAFLOW,SPC:DF_CLIMATE_CHANGE(1.0),Climate Change indicators,I,A,Annual,SST_ANOM,Sea Surface Temperature anomalies,TV,Tuvalu,1985,,-0.2,,,,CELSIUS,Celsius (°C),SE,Standard error,0,,N,National,,
DATAFLOW,SPC:DF_CLIMATE_CHANGE(1.0),Climate Change indicators,I,A,Annual,SST_ANOM,Sea Surface Temperature anomalies,TV,Tuvalu,1986,,0,,,,CELSIUS,Celsius (°C),SE,Standard error,0,,N,National,,
DATAFLOW,SPC:DF_CLIMATE_CHANGE(1.0),Climate Change indicators,I,A,Annual,SST_ANOM,Sea Surface Temperature anomalies,TV,Tuvalu,1987,,0.1,,,,CELSIUS,Celsius (°C),SE,Standard error,0.1,,N,National,,
DATAFLOW,SPC:DF_CLIMATE_CHANGE(1.0),Climate Change indicators,I,A,Annual,SST_ANOM,Sea Surface Temperature anomalies,TV,Tuvalu,1988,,0,,,,CELSIUS,Celsius (°C),SE,Standard error,0.1,,N,National,,
DATAFLOW,SPC:DF_CLIMATE_CHANGE(1.0),Climate Change indicators,I,A,Annual,SST_ANOM,Sea Surface Temperature anomalies,TV,Tuvalu,1989,,-0.3,,,,CELSIUS,Celsius (°C),SE,Standard error,0.1,,N,National,,
DATAFLOW,SPC:DF_CLIMATE_CHANGE(1.0),Climate Change indicators,I,A,Annual,SST_ANOM,Sea Surface Temperature anomalies,TV,Tuvalu,1990,,0.3,,,,CELSIUS,Celsius (°C),SE,Standard error,0,,N,National,,
DATAFLOW,SPC:DF_CLIMATE_CHANGE(1.0),Climate Change indicators,I,A,Annual,SST_ANOM,Sea Surface Temperature anomalies,TV,Tuvalu,1991,,0.4,,,,CELSIUS,Celsius (°C),SE,Standard error,0,,N,National,,
DATAFLOW,SPC:DF_CLIMATE_CHANGE(1.0),Climate Change indicators,I,A,Annual,SST_ANOM,Sea Surface Temperature anomalies,TV,Tuvalu,1992,,0.2,,,,CELSIUS,Celsius (°C),SE,Standard error,0.1,,N,National,,
DATAFLOW,SPC:DF_CLIMATE_CHANGE(1.0),Climate Change indicators,I,A,Annual,SST_ANOM,Sea Surface Temperature anomalies,TV,Tuvalu,1993,,0.1,,,,CELSIUS,Celsius (°C),SE,Standard error,0,,N,National,,
DATAFLOW,SPC:DF_CLIMATE_CHANGE(1.0),Climate Change indicators,I,A,Annual,SST_ANOM,Sea Surface Temperature anomalies,TV,Tuvalu,1994,,0.3,,,,CELSIUS,Celsius (°C),SE,Standard error,0,,N,National,,
DATAFLOW,SPC:DF_CLIMATE_CHANGE(1.0),Climate Change indicators,I,A,Annual,SST_ANOM,Sea Surface Temperature anomalies,TV,Tuvalu,1995,,0.4,,,,CELSIUS,Celsius (°C),SE,Standard error,0,,N,National,,
DATAFLOW,SPC:DF_CLIMATE_CHANGE(1.0),Climate Change indicators,I,A,Annual,SST_ANOM,Sea Surface Temperature anomalies,TV,Tuvalu,1996,,0.1,,,,CELSIUS,Celsius (°C),SE,Standard error,0,,N,National,,
DATAFLOW,SPC:DF_CLIMATE_CHANGE(1.0),Climate Change indicators,I,A,Annual,SST_ANOM,Sea Surface Temperature anomalies,TV,Tuvalu,1997,,0.2,,,,CELSIUS,Celsius (°C),SE,Standard error,0,,N,National,,
DATAFLOW,SPC:DF_CLIMATE_CHANGE(1.0),Climate Change indicators,I,A,Annual,SST_ANOM,Sea Surface Temperature anomalies,TV,Tuvalu,1998,,-0.2,,,,CELSIUS,Celsius (°C),SE,Standard error,0.1,,N,National,,
DATAFLOW,SPC:DF_CLIMATE_CHANGE(1.0),Climate Change indicators,I,A,Annual,SST_ANOM,Sea Surface Temperature anomalies,TV,Tuvalu,1999,,-0.3,,,,CELSIUS,Celsius (°C),SE,Standard error,0,,N,National,,
DATAFLOW,SPC:DF_CLIMATE_CHANGE(1.0),Climate Change indicators,I,A,Annual,SST_ANOM,Sea Surface Temperature anomalies,TV,Tuvalu,2000,,-0.1,,,,CELSIUS,Celsius (°C),SE,Standard error,0.1,,N,National,,
DATAFLOW,SPC:DF_CLIMATE_CHANGE(1.0),Climate Change indicators,I,A,Annual,SST_ANOM,Sea Surface Temperature anomalies,TV,Tuvalu,2001,,0.2,,,,CELSIUS,Celsius (°C),SE,Standard error,0,,N,National,,
DATAFLOW,SPC:DF_CLIMATE_CHANGE(1.0),Climate Change indicators,I,A,Annual,SST_ANOM,Sea Surface Temperature anomalies,TV,Tuvalu,2002,,0.5,,,,CELSIUS,Celsius (°C),SE,Standard error,0,,N,National,,
DATAFLOW,SPC:DF_CLIMATE_CHANGE(1.0),Climate Change indicators,I,A,Annual,SST_ANOM,Sea Surface Temperature anomalies,TV,Tuvalu,2003,,0.6,,,,CELSIUS,Celsius (°C),SE,Standard error,0,,N,National,,
DATAFLOW,SPC:DF_CLIMATE_CHANGE(1.0),Climate Change indicators,I,A,Annual,SST_ANOM,Sea Surface Temperature anomalies,TV,Tuvalu,2004,,0.6,,,,CELSIUS,Celsius (°C),SE,Standard error,0,,N,National,,
DATAFLOW,SPC:DF_CLIMATE_CHANGE(1.0),Climate Change indicators,I,A,Annual,SST_ANOM,Sea Surface Temperature anomalies,TV,Tuvalu,2005,,0.5,,,,CELSIUS,Celsius (°C),SE,Standard error,0,,N,National,,
DATAFLOW,SPC:DF_CLIMATE_CHANGE(1.0),Climate Change indicators,I,A,Annual,SST_ANOM,Sea Surface Temperature anomalies,TV,Tuvalu,2006,,0.4,,,,CELSIUS,Celsius (°C),SE,Standard error,0.1,,N,National,,
DATAFLOW,SPC:DF_CLIMATE_CHANGE(1.0),Climate Change indicators,I,A,Annual,SST_ANOM,Sea Surface Temperature anomalies,TV,Tuvalu,2007,,0.4,,,,CELSIUS,Celsius (°C),SE,Standard error,0.1,,N,National,,
DATAFLOW,SPC:DF_CLIMATE_CHANGE(1.0),Climate Change indicators,I,A,Annual,SST_ANOM,Sea Surface Temperature anomalies,TV,Tuvalu,2008,,-0.2,,,,CELSIUS,Celsius (°C),SE,Standard error,0.1,,N,National,,
DATAFLOW,SPC:DF_CLIMATE_CHANGE(1.0),Climate Change indicators,I,A,Annual,SST_ANOM,Sea Surface Temperature anomalies,TV,Tuvalu,2009,,0.4,,,,CELSIUS,Celsius (°C),SE,Standard error,0.1,,N,National,,
DATAFLOW,SPC:DF_CLIMATE_CHANGE(1.0),Climate Change indicators,I,A,Annual,SST_ANOM,Sea Surface Temperature anomalies,TV,Tuvalu,2010,,0.2,,,,CELSIUS,Celsius (°C),SE,Standard error,0.1,,N,National,,
DATAFLOW,SPC:DF_CLIMATE_CHANGE(1.0),Climate Change indicators,I,A,Annual,SST_ANOM,Sea Surface Temperature anomalies,TV,Tuvalu,2011,,-0.2,,,,CELSIUS,Celsius (°C),SE,Standard error,0.1,,N,National,,
DATAFLOW,SPC:DF_CLIMATE_CHANGE(1.0),Climate Change indicators,I,A,Annual,SST_ANOM,Sea Surface Temperature anomalies,TV,Tuvalu,2012,,0.3,,,,CELSIUS,Celsius (°C),SE,Standard error,0.1,,N,National,,
DATAFLOW,SPC:DF_CLIMATE_CHANGE(1.0),Climate Change indicators,I,A,Annual,SST_ANOM,Sea Surface Temperature anomalies,TV,Tuvalu,2013,,0.4,,,,CELSIUS,Celsius (°C),SE,Standard error,0,,N,National,,
DATAFLOW,SPC:DF_CLIMATE_CHANGE(1.0),Climate Change indicators,I,A,Annual,SST_ANOM,Sea Surface Temperature anomalies,TV,Tuvalu,2014,,0.6,,,,CELSIUS,Celsius (°C),SE,Standard error,0,,N,National,,
DATAFLOW,SPC:DF_CLIMATE_CHANGE(1.0),Climate Change indicators,I,A,Annual,SST_ANOM,Sea Surface Temperature anomalies,TV,Tuvalu,2015,,0.6,,,,CELSIUS,Celsius (°C),SE,Standard error,0.1,,N,National,,
DATAFLOW,SPC:DF_CLIMATE_CHANGE(1.0),Climate Change indicators,I,A,Annual,SST_ANOM,Sea Surface Temperature anomalies,TV,Tuvalu,2016,,0.7,,,,CELSIUS,Celsius (°C),SE,Standard error,0,,N,National,,
DATAFLOW,SPC:DF_CLIMATE_CHANGE(1.0),Climate Change indicators,I,A,Annual,SST_ANOM,Sea Surface Temperature anomalies,TV,Tuvalu,2017,,0.5,,,,CELSIUS,Celsius (°C),SE,Standard error,0,,N,National,,
DATAFLOW,SPC:DF_CLIMATE_CHANGE(1.0),Climate Change indicators,I,A,Annual,SST_ANOM,Sea Surface Temperature anomalies,TV,Tuvalu,2018,,0.6,,,,CELSIUS,Celsius (°C),SE,Standard error,0.1,,N,National,,
DATAFLOW,SPC:DF_CLIMATE_CHANGE(1.0),Climate Change indicators,I,A,Annual,SST_ANOM,Sea Surface Temperature anomalies,TV,Tuvalu,2019,,0.8,,,,CELSIUS,Celsius (°C),SE,Standard error,0,,N,National,,
DATAFLOW,SPC:DF_CLIMATE_CHANGE(1.0),Climate Change indicators,I,A,Annual,SST_ANOM,Sea Surface Temperature anomalies,TV,Tuvalu,2020,,0.6,,,,CELSIUS,Celsius (°C),SE,Standard error,0.1,,N,National,,
DATAFLOW,SPC:DF_CLIMATE_CHANGE(1.0),Climate Change indicators,I,A,Annual,SST_ANOM,Sea Surface Temperature anomalies,TV,Tuvalu,2021,,0.2,,,,CELSIUS,Celsius (°C),SE,Standard error,0,,N,National,,
DATAFLOW,SPC:DF_CLIMATE_CHANGE(1.0),Climate Change indicators,I,A,Annual,SST_ANOM,Sea Surface Temperature anomalies,TV,Tuvalu,2022,,-0.1,,,,CELSIUS,Celsius (°C),SE,Standard error,0.1,,N,National,,
DATAFLOW,SPC:DF_CLIMATE_CHANGE(1.0),Climate Change indicators,I,A,Annual,SST_ANOM,Sea Surface Temperature anomalies,TV,Tuvalu,2023,,0.6,,,,CELSIUS,Celsius (°C),SE,Standard error,0.1,,N,National,,
DATAFLOW,SPC:DF_CLIMATE_CHANGE(1.0),Climate Change indicators,I,A,Annual,SST_ANOM,Sea Surface Temperature anomalies,TV,Tuvalu,2024,,0.9,,,,CELSIUS,Celsius (°C),SE,Standard error,0.1,,N,National,,
DATAFLOW,SPC:DF_CLIMATE_CHANGE(1.0),Climate Change indicators,I,A,Annual,SST_ANOM,Sea Surface Temperature anomalies,TV,Tuvalu,2025,,0.4,,,,CELSIUS,Celsius (°C),SE,Standard error,0,,N,National,,
DATAFLOW,SPC:DF_CLIMATE_CHANGE(1.0),Climate Change indicators,I,A,Annual,SST_ANOM,Sea Surface Temperature anomalies,KI,Kiribati,1850,,-0.2,,,,CELSIUS,Celsius (°C),SE,Standard error,0.1,,N,National,,
DATAFLOW,SPC:DF_CLIMATE_CHANGE(1.0),Climate Change indicators,I,A,Annual,SST_ANOM,Sea Surface Temperature anomalies,KI,Kiribati,1851,,-0.5,,,,CELSIUS,Celsius (°C),SE,Standard error,0.1,,N,National,,
DATAFLOW,SPC:DF_CLIMATE_CHANGE(1.0),Climate Change indicators,I,A,Annual,SST_ANOM,Sea Surface Temperature anomalies,KI,Kiribati,1852,,-0.2,,,,CELSIUS,Celsius (°C),SE,Standard error,0.1,,N,National,,
DATAFLOW,SPC:DF_CLIMATE_CHANGE(1.0),Climate Change indicators,I,A,Annual,SST_ANOM,Sea Surface Temperature anomalies,KI,Kiribati,1853,,-0.1,,,,CELSIUS,Celsius (°C),SE,Standard error,0.1,,N,National,,
DATAFLOW,SPC:DF_CLIMATE_CHANGE(1.0),Climate Change indicators,I,A,Annual,SST_ANOM,Sea Surface Temperature anomalies,KI,Kiribati,1854,,-0.1,,,,CELSIUS,Celsius (°C),SE,Standard error,0.1,,N,National,,
DATAFLOW,SPC:DF_CLIMATE_CHANGE(1.0),Climate Change indicators,I,A,Annual,SST_ANOM,Sea Surface Temperature anomalies,KI,Kiribati,1855,,0.1,,,,CELSIUS,Celsius (°C),SE,Standard error,0.2,,N,National,,
DATAFLOW,SPC:DF_CLIMATE_CHANGE(1.0),Climate Change indicators,I,A,Annual,SST_ANOM,Sea Surface Temperature anomalies,KI,Kiribati,1856,,-0.6,,,,CELSIUS,Celsius (°C),SE,Standard error,0.2,,N,National,,
DATAFLOW,SPC:DF_CLIMATE_CHANGE(1.0),Climate Change indicators,I,A,Annual,SST_ANOM,Sea Surface Temperature anomalies,KI,Kiribati,1857,,-0.8,,,,CELSIUS,Celsius (°C),SE,Standard error,0.1,,N,National,,
DATAFLOW,SPC:DF_CLIMATE_CHANGE(1.0),Climate Change indicators,I,A,Annual,SST_ANOM,Sea Surface Temperature anomalies,KI,Kiribati,1858,,-0.2,,,,CELSIUS,Celsius (°C),SE,Standard error,0,,N,National,,
DATAFLOW,SPC:DF_CLIMATE_CHANGE(1.0),Climate Change indicators,I,A,Annual,SST_ANOM,Sea Surface Temperature anomalies,KI,Kiribati,1859,,0.1,,,,CELSIUS,Celsius (°C),SE,Standard error,0,,N,National,,
DATAFLOW,SPC:DF_CLIMATE_CHANGE(1.0),Climate Change indicators,I,A,Annual,SST_ANOM,Sea Surface Temperature anomalies,KI,Kiribati,1860,,-0.5,,,,CELSIUS,Celsius (°C),SE,Standard error,0.1,,N,National,,
DATAFLOW,SPC:DF_CLIMATE_CHANGE(1.0),Climate Change indicators,I,A,Annual,SST_ANOM,Sea Surface Temperature anomalies,KI,Kiribati,1861,,-0.8,,,,CELSIUS,Celsius (°C),SE,Standard error,0.1,,N,National,,
DATAFLOW,SPC:DF_CLIMATE_CHANGE(1.0),Climate Change indicators,I,A,Annual,SST_ANOM,Sea Surface Temperature anomalies,KI,Kiribati,1862,,-0.8,,,,CELSIUS,Celsius (°C),SE,Standard error,0,,N,National,,
DATAFLOW,SPC:DF_CLIMATE_CHANGE(1.0),Climate Change indicators,I,A,Annual,SST_ANOM,Sea Surface Temperature anomalies,KI,Kiribati,1863,,-0.6,,,,CELSIUS,Celsius (°C),SE,Standard error,0,,N,National,,
DATAFLOW,SPC:DF_CLIMATE_CHANGE(1.0),Climate Change indicators,I,A,Annual,SST_ANOM,Sea Surface Temperature anomalies,KI,Kiribati,1864,,-0.5,,,,CELSIUS,Celsius (°C),SE,Standard error,0,,N,National,,
DATAFLOW,SPC:DF_CLIMATE_CHANGE(1.0),Climate Change indicators,I,A,Annual,SST_ANOM,Sea Surface Temperature anomalies,KI,Kiribati,1865,,-0.4,,,,CELSIUS,Celsius (°C),SE,Standard error,0,,N,National,,
DATAFLOW,SPC:DF_CLIMATE_CHANGE(1.0),Climate Change indicators,I,A,Annual,SST_ANOM,Sea Surface Temperature anomalies,KI,Kiribati,1866,,-0.5,,,,CELSIUS,Celsius (°C),SE,Standard error,0,,N,National,,
DATAFLOW,SPC:DF_CLIMATE_CHANGE(1.0),Climate Change indicators,I,A,Annual,SST_ANOM,Sea Surface Temperature anomalies,KI,Kiribati,1867,,-0.5,,,,CELSIUS,Celsius (°C),SE,Standard error,0,,N,National,,
DATAFLOW,SPC:DF_CLIMATE_CHANGE(1.0),Climate Change indicators,I,A,Annual,SST_ANOM,Sea Surface Temperature anomalies,KI,Kiribati,1868,,-0.5,,,,CELSIUS,Celsius (°C),SE,Standard error,0,,N,National,,
DATAFLOW,SPC:DF_CLIMATE_CHANGE(1.0),Climate Change indicators,I,A,Annual,SST_ANOM,Sea Surface Temperature anomalies,KI,Kiribati,1869,,-0.6,,,,CELSIUS,Celsius (°C),SE,Standard error,0.1,,N,National,,
DATAFLOW,SPC:DF_CLIMATE_CHANGE(1.0),Climate Change indicators,I,A,Annual,SST_ANOM,Sea Surface Temperature anomalies,KI,Kiribati,1870,,-1.1,,,,CELSIUS,Celsius (°C),SE,Standard error,0.1,,N,National,,
DATAFLOW,SPC:DF_CLIMATE_CHANGE(1.0),Climate Change indicators,I,A,Annual,SST_ANOM,Sea Surface Temperature anomalies,KI,Kiribati,1871,,-0.5,,,,CELSIUS,Celsius (°C),SE,Standard error,0.1,,N,National,,
DATAFLOW,SPC:DF_CLIMATE_CHANGE(1.0),Climate Change indicators,I,A,Annual,SST_ANOM,Sea Surface Temperature anomalies,KI,Kiribati,1872,,-0.6,,,,CELSIUS,Celsius (°C),SE,Standard error,0.1,,N,National,,
DATAFLOW,SPC:DF_CLIMATE_CHANGE(1.0),Climate Change indicators,I,A,Annual,SST_ANOM,Sea Surface Temperature anomalies,KI,Kiribati,1873,,-0.8,,,,CELSIUS,Celsius (°C),SE,Standard error,0.1,,N,National,,
DATAFLOW,SPC:DF_CLIMATE_CHANGE(1.0),Climate Change indicators,I,A,Annual,SST_ANOM,Sea Surface Temperature anomalies,KI,Kiribati,1874,,-0.7,,,,CELSIUS,Celsius (°C),SE,Standard error,0.1,,N,National,,
DATAFLOW,SPC:DF_CLIMATE_CHANGE(1.0),Climate Change indicators,I,A,Annual,SST_ANOM,Sea Surface Temperature anomalies,KI,Kiribati,1875,,-0.6,,,,CELSIUS,Celsius (°C),SE,Standard error,0,,N,National,,
DATAFLOW,SPC:DF_CLIMATE_CHANGE(1.0),Climate Change indicators,I,A,Annual,SST_ANOM,Sea Surface Temperature anomalies,KI,Kiribati,1876,,-0.5,,,,CELSIUS,Celsius (°C),SE,Standard error,0.1,,N,National,,
DATAFLOW,SPC:DF_CLIMATE_CHANGE(1.0),Climate Change indicators,I,A,Annual,SST_ANOM,Sea Surface Temperature anomalies,KI,Kiribati,1877,,0.4,,,,CELSIUS,Celsius (°C),SE,Standard error,0.1,,N,National,,
DATAFLOW,SPC:DF_CLIMATE_CHANGE(1.0),Climate Change indicators,I,A,Annual,SST_ANOM,Sea Surface Temperature anomalies,KI,Kiribati,1878,,0,,,,CELSIUS,Celsius (°C),SE,Standard error,0.2,,N,National,,
DATAFLOW,SPC:DF_CLIMATE_CHANGE(1.0),Climate Change indicators,I,A,Annual,SST_ANOM,Sea Surface Temperature anomalies,KI,Kiribati,1879,,-0.8,,,,CELSIUS,Celsius (°C),SE,Standard error,0.1,,N,National,,
DATAFLOW,SPC:DF_CLIMATE_CHANGE(1.0),Climate Change indicators,I,A,Annual,SST_ANOM,Sea Surface Temperature anomalies,KI,Kiribati,1880,,-0.4,,,,CELSIUS,Celsius (°C),SE,Standard error,0.1,,N,National,,
DATAFLOW,SPC:DF_CLIMATE_CHANGE(1.0),Climate Change indicators,I,A,Annual,SST_ANOM,Sea Surface Temperature anomalies,KI,Kiribati,1881,,0.1,,,,CELSIUS,Celsius (°C),SE,Standard error,0.1,,N,National,,
DATAFLOW,SPC:DF_CLIMATE_CHANGE(1.0),Climate Change indicators,I,A,Annual,SST_ANOM,Sea Surface Temperature anomalies,KI,Kiribati,1882,,0,,,,CELSIUS,Celsius (°C),SE,Standard error,0.1,,N,National,,
DATAFLOW,SPC:DF_CLIMATE_CHANGE(1.0),Climate Change indicators,I,A,Annual,SST_ANOM,Sea Surface Temperature anomalies,KI,Kiribati,1883,,-0.2,,,,CELSIUS,Celsius (°C),SE,Standard error,0,,N,National,,
DATAFLOW,SPC:DF_CLIMATE_CHANGE(1.0),Climate Change indicators,I,A,Annual,SST_ANOM,Sea Surface Temperature anomalies,KI,Kiribati,1884,,-0.1,,,,CELSIUS,Celsius (°C),SE,Standard error,0,,N,National,,
DATAFLOW,SPC:DF_CLIMATE_CHANGE(1.0),Climate Change indicators,I,A,Annual,SST_ANOM,Sea Surface Temperature anomalies,KI,Kiribati,1885,,0,,,,CELSIUS,Celsius (°C),SE,Standard error,0.1,,N,National,,
DATAFLOW,SPC:DF_CLIMATE_CHANGE(1.0),Climate Change indicators,I,A,Annual,SST_ANOM,Sea Surface Temperature anomalies,KI,Kiribati,1886,,-0.8,,,,CELSIUS,Celsius (°C),SE,Standard error,0.2,,N,National,,
DATAFLOW,SPC:DF_CLIMATE_CHANGE(1.0),Climate Change indicators,I,A,Annual,SST_ANOM,Sea Surface Temperature anomalies,KI,Kiribati,1887,,-1,,,,CELSIUS,Celsius (°C),SE,Standard error,0.2,,N,National,,
DATAFLOW,SPC:DF_CLIMATE_CHANGE(1.0),Climate Change indicators,I,A,Annual,SST_ANOM,Sea Surface Temperature anomalies,KI,Kiribati,1888,,0.4,,,,CELSIUS,Celsius (°C),SE,Standard error,0.1,,N,National,,
DATAFLOW,SPC:DF_CLIMATE_CHANGE(1.0),Climate Change indicators,I,A,Annual,SST_ANOM,Sea Surface Temperature anomalies,KI,Kiribati,1889,,-0.2,,,,CELSIUS,Celsius (°C),SE,Standard error,0.3,,N,National,,
DATAFLOW,SPC:DF_CLIMATE_CHANGE(1.0),Climate Change indicators,I,A,Annual,SST_ANOM,Sea Surface Temperature anomalies,KI,Kiribati,1890,,-1,,,,CELSIUS,Celsius (°C),SE,Standard error,0.1,,N,National,,
DATAFLOW,SPC:DF_CLIMATE_CHANGE(1.0),Climate Change indicators,I,A,Annual,SST_ANOM,Sea Surface Temperature anomalies,KI,Kiribati,1891,,-0.3,,,,CELSIUS,Celsius (°C),SE,Standard error,0,,N,National,,
DATAFLOW,SPC:DF_CLIMATE_CHANGE(1.0),Climate Change indicators,I,A,Annual,SST_ANOM,Sea Surface Temperature anomalies,KI,Kiribati,1892,,-0.6,,,,CELSIUS,Celsius (°C),SE,Standard error,0.1,,N,National,,
DATAFLOW,SPC:DF_CLIMATE_CHANGE(1.0),Climate Change indicators,I,A,Annual,SST_ANOM,Sea Surface Temperature anomalies,KI,Kiribati,1893,,-0.9,,,,CELSIUS,Celsius (°C),SE,Standard error,0,,N,National,,
DATAFLOW,SPC:DF_CLIMATE_CHANGE(1.0),Climate Change indicators,I,A,Annual,SST_ANOM,Sea Surface Temperature anomalies,KI,Kiribati,1894,,-0.7,,,,CELSIUS,Celsius (°C),SE,Standard error,0,,N,National,,
DATAFLOW,SPC:DF_CLIMATE_CHANGE(1.0),Climate Change indicators,I,A,Annual,SST_ANOM,Sea Surface Temperature anomalies,KI,Kiribati,1895,,-0.3,,,,CELSIUS,Celsius (°C),SE,Standard error,0.1,,N,National,,
DATAFLOW,SPC:DF_CLIMATE_CHANGE(1.0),Climate Change indicators,I,A,Annual,SST_ANOM,Sea Surface Temperature anomalies,KI,Kiribati,1896,,0.2,,,,CELSIUS,Celsius (°C),SE,Standard error,0.1,,N,National,,
DATAFLOW,SPC:DF_CLIMATE_CHANGE(1.0),Climate Change indicators,I,A,Annual,SST_ANOM,Sea Surface Temperature anomalies,KI,Kiribati,1897,,0,,,,CELSIUS,Celsius (°C),SE,Standard error,0.1,,N,National,,
DATAFLOW,SPC:DF_CLIMATE_CHANGE(1.0),Climate Change indicators,I,A,Annual,SST_ANOM,Sea Surface Temperature anomalies,KI,Kiribati,1898,,-0.7,,,,CELSIUS,Celsius (°C),SE,Standard error,0.1,,N,National,,
DATAFLOW,SPC:DF_CLIMATE_CHANGE(1.0),Climate Change indicators,I,A,Annual,SST_ANOM,Sea Surface Temperature anomalies,KI,Kiribati,1899,,-0.3,,,,CELSIUS,Celsius (°C),SE,Standard error,0.2,,N,National,,
DATAFLOW,SPC:DF_CLIMATE_CHANGE(1.0),Climate Change indicators,I,A,Annual,SST_ANOM,Sea Surface Temperature anomalies,KI,Kiribati,1900,,0.5,,,,CELSIUS,Celsius (°C),SE,Standard error,0.1,,N,National,,
DATAFLOW,SPC:DF_CLIMATE_CHANGE(1.0),Climate Change indicators,I,A,Annual,SST_ANOM,Sea Surface Temperature anomalies,KI,Kiribati,1901,,0,,,,CELSIUS,Celsius (°C),SE,Standard error,0.1,,N,National,,
DATAFLOW,SPC:DF_CLIMATE_CHANGE(1.0),Climate Change indicators,I,A,Annual,SST_ANOM,Sea Surface Temperature anomalies,KI,Kiribati,1902,,0.4,,,,CELSIUS,Celsius (°C),SE,Standard error,0.2,,N,National,,
DATAFLOW,SPC:DF_CLIMATE_CHANGE(1.0),Climate Change indicators,I,A,Annual,SST_ANOM,Sea Surface Temperature anomalies,KI,Kiribati,1903,,-0.1,,,,CELSIUS,Celsius (°C),SE,Standard error,0.2,,N,National,,
DATAFLOW,SPC:DF_CLIMATE_CHANGE(1.0),Climate Change indicators,I,A,Annual,SST_ANOM,Sea Surface Temperature anomalies,KI,Kiribati,1904,,-0.7,,,,CELSIUS,Celsius (°C),SE,Standard error,0.2,,N,National,,
DATAFLOW,SPC:DF_CLIMATE_CHANGE(1.0),Climate Change indicators,I,A,Annual,SST_ANOM,Sea Surface Temperature anomalies,KI,Kiribati,1905,,0.4,,,,CELSIUS,Celsius (°C),SE,Standard error,0.1,,N,National,,
DATAFLOW,SPC:DF_CLIMATE_CHANGE(1.0),Climate Change indicators,I,A,Annual,SST_ANOM,Sea Surface Temperature anomalies,KI,Kiribati,1906,,-0.3,,,,CELSIUS,Celsius (°C),SE,Standard error,0.1,,N,National,,
DATAFLOW,SPC:DF_CLIMATE_CHANGE(1.0),Climate Change indicators,I,A,Annual,SST_ANOM,Sea Surface Temperature anomalies,KI,Kiribati,1907,,-0.3,,,,CELSIUS,Celsius (°C),SE,Standard error,0.1,,N,National,,
DATAFLOW,SPC:DF_CLIMATE_CHANGE(1.0),Climate Change indicators,I,A,Annual,SST_ANOM,Sea Surface Temperature anomalies,KI,Kiribati,1908,,-0.7,,,,CELSIUS,Celsius (°C),SE,Standard error,0.1,,N,National,,
DATAFLOW,SPC:DF_CLIMATE_CHANGE(1.0),Climate Change indicators,I,A,Annual,SST_ANOM,Sea Surface Temperature anomalies,KI,Kiribati,1909,,-1.1,,,,CELSIUS,Celsius (°C),SE,Standard error,0.1,,N,National,,
DATAFLOW,SPC:DF_CLIMATE_CHANGE(1.0),Climate Change indicators,I,A,Annual,SST_ANOM,Sea Surface Temperature anomalies,KI,Kiribati,1910,,-1.3,,,,CELSIUS,Celsius (°C),SE,Standard error,0.1,,N,National,,
DATAFLOW,SPC:DF_CLIMATE_CHANGE(1.0),Climate Change indicators,I,A,Annual,SST_ANOM,Sea Surface Temperature anomalies,KI,Kiribati,1911,,-0.5,,,,CELSIUS,Celsius (°C),SE,Standard error,0.1,,N,National,,
DATAFLOW,SPC:DF_CLIMATE_CHANGE(1.0),Climate Change indicators,I,A,Annual,SST_ANOM,Sea Surface Temperature anomalies,KI,Kiribati,1912,,-0.1,,,,CELSIUS,Celsius (°C),SE,Standard error,0.1,,N,National,,
DATAFLOW,SPC:DF_CLIMATE_CHANGE(1.0),Climate Change indicators,I,A,Annual,SST_ANOM,Sea Surface Temperature anomalies,KI,Kiribati,1913,,-0.3,,,,CELSIUS,Celsius (°C),SE,Standard error,0.1,,N,National,,
DATAFLOW,SPC:DF_CLIMATE_CHANGE(1.0),Climate Change indicators,I,A,Annual,SST_ANOM,Sea Surface Temperature anomalies,KI,Kiribati,1914,,0.2,,,,CELSIUS,Celsius (°C),SE,Standard error,0.1,,N,National,,
DATAFLOW,SPC:DF_CLIMATE_CHANGE(1.0),Climate Change indicators,I,A,Annual,SST_ANOM,Sea Surface Temperature anomalies,KI,Kiribati,1915,,-0.1,,,,CELSIUS,Celsius (°C),SE,Standard error,0.2,,N,National,,
DATAFLOW,SPC:DF_CLIMATE_CHANGE(1.0),Climate Change indicators,I,A,Annual,SST_ANOM,Sea Surface Temperature anomalies,KI,Kiribati,1916,,-1.2,,,,CELSIUS,Celsius (°C),SE,Standard error,0.2,,N,National,,
DATAFLOW,SPC:DF_CLIMATE_CHANGE(1.0),Climate Change indicators,I,A,Annual,SST_ANOM,Sea Surface Temperature anomalies,KI,Kiribati,1917,,-2,,,,CELSIUS,Celsius (°C),SE,Standard error,0.1,,N,National,,
DATAFLOW,SPC:DF_CLIMATE_CHANGE(1.0),Climate Change indicators,I,A,Annual,SST_ANOM,Sea Surface Temperature anomalies,KI,Kiribati,1918,,-0.3,,,,CELSIUS,Celsius (°C),SE,Standard error,0.2,,N,National,,
DATAFLOW,SPC:DF_CLIMATE_CHANGE(1.0),Climate Change indicators,I,A,Annual,SST_ANOM,Sea Surface Temperature anomalies,KI,Kiribati,1919,,-0.5,,,,CELSIUS,Celsius (°C),SE,Standard error,0.1,,N,National,,
DATAFLOW,SPC:DF_CLIMATE_CHANGE(1.0),Climate Change indicators,I,A,Annual,SST_ANOM,Sea Surface Temperature anomalies,KI,Kiribati,1920,,-0.2,,,,CELSIUS,Celsius (°C),SE,Standard error,0.1,,N,National,,
DATAFLOW,SPC:DF_CLIMATE_CHANGE(1.0),Climate Change indicators,I,A,Annual,SST_ANOM,Sea Surface Temperature anomalies,KI,Kiribati,1921,,-0.7,,,,CELSIUS,Celsius (°C),SE,Standard error,0.2,,N,National,,
DATAFLOW,SPC:DF_CLIMATE_CHANGE(1.0),Climate Change indicators,I,A,Annual,SST_ANOM,Sea Surface Temperature anomalies,KI,Kiribati,1922,,-0.6,,,,CELSIUS,Celsius (°C),SE,Standard error,0.1,,N,National,,
DATAFLOW,SPC:DF_CLIMATE_CHANGE(1.0),Climate Change indicators,I,A,Annual,SST_ANOM,Sea Surface Temperature anomalies,KI,Kiribati,1923,,-0.3,,,,CELSIUS,Celsius (°C),SE,Standard error,0.1,,N,National,,
DATAFLOW,SPC:DF_CLIMATE_CHANGE(1.0),Climate Change indicators,I,A,Annual,SST_ANOM,Sea Surface Temperature anomalies,KI,Kiribati,1924,,-0.6,,,,CELSIUS,Celsius (°C),SE,Standard error,0.2,,N,National,,
DATAFLOW,SPC:DF_CLIMATE_CHANGE(1.0),Climate Change indicators,I,A,Annual,SST_ANOM,Sea Surface Temperature anomalies,KI,Kiribati,1925,,-0.5,,,,CELSIUS,Celsius (°C),SE,Standard error,0.2,,N,National,,
DATAFLOW,SPC:DF_CLIMATE_CHANGE(1.0),Climate Change indicators,I,A,Annual,SST_ANOM,Sea Surface Temperature anomalies,KI,Kiribati,1926,,-0.1,,,,CELSIUS,Celsius (°C),SE,Standard error,0.1,,N,National,,
DATAFLOW,SPC:DF_CLIMATE_CHANGE(1.0),Climate Change indicators,I,A,Annual,SST_ANOM,Sea Surface Temperature anomalies,KI,Kiribati,1927,,-0.6,,,,CELSIUS,Celsius (°C),SE,Standard error,0.1,,N,National,,
DATAFLOW,SPC:DF_CLIMATE_CHANGE(1.0),Climate Change indicators,I,A,Annual,SST_ANOM,Sea Surface Temperature anomalies,KI,Kiribati,1928,,-0.4,,,,CELSIUS,Celsius (°C),SE,Standard error,0,,N,National,,
DATAFLOW,SPC:DF_CLIMATE_CHANGE(1.0),Climate Change indicators,I,A,Annual,SST_ANOM,Sea Surface Temperature anomalies,KI,Kiribati,1929,,-0.3,,,,CELSIUS,Celsius (°C),SE,Standard error,0,,N,National,,
DATAFLOW,SPC:DF_CLIMATE_CHANGE(1.0),Climate Change indicators,I,A,Annual,SST_ANOM,Sea Surface Temperature anomalies,KI,Kiribati,1930,,0.1,,,,CELSIUS,Celsius (°C),SE,Standard error,0.1,,N,National,,
DATAFLOW,SPC:DF_CLIMATE_CHANGE(1.0),Climate Change indicators,I,A,Annual,SST_ANOM,Sea Surface Temperature anomalies,KI,Kiribati,1931,,-0.1,,,,CELSIUS,Celsius (°C),SE,Standard error,0.1,,N,National,,
DATAFLOW,SPC:DF_CLIMATE_CHANGE(1.0),Climate Change indicators,I,A,Annual,SST_ANOM,Sea Surface Temperature anomalies,KI,Kiribati,1932,,-0.4,,,,CELSIUS,Celsius (°C),SE,Standard error,0.1,,N,National,,
DATAFLOW,SPC:DF_CLIMATE_CHANGE(1.0),Climate Change indicators,I,A,Annual,SST_ANOM,Sea Surface Temperature anomalies,KI,Kiribati,1933,,-1,,,,CELSIUS,Celsius (°C),SE,Standard error,0.1,,N,National,,
DATAFLOW,SPC:DF_CLIMATE_CHANGE(1.0),Climate Change indicators,I,A,Annual,SST_ANOM,Sea Surface Temperature anomalies,KI,Kiribati,1934,,-0.8,,,,CELSIUS,Celsius (°C),SE,Standard error,0.1,,N,National,,
DATAFLOW,SPC:DF_CLIMATE_CHANGE(1.0),Climate Change indicators,I,A,Annual,SST_ANOM,Sea Surface Temperature anomalies,KI,Kiribati,1935,,-0.6,,,,CELSIUS,Celsius (°C),SE,Standard error,0.1,,N,National,,
DATAFLOW,SPC:DF_CLIMATE_CHANGE(1.0),Climate Change indicators,I,A,Annual,SST_ANOM,Sea Surface Temperature anomalies,KI,Kiribati,1936,,-0.5,,,,CELSIUS,Celsius (°C),SE,Standard error,0,,N,National,,
DATAFLOW,SPC:DF_CLIMATE_CHANGE(1.0),Climate Change indicators,I,A,Annual,SST_ANOM,Sea Surface Temperature anomalies,KI,Kiribati,1937,,-0.5,,,,CELSIUS,Celsius (°C),SE,Standard error,0.1,,N,National,,
DATAFLOW,SPC:DF_CLIMATE_CHANGE(1.0),Climate Change indicators,I,A,Annual,SST_ANOM,Sea Surface Temperature anomalies,KI,Kiribati,1938,,-1.2,,,,CELSIUS,Celsius (°C),SE,Standard error,0.1,,N,National,,
DATAFLOW,SPC:DF_CLIMATE_CHANGE(1.0),Climate Change indicators,I,A,Annual,SST_ANOM,Sea Surface Temperature anomalies,KI,Kiribati,1939,,-0.7,,,,CELSIUS,Celsius (°C),SE,Standard error,0.1,,N,National,,
DATAFLOW,SPC:DF_CLIMATE_CHANGE(1.0),Climate Change indicators,I,A,Annual,SST_ANOM,Sea Surface Temperature anomalies,KI,Kiribati,1940,,0.5,,,,CELSIUS,Celsius (°C),SE,Standard error,0.1,,N,National,,
DATAFLOW,SPC:DF_CLIMATE_CHANGE(1.0),Climate Change indicators,I,A,Annual,SST_ANOM,Sea Surface Temperature anomalies,KI,Kiribati,1941,,0.8,,,,CELSIUS,Celsius (°C),SE,Standard error,0,,N,National,,
DATAFLOW,SPC:DF_CLIMATE_CHANGE(1.0),Climate Change indicators,I,A,Annual,SST_ANOM,Sea Surface Temperature anomalies,KI,Kiribati,1942,,-0.2,,,,CELSIUS,Celsius (°C),SE,Standard error,0.2,,N,National,,
DATAFLOW,SPC:DF_CLIMATE_CHANGE(1.0),Climate Change indicators,I,A,Annual,SST_ANOM,Sea Surface Temperature anomalies,KI,Kiribati,1943,,-0.6,,,,CELSIUS,Celsius (°C),SE,Standard error,0.1,,N,National,,
DATAFLOW,SPC:DF_CLIMATE_CHANGE(1.0),Climate Change indicators,I,A,Annual,SST_ANOM,Sea Surface Temperature anomalies,KI,Kiribati,1944,,-0.1,,,,CELSIUS,Celsius (°C),SE,Standard error,0.1,,N,National,,
DATAFLOW,SPC:DF_CLIMATE_CHANGE(1.0),Climate Change indicators,I,A,Annual,SST_ANOM,Sea Surface Temperature anomalies,KI,Kiribati,1945,,-0.4,,,,CELSIUS,Celsius (°C),SE,Standard error,0.1,,N,National,,
DATAFLOW,SPC:DF_CLIMATE_CHANGE(1.0),Climate Change indicators,I,A,Annual,SST_ANOM,Sea Surface Temperature anomalies,KI,Kiribati,1946,,-0.2,,,,CELSIUS,Celsius (°C),SE,Standard error,0.1,,N,National,,
DATAFLOW,SPC:DF_CLIMATE_CHANGE(1.0),Climate Change indicators,I,A,Annual,SST_ANOM,Sea Surface Temperature anomalies,KI,Kiribati,1947,,-0.1,,,,CELSIUS,Celsius (°C),SE,Standard error,0.1,,N,National,,
DATAFLOW,SPC:DF_CLIMATE_CHANGE(1.0),Climate Change indicators,I,A,Annual,SST_ANOM,Sea Surface Temperature anomalies,KI,Kiribati,1948,,-0.4,,,,CELSIUS,Celsius (°C),SE,Standard error,0.2,,N,National,,
DATAFLOW,SPC:DF_CLIMATE_CHANGE(1.0),Climate Change indicators,I,A,Annual,SST_ANOM,Sea Surface Temperature anomalies,KI,Kiribati,1949,,-0.5,,,,CELSIUS,Celsius (°C),SE,Standard error,0.1,,N,National,,
DATAFLOW,SPC:DF_CLIMATE_CHANGE(1.0),Climate Change indicators,I,A,Annual,SST_ANOM,Sea Surface Temperature anomalies,KI,Kiribati,1950,,-1.1,,,,CELSIUS,Celsius (°C),SE,Standard error,0.1,,N,National,,
DATAFLOW,SPC:DF_CLIMATE_CHANGE(1.0),Climate Change indicators,I,A,Annual,SST_ANOM,Sea Surface Temperature anomalies,KI,Kiribati,1951,,-0.1,,,,CELSIUS,Celsius (°C),SE,Standard error,0.1,,N,National,,
DATAFLOW,SPC:DF_CLIMATE_CHANGE(1.0),Climate Change indicators,I,A,Annual,SST_ANOM,Sea Surface Temperature anomalies,KI,Kiribati,1952,,-0.1,,,,CELSIUS,Celsius (°C),SE,Standard error,0.1,,N,National,,
DATAFLOW,SPC:DF_CLIMATE_CHANGE(1.0),Climate Change indicators,I,A,Annual,SST_ANOM,Sea Surface Temperature anomalies,KI,Kiribati,1953,,0.2,,,,CELSIUS,Celsius (°C),SE,Standard error,0.1,,N,National,,
DATAFLOW,SPC:DF_CLIMATE_CHANGE(1.0),Climate Change indicators,I,A,Annual,SST_ANOM,Sea Surface Temperature anomalies,KI,Kiribati,1954,,-0.5,,,,CELSIUS,Celsius (°C),SE,Standard error,0.1,,N,National,,
DATAFLOW,SPC:DF_CLIMATE_CHANGE(1.0),Climate Change indicators,I,A,Annual,SST_ANOM,Sea Surface Temperature anomalies,KI,Kiribati,1955,,-1,,,,CELSIUS,Celsius (°C),SE,Standard error,0.1,,N,National,,
DATAFLOW,SPC:DF_CLIMATE_CHANGE(1.0),Climate Change indicators,I,A,Annual,SST_ANOM,Sea Surface Temperature anomalies,KI,Kiribati,1956,,-0.9,,,,CELSIUS,Celsius (°C),SE,Standard error,0.1,,N,National,,
DATAFLOW,SPC:DF_CLIMATE_CHANGE(1.0),Climate Change indicators,I,A,Annual,SST_ANOM,Sea Surface Temperature anomalies,KI,Kiribati,1957,,0.1,,,,CELSIUS,Celsius (°C),SE,Standard error,0.1,,N,National,,
DATAFLOW,SPC:DF_CLIMATE_CHANGE(1.0),Climate Change indicators,I,A,Annual,SST_ANOM,Sea Surface Temperature anomalies,KI,Kiribati,1958,,0.5,,,,CELSIUS,Celsius (°C),SE,Standard error,0.1,,N,National,,
DATAFLOW,SPC:DF_CLIMATE_CHANGE(1.0),Climate Change indicators,I,A,Annual,SST_ANOM,Sea Surface Temperature anomalies,KI,Kiribati,1959,,0,,,,CELSIUS,Celsius (°C),SE,Standard error,0.1,,N,National,,
DATAFLOW,SPC:DF_CLIMATE_CHANGE(1.0),Climate Change indicators,I,A,Annual,SST_ANOM,Sea Surface Temperature anomalies,KI,Kiribati,1960,,-0.3,,,,CELSIUS,Celsius (°C),SE,Standard error,0,,N,National,,
DATAFLOW,SPC:DF_CLIMATE_CHANGE(1.0),Climate Change indicators,I,A,Annual,SST_ANOM,Sea Surface Temperature anomalies,KI,Kiribati,1961,,-0.4,,,,CELSIUS,Celsius (°C),SE,Standard error,0,,N,National,,
DATAFLOW,SPC:DF_CLIMATE_CHANGE(1.0),Climate Change indicators,I,A,Annual,SST_ANOM,Sea Surface Temperature anomalies,KI,Kiribati,1962,,-0.5,,,,CELSIUS,Celsius (°C),SE,Standard error,0,,N,National,,
DATAFLOW,SPC:DF_CLIMATE_CHANGE(1.0),Climate Change indicators,I,A,Annual,SST_ANOM,Sea Surface Temperature anomalies,KI,Kiribati,1963,,0,,,,CELSIUS,Celsius (°C),SE,Standard error,0.1,,N,National,,
DATAFLOW,SPC:DF_CLIMATE_CHANGE(1.0),Climate Change indicators,I,A,Annual,SST_ANOM,Sea Surface Temperature anomalies,KI,Kiribati,1964,,-0.7,,,,CELSIUS,Celsius (°C),SE,Standard error,0.2,,N,National,,
DATAFLOW,SPC:DF_CLIMATE_CHANGE(1.0),Climate Change indicators,I,A,Annual,SST_ANOM,Sea Surface Temperature anomalies,KI,Kiribati,1965,,0.1,,,,CELSIUS,Celsius (°C),SE,Standard error,0.2,,N,National,,
DATAFLOW,SPC:DF_CLIMATE_CHANGE(1.0),Climate Change indicators,I,A,Annual,SST_ANOM,Sea Surface Temperature anomalies,KI,Kiribati,1966,,0.3,,,,CELSIUS,Celsius (°C),SE,Standard error,0.1,,N,National,,
DATAFLOW,SPC:DF_CLIMATE_CHANGE(1.0),Climate Change indicators,I,A,Annual,SST_ANOM,Sea Surface Temperature anomalies,KI,Kiribati,1967,,-0.3,,,,CELSIUS,Celsius (°C),SE,Standard error,0,,N,National,,
DATAFLOW,SPC:DF_CLIMATE_CHANGE(1.0),Climate Change indicators,I,A,Annual,SST_ANOM,Sea Surface Temperature anomalies,KI,Kiribati,1968,,-0.1,,,,CELSIUS,Celsius (°C),SE,Standard error,0.1,,N,National,,
DATAFLOW,SPC:DF_CLIMATE_CHANGE(1.0),Climate Change indicators,I,A,Annual,SST_ANOM,Sea Surface Temperature anomalies,KI,Kiribati,1969,,0.6,,,,CELSIUS,Celsius (°C),SE,Standard error,0.1,,N,National,,
DATAFLOW,SPC:DF_CLIMATE_CHANGE(1.0),Climate Change indicators,I,A,Annual,SST_ANOM,Sea Surface Temperature anomalies,KI,Kiribati,1970,,-0.3,,,,CELSIUS,Celsius (°C),SE,Standard error,0.2,,N,National,,
DATAFLOW,SPC:DF_CLIMATE_CHANGE(1.0),Climate Change indicators,I,A,Annual,SST_ANOM,Sea Surface Temperature anomalies,KI,Kiribati,1971,,-1,,,,CELSIUS,Celsius (°C),SE,Standard error,0.1,,N,National,,
DATAFLOW,SPC:DF_CLIMATE_CHANGE(1.0),Climate Change indicators,I,A,Annual,SST_ANOM,Sea Surface Temperature anomalies,KI,Kiribati,1972,,0.2,,,,CELSIUS,Celsius (°C),SE,Standard error,0.1,,N,National,,
DATAFLOW,SPC:DF_CLIMATE_CHANGE(1.0),Climate Change indicators,I,A,Annual,SST_ANOM,Sea Surface Temperature anomalies,KI,Kiribati,1973,,-0.4,,,,CELSIUS,Celsius (°C),SE,Standard error,0.2,,N,National,,
DATAFLOW,SPC:DF_CLIMATE_CHANGE(1.0),Climate Change indicators,I,A,Annual,SST_ANOM,Sea Surface Temperature anomalies,KI,Kiribati,1974,,-1,,,,CELSIUS,Celsius (°C),SE,Standard error,0.1,,N,National,,
DATAFLOW,SPC:DF_CLIMATE_CHANGE(1.0),Climate Change indicators,I,A,Annual,SST_ANOM,Sea Surface Temperature anomalies,KI,Kiribati,1975,,-1.2,,,,CELSIUS,Celsius (°C),SE,Standard error,0.1,,N,National,,
DATAFLOW,SPC:DF_CLIMATE_CHANGE(1.0),Climate Change indicators,I,A,Annual,SST_ANOM,Sea Surface Temperature anomalies,KI,Kiribati,1976,,-0.5,,,,CELSIUS,Celsius (°C),SE,Standard error,0.2,,N,National,,
DATAFLOW,SPC:DF_CLIMATE_CHANGE(1.0),Climate Change indicators,I,A,Annual,SST_ANOM,Sea Surface Temperature anomalies,KI,Kiribati,1977,,0.2,,,,CELSIUS,Celsius (°C),SE,Standard error,0.1,,N,National,,
DATAFLOW,SPC:DF_CLIMATE_CHANGE(1.0),Climate Change indicators,I,A,Annual,SST_ANOM,Sea Surface Temperature anomalies,KI,Kiribati,1978,,-0.1,,,,CELSIUS,Celsius (°C),SE,Standard error,0.1,,N,National,,
DATAFLOW,SPC:DF_CLIMATE_CHANGE(1.0),Climate Change indicators,I,A,Annual,SST_ANOM,Sea Surface Temperature anomalies,KI,Kiribati,1979,,0.1,,,,CELSIUS,Celsius (°C),SE,Standard error,0,,N,National,,
DATAFLOW,SPC:DF_CLIMATE_CHANGE(1.0),Climate Change indicators,I,A,Annual,SST_ANOM,Sea Surface Temperature anomalies,KI,Kiribati,1980,,0.2,,,,CELSIUS,Celsius (°C),SE,Standard error,0,,N,National,,
DATAFLOW,SPC:DF_CLIMATE_CHANGE(1.0),Climate Change indicators,I,A,Annual,SST_ANOM,Sea Surface Temperature anomalies,KI,Kiribati,1981,,-0.3,,,,CELSIUS,Celsius (°C),SE,Standard error,0.1,,N,National,,
DATAFLOW,SPC:DF_CLIMATE_CHANGE(1.0),Climate Change indicators,I,A,Annual,SST_ANOM,Sea Surface Temperature anomalies,KI,Kiribati,1982,,0.5,,,,CELSIUS,Celsius (°C),SE,Standard error,0.1,,N,National,,
DATAFLOW,SPC:DF_CLIMATE_CHANGE(1.0),Climate Change indicators,I,A,Annual,SST_ANOM,Sea Surface Temperature anomalies,KI,Kiribati,1983,,0,,,,CELSIUS,Celsius (°C),SE,Standard error,0.1,,N,National,,
DATAFLOW,SPC:DF_CLIMATE_CHANGE(1.0),Climate Change indicators,I,A,Annual,SST_ANOM,Sea Surface Temperature anomalies,KI,Kiribati,1984,,-0.4,,,,CELSIUS,Celsius (°C),SE,Standard error,0,,N,National,,
DATAFLOW,SPC:DF_CLIMATE_CHANGE(1.0),Climate Change indicators,I,A,Annual,SST_ANOM,Sea Surface Temperature anomalies,KI,Kiribati,1985,,-0.4,,,,CELSIUS,Celsius (°C),SE,Standard error,0.1,,N,National,,
DATAFLOW,SPC:DF_CLIMATE_CHANGE(1.0),Climate Change indicators,I,A,Annual,SST_ANOM,Sea Surface Temperature anomalies,KI,Kiribati,1986,,0.1,,,,CELSIUS,Celsius (°C),SE,Standard error,0.1,,N,National,,
DATAFLOW,SPC:DF_CLIMATE_CHANGE(1.0),Climate Change indicators,I,A,Annual,SST_ANOM,Sea Surface Temperature anomalies,KI,Kiribati,1987,,0.7,,,,CELSIUS,Celsius (°C),SE,Standard error,0.1,,N,National,,
DATAFLOW,SPC:DF_CLIMATE_CHANGE(1.0),Climate Change indicators,I,A,Annual,SST_ANOM,Sea Surface Temperature anomalies,KI,Kiribati,1988,,-0.3,,,,CELSIUS,Celsius (°C),SE,Standard error,0.2,,N,National,,
DATAFLOW,SPC:DF_CLIMATE_CHANGE(1.0),Climate Change indicators,I,A,Annual,SST_ANOM,Sea Surface Temperature anomalies,KI,Kiribati,1989,,-0.6,,,,CELSIUS,Celsius (°C),SE,Standard error,0.1,,N,National,,
DATAFLOW,SPC:DF_CLIMATE_CHANGE(1.0),Climate Change indicators,I,A,Annual,SST_ANOM,Sea Surface Temperature anomalies,KI,Kiribati,1990,,0.3,,,,CELSIUS,Celsius (°C),SE,Standard error,0.1,,N,National,,
DATAFLOW,SPC:DF_CLIMATE_CHANGE(1.0),Climate Change indicators,I,A,Annual,SST_ANOM,Sea Surface Temperature anomalies,KI,Kiribati,1991,,0.7,,,,CELSIUS,Celsius (°C),SE,Standard error,0,,N,National,,
DATAFLOW,SPC:DF_CLIMATE_CHANGE(1.0),Climate Change indicators,I,A,Annual,SST_ANOM,Sea Surface Temperature anomalies,KI,Kiribati,1992,,0.5,,,,CELSIUS,Celsius (°C),SE,Standard error,0.1,,N,National,,
DATAFLOW,SPC:DF_CLIMATE_CHANGE(1.0),Climate Change indicators,I,A,Annual,SST_ANOM,Sea Surface Temperature anomalies,KI,Kiribati,1993,,0.4,,,,CELSIUS,Celsius (°C),SE,Standard error,0,,N,National,,
DATAFLOW,SPC:DF_CLIMATE_CHANGE(1.0),Climate Change indicators,I,A,Annual,SST_ANOM,Sea Surface Temperature anomalies,KI,Kiribati,1994,,0.6,,,,CELSIUS,Celsius (°C),SE,Standard error,0.1,,N,National,,
DATAFLOW,SPC:DF_CLIMATE_CHANGE(1.0),Climate Change indicators,I,A,Annual,SST_ANOM,Sea Surface Temperature anomalies,KI,Kiribati,1995,,0.3,,,,CELSIUS,Celsius (°C),SE,Standard error,0.1,,N,National,,
DATAFLOW,SPC:DF_CLIMATE_CHANGE(1.0),Climate Change indicators,I,A,Annual,SST_ANOM,Sea Surface Temperature anomalies,KI,Kiribati,1996,,-0.2,,,,CELSIUS,Celsius (°C),SE,Standard error,0,,N,National,,
DATAFLOW,SPC:DF_CLIMATE_CHANGE(1.0),Climate Change indicators,I,A,Annual,SST_ANOM,Sea Surface Temperature anomalies,KI,Kiribati,1997,,0.6,,,,CELSIUS,Celsius (°C),SE,Standard error,0.1,,N,National,,
DATAFLOW,SPC:DF_CLIMATE_CHANGE(1.0),Climate Change indicators,I,A,Annual,SST_ANOM,Sea Surface Temperature anomalies,KI,Kiribati,1998,,-0.1,,,,CELSIUS,Celsius (°C),SE,Standard error,0.2,,N,National,,
DATAFLOW,SPC:DF_CLIMATE_CHANGE(1.0),Climate Change indicators,I,A,Annual,SST_ANOM,Sea Surface Temperature anomalies,KI,Kiribati,1999,,-0.8,,,,CELSIUS,Celsius (°C),SE,Standard error,0.1,,N,National,,
DATAFLOW,SPC:DF_CLIMATE_CHANGE(1.0),Climate Change indicators,I,A,Annual,SST_ANOM,Sea Surface Temperature anomalies,KI,Kiribati,2000,,-0.7,,,,CELSIUS,Celsius (°C),SE,Standard error,0.1,,N,National,,
DATAFLOW,SPC:DF_CLIMATE_CHANGE(1.0),Climate Change indicators,I,A,Annual,SST_ANOM,Sea Surface Temperature anomalies,KI,Kiribati,2001,,0,,,,CELSIUS,Celsius (°C),SE,Standard error,0.1,,N,National,,
DATAFLOW,SPC:DF_CLIMATE_CHANGE(1.0),Climate Change indicators,I,A,Annual,SST_ANOM,Sea Surface Temperature anomalies,KI,Kiribati,2002,,0.7,,,,CELSIUS,Celsius (°C),SE,Standard error,0.1,,N,National,,
DATAFLOW,SPC:DF_CLIMATE_CHANGE(1.0),Climate Change indicators,I,A,Annual,SST_ANOM,Sea Surface Temperature anomalies,KI,Kiribati,2003,,0.6,,,,CELSIUS,Celsius (°C),SE,Standard error,0.1,,N,National,,
DATAFLOW,SPC:DF_CLIMATE_CHANGE(1.0),Climate Change indicators,I,A,Annual,SST_ANOM,Sea Surface Temperature anomalies,KI,Kiribati,2004,,0.6,,,,CELSIUS,Celsius (°C),SE,Standard error,0.1,,N,National,,
DATAFLOW,SPC:DF_CLIMATE_CHANGE(1.0),Climate Change indicators,I,A,Annual,SST_ANOM,Sea Surface Temperature anomalies,KI,Kiribati,2005,,0.4,,,,CELSIUS,Celsius (°C),SE,Standard error,0.1,,N,National,,
DATAFLOW,SPC:DF_CLIMATE_CHANGE(1.0),Climate Change indicators,I,A,Annual,SST_ANOM,Sea Surface Temperature anomalies,KI,Kiribati,2006,,0.4,,,,CELSIUS,Celsius (°C),SE,Standard error,0.1,,N,National,,
DATAFLOW,SPC:DF_CLIMATE_CHANGE(1.0),Climate Change indicators,I,A,Annual,SST_ANOM,Sea Surface Temperature anomalies,KI,Kiribati,2007,,0.1,,,,CELSIUS,Celsius (°C),SE,Standard error,0.1,,N,National,,
DATAFLOW,SPC:DF_CLIMATE_CHANGE(1.0),Climate Change indicators,I,A,Annual,SST_ANOM,Sea Surface Temperature anomalies,KI,Kiribati,2008,,-0.6,,,,CELSIUS,Celsius (°C),SE,Standard error,0.1,,N,National,,
DATAFLOW,SPC:DF_CLIMATE_CHANGE(1.0),Climate Change indicators,I,A,Annual,SST_ANOM,Sea Surface Temperature anomalies,KI,Kiribati,2009,,0.4,,,,CELSIUS,Celsius (°C),SE,Standard error,0.2,,N,National,,
DATAFLOW,SPC:DF_CLIMATE_CHANGE(1.0),Climate Change indicators,I,A,Annual,SST_ANOM,Sea Surface Temperature anomalies,KI,Kiribati,2010,,-0.1,,,,CELSIUS,Celsius (°C),SE,Standard error,0.3,,N,National,,
DATAFLOW,SPC:DF_CLIMATE_CHANGE(1.0),Climate Change indicators,I,A,Annual,SST_ANOM,Sea Surface Temperature anomalies,KI,Kiribati,2011,,-0.7,,,,CELSIUS,Celsius (°C),SE,Standard error,0.1,,N,National,,
DATAFLOW,SPC:DF_CLIMATE_CHANGE(1.0),Climate Change indicators,I,A,Annual,SST_ANOM,Sea Surface Temperature anomalies,KI,Kiribati,2012,,0,,,,CELSIUS,Celsius (°C),SE,Standard error,0.1,,N,National,,
DATAFLOW,SPC:DF_CLIMATE_CHANGE(1.0),Climate Change indicators,I,A,Annual,SST_ANOM,Sea Surface Temperature anomalies,KI,Kiribati,2013,,0.1,,,,CELSIUS,Celsius (°C),SE,Standard error,0,,N,National,,
DATAFLOW,SPC:DF_CLIMATE_CHANGE(1.0),Climate Change indicators,I,A,Annual,SST_ANOM,Sea Surface Temperature anomalies,KI,Kiribati,2014,,0.5,,,,CELSIUS,Celsius (°C),SE,Standard error,0.1,,N,National,,
DATAFLOW,SPC:DF_CLIMATE_CHANGE(1.0),Climate Change indicators,I,A,Annual,SST_ANOM,Sea Surface Temperature anomalies,KI,Kiribati,2015,,1.1,,,,CELSIUS,Celsius (°C),SE,Standard error,0.1,,N,National,,
DATAFLOW,SPC:DF_CLIMATE_CHANGE(1.0),Climate Change indicators,I,A,Annual,SST_ANOM,Sea Surface Temperature anomalies,KI,Kiribati,2016,,0.7,,,,CELSIUS,Celsius (°C),SE,Standard error,0.2,,N,National,,
DATAFLOW,SPC:DF_CLIMATE_CHANGE(1.0),Climate Change indicators,I,A,Annual,SST_ANOM,Sea Surface Temperature anomalies,KI,Kiribati,2017,,0.2,,,,CELSIUS,Celsius (°C),SE,Standard error,0.1,,N,National,,
DATAFLOW,SPC:DF_CLIMATE_CHANGE(1.0),Climate Change indicators,I,A,Annual,SST_ANOM,Sea Surface Temperature anomalies,KI,Kiribati,2018,,0.4,,,,CELSIUS,Celsius (°C),SE,Standard error,0.1,,N,National,,
DATAFLOW,SPC:DF_CLIMATE_CHANGE(1.0),Climate Change indicators,I,A,Annual,SST_ANOM,Sea Surface Temperature anomalies,KI,Kiribati,2019,,0.8,,,,CELSIUS,Celsius (°C),SE,Standard error,0,,N,National,,
DATAFLOW,SPC:DF_CLIMATE_CHANGE(1.0),Climate Change indicators,I,A,Annual,SST_ANOM,Sea Surface Temperature anomalies,KI,Kiribati,2020,,0.2,,,,CELSIUS,Celsius (°C),SE,Standard error,0.2,,N,National,,
DATAFLOW,SPC:DF_CLIMATE_CHANGE(1.0),Climate Change indicators,I,A,Annual,SST_ANOM,Sea Surface Temperature anomalies,KI,Kiribati,2021,,-0.3,,,,CELSIUS,Celsius (°C),SE,Standard error,0.1,,N,National,,
DATAFLOW,SPC:DF_CLIMATE_CHANGE(1.0),Climate Change indicators,I,A,Annual,SST_ANOM,Sea Surface Temperature anomalies,KI,Kiribati,2022,,-0.6,,,,CELSIUS,Celsius (°C),SE,Standard error,0.1,,N,National,,
DATAFLOW,SPC:DF_CLIMATE_CHANGE(1.0),Climate Change indicators,I,A,Annual,SST_ANOM,Sea Surface Temperature anomalies,KI,Kiribati,2023,,0.7,,,,CELSIUS,Celsius (°C),SE,Standard error,0.2,,N,National,,
DATAFLOW,SPC:DF_CLIMATE_CHANGE(1.0),Climate Change indicators,I,A,Annual,SST_ANOM,Sea Surface Temperature anomalies,KI,Kiribati,2024,,0.8,,,,CELSIUS,Celsius (°C),SE,Standard error,0.1,,N,National,,
DATAFLOW,SPC:DF_CLIMATE_CHANGE(1.0),Climate Change indicators,I,A,Annual,SST_ANOM,Sea Surface Temperature anomalies,KI,Kiribati,2025,,0.1,,,,CELSIUS,Celsius (°C),SE,Standard error,0.1,,N,National,,
DATAFLOW,SPC:DF_CLIMATE_CHANGE(1.0),Climate Change indicators,I,A,Annual,SST_ANOM,Sea Surface Temperature anomalies,NR,Naoero,1850,,0.3,,,,CELSIUS,Celsius (°C),SE,Standard error,0.1,,N,National,,
DATAFLOW,SPC:DF_CLIMATE_CHANGE(1.0),Climate Change indicators,I,A,Annual,SST_ANOM,Sea Surface Temperature anomalies,NR,Naoero,1851,,-0.2,,,,CELSIUS,Celsius (°C),SE,Standard error,0.1,,N,National,,
DATAFLOW,SPC:DF_CLIMATE_CHANGE(1.0),Climate Change indicators,I,A,Annual,SST_ANOM,Sea Surface Temperature anomalies,NR,Naoero,1852,,0.2,,,,CELSIUS,Celsius (°C),SE,Standard error,0.1,,N,National,,
DATAFLOW,SPC:DF_CLIMATE_CHANGE(1.0),Climate Change indicators,I,A,Annual,SST_ANOM,Sea Surface Temperature anomalies,NR,Naoero,1853,,0.2,,,,CELSIUS,Celsius (°C),SE,Standard error,0.1,,N,National,,
DATAFLOW,SPC:DF_CLIMATE_CHANGE(1.0),Climate Change indicators,I,A,Annual,SST_ANOM,Sea Surface Temperature anomalies,NR,Naoero,1854,,0.1,,,,CELSIUS,Celsius (°C),SE,Standard error,0,,N,National,,
DATAFLOW,SPC:DF_CLIMATE_CHANGE(1.0),Climate Change indicators,I,A,Annual,SST_ANOM,Sea Surface Temperature anomalies,NR,Naoero,1855,,0.1,,,,CELSIUS,Celsius (°C),SE,Standard error,0.2,,N,National,,
DATAFLOW,SPC:DF_CLIMATE_CHANGE(1.0),Climate Change indicators,I,A,Annual,SST_ANOM,Sea Surface Temperature anomalies,NR,Naoero,1856,,-0.2,,,,CELSIUS,Celsius (°C),SE,Standard error,0.2,,N,National,,
DATAFLOW,SPC:DF_CLIMATE_CHANGE(1.0),Climate Change indicators,I,A,Annual,SST_ANOM,Sea Surface Temperature anomalies,NR,Naoero,1857,,-0.1,,,,CELSIUS,Celsius (°C),SE,Standard error,0.1,,N,National,,
DATAFLOW,SPC:DF_CLIMATE_CHANGE(1.0),Climate Change indicators,I,A,Annual,SST_ANOM,Sea Surface Temperature anomalies,NR,Naoero,1858,,0,,,,CELSIUS,Celsius (°C),SE,Standard error,0.1,,N,National,,
DATAFLOW,SPC:DF_CLIMATE_CHANGE(1.0),Climate Change indicators,I,A,Annual,SST_ANOM,Sea Surface Temperature anomalies,NR,Naoero,1859,,0.4,,,,CELSIUS,Celsius (°C),SE,Standard error,0.1,,N,National,,
DATAFLOW,SPC:DF_CLIMATE_CHANGE(1.0),Climate Change indicators,I,A,Annual,SST_ANOM,Sea Surface Temperature anomalies,NR,Naoero,1860,,-0.2,,,,CELSIUS,Celsius (°C),SE,Standard error,0.1,,N,National,,
DATAFLOW,SPC:DF_CLIMATE_CHANGE(1.0),Climate Change indicators,I,A,Annual,SST_ANOM,Sea Surface Temperature anomalies,NR,Naoero,1861,,-0.5,,,,CELSIUS,Celsius (°C),SE,Standard error,0.2,,N,National,,
DATAFLOW,SPC:DF_CLIMATE_CHANGE(1.0),Climate Change indicators,I,A,Annual,SST_ANOM,Sea Surface Temperature anomalies,NR,Naoero,1862,,-0.1,,,,CELSIUS,Celsius (°C),SE,Standard error,0,,N,National,,
DATAFLOW,SPC:DF_CLIMATE_CHANGE(1.0),Climate Change indicators,I,A,Annual,SST_ANOM,Sea Surface Temperature anomalies,NR,Naoero,1863,,-0.1,,,,CELSIUS,Celsius (°C),SE,Standard error,0,,N,National,,
DATAFLOW,SPC:DF_CLIMATE_CHANGE(1.0),Climate Change indicators,I,A,Annual,SST_ANOM,Sea Surface Temperature anomalies,NR,Naoero,1864,,0,,,,CELSIUS,Celsius (°C),SE,Standard error,0,,N,National,,
DATAFLOW,SPC:DF_CLIMATE_CHANGE(1.0),Climate Change indicators,I,A,Annual,SST_ANOM,Sea Surface Temperature anomalies,NR,Naoero,1865,,0.1,,,,CELSIUS,Celsius (°C),SE,Standard error,0,,N,National,,
DATAFLOW,SPC:DF_CLIMATE_CHANGE(1.0),Climate Change indicators,I,A,Annual,SST_ANOM,Sea Surface Temperature anomalies,NR,Naoero,1866,,0,,,,CELSIUS,Celsius (°C),SE,Standard error,0,,N,National,,
DATAFLOW,SPC:DF_CLIMATE_CHANGE(1.0),Climate Change indicators,I,A,Annual,SST_ANOM,Sea Surface Temperature anomalies,NR,Naoero,1867,,-0.2,,,,CELSIUS,Celsius (°C),SE,Standard error,0,,N,National,,
DATAFLOW,SPC:DF_CLIMATE_CHANGE(1.0),Climate Change indicators,I,A,Annual,SST_ANOM,Sea Surface Temperature anomalies,NR,Naoero,1868,,-0.2,,,,CELSIUS,Celsius (°C),SE,Standard error,0,,N,National,,
DATAFLOW,SPC:DF_CLIMATE_CHANGE(1.0),Climate Change indicators,I,A,Annual,SST_ANOM,Sea Surface Temperature anomalies,NR,Naoero,1869,,-0.1,,,,CELSIUS,Celsius (°C),SE,Standard error,0.1,,N,National,,
DATAFLOW,SPC:DF_CLIMATE_CHANGE(1.0),Climate Change indicators,I,A,Annual,SST_ANOM,Sea Surface Temperature anomalies,NR,Naoero,1870,,-0.7,,,,CELSIUS,Celsius (°C),SE,Standard error,0.1,,N,National,,
DATAFLOW,SPC:DF_CLIMATE_CHANGE(1.0),Climate Change indicators,I,A,Annual,SST_ANOM,Sea Surface Temperature anomalies,NR,Naoero,1871,,-0.2,,,,CELSIUS,Celsius (°C),SE,Standard error,0,,N,National,,
DATAFLOW,SPC:DF_CLIMATE_CHANGE(1.0),Climate Change indicators,I,A,Annual,SST_ANOM,Sea Surface Temperature anomalies,NR,Naoero,1872,,-0.2,,,,CELSIUS,Celsius (°C),SE,Standard error,0,,N,National,,
DATAFLOW,SPC:DF_CLIMATE_CHANGE(1.0),Climate Change indicators,I,A,Annual,SST_ANOM,Sea Surface Temperature anomalies,NR,Naoero,1873,,-0.4,,,,CELSIUS,Celsius (°C),SE,Standard error,0.1,,N,National,,
DATAFLOW,SPC:DF_CLIMATE_CHANGE(1.0),Climate Change indicators,I,A,Annual,SST_ANOM,Sea Surface Temperature anomalies,NR,Naoero,1874,,-0.1,,,,CELSIUS,Celsius (°C),SE,Standard error,0.1,,N,National,,
DATAFLOW,SPC:DF_CLIMATE_CHANGE(1.0),Climate Change indicators,I,A,Annual,SST_ANOM,Sea Surface Temperature anomalies,NR,Naoero,1875,,-0.2,,,,CELSIUS,Celsius (°C),SE,Standard error,0,,N,National,,
DATAFLOW,SPC:DF_CLIMATE_CHANGE(1.0),Climate Change indicators,I,A,Annual,SST_ANOM,Sea Surface Temperature anomalies,NR,Naoero,1876,,-0.3,,,,CELSIUS,Celsius (°C),SE,Standard error,0.1,,N,National,,
DATAFLOW,SPC:DF_CLIMATE_CHANGE(1.0),Climate Change indicators,I,A,Annual,SST_ANOM,Sea Surface Temperature anomalies,NR,Naoero,1877,,-0.4,,,,CELSIUS,Celsius (°C),SE,Standard error,0,,N,National,,
DATAFLOW,SPC:DF_CLIMATE_CHANGE(1.0),Climate Change indicators,I,A,Annual,SST_ANOM,Sea Surface Temperature anomalies,NR,Naoero,1878,,-0.4,,,,CELSIUS,Celsius (°C),SE,Standard error,0,,N,National,,
DATAFLOW,SPC:DF_CLIMATE_CHANGE(1.0),Climate Change indicators,I,A,Annual,SST_ANOM,Sea Surface Temperature anomalies,NR,Naoero,1879,,-0.7,,,,CELSIUS,Celsius (°C),SE,Standard error,0,,N,National,,
DATAFLOW,SPC:DF_CLIMATE_CHANGE(1.0),Climate Change indicators,I,A,Annual,SST_ANOM,Sea Surface Temperature anomalies,NR,Naoero,1880,,-0.3,,,,CELSIUS,Celsius (°C),SE,Standard error,0,,N,National,,
DATAFLOW,SPC:DF_CLIMATE_CHANGE(1.0),Climate Change indicators,I,A,Annual,SST_ANOM,Sea Surface Temperature anomalies,NR,Naoero,1881,,0.3,,,,CELSIUS,Celsius (°C),SE,Standard error,0.1,,N,National,,
DATAFLOW,SPC:DF_CLIMATE_CHANGE(1.0),Climate Change indicators,I,A,Annual,SST_ANOM,Sea Surface Temperature anomalies,NR,Naoero,1882,,0.6,,,,CELSIUS,Celsius (°C),SE,Standard error,0.1,,N,National,,
DATAFLOW,SPC:DF_CLIMATE_CHANGE(1.0),Climate Change indicators,I,A,Annual,SST_ANOM,Sea Surface Temperature anomalies,NR,Naoero,1883,,0,,,,CELSIUS,Celsius (°C),SE,Standard error,0.1,,N,National,,
DATAFLOW,SPC:DF_CLIMATE_CHANGE(1.0),Climate Change indicators,I,A,Annual,SST_ANOM,Sea Surface Temperature anomalies,NR,Naoero,1884,,0,,,,CELSIUS,Celsius (°C),SE,Standard error,0.1,,N,National,,
DATAFLOW,SPC:DF_CLIMATE_CHANGE(1.0),Climate Change indicators,I,A,Annual,SST_ANOM,Sea Surface Temperature anomalies,NR,Naoero,1885,,-0.3,,,,CELSIUS,Celsius (°C),SE,Standard error,0.1,,N,National,,
DATAFLOW,SPC:DF_CLIMATE_CHANGE(1.0),Climate Change indicators,I,A,Annual,SST_ANOM,Sea Surface Temperature anomalies,NR,Naoero,1886,,-0.4,,,,CELSIUS,Celsius (°C),SE,Standard error,0.1,,N,National,,
DATAFLOW,SPC:DF_CLIMATE_CHANGE(1.0),Climate Change indicators,I,A,Annual,SST_ANOM,Sea Surface Temperature anomalies,NR,Naoero,1887,,-0.5,,,,CELSIUS,Celsius (°C),SE,Standard error,0.2,,N,National,,
DATAFLOW,SPC:DF_CLIMATE_CHANGE(1.0),Climate Change indicators,I,A,Annual,SST_ANOM,Sea Surface Temperature anomalies,NR,Naoero,1888,,-0.1,,,,CELSIUS,Celsius (°C),SE,Standard error,0.2,,N,National,,
DATAFLOW,SPC:DF_CLIMATE_CHANGE(1.0),Climate Change indicators,I,A,Annual,SST_ANOM,Sea Surface Temperature anomalies,NR,Naoero,1889,,-0.6,,,,CELSIUS,Celsius (°C),SE,Standard error,0.1,,N,National,,
DATAFLOW,SPC:DF_CLIMATE_CHANGE(1.0),Climate Change indicators,I,A,Annual,SST_ANOM,Sea Surface Temperature anomalies,NR,Naoero,1890,,-0.3,,,,CELSIUS,Celsius (°C),SE,Standard error,0.1,,N,National,,
DATAFLOW,SPC:DF_CLIMATE_CHANGE(1.0),Climate Change indicators,I,A,Annual,SST_ANOM,Sea Surface Temperature anomalies,NR,Naoero,1891,,0.1,,,,CELSIUS,Celsius (°C),SE,Standard error,0.1,,N,National,,
DATAFLOW,SPC:DF_CLIMATE_CHANGE(1.0),Climate Change indicators,I,A,Annual,SST_ANOM,Sea Surface Temperature anomalies,NR,Naoero,1892,,0,,,,CELSIUS,Celsius (°C),SE,Standard error,0.1,,N,National,,
DATAFLOW,SPC:DF_CLIMATE_CHANGE(1.0),Climate Change indicators,I,A,Annual,SST_ANOM,Sea Surface Temperature anomalies,NR,Naoero,1893,,-0.2,,,,CELSIUS,Celsius (°C),SE,Standard error,0.1,,N,National,,
DATAFLOW,SPC:DF_CLIMATE_CHANGE(1.0),Climate Change indicators,I,A,Annual,SST_ANOM,Sea Surface Temperature anomalies,NR,Naoero,1894,,-0.1,,,,CELSIUS,Celsius (°C),SE,Standard error,0.1,,N,National,,
DATAFLOW,SPC:DF_CLIMATE_CHANGE(1.0),Climate Change indicators,I,A,Annual,SST_ANOM,Sea Surface Temperature anomalies,NR,Naoero,1895,,-0.1,,,,CELSIUS,Celsius (°C),SE,Standard error,0,,N,National,,
DATAFLOW,SPC:DF_CLIMATE_CHANGE(1.0),Climate Change indicators,I,A,Annual,SST_ANOM,Sea Surface Temperature anomalies,NR,Naoero,1896,,-0.3,,,,CELSIUS,Celsius (°C),SE,Standard error,0,,N,National,,
DATAFLOW,SPC:DF_CLIMATE_CHANGE(1.0),Climate Change indicators,I,A,Annual,SST_ANOM,Sea Surface Temperature anomalies,NR,Naoero,1897,,-0.2,,,,CELSIUS,Celsius (°C),SE,Standard error,0.2,,N,National,,
DATAFLOW,SPC:DF_CLIMATE_CHANGE(1.0),Climate Change indicators,I,A,Annual,SST_ANOM,Sea Surface Temperature anomalies,NR,Naoero,1898,,-0.5,,,,CELSIUS,Celsius (°C),SE,Standard error,0.1,,N,National,,
DATAFLOW,SPC:DF_CLIMATE_CHANGE(1.0),Climate Change indicators,I,A,Annual,SST_ANOM,Sea Surface Temperature anomalies,NR,Naoero,1899,,-0.1,,,,CELSIUS,Celsius (°C),SE,Standard error,0.2,,N,National,,
DATAFLOW,SPC:DF_CLIMATE_CHANGE(1.0),Climate Change indicators,I,A,Annual,SST_ANOM,Sea Surface Temperature anomalies,NR,Naoero,1900,,0.2,,,,CELSIUS,Celsius (°C),SE,Standard error,0.1,,N,National,,
DATAFLOW,SPC:DF_CLIMATE_CHANGE(1.0),Climate Change indicators,I,A,Annual,SST_ANOM,Sea Surface Temperature anomalies,NR,Naoero,1901,,0,,,,CELSIUS,Celsius (°C),SE,Standard error,0,,N,National,,
DATAFLOW,SPC:DF_CLIMATE_CHANGE(1.0),Climate Change indicators,I,A,Annual,SST_ANOM,Sea Surface Temperature anomalies,NR,Naoero,1902,,-0.5,,,,CELSIUS,Celsius (°C),SE,Standard error,0.2,,N,National,,
DATAFLOW,SPC:DF_CLIMATE_CHANGE(1.0),Climate Change indicators,I,A,Annual,SST_ANOM,Sea Surface Temperature anomalies,NR,Naoero,1903,,-0.2,,,,CELSIUS,Celsius (°C),SE,Standard error,0.1,,N,National,,
DATAFLOW,SPC:DF_CLIMATE_CHANGE(1.0),Climate Change indicators,I,A,Annual,SST_ANOM,Sea Surface Temperature anomalies,NR,Naoero,1904,,-0.4,,,,CELSIUS,Celsius (°C),SE,Standard error,0.1,,N,National,,
DATAFLOW,SPC:DF_CLIMATE_CHANGE(1.0),Climate Change indicators,I,A,Annual,SST_ANOM,Sea Surface Temperature anomalies,NR,Naoero,1905,,-0.3,,,,CELSIUS,Celsius (°C),SE,Standard error,0.1,,N,National,,
DATAFLOW,SPC:DF_CLIMATE_CHANGE(1.0),Climate Change indicators,I,A,Annual,SST_ANOM,Sea Surface Temperature anomalies,NR,Naoero,1906,,-0.6,,,,CELSIUS,Celsius (°C),SE,Standard error,0.1,,N,National,,
DATAFLOW,SPC:DF_CLIMATE_CHANGE(1.0),Climate Change indicators,I,A,Annual,SST_ANOM,Sea Surface Temperature anomalies,NR,Naoero,1907,,-0.2,,,,CELSIUS,Celsius (°C),SE,Standard error,0.1,,N,National,,
DATAFLOW,SPC:DF_CLIMATE_CHANGE(1.0),Climate Change indicators,I,A,Annual,SST_ANOM,Sea Surface Temperature anomalies,NR,Naoero,1908,,-0.7,,,,CELSIUS,Celsius (°C),SE,Standard error,0.2,,N,National,,
DATAFLOW,SPC:DF_CLIMATE_CHANGE(1.0),Climate Change indicators,I,A,Annual,SST_ANOM,Sea Surface Temperature anomalies,NR,Naoero,1909,,-0.7,,,,CELSIUS,Celsius (°C),SE,Standard error,0.1,,N,National,,
DATAFLOW,SPC:DF_CLIMATE_CHANGE(1.0),Climate Change indicators,I,A,Annual,SST_ANOM,Sea Surface Temperature anomalies,NR,Naoero,1910,,-1.2,,,,CELSIUS,Celsius (°C),SE,Standard error,0.1,,N,National,,
DATAFLOW,SPC:DF_CLIMATE_CHANGE(1.0),Climate Change indicators,I,A,Annual,SST_ANOM,Sea Surface Temperature anomalies,NR,Naoero,1911,,-0.7,,,,CELSIUS,Celsius (°C),SE,Standard error,0.1,,N,National,,
DATAFLOW,SPC:DF_CLIMATE_CHANGE(1.0),Climate Change indicators,I,A,Annual,SST_ANOM,Sea Surface Temperature anomalies,NR,Naoero,1912,,-0.4,,,,CELSIUS,Celsius (°C),SE,Standard error,0.2,,N,National,,
DATAFLOW,SPC:DF_CLIMATE_CHANGE(1.0),Climate Change indicators,I,A,Annual,SST_ANOM,Sea Surface Temperature anomalies,NR,Naoero,1913,,-0.5,,,,CELSIUS,Celsius (°C),SE,Standard error,0.1,,N,National,,
DATAFLOW,SPC:DF_CLIMATE_CHANGE(1.0),Climate Change indicators,I,A,Annual,SST_ANOM,Sea Surface Temperature anomalies,NR,Naoero,1914,,-0.1,,,,CELSIUS,Celsius (°C),SE,Standard error,0.1,,N,National,,
DATAFLOW,SPC:DF_CLIMATE_CHANGE(1.0),Climate Change indicators,I,A,Annual,SST_ANOM,Sea Surface Temperature anomalies,NR,Naoero,1915,,-0.4,,,,CELSIUS,Celsius (°C),SE,Standard error,0.1,,N,National,,
DATAFLOW,SPC:DF_CLIMATE_CHANGE(1.0),Climate Change indicators,I,A,Annual,SST_ANOM,Sea Surface Temperature anomalies,NR,Naoero,1916,,-1.2,,,,CELSIUS,Celsius (°C),SE,Standard error,0.2,,N,National,,
DATAFLOW,SPC:DF_CLIMATE_CHANGE(1.0),Climate Change indicators,I,A,Annual,SST_ANOM,Sea Surface Temperature anomalies,NR,Naoero,1917,,-2,,,,CELSIUS,Celsius (°C),SE,Standard error,0.3,,N,National,,
DATAFLOW,SPC:DF_CLIMATE_CHANGE(1.0),Climate Change indicators,I,A,Annual,SST_ANOM,Sea Surface Temperature anomalies,NR,Naoero,1918,,-0.5,,,,CELSIUS,Celsius (°C),SE,Standard error,0.2,,N,National,,
DATAFLOW,SPC:DF_CLIMATE_CHANGE(1.0),Climate Change indicators,I,A,Annual,SST_ANOM,Sea Surface Temperature anomalies,NR,Naoero,1919,,-1.1,,,,CELSIUS,Celsius (°C),SE,Standard error,0.2,,N,National,,
DATAFLOW,SPC:DF_CLIMATE_CHANGE(1.0),Climate Change indicators,I,A,Annual,SST_ANOM,Sea Surface Temperature anomalies,NR,Naoero,1920,,-0.5,,,,CELSIUS,Celsius (°C),SE,Standard error,0.1,,N,National,,
DATAFLOW,SPC:DF_CLIMATE_CHANGE(1.0),Climate Change indicators,I,A,Annual,SST_ANOM,Sea Surface Temperature anomalies,NR,Naoero,1921,,-0.5,,,,CELSIUS,Celsius (°C),SE,Standard error,0.1,,N,National,,
DATAFLOW,SPC:DF_CLIMATE_CHANGE(1.0),Climate Change indicators,I,A,Annual,SST_ANOM,Sea Surface Temperature anomalies,NR,Naoero,1922,,-0.3,,,,CELSIUS,Celsius (°C),SE,Standard error,0.1,,N,National,,
DATAFLOW,SPC:DF_CLIMATE_CHANGE(1.0),Climate Change indicators,I,A,Annual,SST_ANOM,Sea Surface Temperature anomalies,NR,Naoero,1923,,-0.2,,,,CELSIUS,Celsius (°C),SE,Standard error,0.1,,N,National,,
DATAFLOW,SPC:DF_CLIMATE_CHANGE(1.0),Climate Change indicators,I,A,Annual,SST_ANOM,Sea Surface Temperature anomalies,NR,Naoero,1924,,-0.4,,,,CELSIUS,Celsius (°C),SE,Standard error,0.2,,N,National,,
DATAFLOW,SPC:DF_CLIMATE_CHANGE(1.0),Climate Change indicators,I,A,Annual,SST_ANOM,Sea Surface Temperature anomalies,NR,Naoero,1925,,-0.6,,,,CELSIUS,Celsius (°C),SE,Standard error,0.2,,N,National,,
DATAFLOW,SPC:DF_CLIMATE_CHANGE(1.0),Climate Change indicators,I,A,Annual,SST_ANOM,Sea Surface Temperature anomalies,NR,Naoero,1926,,-0.4,,,,CELSIUS,Celsius (°C),SE,Standard error,0.1,,N,National,,
DATAFLOW,SPC:DF_CLIMATE_CHANGE(1.0),Climate Change indicators,I,A,Annual,SST_ANOM,Sea Surface Temperature anomalies,NR,Naoero,1927,,-0.8,,,,CELSIUS,Celsius (°C),SE,Standard error,0.1,,N,National,,
DATAFLOW,SPC:DF_CLIMATE_CHANGE(1.0),Climate Change indicators,I,A,Annual,SST_ANOM,Sea Surface Temperature anomalies,NR,Naoero,1928,,-0.4,,,,CELSIUS,Celsius (°C),SE,Standard error,0.1,,N,National,,
DATAFLOW,SPC:DF_CLIMATE_CHANGE(1.0),Climate Change indicators,I,A,Annual,SST_ANOM,Sea Surface Temperature anomalies,NR,Naoero,1929,,-0.2,,,,CELSIUS,Celsius (°C),SE,Standard error,0.1,,N,National,,
DATAFLOW,SPC:DF_CLIMATE_CHANGE(1.0),Climate Change indicators,I,A,Annual,SST_ANOM,Sea Surface Temperature anomalies,NR,Naoero,1930,,-0.2,,,,CELSIUS,Celsius (°C),SE,Standard error,0.1,,N,National,,
DATAFLOW,SPC:DF_CLIMATE_CHANGE(1.0),Climate Change indicators,I,A,Annual,SST_ANOM,Sea Surface Temperature anomalies,NR,Naoero,1931,,-0.2,,,,CELSIUS,Celsius (°C),SE,Standard error,0.1,,N,National,,
DATAFLOW,SPC:DF_CLIMATE_CHANGE(1.0),Climate Change indicators,I,A,Annual,SST_ANOM,Sea Surface Temperature anomalies,NR,Naoero,1932,,-0.4,,,,CELSIUS,Celsius (°C),SE,Standard error,0.1,,N,National,,
DATAFLOW,SPC:DF_CLIMATE_CHANGE(1.0),Climate Change indicators,I,A,Annual,SST_ANOM,Sea Surface Temperature anomalies,NR,Naoero,1933,,-0.9,,,,CELSIUS,Celsius (°C),SE,Standard error,0.1,,N,National,,
DATAFLOW,SPC:DF_CLIMATE_CHANGE(1.0),Climate Change indicators,I,A,Annual,SST_ANOM,Sea Surface Temperature anomalies,NR,Naoero,1934,,-0.9,,,,CELSIUS,Celsius (°C),SE,Standard error,0.2,,N,National,,
DATAFLOW,SPC:DF_CLIMATE_CHANGE(1.0),Climate Change indicators,I,A,Annual,SST_ANOM,Sea Surface Temperature anomalies,NR,Naoero,1935,,-0.4,,,,CELSIUS,Celsius (°C),SE,Standard error,0,,N,National,,
DATAFLOW,SPC:DF_CLIMATE_CHANGE(1.0),Climate Change indicators,I,A,Annual,SST_ANOM,Sea Surface Temperature anomalies,NR,Naoero,1936,,-0.4,,,,CELSIUS,Celsius (°C),SE,Standard error,0.1,,N,National,,
DATAFLOW,SPC:DF_CLIMATE_CHANGE(1.0),Climate Change indicators,I,A,Annual,SST_ANOM,Sea Surface Temperature anomalies,NR,Naoero,1937,,-0.5,,,,CELSIUS,Celsius (°C),SE,Standard error,0.1,,N,National,,
DATAFLOW,SPC:DF_CLIMATE_CHANGE(1.0),Climate Change indicators,I,A,Annual,SST_ANOM,Sea Surface Temperature anomalies,NR,Naoero,1938,,-0.7,,,,CELSIUS,Celsius (°C),SE,Standard error,0.1,,N,National,,
DATAFLOW,SPC:DF_CLIMATE_CHANGE(1.0),Climate Change indicators,I,A,Annual,SST_ANOM,Sea Surface Temperature anomalies,NR,Naoero,1939,,-0.4,,,,CELSIUS,Celsius (°C),SE,Standard error,0.1,,N,National,,
DATAFLOW,SPC:DF_CLIMATE_CHANGE(1.0),Climate Change indicators,I,A,Annual,SST_ANOM,Sea Surface Temperature anomalies,NR,Naoero,1940,,0,,,,CELSIUS,Celsius (°C),SE,Standard error,0.1,,N,National,,
DATAFLOW,SPC:DF_CLIMATE_CHANGE(1.0),Climate Change indicators,I,A,Annual,SST_ANOM,Sea Surface Temperature anomalies,NR,Naoero,1941,,0.1,,,,CELSIUS,Celsius (°C),SE,Standard error,0.1,,N,National,,
DATAFLOW,SPC:DF_CLIMATE_CHANGE(1.0),Climate Change indicators,I,A,Annual,SST_ANOM,Sea Surface Temperature anomalies,NR,Naoero,1942,,0,,,,CELSIUS,Celsius (°C),SE,Standard error,0.1,,N,National,,
DATAFLOW,SPC:DF_CLIMATE_CHANGE(1.0),Climate Change indicators,I,A,Annual,SST_ANOM,Sea Surface Temperature anomalies,NR,Naoero,1943,,-0.3,,,,CELSIUS,Celsius (°C),SE,Standard error,0.1,,N,National,,
DATAFLOW,SPC:DF_CLIMATE_CHANGE(1.0),Climate Change indicators,I,A,Annual,SST_ANOM,Sea Surface Temperature anomalies,NR,Naoero,1944,,0.1,,,,CELSIUS,Celsius (°C),SE,Standard error,0.1,,N,National,,
DATAFLOW,SPC:DF_CLIMATE_CHANGE(1.0),Climate Change indicators,I,A,Annual,SST_ANOM,Sea Surface Temperature anomalies,NR,Naoero,1945,,-0.2,,,,CELSIUS,Celsius (°C),SE,Standard error,0.1,,N,National,,
DATAFLOW,SPC:DF_CLIMATE_CHANGE(1.0),Climate Change indicators,I,A,Annual,SST_ANOM,Sea Surface Temperature anomalies,NR,Naoero,1946,,0.2,,,,CELSIUS,Celsius (°C),SE,Standard error,0.1,,N,National,,
DATAFLOW,SPC:DF_CLIMATE_CHANGE(1.0),Climate Change indicators,I,A,Annual,SST_ANOM,Sea Surface Temperature anomalies,NR,Naoero,1947,,-0.1,,,,CELSIUS,Celsius (°C),SE,Standard error,0.1,,N,National,,
DATAFLOW,SPC:DF_CLIMATE_CHANGE(1.0),Climate Change indicators,I,A,Annual,SST_ANOM,Sea Surface Temperature anomalies,NR,Naoero,1948,,-0.7,,,,CELSIUS,Celsius (°C),SE,Standard error,0.4,,N,National,,
DATAFLOW,SPC:DF_CLIMATE_CHANGE(1.0),Climate Change indicators,I,A,Annual,SST_ANOM,Sea Surface Temperature anomalies,NR,Naoero,1949,,-0.9,,,,CELSIUS,Celsius (°C),SE,Standard error,0.2,,N,National,,
DATAFLOW,SPC:DF_CLIMATE_CHANGE(1.0),Climate Change indicators,I,A,Annual,SST_ANOM,Sea Surface Temperature anomalies,NR,Naoero,1950,,-0.8,,,,CELSIUS,Celsius (°C),SE,Standard error,0.1,,N,National,,
DATAFLOW,SPC:DF_CLIMATE_CHANGE(1.0),Climate Change indicators,I,A,Annual,SST_ANOM,Sea Surface Temperature anomalies,NR,Naoero,1951,,-0.2,,,,CELSIUS,Celsius (°C),SE,Standard error,0.1,,N,National,,
DATAFLOW,SPC:DF_CLIMATE_CHANGE(1.0),Climate Change indicators,I,A,Annual,SST_ANOM,Sea Surface Temperature anomalies,NR,Naoero,1952,,-0.4,,,,CELSIUS,Celsius (°C),SE,Standard error,0.1,,N,National,,
DATAFLOW,SPC:DF_CLIMATE_CHANGE(1.0),Climate Change indicators,I,A,Annual,SST_ANOM,Sea Surface Temperature anomalies,NR,Naoero,1953,,-0.4,,,,CELSIUS,Celsius (°C),SE,Standard error,0.1,,N,National,,
DATAFLOW,SPC:DF_CLIMATE_CHANGE(1.0),Climate Change indicators,I,A,Annual,SST_ANOM,Sea Surface Temperature anomalies,NR,Naoero,1954,,-0.6,,,,CELSIUS,Celsius (°C),SE,Standard error,0.1,,N,National,,
DATAFLOW,SPC:DF_CLIMATE_CHANGE(1.0),Climate Change indicators,I,A,Annual,SST_ANOM,Sea Surface Temperature anomalies,NR,Naoero,1955,,-0.8,,,,CELSIUS,Celsius (°C),SE,Standard error,0.1,,N,National,,
DATAFLOW,SPC:DF_CLIMATE_CHANGE(1.0),Climate Change indicators,I,A,Annual,SST_ANOM,Sea Surface Temperature anomalies,NR,Naoero,1956,,-0.5,,,,CELSIUS,Celsius (°C),SE,Standard error,0.1,,N,National,,
DATAFLOW,SPC:DF_CLIMATE_CHANGE(1.0),Climate Change indicators,I,A,Annual,SST_ANOM,Sea Surface Temperature anomalies,NR,Naoero,1957,,-0.5,,,,CELSIUS,Celsius (°C),SE,Standard error,0.1,,N,National,,
DATAFLOW,SPC:DF_CLIMATE_CHANGE(1.0),Climate Change indicators,I,A,Annual,SST_ANOM,Sea Surface Temperature anomalies,NR,Naoero,1958,,0,,,,CELSIUS,Celsius (°C),SE,Standard error,0.1,,N,National,,
DATAFLOW,SPC:DF_CLIMATE_CHANGE(1.0),Climate Change indicators,I,A,Annual,SST_ANOM,Sea Surface Temperature anomalies,NR,Naoero,1959,,-0.2,,,,CELSIUS,Celsius (°C),SE,Standard error,0.1,,N,National,,
DATAFLOW,SPC:DF_CLIMATE_CHANGE(1.0),Climate Change indicators,I,A,Annual,SST_ANOM,Sea Surface Temperature anomalies,NR,Naoero,1960,,-0.4,,,,CELSIUS,Celsius (°C),SE,Standard error,0.1,,N,National,,
DATAFLOW,SPC:DF_CLIMATE_CHANGE(1.0),Climate Change indicators,I,A,Annual,SST_ANOM,Sea Surface Temperature anomalies,NR,Naoero,1961,,-0.4,,,,CELSIUS,Celsius (°C),SE,Standard error,0,,N,National,,
DATAFLOW,SPC:DF_CLIMATE_CHANGE(1.0),Climate Change indicators,I,A,Annual,SST_ANOM,Sea Surface Temperature anomalies,NR,Naoero,1962,,-0.3,,,,CELSIUS,Celsius (°C),SE,Standard error,0,,N,National,,
DATAFLOW,SPC:DF_CLIMATE_CHANGE(1.0),Climate Change indicators,I,A,Annual,SST_ANOM,Sea Surface Temperature anomalies,NR,Naoero,1963,,-0.2,,,,CELSIUS,Celsius (°C),SE,Standard error,0.1,,N,National,,
DATAFLOW,SPC:DF_CLIMATE_CHANGE(1.0),Climate Change indicators,I,A,Annual,SST_ANOM,Sea Surface Temperature anomalies,NR,Naoero,1964,,-0.7,,,,CELSIUS,Celsius (°C),SE,Standard error,0.1,,N,National,,
DATAFLOW,SPC:DF_CLIMATE_CHANGE(1.0),Climate Change indicators,I,A,Annual,SST_ANOM,Sea Surface Temperature anomalies,NR,Naoero,1965,,-0.5,,,,CELSIUS,Celsius (°C),SE,Standard error,0.1,,N,National,,
DATAFLOW,SPC:DF_CLIMATE_CHANGE(1.0),Climate Change indicators,I,A,Annual,SST_ANOM,Sea Surface Temperature anomalies,NR,Naoero,1966,,0,,,,CELSIUS,Celsius (°C),SE,Standard error,0,,N,National,,
DATAFLOW,SPC:DF_CLIMATE_CHANGE(1.0),Climate Change indicators,I,A,Annual,SST_ANOM,Sea Surface Temperature anomalies,NR,Naoero,1967,,-0.2,,,,CELSIUS,Celsius (°C),SE,Standard error,0.1,,N,National,,
DATAFLOW,SPC:DF_CLIMATE_CHANGE(1.0),Climate Change indicators,I,A,Annual,SST_ANOM,Sea Surface Temperature anomalies,NR,Naoero,1968,,-0.1,,,,CELSIUS,Celsius (°C),SE,Standard error,0.1,,N,National,,
DATAFLOW,SPC:DF_CLIMATE_CHANGE(1.0),Climate Change indicators,I,A,Annual,SST_ANOM,Sea Surface Temperature anomalies,NR,Naoero,1969,,0.5,,,,CELSIUS,Celsius (°C),SE,Standard error,0.1,,N,National,,
DATAFLOW,SPC:DF_CLIMATE_CHANGE(1.0),Climate Change indicators,I,A,Annual,SST_ANOM,Sea Surface Temperature anomalies,NR,Naoero,1970,,-0.3,,,,CELSIUS,Celsius (°C),SE,Standard error,0.1,,N,National,,
DATAFLOW,SPC:DF_CLIMATE_CHANGE(1.0),Climate Change indicators,I,A,Annual,SST_ANOM,Sea Surface Temperature anomalies,NR,Naoero,1971,,-0.8,,,,CELSIUS,Celsius (°C),SE,Standard error,0.1,,N,National,,
DATAFLOW,SPC:DF_CLIMATE_CHANGE(1.0),Climate Change indicators,I,A,Annual,SST_ANOM,Sea Surface Temperature anomalies,NR,Naoero,1972,,-0.2,,,,CELSIUS,Celsius (°C),SE,Standard error,0.1,,N,National,,
DATAFLOW,SPC:DF_CLIMATE_CHANGE(1.0),Climate Change indicators,I,A,Annual,SST_ANOM,Sea Surface Temperature anomalies,NR,Naoero,1973,,-0.4,,,,CELSIUS,Celsius (°C),SE,Standard error,0.1,,N,National,,
DATAFLOW,SPC:DF_CLIMATE_CHANGE(1.0),Climate Change indicators,I,A,Annual,SST_ANOM,Sea Surface Temperature anomalies,NR,Naoero,1974,,-0.6,,,,CELSIUS,Celsius (°C),SE,Standard error,0.1,,N,National,,
DATAFLOW,SPC:DF_CLIMATE_CHANGE(1.0),Climate Change indicators,I,A,Annual,SST_ANOM,Sea Surface Temperature anomalies,NR,Naoero,1975,,-1,,,,CELSIUS,Celsius (°C),SE,Standard error,0.1,,N,National,,
DATAFLOW,SPC:DF_CLIMATE_CHANGE(1.0),Climate Change indicators,I,A,Annual,SST_ANOM,Sea Surface Temperature anomalies,NR,Naoero,1976,,-0.4,,,,CELSIUS,Celsius (°C),SE,Standard error,0.1,,N,National,,
DATAFLOW,SPC:DF_CLIMATE_CHANGE(1.0),Climate Change indicators,I,A,Annual,SST_ANOM,Sea Surface Temperature anomalies,NR,Naoero,1977,,0,,,,CELSIUS,Celsius (°C),SE,Standard error,0,,N,National,,
DATAFLOW,SPC:DF_CLIMATE_CHANGE(1.0),Climate Change indicators,I,A,Annual,SST_ANOM,Sea Surface Temperature anomalies,NR,Naoero,1978,,0,,,,CELSIUS,Celsius (°C),SE,Standard error,0.1,,N,National,,
DATAFLOW,SPC:DF_CLIMATE_CHANGE(1.0),Climate Change indicators,I,A,Annual,SST_ANOM,Sea Surface Temperature anomalies,NR,Naoero,1979,,0.2,,,,CELSIUS,Celsius (°C),SE,Standard error,0.1,,N,National,,
DATAFLOW,SPC:DF_CLIMATE_CHANGE(1.0),Climate Change indicators,I,A,Annual,SST_ANOM,Sea Surface Temperature anomalies,NR,Naoero,1980,,0.3,,,,CELSIUS,Celsius (°C),SE,Standard error,0,,N,National,,
DATAFLOW,SPC:DF_CLIMATE_CHANGE(1.0),Climate Change indicators,I,A,Annual,SST_ANOM,Sea Surface Temperature anomalies,NR,Naoero,1981,,0.1,,,,CELSIUS,Celsius (°C),SE,Standard error,0.1,,N,National,,
DATAFLOW,SPC:DF_CLIMATE_CHANGE(1.0),Climate Change indicators,I,A,Annual,SST_ANOM,Sea Surface Temperature anomalies,NR,Naoero,1982,,0.2,,,,CELSIUS,Celsius (°C),SE,Standard error,0.1,,N,National,,
DATAFLOW,SPC:DF_CLIMATE_CHANGE(1.0),Climate Change indicators,I,A,Annual,SST_ANOM,Sea Surface Temperature anomalies,NR,Naoero,1983,,-0.2,,,,CELSIUS,Celsius (°C),SE,Standard error,0.1,,N,National,,
DATAFLOW,SPC:DF_CLIMATE_CHANGE(1.0),Climate Change indicators,I,A,Annual,SST_ANOM,Sea Surface Temperature anomalies,NR,Naoero,1984,,-0.3,,,,CELSIUS,Celsius (°C),SE,Standard error,0,,N,National,,
DATAFLOW,SPC:DF_CLIMATE_CHANGE(1.0),Climate Change indicators,I,A,Annual,SST_ANOM,Sea Surface Temperature anomalies,NR,Naoero,1985,,-0.2,,,,CELSIUS,Celsius (°C),SE,Standard error,0.1,,N,National,,
DATAFLOW,SPC:DF_CLIMATE_CHANGE(1.0),Climate Change indicators,I,A,Annual,SST_ANOM,Sea Surface Temperature anomalies,NR,Naoero,1986,,0.2,,,,CELSIUS,Celsius (°C),SE,Standard error,0.1,,N,National,,
DATAFLOW,SPC:DF_CLIMATE_CHANGE(1.0),Climate Change indicators,I,A,Annual,SST_ANOM,Sea Surface Temperature anomalies,NR,Naoero,1987,,0.1,,,,CELSIUS,Celsius (°C),SE,Standard error,0.1,,N,National,,
DATAFLOW,SPC:DF_CLIMATE_CHANGE(1.0),Climate Change indicators,I,A,Annual,SST_ANOM,Sea Surface Temperature anomalies,NR,Naoero,1988,,-0.1,,,,CELSIUS,Celsius (°C),SE,Standard error,0.1,,N,National,,
DATAFLOW,SPC:DF_CLIMATE_CHANGE(1.0),Climate Change indicators,I,A,Annual,SST_ANOM,Sea Surface Temperature anomalies,NR,Naoero,1989,,-0.3,,,,CELSIUS,Celsius (°C),SE,Standard error,0.1,,N,National,,
DATAFLOW,SPC:DF_CLIMATE_CHANGE(1.0),Climate Change indicators,I,A,Annual,SST_ANOM,Sea Surface Temperature anomalies,NR,Naoero,1990,,0.4,,,,CELSIUS,Celsius (°C),SE,Standard error,0,,N,National,,
DATAFLOW,SPC:DF_CLIMATE_CHANGE(1.0),Climate Change indicators,I,A,Annual,SST_ANOM,Sea Surface Temperature anomalies,NR,Naoero,1991,,0.5,,,,CELSIUS,Celsius (°C),SE,Standard error,0.1,,N,National,,
DATAFLOW,SPC:DF_CLIMATE_CHANGE(1.0),Climate Change indicators,I,A,Annual,SST_ANOM,Sea Surface Temperature anomalies,NR,Naoero,1992,,0.1,,,,CELSIUS,Celsius (°C),SE,Standard error,0.1,,N,National,,
DATAFLOW,SPC:DF_CLIMATE_CHANGE(1.0),Climate Change indicators,I,A,Annual,SST_ANOM,Sea Surface Temperature anomalies,NR,Naoero,1993,,0.1,,,,CELSIUS,Celsius (°C),SE,Standard error,0.1,,N,National,,
DATAFLOW,SPC:DF_CLIMATE_CHANGE(1.0),Climate Change indicators,I,A,Annual,SST_ANOM,Sea Surface Temperature anomalies,NR,Naoero,1994,,0.3,,,,CELSIUS,Celsius (°C),SE,Standard error,0.1,,N,National,,
DATAFLOW,SPC:DF_CLIMATE_CHANGE(1.0),Climate Change indicators,I,A,Annual,SST_ANOM,Sea Surface Temperature anomalies,NR,Naoero,1995,,0.4,,,,CELSIUS,Celsius (°C),SE,Standard error,0,,N,National,,
DATAFLOW,SPC:DF_CLIMATE_CHANGE(1.0),Climate Change indicators,I,A,Annual,SST_ANOM,Sea Surface Temperature anomalies,NR,Naoero,1996,,0.1,,,,CELSIUS,Celsius (°C),SE,Standard error,0.1,,N,National,,
DATAFLOW,SPC:DF_CLIMATE_CHANGE(1.0),Climate Change indicators,I,A,Annual,SST_ANOM,Sea Surface Temperature anomalies,NR,Naoero,1997,,0.2,,,,CELSIUS,Celsius (°C),SE,Standard error,0.1,,N,National,,
DATAFLOW,SPC:DF_CLIMATE_CHANGE(1.0),Climate Change indicators,I,A,Annual,SST_ANOM,Sea Surface Temperature anomalies,NR,Naoero,1998,,-0.4,,,,CELSIUS,Celsius (°C),SE,Standard error,0.1,,N,National,,
DATAFLOW,SPC:DF_CLIMATE_CHANGE(1.0),Climate Change indicators,I,A,Annual,SST_ANOM,Sea Surface Temperature anomalies,NR,Naoero,1999,,-0.5,,,,CELSIUS,Celsius (°C),SE,Standard error,0.1,,N,National,,
DATAFLOW,SPC:DF_CLIMATE_CHANGE(1.0),Climate Change indicators,I,A,Annual,SST_ANOM,Sea Surface Temperature anomalies,NR,Naoero,2000,,-0.4,,,,CELSIUS,Celsius (°C),SE,Standard error,0.1,,N,National,,
DATAFLOW,SPC:DF_CLIMATE_CHANGE(1.0),Climate Change indicators,I,A,Annual,SST_ANOM,Sea Surface Temperature anomalies,NR,Naoero,2001,,0.2,,,,CELSIUS,Celsius (°C),SE,Standard error,0.1,,N,National,,
DATAFLOW,SPC:DF_CLIMATE_CHANGE(1.0),Climate Change indicators,I,A,Annual,SST_ANOM,Sea Surface Temperature anomalies,NR,Naoero,2002,,0.6,,,,CELSIUS,Celsius (°C),SE,Standard error,0.1,,N,National,,
DATAFLOW,SPC:DF_CLIMATE_CHANGE(1.0),Climate Change indicators,I,A,Annual,SST_ANOM,Sea Surface Temperature anomalies,NR,Naoero,2003,,0.7,,,,CELSIUS,Celsius (°C),SE,Standard error,0,,N,National,,
DATAFLOW,SPC:DF_CLIMATE_CHANGE(1.0),Climate Change indicators,I,A,Annual,SST_ANOM,Sea Surface Temperature anomalies,NR,Naoero,2004,,0.7,,,,CELSIUS,Celsius (°C),SE,Standard error,0.1,,N,National,,
DATAFLOW,SPC:DF_CLIMATE_CHANGE(1.0),Climate Change indicators,I,A,Annual,SST_ANOM,Sea Surface Temperature anomalies,NR,Naoero,2005,,0.7,,,,CELSIUS,Celsius (°C),SE,Standard error,0.1,,N,National,,
DATAFLOW,SPC:DF_CLIMATE_CHANGE(1.0),Climate Change indicators,I,A,Annual,SST_ANOM,Sea Surface Temperature anomalies,NR,Naoero,2006,,0.5,,,,CELSIUS,Celsius (°C),SE,Standard error,0.1,,N,National,,
DATAFLOW,SPC:DF_CLIMATE_CHANGE(1.0),Climate Change indicators,I,A,Annual,SST_ANOM,Sea Surface Temperature anomalies,NR,Naoero,2007,,0.4,,,,CELSIUS,Celsius (°C),SE,Standard error,0.1,,N,National,,
DATAFLOW,SPC:DF_CLIMATE_CHANGE(1.0),Climate Change indicators,I,A,Annual,SST_ANOM,Sea Surface Temperature anomalies,NR,Naoero,2008,,-0.4,,,,CELSIUS,Celsius (°C),SE,Standard error,0.1,,N,National,,
DATAFLOW,SPC:DF_CLIMATE_CHANGE(1.0),Climate Change indicators,I,A,Annual,SST_ANOM,Sea Surface Temperature anomalies,NR,Naoero,2009,,0.4,,,,CELSIUS,Celsius (°C),SE,Standard error,0.1,,N,National,,
DATAFLOW,SPC:DF_CLIMATE_CHANGE(1.0),Climate Change indicators,I,A,Annual,SST_ANOM,Sea Surface Temperature anomalies,NR,Naoero,2010,,0,,,,CELSIUS,Celsius (°C),SE,Standard error,0.2,,N,National,,
DATAFLOW,SPC:DF_CLIMATE_CHANGE(1.0),Climate Change indicators,I,A,Annual,SST_ANOM,Sea Surface Temperature anomalies,NR,Naoero,2011,,-0.3,,,,CELSIUS,Celsius (°C),SE,Standard error,0.1,,N,National,,
DATAFLOW,SPC:DF_CLIMATE_CHANGE(1.0),Climate Change indicators,I,A,Annual,SST_ANOM,Sea Surface Temperature anomalies,NR,Naoero,2012,,0.1,,,,CELSIUS,Celsius (°C),SE,Standard error,0.1,,N,National,,
DATAFLOW,SPC:DF_CLIMATE_CHANGE(1.0),Climate Change indicators,I,A,Annual,SST_ANOM,Sea Surface Temperature anomalies,NR,Naoero,2013,,0.3,,,,CELSIUS,Celsius (°C),SE,Standard error,0.1,,N,National,,
DATAFLOW,SPC:DF_CLIMATE_CHANGE(1.0),Climate Change indicators,I,A,Annual,SST_ANOM,Sea Surface Temperature anomalies,NR,Naoero,2014,,0.8,,,,CELSIUS,Celsius (°C),SE,Standard error,0.1,,N,National,,
DATAFLOW,SPC:DF_CLIMATE_CHANGE(1.0),Climate Change indicators,I,A,Annual,SST_ANOM,Sea Surface Temperature anomalies,NR,Naoero,2015,,0.7,,,,CELSIUS,Celsius (°C),SE,Standard error,0.1,,N,National,,
DATAFLOW,SPC:DF_CLIMATE_CHANGE(1.0),Climate Change indicators,I,A,Annual,SST_ANOM,Sea Surface Temperature anomalies,NR,Naoero,2016,,0.6,,,,CELSIUS,Celsius (°C),SE,Standard error,0.1,,N,National,,
DATAFLOW,SPC:DF_CLIMATE_CHANGE(1.0),Climate Change indicators,I,A,Annual,SST_ANOM,Sea Surface Temperature anomalies,NR,Naoero,2017,,0.5,,,,CELSIUS,Celsius (°C),SE,Standard error,0,,N,National,,
DATAFLOW,SPC:DF_CLIMATE_CHANGE(1.0),Climate Change indicators,I,A,Annual,SST_ANOM,Sea Surface Temperature anomalies,NR,Naoero,2018,,0.8,,,,CELSIUS,Celsius (°C),SE,Standard error,0.1,,N,National,,
DATAFLOW,SPC:DF_CLIMATE_CHANGE(1.0),Climate Change indicators,I,A,Annual,SST_ANOM,Sea Surface Temperature anomalies,NR,Naoero,2019,,0.9,,,,CELSIUS,Celsius (°C),SE,Standard error,0.1,,N,National,,
DATAFLOW,SPC:DF_CLIMATE_CHANGE(1.0),Climate Change indicators,I,A,Annual,SST_ANOM,Sea Surface Temperature anomalies,NR,Naoero,2020,,0.6,,,,CELSIUS,Celsius (°C),SE,Standard error,0.1,,N,National,,
DATAFLOW,SPC:DF_CLIMATE_CHANGE(1.0),Climate Change indicators,I,A,Annual,SST_ANOM,Sea Surface Temperature anomalies,NR,Naoero,2021,,0.1,,,,CELSIUS,Celsius (°C),SE,Standard error,0.1,,N,National,,
DATAFLOW,SPC:DF_CLIMATE_CHANGE(1.0),Climate Change indicators,I,A,Annual,SST_ANOM,Sea Surface Temperature anomalies,NR,Naoero,2022,,-0.2,,,,CELSIUS,Celsius (°C),SE,Standard error,0.1,,N,National,,
DATAFLOW,SPC:DF_CLIMATE_CHANGE(1.0),Climate Change indicators,I,A,Annual,SST_ANOM,Sea Surface Temperature anomalies,NR,Naoero,2023,,0.7,,,,CELSIUS,Celsius (°C),SE,Standard error,0.1,,N,National,,
DATAFLOW,SPC:DF_CLIMATE_CHANGE(1.0),Climate Change indicators,I,A,Annual,SST_ANOM,Sea Surface Temperature anomalies,NR,Naoero,2024,,1,,,,CELSIUS,Celsius (°C),SE,Standard error,0.1,,N,National,,
DATAFLOW,SPC:DF_CLIMATE_CHANGE(1.0),Climate Change indicators,I,A,Annual,SST_ANOM,Sea Surface Temperature anomalies,NR,Naoero,2025,,0.3,,,,CELSIUS,Celsius (°C),SE,Standard error,0.1,,N,National,,
DATAFLOW,SPC:DF_CLIMATE_CHANGE(1.0),Climate Change indicators,I,A,Annual,SST_ANOM,Sea Surface Temperature anomalies,CK,Cook Islands,1850,,-0.2,,,,CELSIUS,Celsius (°C),SE,Standard error,0.1,,N,National,,
DATAFLOW,SPC:DF_CLIMATE_CHANGE(1.0),Climate Change indicators,I,A,Annual,SST_ANOM,Sea Surface Temperature anomalies,CK,Cook Islands,1851,,-0.3,,,,CELSIUS,Celsius (°C),SE,Standard error,0.1,,N,National,,
DATAFLOW,SPC:DF_CLIMATE_CHANGE(1.0),Climate Change indicators,I,A,Annual,SST_ANOM,Sea Surface Temperature anomalies,CK,Cook Islands,1852,,-0.1,,,,CELSIUS,Celsius (°C),SE,Standard error,0.1,,N,National,,
DATAFLOW,SPC:DF_CLIMATE_CHANGE(1.0),Climate Change indicators,I,A,Annual,SST_ANOM,Sea Surface Temperature anomalies,CK,Cook Islands,1853,,0.4,,,,CELSIUS,Celsius (°C),SE,Standard error,0.1,,N,National,,
DATAFLOW,SPC:DF_CLIMATE_CHANGE(1.0),Climate Change indicators,I,A,Annual,SST_ANOM,Sea Surface Temperature anomalies,CK,Cook Islands,1854,,0.3,,,,CELSIUS,Celsius (°C),SE,Standard error,0.1,,N,National,,
DATAFLOW,SPC:DF_CLIMATE_CHANGE(1.0),Climate Change indicators,I,A,Annual,SST_ANOM,Sea Surface Temperature anomalies,CK,Cook Islands,1855,,-0.2,,,,CELSIUS,Celsius (°C),SE,Standard error,0,,N,National,,
DATAFLOW,SPC:DF_CLIMATE_CHANGE(1.0),Climate Change indicators,I,A,Annual,SST_ANOM,Sea Surface Temperature anomalies,CK,Cook Islands,1856,,-0.2,,,,CELSIUS,Celsius (°C),SE,Standard error,0.1,,N,National,,
DATAFLOW,SPC:DF_CLIMATE_CHANGE(1.0),Climate Change indicators,I,A,Annual,SST_ANOM,Sea Surface Temperature anomalies,CK,Cook Islands,1857,,-0.6,,,,CELSIUS,Celsius (°C),SE,Standard error,0.1,,N,National,,
DATAFLOW,SPC:DF_CLIMATE_CHANGE(1.0),Climate Change indicators,I,A,Annual,SST_ANOM,Sea Surface Temperature anomalies,CK,Cook Islands,1858,,-0.1,,,,CELSIUS,Celsius (°C),SE,Standard error,0.1,,N,National,,
DATAFLOW,SPC:DF_CLIMATE_CHANGE(1.0),Climate Change indicators,I,A,Annual,SST_ANOM,Sea Surface Temperature anomalies,CK,Cook Islands,1859,,0.2,,,,CELSIUS,Celsius (°C),SE,Standard error,0.1,,N,National,,
DATAFLOW,SPC:DF_CLIMATE_CHANGE(1.0),Climate Change indicators,I,A,Annual,SST_ANOM,Sea Surface Temperature anomalies,CK,Cook Islands,1860,,-0.1,,,,CELSIUS,Celsius (°C),SE,Standard error,0.1,,N,National,,
DATAFLOW,SPC:DF_CLIMATE_CHANGE(1.0),Climate Change indicators,I,A,Annual,SST_ANOM,Sea Surface Temperature anomalies,CK,Cook Islands,1861,,-0.5,,,,CELSIUS,Celsius (°C),SE,Standard error,0.1,,N,National,,
DATAFLOW,SPC:DF_CLIMATE_CHANGE(1.0),Climate Change indicators,I,A,Annual,SST_ANOM,Sea Surface Temperature anomalies,CK,Cook Islands,1862,,-0.5,,,,CELSIUS,Celsius (°C),SE,Standard error,0,,N,National,,
DATAFLOW,SPC:DF_CLIMATE_CHANGE(1.0),Climate Change indicators,I,A,Annual,SST_ANOM,Sea Surface Temperature anomalies,CK,Cook Islands,1863,,-0.5,,,,CELSIUS,Celsius (°C),SE,Standard error,0,,N,National,,
DATAFLOW,SPC:DF_CLIMATE_CHANGE(1.0),Climate Change indicators,I,A,Annual,SST_ANOM,Sea Surface Temperature anomalies,CK,Cook Islands,1864,,-0.2,,,,CELSIUS,Celsius (°C),SE,Standard error,0,,N,National,,
DATAFLOW,SPC:DF_CLIMATE_CHANGE(1.0),Climate Change indicators,I,A,Annual,SST_ANOM,Sea Surface Temperature anomalies,CK,Cook Islands,1865,,-0.2,,,,CELSIUS,Celsius (°C),SE,Standard error,0,,N,National,,
DATAFLOW,SPC:DF_CLIMATE_CHANGE(1.0),Climate Change indicators,I,A,Annual,SST_ANOM,Sea Surface Temperature anomalies,CK,Cook Islands,1866,,-0.2,,,,CELSIUS,Celsius (°C),SE,Standard error,0,,N,National,,
DATAFLOW,SPC:DF_CLIMATE_CHANGE(1.0),Climate Change indicators,I,A,Annual,SST_ANOM,Sea Surface Temperature anomalies,CK,Cook Islands,1867,,-0.3,,,,CELSIUS,Celsius (°C),SE,Standard error,0,,N,National,,
DATAFLOW,SPC:DF_CLIMATE_CHANGE(1.0),Climate Change indicators,I,A,Annual,SST_ANOM,Sea Surface Temperature anomalies,CK,Cook Islands,1868,,-0.1,,,,CELSIUS,Celsius (°C),SE,Standard error,0.1,,N,National,,
DATAFLOW,SPC:DF_CLIMATE_CHANGE(1.0),Climate Change indicators,I,A,Annual,SST_ANOM,Sea Surface Temperature anomalies,CK,Cook Islands,1869,,-0.2,,,,CELSIUS,Celsius (°C),SE,Standard error,0.1,,N,National,,
DATAFLOW,SPC:DF_CLIMATE_CHANGE(1.0),Climate Change indicators,I,A,Annual,SST_ANOM,Sea Surface Temperature anomalies,CK,Cook Islands,1870,,-0.3,,,,CELSIUS,Celsius (°C),SE,Standard error,0.1,,N,National,,
DATAFLOW,SPC:DF_CLIMATE_CHANGE(1.0),Climate Change indicators,I,A,Annual,SST_ANOM,Sea Surface Temperature anomalies,CK,Cook Islands,1871,,0,,,,CELSIUS,Celsius (°C),SE,Standard error,0,,N,National,,
DATAFLOW,SPC:DF_CLIMATE_CHANGE(1.0),Climate Change indicators,I,A,Annual,SST_ANOM,Sea Surface Temperature anomalies,CK,Cook Islands,1872,,0,,,,CELSIUS,Celsius (°C),SE,Standard error,0.1,,N,National,,
DATAFLOW,SPC:DF_CLIMATE_CHANGE(1.0),Climate Change indicators,I,A,Annual,SST_ANOM,Sea Surface Temperature anomalies,CK,Cook Islands,1873,,-0.4,,,,CELSIUS,Celsius (°C),SE,Standard error,0.1,,N,National,,
DATAFLOW,SPC:DF_CLIMATE_CHANGE(1.0),Climate Change indicators,I,A,Annual,SST_ANOM,Sea Surface Temperature anomalies,CK,Cook Islands,1874,,-0.1,,,,CELSIUS,Celsius (°C),SE,Standard error,0.2,,N,National,,
DATAFLOW,SPC:DF_CLIMATE_CHANGE(1.0),Climate Change indicators,I,A,Annual,SST_ANOM,Sea Surface Temperature anomalies,CK,Cook Islands,1875,,-0.1,,,,CELSIUS,Celsius (°C),SE,Standard error,0.1,,N,National,,
DATAFLOW,SPC:DF_CLIMATE_CHANGE(1.0),Climate Change indicators,I,A,Annual,SST_ANOM,Sea Surface Temperature anomalies,CK,Cook Islands,1876,,0,,,,CELSIUS,Celsius (°C),SE,Standard error,0.1,,N,National,,
DATAFLOW,SPC:DF_CLIMATE_CHANGE(1.0),Climate Change indicators,I,A,Annual,SST_ANOM,Sea Surface Temperature anomalies,CK,Cook Islands,1877,,0,,,,CELSIUS,Celsius (°C),SE,Standard error,0.1,,N,National,,
DATAFLOW,SPC:DF_CLIMATE_CHANGE(1.0),Climate Change indicators,I,A,Annual,SST_ANOM,Sea Surface Temperature anomalies,CK,Cook Islands,1878,,-0.1,,,,CELSIUS,Celsius (°C),SE,Standard error,0.1,,N,National,,
DATAFLOW,SPC:DF_CLIMATE_CHANGE(1.0),Climate Change indicators,I,A,Annual,SST_ANOM,Sea Surface Temperature anomalies,CK,Cook Islands,1879,,-0.2,,,,CELSIUS,Celsius (°C),SE,Standard error,0.1,,N,National,,
DATAFLOW,SPC:DF_CLIMATE_CHANGE(1.0),Climate Change indicators,I,A,Annual,SST_ANOM,Sea Surface Temperature anomalies,CK,Cook Islands,1880,,-0.2,,,,CELSIUS,Celsius (°C),SE,Standard error,0,,N,National,,
DATAFLOW,SPC:DF_CLIMATE_CHANGE(1.0),Climate Change indicators,I,A,Annual,SST_ANOM,Sea Surface Temperature anomalies,CK,Cook Islands,1881,,0,,,,CELSIUS,Celsius (°C),SE,Standard error,0.1,,N,National,,
DATAFLOW,SPC:DF_CLIMATE_CHANGE(1.0),Climate Change indicators,I,A,Annual,SST_ANOM,Sea Surface Temperature anomalies,CK,Cook Islands,1882,,0,,,,CELSIUS,Celsius (°C),SE,Standard error,0.1,,N,National,,
DATAFLOW,SPC:DF_CLIMATE_CHANGE(1.0),Climate Change indicators,I,A,Annual,SST_ANOM,Sea Surface Temperature anomalies,CK,Cook Islands,1883,,-0.4,,,,CELSIUS,Celsius (°C),SE,Standard error,0.1,,N,National,,
DATAFLOW,SPC:DF_CLIMATE_CHANGE(1.0),Climate Change indicators,I,A,Annual,SST_ANOM,Sea Surface Temperature anomalies,CK,Cook Islands,1884,,-0.5,,,,CELSIUS,Celsius (°C),SE,Standard error,0.1,,N,National,,
DATAFLOW,SPC:DF_CLIMATE_CHANGE(1.0),Climate Change indicators,I,A,Annual,SST_ANOM,Sea Surface Temperature anomalies,CK,Cook Islands,1885,,-0.6,,,,CELSIUS,Celsius (°C),SE,Standard error,0.1,,N,National,,
DATAFLOW,SPC:DF_CLIMATE_CHANGE(1.0),Climate Change indicators,I,A,Annual,SST_ANOM,Sea Surface Temperature anomalies,CK,Cook Islands,1886,,-0.6,,,,CELSIUS,Celsius (°C),SE,Standard error,0.1,,N,National,,
DATAFLOW,SPC:DF_CLIMATE_CHANGE(1.0),Climate Change indicators,I,A,Annual,SST_ANOM,Sea Surface Temperature anomalies,CK,Cook Islands,1887,,-0.5,,,,CELSIUS,Celsius (°C),SE,Standard error,0.2,,N,National,,
DATAFLOW,SPC:DF_CLIMATE_CHANGE(1.0),Climate Change indicators,I,A,Annual,SST_ANOM,Sea Surface Temperature anomalies,CK,Cook Islands,1888,,-0.2,,,,CELSIUS,Celsius (°C),SE,Standard error,0,,N,National,,
DATAFLOW,SPC:DF_CLIMATE_CHANGE(1.0),Climate Change indicators,I,A,Annual,SST_ANOM,Sea Surface Temperature anomalies,CK,Cook Islands,1889,,0,,,,CELSIUS,Celsius (°C),SE,Standard error,0,,N,National,,
DATAFLOW,SPC:DF_CLIMATE_CHANGE(1.0),Climate Change indicators,I,A,Annual,SST_ANOM,Sea Surface Temperature anomalies,CK,Cook Islands,1890,,-0.6,,,,CELSIUS,Celsius (°C),SE,Standard error,0.1,,N,National,,
DATAFLOW,SPC:DF_CLIMATE_CHANGE(1.0),Climate Change indicators,I,A,Annual,SST_ANOM,Sea Surface Temperature anomalies,CK,Cook Islands,1891,,-0.4,,,,CELSIUS,Celsius (°C),SE,Standard error,0.1,,N,National,,
DATAFLOW,SPC:DF_CLIMATE_CHANGE(1.0),Climate Change indicators,I,A,Annual,SST_ANOM,Sea Surface Temperature anomalies,CK,Cook Islands,1892,,-0.3,,,,CELSIUS,Celsius (°C),SE,Standard error,0.1,,N,National,,
DATAFLOW,SPC:DF_CLIMATE_CHANGE(1.0),Climate Change indicators,I,A,Annual,SST_ANOM,Sea Surface Temperature anomalies,CK,Cook Islands,1893,,-0.6,,,,CELSIUS,Celsius (°C),SE,Standard error,0.1,,N,National,,
DATAFLOW,SPC:DF_CLIMATE_CHANGE(1.0),Climate Change indicators,I,A,Annual,SST_ANOM,Sea Surface Temperature anomalies,CK,Cook Islands,1894,,-0.2,,,,CELSIUS,Celsius (°C),SE,Standard error,0.1,,N,National,,
DATAFLOW,SPC:DF_CLIMATE_CHANGE(1.0),Climate Change indicators,I,A,Annual,SST_ANOM,Sea Surface Temperature anomalies,CK,Cook Islands,1895,,-0.1,,,,CELSIUS,Celsius (°C),SE,Standard error,0.1,,N,National,,
DATAFLOW,SPC:DF_CLIMATE_CHANGE(1.0),Climate Change indicators,I,A,Annual,SST_ANOM,Sea Surface Temperature anomalies,CK,Cook Islands,1896,,-0.3,,,,CELSIUS,Celsius (°C),SE,Standard error,0.1,,N,National,,
DATAFLOW,SPC:DF_CLIMATE_CHANGE(1.0),Climate Change indicators,I,A,Annual,SST_ANOM,Sea Surface Temperature anomalies,CK,Cook Islands,1897,,-0.1,,,,CELSIUS,Celsius (°C),SE,Standard error,0.1,,N,National,,
DATAFLOW,SPC:DF_CLIMATE_CHANGE(1.0),Climate Change indicators,I,A,Annual,SST_ANOM,Sea Surface Temperature anomalies,CK,Cook Islands,1898,,-0.2,,,,CELSIUS,Celsius (°C),SE,Standard error,0.1,,N,National,,
DATAFLOW,SPC:DF_CLIMATE_CHANGE(1.0),Climate Change indicators,I,A,Annual,SST_ANOM,Sea Surface Temperature anomalies,CK,Cook Islands,1899,,0,,,,CELSIUS,Celsius (°C),SE,Standard error,0.1,,N,National,,
DATAFLOW,SPC:DF_CLIMATE_CHANGE(1.0),Climate Change indicators,I,A,Annual,SST_ANOM,Sea Surface Temperature anomalies,CK,Cook Islands,1900,,0.2,,,,CELSIUS,Celsius (°C),SE,Standard error,0.1,,N,National,,
DATAFLOW,SPC:DF_CLIMATE_CHANGE(1.0),Climate Change indicators,I,A,Annual,SST_ANOM,Sea Surface Temperature anomalies,CK,Cook Islands,1901,,0.5,,,,CELSIUS,Celsius (°C),SE,Standard error,0.1,,N,National,,
DATAFLOW,SPC:DF_CLIMATE_CHANGE(1.0),Climate Change indicators,I,A,Annual,SST_ANOM,Sea Surface Temperature anomalies,CK,Cook Islands,1902,,-0.2,,,,CELSIUS,Celsius (°C),SE,Standard error,0.1,,N,National,,
DATAFLOW,SPC:DF_CLIMATE_CHANGE(1.0),Climate Change indicators,I,A,Annual,SST_ANOM,Sea Surface Temperature anomalies,CK,Cook Islands,1903,,-0.1,,,,CELSIUS,Celsius (°C),SE,Standard error,0.1,,N,National,,
DATAFLOW,SPC:DF_CLIMATE_CHANGE(1.0),Climate Change indicators,I,A,Annual,SST_ANOM,Sea Surface Temperature anomalies,CK,Cook Islands,1904,,-0.6,,,,CELSIUS,Celsius (°C),SE,Standard error,0.1,,N,National,,
DATAFLOW,SPC:DF_CLIMATE_CHANGE(1.0),Climate Change indicators,I,A,Annual,SST_ANOM,Sea Surface Temperature anomalies,CK,Cook Islands,1905,,-0.4,,,,CELSIUS,Celsius (°C),SE,Standard error,0.1,,N,National,,
DATAFLOW,SPC:DF_CLIMATE_CHANGE(1.0),Climate Change indicators,I,A,Annual,SST_ANOM,Sea Surface Temperature anomalies,CK,Cook Islands,1906,,0,,,,CELSIUS,Celsius (°C),SE,Standard error,0.1,,N,National,,
DATAFLOW,SPC:DF_CLIMATE_CHANGE(1.0),Climate Change indicators,I,A,Annual,SST_ANOM,Sea Surface Temperature anomalies,CK,Cook Islands,1907,,-0.4,,,,CELSIUS,Celsius (°C),SE,Standard error,0.1,,N,National,,
DATAFLOW,SPC:DF_CLIMATE_CHANGE(1.0),Climate Change indicators,I,A,Annual,SST_ANOM,Sea Surface Temperature anomalies,CK,Cook Islands,1908,,-0.4,,,,CELSIUS,Celsius (°C),SE,Standard error,0,,N,National,,
DATAFLOW,SPC:DF_CLIMATE_CHANGE(1.0),Climate Change indicators,I,A,Annual,SST_ANOM,Sea Surface Temperature anomalies,CK,Cook Islands,1909,,-0.8,,,,CELSIUS,Celsius (°C),SE,Standard error,0.1,,N,National,,
DATAFLOW,SPC:DF_CLIMATE_CHANGE(1.0),Climate Change indicators,I,A,Annual,SST_ANOM,Sea Surface Temperature anomalies,CK,Cook Islands,1910,,-0.7,,,,CELSIUS,Celsius (°C),SE,Standard error,0.1,,N,National,,
DATAFLOW,SPC:DF_CLIMATE_CHANGE(1.0),Climate Change indicators,I,A,Annual,SST_ANOM,Sea Surface Temperature anomalies,CK,Cook Islands,1911,,-0.6,,,,CELSIUS,Celsius (°C),SE,Standard error,0.1,,N,National,,
DATAFLOW,SPC:DF_CLIMATE_CHANGE(1.0),Climate Change indicators,I,A,Annual,SST_ANOM,Sea Surface Temperature anomalies,CK,Cook Islands,1912,,-0.3,,,,CELSIUS,Celsius (°C),SE,Standard error,0,,N,National,,
DATAFLOW,SPC:DF_CLIMATE_CHANGE(1.0),Climate Change indicators,I,A,Annual,SST_ANOM,Sea Surface Temperature anomalies,CK,Cook Islands,1913,,-0.4,,,,CELSIUS,Celsius (°C),SE,Standard error,0.1,,N,National,,
DATAFLOW,SPC:DF_CLIMATE_CHANGE(1.0),Climate Change indicators,I,A,Annual,SST_ANOM,Sea Surface Temperature anomalies,CK,Cook Islands,1914,,-0.2,,,,CELSIUS,Celsius (°C),SE,Standard error,0.1,,N,National,,
DATAFLOW,SPC:DF_CLIMATE_CHANGE(1.0),Climate Change indicators,I,A,Annual,SST_ANOM,Sea Surface Temperature anomalies,CK,Cook Islands,1915,,0,,,,CELSIUS,Celsius (°C),SE,Standard error,0.1,,N,National,,
DATAFLOW,SPC:DF_CLIMATE_CHANGE(1.0),Climate Change indicators,I,A,Annual,SST_ANOM,Sea Surface Temperature anomalies,CK,Cook Islands,1916,,-0.1,,,,CELSIUS,Celsius (°C),SE,Standard error,0.1,,N,National,,
DATAFLOW,SPC:DF_CLIMATE_CHANGE(1.0),Climate Change indicators,I,A,Annual,SST_ANOM,Sea Surface Temperature anomalies,CK,Cook Islands,1917,,-0.8,,,,CELSIUS,Celsius (°C),SE,Standard error,0.1,,N,National,,
DATAFLOW,SPC:DF_CLIMATE_CHANGE(1.0),Climate Change indicators,I,A,Annual,SST_ANOM,Sea Surface Temperature anomalies,CK,Cook Islands,1918,,-0.4,,,,CELSIUS,Celsius (°C),SE,Standard error,0,,N,National,,
DATAFLOW,SPC:DF_CLIMATE_CHANGE(1.0),Climate Change indicators,I,A,Annual,SST_ANOM,Sea Surface Temperature anomalies,CK,Cook Islands,1919,,-0.6,,,,CELSIUS,Celsius (°C),SE,Standard error,0.1,,N,National,,
DATAFLOW,SPC:DF_CLIMATE_CHANGE(1.0),Climate Change indicators,I,A,Annual,SST_ANOM,Sea Surface Temperature anomalies,CK,Cook Islands,1920,,-0.2,,,,CELSIUS,Celsius (°C),SE,Standard error,0.1,,N,National,,
DATAFLOW,SPC:DF_CLIMATE_CHANGE(1.0),Climate Change indicators,I,A,Annual,SST_ANOM,Sea Surface Temperature anomalies,CK,Cook Islands,1921,,-0.4,,,,CELSIUS,Celsius (°C),SE,Standard error,0.2,,N,National,,
DATAFLOW,SPC:DF_CLIMATE_CHANGE(1.0),Climate Change indicators,I,A,Annual,SST_ANOM,Sea Surface Temperature anomalies,CK,Cook Islands,1922,,-0.1,,,,CELSIUS,Celsius (°C),SE,Standard error,0.1,,N,National,,
DATAFLOW,SPC:DF_CLIMATE_CHANGE(1.0),Climate Change indicators,I,A,Annual,SST_ANOM,Sea Surface Temperature anomalies,CK,Cook Islands,1923,,-0.4,,,,CELSIUS,Celsius (°C),SE,Standard error,0.1,,N,National,,
DATAFLOW,SPC:DF_CLIMATE_CHANGE(1.0),Climate Change indicators,I,A,Annual,SST_ANOM,Sea Surface Temperature anomalies,CK,Cook Islands,1924,,-0.2,,,,CELSIUS,Celsius (°C),SE,Standard error,0.1,,N,National,,
DATAFLOW,SPC:DF_CLIMATE_CHANGE(1.0),Climate Change indicators,I,A,Annual,SST_ANOM,Sea Surface Temperature anomalies,CK,Cook Islands,1925,,-0.4,,,,CELSIUS,Celsius (°C),SE,Standard error,0.1,,N,National,,
DATAFLOW,SPC:DF_CLIMATE_CHANGE(1.0),Climate Change indicators,I,A,Annual,SST_ANOM,Sea Surface Temperature anomalies,CK,Cook Islands,1926,,-0.2,,,,CELSIUS,Celsius (°C),SE,Standard error,0.1,,N,National,,
DATAFLOW,SPC:DF_CLIMATE_CHANGE(1.0),Climate Change indicators,I,A,Annual,SST_ANOM,Sea Surface Temperature anomalies,CK,Cook Islands,1927,,-0.2,,,,CELSIUS,Celsius (°C),SE,Standard error,0,,N,National,,
DATAFLOW,SPC:DF_CLIMATE_CHANGE(1.0),Climate Change indicators,I,A,Annual,SST_ANOM,Sea Surface Temperature anomalies,CK,Cook Islands,1928,,-0.2,,,,CELSIUS,Celsius (°C),SE,Standard error,0.1,,N,National,,
DATAFLOW,SPC:DF_CLIMATE_CHANGE(1.0),Climate Change indicators,I,A,Annual,SST_ANOM,Sea Surface Temperature anomalies,CK,Cook Islands,1929,,-0.3,,,,CELSIUS,Celsius (°C),SE,Standard error,0,,N,National,,
DATAFLOW,SPC:DF_CLIMATE_CHANGE(1.0),Climate Change indicators,I,A,Annual,SST_ANOM,Sea Surface Temperature anomalies,CK,Cook Islands,1930,,-0.3,,,,CELSIUS,Celsius (°C),SE,Standard error,0.1,,N,National,,
DATAFLOW,SPC:DF_CLIMATE_CHANGE(1.0),Climate Change indicators,I,A,Annual,SST_ANOM,Sea Surface Temperature anomalies,CK,Cook Islands,1931,,-0.2,,,,CELSIUS,Celsius (°C),SE,Standard error,0,,N,National,,
DATAFLOW,SPC:DF_CLIMATE_CHANGE(1.0),Climate Change indicators,I,A,Annual,SST_ANOM,Sea Surface Temperature anomalies,CK,Cook Islands,1932,,-0.1,,,,CELSIUS,Celsius (°C),SE,Standard error,0,,N,National,,
DATAFLOW,SPC:DF_CLIMATE_CHANGE(1.0),Climate Change indicators,I,A,Annual,SST_ANOM,Sea Surface Temperature anomalies,CK,Cook Islands,1933,,-0.6,,,,CELSIUS,Celsius (°C),SE,Standard error,0.1,,N,National,,
DATAFLOW,SPC:DF_CLIMATE_CHANGE(1.0),Climate Change indicators,I,A,Annual,SST_ANOM,Sea Surface Temperature anomalies,CK,Cook Islands,1934,,-0.4,,,,CELSIUS,Celsius (°C),SE,Standard error,0,,N,National,,
DATAFLOW,SPC:DF_CLIMATE_CHANGE(1.0),Climate Change indicators,I,A,Annual,SST_ANOM,Sea Surface Temperature anomalies,CK,Cook Islands,1935,,-0.4,,,,CELSIUS,Celsius (°C),SE,Standard error,0.1,,N,National,,
DATAFLOW,SPC:DF_CLIMATE_CHANGE(1.0),Climate Change indicators,I,A,Annual,SST_ANOM,Sea Surface Temperature anomalies,CK,Cook Islands,1936,,-0.4,,,,CELSIUS,Celsius (°C),SE,Standard error,0,,N,National,,
DATAFLOW,SPC:DF_CLIMATE_CHANGE(1.0),Climate Change indicators,I,A,Annual,SST_ANOM,Sea Surface Temperature anomalies,CK,Cook Islands,1937,,-0.3,,,,CELSIUS,Celsius (°C),SE,Standard error,0,,N,National,,
DATAFLOW,SPC:DF_CLIMATE_CHANGE(1.0),Climate Change indicators,I,A,Annual,SST_ANOM,Sea Surface Temperature anomalies,CK,Cook Islands,1938,,-0.5,,,,CELSIUS,Celsius (°C),SE,Standard error,0,,N,National,,
DATAFLOW,SPC:DF_CLIMATE_CHANGE(1.0),Climate Change indicators,I,A,Annual,SST_ANOM,Sea Surface Temperature anomalies,CK,Cook Islands,1939,,-0.6,,,,CELSIUS,Celsius (°C),SE,Standard error,0.1,,N,National,,
DATAFLOW,SPC:DF_CLIMATE_CHANGE(1.0),Climate Change indicators,I,A,Annual,SST_ANOM,Sea Surface Temperature anomalies,CK,Cook Islands,1940,,0,,,,CELSIUS,Celsius (°C),SE,Standard error,0.1,,N,National,,
DATAFLOW,SPC:DF_CLIMATE_CHANGE(1.0),Climate Change indicators,I,A,Annual,SST_ANOM,Sea Surface Temperature anomalies,CK,Cook Islands,1941,,0.1,,,,CELSIUS,Celsius (°C),SE,Standard error,0.1,,N,National,,
DATAFLOW,SPC:DF_CLIMATE_CHANGE(1.0),Climate Change indicators,I,A,Annual,SST_ANOM,Sea Surface Temperature anomalies,CK,Cook Islands,1942,,0.2,,,,CELSIUS,Celsius (°C),SE,Standard error,0.1,,N,National,,
DATAFLOW,SPC:DF_CLIMATE_CHANGE(1.0),Climate Change indicators,I,A,Annual,SST_ANOM,Sea Surface Temperature anomalies,CK,Cook Islands,1943,,0.1,,,,CELSIUS,Celsius (°C),SE,Standard error,0.1,,N,National,,
DATAFLOW,SPC:DF_CLIMATE_CHANGE(1.0),Climate Change indicators,I,A,Annual,SST_ANOM,Sea Surface Temperature anomalies,CK,Cook Islands,1944,,0.3,,,,CELSIUS,Celsius (°C),SE,Standard error,0.1,,N,National,,
DATAFLOW,SPC:DF_CLIMATE_CHANGE(1.0),Climate Change indicators,I,A,Annual,SST_ANOM,Sea Surface Temperature anomalies,CK,Cook Islands,1945,,0.1,,,,CELSIUS,Celsius (°C),SE,Standard error,0,,N,National,,
DATAFLOW,SPC:DF_CLIMATE_CHANGE(1.0),Climate Change indicators,I,A,Annual,SST_ANOM,Sea Surface Temperature anomalies,CK,Cook Islands,1946,,0.2,,,,CELSIUS,Celsius (°C),SE,Standard error,0.1,,N,National,,
DATAFLOW,SPC:DF_CLIMATE_CHANGE(1.0),Climate Change indicators,I,A,Annual,SST_ANOM,Sea Surface Temperature anomalies,CK,Cook Islands,1947,,0.1,,,,CELSIUS,Celsius (°C),SE,Standard error,0.1,,N,National,,
DATAFLOW,SPC:DF_CLIMATE_CHANGE(1.0),Climate Change indicators,I,A,Annual,SST_ANOM,Sea Surface Temperature anomalies,CK,Cook Islands,1948,,-0.2,,,,CELSIUS,Celsius (°C),SE,Standard error,0.1,,N,National,,
DATAFLOW,SPC:DF_CLIMATE_CHANGE(1.0),Climate Change indicators,I,A,Annual,SST_ANOM,Sea Surface Temperature anomalies,CK,Cook Islands,1949,,0,,,,CELSIUS,Celsius (°C),SE,Standard error,0.1,,N,National,,
DATAFLOW,SPC:DF_CLIMATE_CHANGE(1.0),Climate Change indicators,I,A,Annual,SST_ANOM,Sea Surface Temperature anomalies,CK,Cook Islands,1950,,-0.2,,,,CELSIUS,Celsius (°C),SE,Standard error,0,,N,National,,
DATAFLOW,SPC:DF_CLIMATE_CHANGE(1.0),Climate Change indicators,I,A,Annual,SST_ANOM,Sea Surface Temperature anomalies,CK,Cook Islands,1951,,0,,,,CELSIUS,Celsius (°C),SE,Standard error,0,,N,National,,
DATAFLOW,SPC:DF_CLIMATE_CHANGE(1.0),Climate Change indicators,I,A,Annual,SST_ANOM,Sea Surface Temperature anomalies,CK,Cook Islands,1952,,0.3,,,,CELSIUS,Celsius (°C),SE,Standard error,0,,N,National,,
DATAFLOW,SPC:DF_CLIMATE_CHANGE(1.0),Climate Change indicators,I,A,Annual,SST_ANOM,Sea Surface Temperature anomalies,CK,Cook Islands,1953,,0.2,,,,CELSIUS,Celsius (°C),SE,Standard error,0.1,,N,National,,
DATAFLOW,SPC:DF_CLIMATE_CHANGE(1.0),Climate Change indicators,I,A,Annual,SST_ANOM,Sea Surface Temperature anomalies,CK,Cook Islands,1954,,0,,,,CELSIUS,Celsius (°C),SE,Standard error,0.1,,N,National,,
DATAFLOW,SPC:DF_CLIMATE_CHANGE(1.0),Climate Change indicators,I,A,Annual,SST_ANOM,Sea Surface Temperature anomalies,CK,Cook Islands,1955,,-0.4,,,,CELSIUS,Celsius (°C),SE,Standard error,0,,N,National,,
DATAFLOW,SPC:DF_CLIMATE_CHANGE(1.0),Climate Change indicators,I,A,Annual,SST_ANOM,Sea Surface Temperature anomalies,CK,Cook Islands,1956,,-0.4,,,,CELSIUS,Celsius (°C),SE,Standard error,0.1,,N,National,,
DATAFLOW,SPC:DF_CLIMATE_CHANGE(1.0),Climate Change indicators,I,A,Annual,SST_ANOM,Sea Surface Temperature anomalies,CK,Cook Islands,1957,,-0.1,,,,CELSIUS,Celsius (°C),SE,Standard error,0.1,,N,National,,
DATAFLOW,SPC:DF_CLIMATE_CHANGE(1.0),Climate Change indicators,I,A,Annual,SST_ANOM,Sea Surface Temperature anomalies,CK,Cook Islands,1958,,0,,,,CELSIUS,Celsius (°C),SE,Standard error,0.1,,N,National,,
DATAFLOW,SPC:DF_CLIMATE_CHANGE(1.0),Climate Change indicators,I,A,Annual,SST_ANOM,Sea Surface Temperature anomalies,CK,Cook Islands,1959,,0.1,,,,CELSIUS,Celsius (°C),SE,Standard error,0.1,,N,National,,
DATAFLOW,SPC:DF_CLIMATE_CHANGE(1.0),Climate Change indicators,I,A,Annual,SST_ANOM,Sea Surface Temperature anomalies,CK,Cook Islands,1960,,0,,,,CELSIUS,Celsius (°C),SE,Standard error,0.1,,N,National,,
DATAFLOW,SPC:DF_CLIMATE_CHANGE(1.0),Climate Change indicators,I,A,Annual,SST_ANOM,Sea Surface Temperature anomalies,CK,Cook Islands,1961,,0,,,,CELSIUS,Celsius (°C),SE,Standard error,0.1,,N,National,,
DATAFLOW,SPC:DF_CLIMATE_CHANGE(1.0),Climate Change indicators,I,A,Annual,SST_ANOM,Sea Surface Temperature anomalies,CK,Cook Islands,1962,,-0.3,,,,CELSIUS,Celsius (°C),SE,Standard error,0,,N,National,,
DATAFLOW,SPC:DF_CLIMATE_CHANGE(1.0),Climate Change indicators,I,A,Annual,SST_ANOM,Sea Surface Temperature anomalies,CK,Cook Islands,1963,,0,,,,CELSIUS,Celsius (°C),SE,Standard error,0,,N,National,,
DATAFLOW,SPC:DF_CLIMATE_CHANGE(1.0),Climate Change indicators,I,A,Annual,SST_ANOM,Sea Surface Temperature anomalies,CK,Cook Islands,1964,,-0.1,,,,CELSIUS,Celsius (°C),SE,Standard error,0.1,,N,National,,
DATAFLOW,SPC:DF_CLIMATE_CHANGE(1.0),Climate Change indicators,I,A,Annual,SST_ANOM,Sea Surface Temperature anomalies,CK,Cook Islands,1965,,-0.2,,,,CELSIUS,Celsius (°C),SE,Standard error,0.1,,N,National,,
DATAFLOW,SPC:DF_CLIMATE_CHANGE(1.0),Climate Change indicators,I,A,Annual,SST_ANOM,Sea Surface Temperature anomalies,CK,Cook Islands,1966,,0,,,,CELSIUS,Celsius (°C),SE,Standard error,0.1,,N,National,,
DATAFLOW,SPC:DF_CLIMATE_CHANGE(1.0),Climate Change indicators,I,A,Annual,SST_ANOM,Sea Surface Temperature anomalies,CK,Cook Islands,1967,,-0.2,,,,CELSIUS,Celsius (°C),SE,Standard error,0.1,,N,National,,
DATAFLOW,SPC:DF_CLIMATE_CHANGE(1.0),Climate Change indicators,I,A,Annual,SST_ANOM,Sea Surface Temperature anomalies,CK,Cook Islands,1968,,0,,,,CELSIUS,Celsius (°C),SE,Standard error,0.1,,N,National,,
DATAFLOW,SPC:DF_CLIMATE_CHANGE(1.0),Climate Change indicators,I,A,Annual,SST_ANOM,Sea Surface Temperature anomalies,CK,Cook Islands,1969,,0.2,,,,CELSIUS,Celsius (°C),SE,Standard error,0.1,,N,National,,
DATAFLOW,SPC:DF_CLIMATE_CHANGE(1.0),Climate Change indicators,I,A,Annual,SST_ANOM,Sea Surface Temperature anomalies,CK,Cook Islands,1970,,0.1,,,,CELSIUS,Celsius (°C),SE,Standard error,0.1,,N,National,,
DATAFLOW,SPC:DF_CLIMATE_CHANGE(1.0),Climate Change indicators,I,A,Annual,SST_ANOM,Sea Surface Temperature anomalies,CK,Cook Islands,1971,,-0.3,,,,CELSIUS,Celsius (°C),SE,Standard error,0.1,,N,National,,
DATAFLOW,SPC:DF_CLIMATE_CHANGE(1.0),Climate Change indicators,I,A,Annual,SST_ANOM,Sea Surface Temperature anomalies,CK,Cook Islands,1972,,-0.1,,,,CELSIUS,Celsius (°C),SE,Standard error,0.1,,N,National,,
DATAFLOW,SPC:DF_CLIMATE_CHANGE(1.0),Climate Change indicators,I,A,Annual,SST_ANOM,Sea Surface Temperature anomalies,CK,Cook Islands,1973,,0.3,,,,CELSIUS,Celsius (°C),SE,Standard error,0.1,,N,National,,
DATAFLOW,SPC:DF_CLIMATE_CHANGE(1.0),Climate Change indicators,I,A,Annual,SST_ANOM,Sea Surface Temperature anomalies,CK,Cook Islands,1974,,-0.4,,,,CELSIUS,Celsius (°C),SE,Standard error,0.1,,N,National,,
DATAFLOW,SPC:DF_CLIMATE_CHANGE(1.0),Climate Change indicators,I,A,Annual,SST_ANOM,Sea Surface Temperature anomalies,CK,Cook Islands,1975,,-0.4,,,,CELSIUS,Celsius (°C),SE,Standard error,0,,N,National,,
DATAFLOW,SPC:DF_CLIMATE_CHANGE(1.0),Climate Change indicators,I,A,Annual,SST_ANOM,Sea Surface Temperature anomalies,CK,Cook Islands,1976,,-0.4,,,,CELSIUS,Celsius (°C),SE,Standard error,0.1,,N,National,,
DATAFLOW,SPC:DF_CLIMATE_CHANGE(1.0),Climate Change indicators,I,A,Annual,SST_ANOM,Sea Surface Temperature anomalies,CK,Cook Islands,1977,,-0.1,,,,CELSIUS,Celsius (°C),SE,Standard error,0.1,,N,National,,
DATAFLOW,SPC:DF_CLIMATE_CHANGE(1.0),Climate Change indicators,I,A,Annual,SST_ANOM,Sea Surface Temperature anomalies,CK,Cook Islands,1978,,-0.2,,,,CELSIUS,Celsius (°C),SE,Standard error,0.1,,N,National,,
DATAFLOW,SPC:DF_CLIMATE_CHANGE(1.0),Climate Change indicators,I,A,Annual,SST_ANOM,Sea Surface Temperature anomalies,CK,Cook Islands,1979,,-0.2,,,,CELSIUS,Celsius (°C),SE,Standard error,0.1,,N,National,,
DATAFLOW,SPC:DF_CLIMATE_CHANGE(1.0),Climate Change indicators,I,A,Annual,SST_ANOM,Sea Surface Temperature anomalies,CK,Cook Islands,1980,,0,,,,CELSIUS,Celsius (°C),SE,Standard error,0.1,,N,National,,
DATAFLOW,SPC:DF_CLIMATE_CHANGE(1.0),Climate Change indicators,I,A,Annual,SST_ANOM,Sea Surface Temperature anomalies,CK,Cook Islands,1981,,-0.3,,,,CELSIUS,Celsius (°C),SE,Standard error,0.1,,N,National,,
DATAFLOW,SPC:DF_CLIMATE_CHANGE(1.0),Climate Change indicators,I,A,Annual,SST_ANOM,Sea Surface Temperature anomalies,CK,Cook Islands,1982,,0,,,,CELSIUS,Celsius (°C),SE,Standard error,0.1,,N,National,,
DATAFLOW,SPC:DF_CLIMATE_CHANGE(1.0),Climate Change indicators,I,A,Annual,SST_ANOM,Sea Surface Temperature anomalies,CK,Cook Islands,1983,,-0.3,,,,CELSIUS,Celsius (°C),SE,Standard error,0.1,,N,National,,
DATAFLOW,SPC:DF_CLIMATE_CHANGE(1.0),Climate Change indicators,I,A,Annual,SST_ANOM,Sea Surface Temperature anomalies,CK,Cook Islands,1984,,-0.1,,,,CELSIUS,Celsius (°C),SE,Standard error,0.1,,N,National,,
DATAFLOW,SPC:DF_CLIMATE_CHANGE(1.0),Climate Change indicators,I,A,Annual,SST_ANOM,Sea Surface Temperature anomalies,CK,Cook Islands,1985,,-0.3,,,,CELSIUS,Celsius (°C),SE,Standard error,0,,N,National,,
DATAFLOW,SPC:DF_CLIMATE_CHANGE(1.0),Climate Change indicators,I,A,Annual,SST_ANOM,Sea Surface Temperature anomalies,CK,Cook Islands,1986,,-0.2,,,,CELSIUS,Celsius (°C),SE,Standard error,0.1,,N,National,,
DATAFLOW,SPC:DF_CLIMATE_CHANGE(1.0),Climate Change indicators,I,A,Annual,SST_ANOM,Sea Surface Temperature anomalies,CK,Cook Islands,1987,,0,,,,CELSIUS,Celsius (°C),SE,Standard error,0,,N,National,,
DATAFLOW,SPC:DF_CLIMATE_CHANGE(1.0),Climate Change indicators,I,A,Annual,SST_ANOM,Sea Surface Temperature anomalies,CK,Cook Islands,1988,,0.2,,,,CELSIUS,Celsius (°C),SE,Standard error,0.1,,N,National,,
DATAFLOW,SPC:DF_CLIMATE_CHANGE(1.0),Climate Change indicators,I,A,Annual,SST_ANOM,Sea Surface Temperature anomalies,CK,Cook Islands,1989,,-0.2,,,,CELSIUS,Celsius (°C),SE,Standard error,0.1,,N,National,,
DATAFLOW,SPC:DF_CLIMATE_CHANGE(1.0),Climate Change indicators,I,A,Annual,SST_ANOM,Sea Surface Temperature anomalies,CK,Cook Islands,1990,,0,,,,CELSIUS,Celsius (°C),SE,Standard error,0.1,,N,National,,
DATAFLOW,SPC:DF_CLIMATE_CHANGE(1.0),Climate Change indicators,I,A,Annual,SST_ANOM,Sea Surface Temperature anomalies,CK,Cook Islands,1991,,0.3,,,,CELSIUS,Celsius (°C),SE,Standard error,0,,N,National,,
DATAFLOW,SPC:DF_CLIMATE_CHANGE(1.0),Climate Change indicators,I,A,Annual,SST_ANOM,Sea Surface Temperature anomalies,CK,Cook Islands,1992,,0.3,,,,CELSIUS,Celsius (°C),SE,Standard error,0.1,,N,National,,
DATAFLOW,SPC:DF_CLIMATE_CHANGE(1.0),Climate Change indicators,I,A,Annual,SST_ANOM,Sea Surface Temperature anomalies,CK,Cook Islands,1993,,0.1,,,,CELSIUS,Celsius (°C),SE,Standard error,0,,N,National,,
DATAFLOW,SPC:DF_CLIMATE_CHANGE(1.0),Climate Change indicators,I,A,Annual,SST_ANOM,Sea Surface Temperature anomalies,CK,Cook Islands,1994,,0.2,,,,CELSIUS,Celsius (°C),SE,Standard error,0.1,,N,National,,
DATAFLOW,SPC:DF_CLIMATE_CHANGE(1.0),Climate Change indicators,I,A,Annual,SST_ANOM,Sea Surface Temperature anomalies,CK,Cook Islands,1995,,0.3,,,,CELSIUS,Celsius (°C),SE,Standard error,0.1,,N,National,,
DATAFLOW,SPC:DF_CLIMATE_CHANGE(1.0),Climate Change indicators,I,A,Annual,SST_ANOM,Sea Surface Temperature anomalies,CK,Cook Islands,1996,,0.1,,,,CELSIUS,Celsius (°C),SE,Standard error,0,,N,National,,
DATAFLOW,SPC:DF_CLIMATE_CHANGE(1.0),Climate Change indicators,I,A,Annual,SST_ANOM,Sea Surface Temperature anomalies,CK,Cook Islands,1997,,0,,,,CELSIUS,Celsius (°C),SE,Standard error,0.1,,N,National,,
DATAFLOW,SPC:DF_CLIMATE_CHANGE(1.0),Climate Change indicators,I,A,Annual,SST_ANOM,Sea Surface Temperature anomalies,CK,Cook Islands,1998,,0,,,,CELSIUS,Celsius (°C),SE,Standard error,0.1,,N,National,,
DATAFLOW,SPC:DF_CLIMATE_CHANGE(1.0),Climate Change indicators,I,A,Annual,SST_ANOM,Sea Surface Temperature anomalies,CK,Cook Islands,1999,,0.1,,,,CELSIUS,Celsius (°C),SE,Standard error,0,,N,National,,
DATAFLOW,SPC:DF_CLIMATE_CHANGE(1.0),Climate Change indicators,I,A,Annual,SST_ANOM,Sea Surface Temperature anomalies,CK,Cook Islands,2000,,0.2,,,,CELSIUS,Celsius (°C),SE,Standard error,0.1,,N,National,,
DATAFLOW,SPC:DF_CLIMATE_CHANGE(1.0),Climate Change indicators,I,A,Annual,SST_ANOM,Sea Surface Temperature anomalies,CK,Cook Islands,2001,,0.2,,,,CELSIUS,Celsius (°C),SE,Standard error,0.1,,N,National,,
DATAFLOW,SPC:DF_CLIMATE_CHANGE(1.0),Climate Change indicators,I,A,Annual,SST_ANOM,Sea Surface Temperature anomalies,CK,Cook Islands,2002,,0.4,,,,CELSIUS,Celsius (°C),SE,Standard error,0,,N,National,,
DATAFLOW,SPC:DF_CLIMATE_CHANGE(1.0),Climate Change indicators,I,A,Annual,SST_ANOM,Sea Surface Temperature anomalies,CK,Cook Islands,2003,,0.5,,,,CELSIUS,Celsius (°C),SE,Standard error,0,,N,National,,
DATAFLOW,SPC:DF_CLIMATE_CHANGE(1.0),Climate Change indicators,I,A,Annual,SST_ANOM,Sea Surface Temperature anomalies,CK,Cook Islands,2004,,0.6,,,,CELSIUS,Celsius (°C),SE,Standard error,0,,N,National,,
DATAFLOW,SPC:DF_CLIMATE_CHANGE(1.0),Climate Change indicators,I,A,Annual,SST_ANOM,Sea Surface Temperature anomalies,CK,Cook Islands,2005,,0.5,,,,CELSIUS,Celsius (°C),SE,Standard error,0.1,,N,National,,
DATAFLOW,SPC:DF_CLIMATE_CHANGE(1.0),Climate Change indicators,I,A,Annual,SST_ANOM,Sea Surface Temperature anomalies,CK,Cook Islands,2006,,0.5,,,,CELSIUS,Celsius (°C),SE,Standard error,0,,N,National,,
DATAFLOW,SPC:DF_CLIMATE_CHANGE(1.0),Climate Change indicators,I,A,Annual,SST_ANOM,Sea Surface Temperature anomalies,CK,Cook Islands,2007,,0.5,,,,CELSIUS,Celsius (°C),SE,Standard error,0.1,,N,National,,
DATAFLOW,SPC:DF_CLIMATE_CHANGE(1.0),Climate Change indicators,I,A,Annual,SST_ANOM,Sea Surface Temperature anomalies,CK,Cook Islands,2008,,0.1,,,,CELSIUS,Celsius (°C),SE,Standard error,0.1,,N,National,,
DATAFLOW,SPC:DF_CLIMATE_CHANGE(1.0),Climate Change indicators,I,A,Annual,SST_ANOM,Sea Surface Temperature anomalies,CK,Cook Islands,2009,,0.5,,,,CELSIUS,Celsius (°C),SE,Standard error,0,,N,National,,
DATAFLOW,SPC:DF_CLIMATE_CHANGE(1.0),Climate Change indicators,I,A,Annual,SST_ANOM,Sea Surface Temperature anomalies,CK,Cook Islands,2010,,0.6,,,,CELSIUS,Celsius (°C),SE,Standard error,0.1,,N,National,,
DATAFLOW,SPC:DF_CLIMATE_CHANGE(1.0),Climate Change indicators,I,A,Annual,SST_ANOM,Sea Surface Temperature anomalies,CK,Cook Islands,2011,,0.1,,,,CELSIUS,Celsius (°C),SE,Standard error,0.1,,N,National,,
DATAFLOW,SPC:DF_CLIMATE_CHANGE(1.0),Climate Change indicators,I,A,Annual,SST_ANOM,Sea Surface Temperature anomalies,CK,Cook Islands,2012,,0.3,,,,CELSIUS,Celsius (°C),SE,Standard error,0.1,,N,National,,
DATAFLOW,SPC:DF_CLIMATE_CHANGE(1.0),Climate Change indicators,I,A,Annual,SST_ANOM,Sea Surface Temperature anomalies,CK,Cook Islands,2013,,0.5,,,,CELSIUS,Celsius (°C),SE,Standard error,0,,N,National,,
DATAFLOW,SPC:DF_CLIMATE_CHANGE(1.0),Climate Change indicators,I,A,Annual,SST_ANOM,Sea Surface Temperature anomalies,CK,Cook Islands,2014,,0.5,,,,CELSIUS,Celsius (°C),SE,Standard error,0,,N,National,,
DATAFLOW,SPC:DF_CLIMATE_CHANGE(1.0),Climate Change indicators,I,A,Annual,SST_ANOM,Sea Surface Temperature anomalies,CK,Cook Islands,2015,,0.4,,,,CELSIUS,Celsius (°C),SE,Standard error,0,,N,National,,
DATAFLOW,SPC:DF_CLIMATE_CHANGE(1.0),Climate Change indicators,I,A,Annual,SST_ANOM,Sea Surface Temperature anomalies,CK,Cook Islands,2016,,0.6,,,,CELSIUS,Celsius (°C),SE,Standard error,0.1,,N,National,,
DATAFLOW,SPC:DF_CLIMATE_CHANGE(1.0),Climate Change indicators,I,A,Annual,SST_ANOM,Sea Surface Temperature anomalies,CK,Cook Islands,2017,,0.6,,,,CELSIUS,Celsius (°C),SE,Standard error,0.1,,N,National,,
DATAFLOW,SPC:DF_CLIMATE_CHANGE(1.0),Climate Change indicators,I,A,Annual,SST_ANOM,Sea Surface Temperature anomalies,CK,Cook Islands,2018,,0.4,,,,CELSIUS,Celsius (°C),SE,Standard error,0.1,,N,National,,
DATAFLOW,SPC:DF_CLIMATE_CHANGE(1.0),Climate Change indicators,I,A,Annual,SST_ANOM,Sea Surface Temperature anomalies,CK,Cook Islands,2019,,0.7,,,,CELSIUS,Celsius (°C),SE,Standard error,0,,N,National,,
DATAFLOW,SPC:DF_CLIMATE_CHANGE(1.0),Climate Change indicators,I,A,Annual,SST_ANOM,Sea Surface Temperature anomalies,CK,Cook Islands,2020,,0.6,,,,CELSIUS,Celsius (°C),SE,Standard error,0.1,,N,National,,
DATAFLOW,SPC:DF_CLIMATE_CHANGE(1.0),Climate Change indicators,I,A,Annual,SST_ANOM,Sea Surface Temperature anomalies,CK,Cook Islands,2021,,0.4,,,,CELSIUS,Celsius (°C),SE,Standard error,0,,N,National,,
DATAFLOW,SPC:DF_CLIMATE_CHANGE(1.0),Climate Change indicators,I,A,Annual,SST_ANOM,Sea Surface Temperature anomalies,CK,Cook Islands,2022,,0.2,,,,CELSIUS,Celsius (°C),SE,Standard error,0,,N,National,,
DATAFLOW,SPC:DF_CLIMATE_CHANGE(1.0),Climate Change indicators,I,A,Annual,SST_ANOM,Sea Surface Temperature anomalies,CK,Cook Islands,2023,,0.5,,,,CELSIUS,Celsius (°C),SE,Standard error,0.1,,N,National,,
DATAFLOW,SPC:DF_CLIMATE_CHANGE(1.0),Climate Change indicators,I,A,Annual,SST_ANOM,Sea Surface Temperature anomalies,CK,Cook Islands,2024,,0.7,,,,CELSIUS,Celsius (°C),SE,Standard error,0.1,,N,National,,
DATAFLOW,SPC:DF_CLIMATE_CHANGE(1.0),Climate Change indicators,I,A,Annual,SST_ANOM,Sea Surface Temperature anomalies,CK,Cook Islands,2025,,0.5,,,,CELSIUS,Celsius (°C),SE,Standard error,0,,N,National,,
DATAFLOW,SPC:DF_CLIMATE_CHANGE(1.0),Climate Change indicators,I,A,Annual,SST_ANOM,Sea Surface Temperature anomalies,MP,Northern Mariana Islands,1850,,-0.4,,,,CELSIUS,Celsius (°C),SE,Standard error,0.1,,N,National,,
DATAFLOW,SPC:DF_CLIMATE_CHANGE(1.0),Climate Change indicators,I,A,Annual,SST_ANOM,Sea Surface Temperature anomalies,MP,Northern Mariana Islands,1851,,0.2,,,,CELSIUS,Celsius (°C),SE,Standard error,0.1,,N,National,,
DATAFLOW,SPC:DF_CLIMATE_CHANGE(1.0),Climate Change indicators,I,A,Annual,SST_ANOM,Sea Surface Temperature anomalies,MP,Northern Mariana Islands,1852,,0.1,,,,CELSIUS,Celsius (°C),SE,Standard error,0.1,,N,National,,
DATAFLOW,SPC:DF_CLIMATE_CHANGE(1.0),Climate Change indicators,I,A,Annual,SST_ANOM,Sea Surface Temperature anomalies,MP,Northern Mariana Islands,1853,,-0.1,,,,CELSIUS,Celsius (°C),SE,Standard error,0.1,,N,National,,
DATAFLOW,SPC:DF_CLIMATE_CHANGE(1.0),Climate Change indicators,I,A,Annual,SST_ANOM,Sea Surface Temperature anomalies,MP,Northern Mariana Islands,1854,,0.1,,,,CELSIUS,Celsius (°C),SE,Standard error,0.1,,N,National,,
DATAFLOW,SPC:DF_CLIMATE_CHANGE(1.0),Climate Change indicators,I,A,Annual,SST_ANOM,Sea Surface Temperature anomalies,MP,Northern Mariana Islands,1855,,-0.6,,,,CELSIUS,Celsius (°C),SE,Standard error,0.1,,N,National,,
DATAFLOW,SPC:DF_CLIMATE_CHANGE(1.0),Climate Change indicators,I,A,Annual,SST_ANOM,Sea Surface Temperature anomalies,MP,Northern Mariana Islands,1856,,-0.2,,,,CELSIUS,Celsius (°C),SE,Standard error,0.1,,N,National,,
DATAFLOW,SPC:DF_CLIMATE_CHANGE(1.0),Climate Change indicators,I,A,Annual,SST_ANOM,Sea Surface Temperature anomalies,MP,Northern Mariana Islands,1857,,-0.2,,,,CELSIUS,Celsius (°C),SE,Standard error,0.2,,N,National,,
DATAFLOW,SPC:DF_CLIMATE_CHANGE(1.0),Climate Change indicators,I,A,Annual,SST_ANOM,Sea Surface Temperature anomalies,MP,Northern Mariana Islands,1858,,-0.5,,,,CELSIUS,Celsius (°C),SE,Standard error,0.1,,N,National,,
DATAFLOW,SPC:DF_CLIMATE_CHANGE(1.0),Climate Change indicators,I,A,Annual,SST_ANOM,Sea Surface Temperature anomalies,MP,Northern Mariana Islands,1859,,0.1,,,,CELSIUS,Celsius (°C),SE,Standard error,0.1,,N,National,,
DATAFLOW,SPC:DF_CLIMATE_CHANGE(1.0),Climate Change indicators,I,A,Annual,SST_ANOM,Sea Surface Temperature anomalies,MP,Northern Mariana Islands,1860,,-0.3,,,,CELSIUS,Celsius (°C),SE,Standard error,0.1,,N,National,,
DATAFLOW,SPC:DF_CLIMATE_CHANGE(1.0),Climate Change indicators,I,A,Annual,SST_ANOM,Sea Surface Temperature anomalies,MP,Northern Mariana Islands,1861,,-0.5,,,,CELSIUS,Celsius (°C),SE,Standard error,0.1,,N,National,,
DATAFLOW,SPC:DF_CLIMATE_CHANGE(1.0),Climate Change indicators,I,A,Annual,SST_ANOM,Sea Surface Temperature anomalies,MP,Northern Mariana Islands,1862,,-0.6,,,,CELSIUS,Celsius (°C),SE,Standard error,0.1,,N,National,,
DATAFLOW,SPC:DF_CLIMATE_CHANGE(1.0),Climate Change indicators,I,A,Annual,SST_ANOM,Sea Surface Temperature anomalies,MP,Northern Mariana Islands,1863,,-0.4,,,,CELSIUS,Celsius (°C),SE,Standard error,0.1,,N,National,,
DATAFLOW,SPC:DF_CLIMATE_CHANGE(1.0),Climate Change indicators,I,A,Annual,SST_ANOM,Sea Surface Temperature anomalies,MP,Northern Mariana Islands,1864,,-0.5,,,,CELSIUS,Celsius (°C),SE,Standard error,0.1,,N,National,,
DATAFLOW,SPC:DF_CLIMATE_CHANGE(1.0),Climate Change indicators,I,A,Annual,SST_ANOM,Sea Surface Temperature anomalies,MP,Northern Mariana Islands,1865,,0,,,,CELSIUS,Celsius (°C),SE,Standard error,0.1,,N,National,,
DATAFLOW,SPC:DF_CLIMATE_CHANGE(1.0),Climate Change indicators,I,A,Annual,SST_ANOM,Sea Surface Temperature anomalies,MP,Northern Mariana Islands,1866,,-0.1,,,,CELSIUS,Celsius (°C),SE,Standard error,0.1,,N,National,,
DATAFLOW,SPC:DF_CLIMATE_CHANGE(1.0),Climate Change indicators,I,A,Annual,SST_ANOM,Sea Surface Temperature anomalies,MP,Northern Mariana Islands,1867,,-0.3,,,,CELSIUS,Celsius (°C),SE,Standard error,0.2,,N,National,,
DATAFLOW,SPC:DF_CLIMATE_CHANGE(1.0),Climate Change indicators,I,A,Annual,SST_ANOM,Sea Surface Temperature anomalies,MP,Northern Mariana Islands,1868,,-0.3,,,,CELSIUS,Celsius (°C),SE,Standard error,0.2,,N,National,,
DATAFLOW,SPC:DF_CLIMATE_CHANGE(1.0),Climate Change indicators,I,A,Annual,SST_ANOM,Sea Surface Temperature anomalies,MP,Northern Mariana Islands,1869,,0.4,,,,CELSIUS,Celsius (°C),SE,Standard error,0.1,,N,National,,
DATAFLOW,SPC:DF_CLIMATE_CHANGE(1.0),Climate Change indicators,I,A,Annual,SST_ANOM,Sea Surface Temperature anomalies,MP,Northern Mariana Islands,1870,,0.5,,,,CELSIUS,Celsius (°C),SE,Standard error,0.2,,N,National,,
DATAFLOW,SPC:DF_CLIMATE_CHANGE(1.0),Climate Change indicators,I,A,Annual,SST_ANOM,Sea Surface Temperature anomalies,MP,Northern Mariana Islands,1871,,-0.1,,,,CELSIUS,Celsius (°C),SE,Standard error,0.1,,N,National,,
DATAFLOW,SPC:DF_CLIMATE_CHANGE(1.0),Climate Change indicators,I,A,Annual,SST_ANOM,Sea Surface Temperature anomalies,MP,Northern Mariana Islands,1872,,0.1,,,,CELSIUS,Celsius (°C),SE,Standard error,0,,N,National,,
DATAFLOW,SPC:DF_CLIMATE_CHANGE(1.0),Climate Change indicators,I,A,Annual,SST_ANOM,Sea Surface Temperature anomalies,MP,Northern Mariana Islands,1873,,0,,,,CELSIUS,Celsius (°C),SE,Standard error,0.1,,N,National,,
DATAFLOW,SPC:DF_CLIMATE_CHANGE(1.0),Climate Change indicators,I,A,Annual,SST_ANOM,Sea Surface Temperature anomalies,MP,Northern Mariana Islands,1874,,-0.3,,,,CELSIUS,Celsius (°C),SE,Standard error,0,,N,National,,
DATAFLOW,SPC:DF_CLIMATE_CHANGE(1.0),Climate Change indicators,I,A,Annual,SST_ANOM,Sea Surface Temperature anomalies,MP,Northern Mariana Islands,1875,,-0.1,,,,CELSIUS,Celsius (°C),SE,Standard error,0.1,,N,National,,
DATAFLOW,SPC:DF_CLIMATE_CHANGE(1.0),Climate Change indicators,I,A,Annual,SST_ANOM,Sea Surface Temperature anomalies,MP,Northern Mariana Islands,1876,,0.1,,,,CELSIUS,Celsius (°C),SE,Standard error,0.1,,N,National,,
DATAFLOW,SPC:DF_CLIMATE_CHANGE(1.0),Climate Change indicators,I,A,Annual,SST_ANOM,Sea Surface Temperature anomalies,MP,Northern Mariana Islands,1877,,0,,,,CELSIUS,Celsius (°C),SE,Standard error,0.1,,N,National,,
DATAFLOW,SPC:DF_CLIMATE_CHANGE(1.0),Climate Change indicators,I,A,Annual,SST_ANOM,Sea Surface Temperature anomalies,MP,Northern Mariana Islands,1878,,0.6,,,,CELSIUS,Celsius (°C),SE,Standard error,0.1,,N,National,,
DATAFLOW,SPC:DF_CLIMATE_CHANGE(1.0),Climate Change indicators,I,A,Annual,SST_ANOM,Sea Surface Temperature anomalies,MP,Northern Mariana Islands,1879,,0.3,,,,CELSIUS,Celsius (°C),SE,Standard error,0.2,,N,National,,
DATAFLOW,SPC:DF_CLIMATE_CHANGE(1.0),Climate Change indicators,I,A,Annual,SST_ANOM,Sea Surface Temperature anomalies,MP,Northern Mariana Islands,1880,,-0.8,,,,CELSIUS,Celsius (°C),SE,Standard error,0.2,,N,National,,
DATAFLOW,SPC:DF_CLIMATE_CHANGE(1.0),Climate Change indicators,I,A,Annual,SST_ANOM,Sea Surface Temperature anomalies,MP,Northern Mariana Islands,1881,,-0.1,,,,CELSIUS,Celsius (°C),SE,Standard error,0.1,,N,National,,
DATAFLOW,SPC:DF_CLIMATE_CHANGE(1.0),Climate Change indicators,I,A,Annual,SST_ANOM,Sea Surface Temperature anomalies,MP,Northern Mariana Islands,1882,,-0.1,,,,CELSIUS,Celsius (°C),SE,Standard error,0.2,,N,National,,
DATAFLOW,SPC:DF_CLIMATE_CHANGE(1.0),Climate Change indicators,I,A,Annual,SST_ANOM,Sea Surface Temperature anomalies,MP,Northern Mariana Islands,1883,,-0.7,,,,CELSIUS,Celsius (°C),SE,Standard error,0.2,,N,National,,
DATAFLOW,SPC:DF_CLIMATE_CHANGE(1.0),Climate Change indicators,I,A,Annual,SST_ANOM,Sea Surface Temperature anomalies,MP,Northern Mariana Islands,1884,,-0.3,,,,CELSIUS,Celsius (°C),SE,Standard error,0.1,,N,National,,
DATAFLOW,SPC:DF_CLIMATE_CHANGE(1.0),Climate Change indicators,I,A,Annual,SST_ANOM,Sea Surface Temperature anomalies,MP,Northern Mariana Islands,1885,,-0.8,,,,CELSIUS,Celsius (°C),SE,Standard error,0.1,,N,National,,
DATAFLOW,SPC:DF_CLIMATE_CHANGE(1.0),Climate Change indicators,I,A,Annual,SST_ANOM,Sea Surface Temperature anomalies,MP,Northern Mariana Islands,1886,,-0.5,,,,CELSIUS,Celsius (°C),SE,Standard error,0.1,,N,National,,
DATAFLOW,SPC:DF_CLIMATE_CHANGE(1.0),Climate Change indicators,I,A,Annual,SST_ANOM,Sea Surface Temperature anomalies,MP,Northern Mariana Islands,1887,,0,,,,CELSIUS,Celsius (°C),SE,Standard error,0.1,,N,National,,
DATAFLOW,SPC:DF_CLIMATE_CHANGE(1.0),Climate Change indicators,I,A,Annual,SST_ANOM,Sea Surface Temperature anomalies,MP,Northern Mariana Islands,1888,,0.1,,,,CELSIUS,Celsius (°C),SE,Standard error,0.1,,N,National,,
DATAFLOW,SPC:DF_CLIMATE_CHANGE(1.0),Climate Change indicators,I,A,Annual,SST_ANOM,Sea Surface Temperature anomalies,MP,Northern Mariana Islands,1889,,0.2,,,,CELSIUS,Celsius (°C),SE,Standard error,0.1,,N,National,,
DATAFLOW,SPC:DF_CLIMATE_CHANGE(1.0),Climate Change indicators,I,A,Annual,SST_ANOM,Sea Surface Temperature anomalies,MP,Northern Mariana Islands,1890,,0,,,,CELSIUS,Celsius (°C),SE,Standard error,0.1,,N,National,,
DATAFLOW,SPC:DF_CLIMATE_CHANGE(1.0),Climate Change indicators,I,A,Annual,SST_ANOM,Sea Surface Temperature anomalies,MP,Northern Mariana Islands,1891,,0,,,,CELSIUS,Celsius (°C),SE,Standard error,0.1,,N,National,,
DATAFLOW,SPC:DF_CLIMATE_CHANGE(1.0),Climate Change indicators,I,A,Annual,SST_ANOM,Sea Surface Temperature anomalies,MP,Northern Mariana Islands,1892,,0.3,,,,CELSIUS,Celsius (°C),SE,Standard error,0.1,,N,National,,
DATAFLOW,SPC:DF_CLIMATE_CHANGE(1.0),Climate Change indicators,I,A,Annual,SST_ANOM,Sea Surface Temperature anomalies,MP,Northern Mariana Islands,1893,,-0.2,,,,CELSIUS,Celsius (°C),SE,Standard error,0.1,,N,National,,
DATAFLOW,SPC:DF_CLIMATE_CHANGE(1.0),Climate Change indicators,I,A,Annual,SST_ANOM,Sea Surface Temperature anomalies,MP,Northern Mariana Islands,1894,,0,,,,CELSIUS,Celsius (°C),SE,Standard error,0.1,,N,National,,
DATAFLOW,SPC:DF_CLIMATE_CHANGE(1.0),Climate Change indicators,I,A,Annual,SST_ANOM,Sea Surface Temperature anomalies,MP,Northern Mariana Islands,1895,,0.2,,,,CELSIUS,Celsius (°C),SE,Standard error,0.1,,N,National,,
DATAFLOW,SPC:DF_CLIMATE_CHANGE(1.0),Climate Change indicators,I,A,Annual,SST_ANOM,Sea Surface Temperature anomalies,MP,Northern Mariana Islands,1896,,0.4,,,,CELSIUS,Celsius (°C),SE,Standard error,0.2,,N,National,,
DATAFLOW,SPC:DF_CLIMATE_CHANGE(1.0),Climate Change indicators,I,A,Annual,SST_ANOM,Sea Surface Temperature anomalies,MP,Northern Mariana Islands,1897,,0.6,,,,CELSIUS,Celsius (°C),SE,Standard error,0,,N,National,,
DATAFLOW,SPC:DF_CLIMATE_CHANGE(1.0),Climate Change indicators,I,A,Annual,SST_ANOM,Sea Surface Temperature anomalies,MP,Northern Mariana Islands,1898,,0.2,,,,CELSIUS,Celsius (°C),SE,Standard error,0.1,,N,National,,
DATAFLOW,SPC:DF_CLIMATE_CHANGE(1.0),Climate Change indicators,I,A,Annual,SST_ANOM,Sea Surface Temperature anomalies,MP,Northern Mariana Islands,1899,,-0.5,,,,CELSIUS,Celsius (°C),SE,Standard error,0.1,,N,National,,
DATAFLOW,SPC:DF_CLIMATE_CHANGE(1.0),Climate Change indicators,I,A,Annual,SST_ANOM,Sea Surface Temperature anomalies,MP,Northern Mariana Islands,1900,,0,,,,CELSIUS,Celsius (°C),SE,Standard error,0.1,,N,National,,
DATAFLOW,SPC:DF_CLIMATE_CHANGE(1.0),Climate Change indicators,I,A,Annual,SST_ANOM,Sea Surface Temperature anomalies,MP,Northern Mariana Islands,1901,,-0.1,,,,CELSIUS,Celsius (°C),SE,Standard error,0.1,,N,National,,
DATAFLOW,SPC:DF_CLIMATE_CHANGE(1.0),Climate Change indicators,I,A,Annual,SST_ANOM,Sea Surface Temperature anomalies,MP,Northern Mariana Islands,1902,,-0.2,,,,CELSIUS,Celsius (°C),SE,Standard error,0.1,,N,National,,
DATAFLOW,SPC:DF_CLIMATE_CHANGE(1.0),Climate Change indicators,I,A,Annual,SST_ANOM,Sea Surface Temperature anomalies,MP,Northern Mariana Islands,1903,,-0.6,,,,CELSIUS,Celsius (°C),SE,Standard error,0.1,,N,National,,
DATAFLOW,SPC:DF_CLIMATE_CHANGE(1.0),Climate Change indicators,I,A,Annual,SST_ANOM,Sea Surface Temperature anomalies,MP,Northern Mariana Islands,1904,,-0.5,,,,CELSIUS,Celsius (°C),SE,Standard error,0.2,,N,National,,
DATAFLOW,SPC:DF_CLIMATE_CHANGE(1.0),Climate Change indicators,I,A,Annual,SST_ANOM,Sea Surface Temperature anomalies,MP,Northern Mariana Islands,1905,,-0.3,,,,CELSIUS,Celsius (°C),SE,Standard error,0.1,,N,National,,
DATAFLOW,SPC:DF_CLIMATE_CHANGE(1.0),Climate Change indicators,I,A,Annual,SST_ANOM,Sea Surface Temperature anomalies,MP,Northern Mariana Islands,1906,,-0.2,,,,CELSIUS,Celsius (°C),SE,Standard error,0,,N,National,,
DATAFLOW,SPC:DF_CLIMATE_CHANGE(1.0),Climate Change indicators,I,A,Annual,SST_ANOM,Sea Surface Temperature anomalies,MP,Northern Mariana Islands,1907,,-0.6,,,,CELSIUS,Celsius (°C),SE,Standard error,0.1,,N,National,,
DATAFLOW,SPC:DF_CLIMATE_CHANGE(1.0),Climate Change indicators,I,A,Annual,SST_ANOM,Sea Surface Temperature anomalies,MP,Northern Mariana Islands,1908,,-0.3,,,,CELSIUS,Celsius (°C),SE,Standard error,0.1,,N,National,,
DATAFLOW,SPC:DF_CLIMATE_CHANGE(1.0),Climate Change indicators,I,A,Annual,SST_ANOM,Sea Surface Temperature anomalies,MP,Northern Mariana Islands,1909,,-0.3,,,,CELSIUS,Celsius (°C),SE,Standard error,0.1,,N,National,,
DATAFLOW,SPC:DF_CLIMATE_CHANGE(1.0),Climate Change indicators,I,A,Annual,SST_ANOM,Sea Surface Temperature anomalies,MP,Northern Mariana Islands,1910,,-0.1,,,,CELSIUS,Celsius (°C),SE,Standard error,0.1,,N,National,,
DATAFLOW,SPC:DF_CLIMATE_CHANGE(1.0),Climate Change indicators,I,A,Annual,SST_ANOM,Sea Surface Temperature anomalies,MP,Northern Mariana Islands,1911,,-0.5,,,,CELSIUS,Celsius (°C),SE,Standard error,0.2,,N,National,,
DATAFLOW,SPC:DF_CLIMATE_CHANGE(1.0),Climate Change indicators,I,A,Annual,SST_ANOM,Sea Surface Temperature anomalies,MP,Northern Mariana Islands,1912,,-0.4,,,,CELSIUS,Celsius (°C),SE,Standard error,0.1,,N,National,,
DATAFLOW,SPC:DF_CLIMATE_CHANGE(1.0),Climate Change indicators,I,A,Annual,SST_ANOM,Sea Surface Temperature anomalies,MP,Northern Mariana Islands,1913,,-0.5,,,,CELSIUS,Celsius (°C),SE,Standard error,0,,N,National,,
DATAFLOW,SPC:DF_CLIMATE_CHANGE(1.0),Climate Change indicators,I,A,Annual,SST_ANOM,Sea Surface Temperature anomalies,MP,Northern Mariana Islands,1914,,-0.6,,,,CELSIUS,Celsius (°C),SE,Standard error,0.1,,N,National,,
DATAFLOW,SPC:DF_CLIMATE_CHANGE(1.0),Climate Change indicators,I,A,Annual,SST_ANOM,Sea Surface Temperature anomalies,MP,Northern Mariana Islands,1915,,-0.4,,,,CELSIUS,Celsius (°C),SE,Standard error,0.1,,N,National,,
DATAFLOW,SPC:DF_CLIMATE_CHANGE(1.0),Climate Change indicators,I,A,Annual,SST_ANOM,Sea Surface Temperature anomalies,MP,Northern Mariana Islands,1916,,-0.3,,,,CELSIUS,Celsius (°C),SE,Standard error,0.1,,N,National,,
DATAFLOW,SPC:DF_CLIMATE_CHANGE(1.0),Climate Change indicators,I,A,Annual,SST_ANOM,Sea Surface Temperature anomalies,MP,Northern Mariana Islands,1917,,-0.5,,,,CELSIUS,Celsius (°C),SE,Standard error,0.1,,N,National,,
DATAFLOW,SPC:DF_CLIMATE_CHANGE(1.0),Climate Change indicators,I,A,Annual,SST_ANOM,Sea Surface Temperature anomalies,MP,Northern Mariana Islands,1918,,-0.7,,,,CELSIUS,Celsius (°C),SE,Standard error,0.1,,N,National,,
DATAFLOW,SPC:DF_CLIMATE_CHANGE(1.0),Climate Change indicators,I,A,Annual,SST_ANOM,Sea Surface Temperature anomalies,MP,Northern Mariana Islands,1919,,-0.5,,,,CELSIUS,Celsius (°C),SE,Standard error,0.1,,N,National,,
DATAFLOW,SPC:DF_CLIMATE_CHANGE(1.0),Climate Change indicators,I,A,Annual,SST_ANOM,Sea Surface Temperature anomalies,MP,Northern Mariana Islands,1920,,-0.7,,,,CELSIUS,Celsius (°C),SE,Standard error,0.1,,N,National,,
DATAFLOW,SPC:DF_CLIMATE_CHANGE(1.0),Climate Change indicators,I,A,Annual,SST_ANOM,Sea Surface Temperature anomalies,MP,Northern Mariana Islands,1921,,-0.2,,,,CELSIUS,Celsius (°C),SE,Standard error,0.1,,N,National,,
DATAFLOW,SPC:DF_CLIMATE_CHANGE(1.0),Climate Change indicators,I,A,Annual,SST_ANOM,Sea Surface Temperature anomalies,MP,Northern Mariana Islands,1922,,-0.4,,,,CELSIUS,Celsius (°C),SE,Standard error,0.1,,N,National,,
DATAFLOW,SPC:DF_CLIMATE_CHANGE(1.0),Climate Change indicators,I,A,Annual,SST_ANOM,Sea Surface Temperature anomalies,MP,Northern Mariana Islands,1923,,-0.7,,,,CELSIUS,Celsius (°C),SE,Standard error,0.1,,N,National,,
DATAFLOW,SPC:DF_CLIMATE_CHANGE(1.0),Climate Change indicators,I,A,Annual,SST_ANOM,Sea Surface Temperature anomalies,MP,Northern Mariana Islands,1924,,-0.3,,,,CELSIUS,Celsius (°C),SE,Standard error,0.1,,N,National,,
DATAFLOW,SPC:DF_CLIMATE_CHANGE(1.0),Climate Change indicators,I,A,Annual,SST_ANOM,Sea Surface Temperature anomalies,MP,Northern Mariana Islands,1925,,-0.4,,,,CELSIUS,Celsius (°C),SE,Standard error,0.1,,N,National,,
DATAFLOW,SPC:DF_CLIMATE_CHANGE(1.0),Climate Change indicators,I,A,Annual,SST_ANOM,Sea Surface Temperature anomalies,MP,Northern Mariana Islands,1926,,-0.3,,,,CELSIUS,Celsius (°C),SE,Standard error,0.1,,N,National,,
DATAFLOW,SPC:DF_CLIMATE_CHANGE(1.0),Climate Change indicators,I,A,Annual,SST_ANOM,Sea Surface Temperature anomalies,MP,Northern Mariana Islands,1927,,-0.3,,,,CELSIUS,Celsius (°C),SE,Standard error,0.1,,N,National,,
DATAFLOW,SPC:DF_CLIMATE_CHANGE(1.0),Climate Change indicators,I,A,Annual,SST_ANOM,Sea Surface Temperature anomalies,MP,Northern Mariana Islands,1928,,-0.7,,,,CELSIUS,Celsius (°C),SE,Standard error,0.1,,N,National,,
DATAFLOW,SPC:DF_CLIMATE_CHANGE(1.0),Climate Change indicators,I,A,Annual,SST_ANOM,Sea Surface Temperature anomalies,MP,Northern Mariana Islands,1929,,-0.4,,,,CELSIUS,Celsius (°C),SE,Standard error,0.1,,N,National,,
DATAFLOW,SPC:DF_CLIMATE_CHANGE(1.0),Climate Change indicators,I,A,Annual,SST_ANOM,Sea Surface Temperature anomalies,MP,Northern Mariana Islands,1930,,-0.4,,,,CELSIUS,Celsius (°C),SE,Standard error,0.1,,N,National,,
DATAFLOW,SPC:DF_CLIMATE_CHANGE(1.0),Climate Change indicators,I,A,Annual,SST_ANOM,Sea Surface Temperature anomalies,MP,Northern Mariana Islands,1931,,-0.1,,,,CELSIUS,Celsius (°C),SE,Standard error,0.1,,N,National,,
DATAFLOW,SPC:DF_CLIMATE_CHANGE(1.0),Climate Change indicators,I,A,Annual,SST_ANOM,Sea Surface Temperature anomalies,MP,Northern Mariana Islands,1932,,-0.4,,,,CELSIUS,Celsius (°C),SE,Standard error,0,,N,National,,
DATAFLOW,SPC:DF_CLIMATE_CHANGE(1.0),Climate Change indicators,I,A,Annual,SST_ANOM,Sea Surface Temperature anomalies,MP,Northern Mariana Islands,1933,,-0.4,,,,CELSIUS,Celsius (°C),SE,Standard error,0.1,,N,National,,
DATAFLOW,SPC:DF_CLIMATE_CHANGE(1.0),Climate Change indicators,I,A,Annual,SST_ANOM,Sea Surface Temperature anomalies,MP,Northern Mariana Islands,1934,,-0.5,,,,CELSIUS,Celsius (°C),SE,Standard error,0.1,,N,National,,
DATAFLOW,SPC:DF_CLIMATE_CHANGE(1.0),Climate Change indicators,I,A,Annual,SST_ANOM,Sea Surface Temperature anomalies,MP,Northern Mariana Islands,1935,,-0.4,,,,CELSIUS,Celsius (°C),SE,Standard error,0.1,,N,National,,
DATAFLOW,SPC:DF_CLIMATE_CHANGE(1.0),Climate Change indicators,I,A,Annual,SST_ANOM,Sea Surface Temperature anomalies,MP,Northern Mariana Islands,1936,,-0.4,,,,CELSIUS,Celsius (°C),SE,Standard error,0.1,,N,National,,
DATAFLOW,SPC:DF_CLIMATE_CHANGE(1.0),Climate Change indicators,I,A,Annual,SST_ANOM,Sea Surface Temperature anomalies,MP,Northern Mariana Islands,1937,,-0.3,,,,CELSIUS,Celsius (°C),SE,Standard error,0,,N,National,,
DATAFLOW,SPC:DF_CLIMATE_CHANGE(1.0),Climate Change indicators,I,A,Annual,SST_ANOM,Sea Surface Temperature anomalies,MP,Northern Mariana Islands,1938,,-0.2,,,,CELSIUS,Celsius (°C),SE,Standard error,0,,N,National,,
DATAFLOW,SPC:DF_CLIMATE_CHANGE(1.0),Climate Change indicators,I,A,Annual,SST_ANOM,Sea Surface Temperature anomalies,MP,Northern Mariana Islands,1939,,-0.4,,,,CELSIUS,Celsius (°C),SE,Standard error,0.1,,N,National,,
DATAFLOW,SPC:DF_CLIMATE_CHANGE(1.0),Climate Change indicators,I,A,Annual,SST_ANOM,Sea Surface Temperature anomalies,MP,Northern Mariana Islands,1940,,-0.4,,,,CELSIUS,Celsius (°C),SE,Standard error,0.1,,N,National,,
DATAFLOW,SPC:DF_CLIMATE_CHANGE(1.0),Climate Change indicators,I,A,Annual,SST_ANOM,Sea Surface Temperature anomalies,MP,Northern Mariana Islands,1941,,0,,,,CELSIUS,Celsius (°C),SE,Standard error,0,,N,National,,
DATAFLOW,SPC:DF_CLIMATE_CHANGE(1.0),Climate Change indicators,I,A,Annual,SST_ANOM,Sea Surface Temperature anomalies,MP,Northern Mariana Islands,1942,,-0.1,,,,CELSIUS,Celsius (°C),SE,Standard error,0.1,,N,National,,
DATAFLOW,SPC:DF_CLIMATE_CHANGE(1.0),Climate Change indicators,I,A,Annual,SST_ANOM,Sea Surface Temperature anomalies,MP,Northern Mariana Islands,1943,,0.1,,,,CELSIUS,Celsius (°C),SE,Standard error,0.2,,N,National,,
DATAFLOW,SPC:DF_CLIMATE_CHANGE(1.0),Climate Change indicators,I,A,Annual,SST_ANOM,Sea Surface Temperature anomalies,MP,Northern Mariana Islands,1944,,0.1,,,,CELSIUS,Celsius (°C),SE,Standard error,0.1,,N,National,,
DATAFLOW,SPC:DF_CLIMATE_CHANGE(1.0),Climate Change indicators,I,A,Annual,SST_ANOM,Sea Surface Temperature anomalies,MP,Northern Mariana Islands,1945,,0.3,,,,CELSIUS,Celsius (°C),SE,Standard error,0.1,,N,National,,
DATAFLOW,SPC:DF_CLIMATE_CHANGE(1.0),Climate Change indicators,I,A,Annual,SST_ANOM,Sea Surface Temperature anomalies,MP,Northern Mariana Islands,1946,,0.3,,,,CELSIUS,Celsius (°C),SE,Standard error,0.1,,N,National,,
DATAFLOW,SPC:DF_CLIMATE_CHANGE(1.0),Climate Change indicators,I,A,Annual,SST_ANOM,Sea Surface Temperature anomalies,MP,Northern Mariana Islands,1947,,0,,,,CELSIUS,Celsius (°C),SE,Standard error,0.1,,N,National,,
DATAFLOW,SPC:DF_CLIMATE_CHANGE(1.0),Climate Change indicators,I,A,Annual,SST_ANOM,Sea Surface Temperature anomalies,MP,Northern Mariana Islands,1948,,-0.2,,,,CELSIUS,Celsius (°C),SE,Standard error,0.1,,N,National,,
DATAFLOW,SPC:DF_CLIMATE_CHANGE(1.0),Climate Change indicators,I,A,Annual,SST_ANOM,Sea Surface Temperature anomalies,MP,Northern Mariana Islands,1949,,-0.1,,,,CELSIUS,Celsius (°C),SE,Standard error,0.1,,N,National,,
DATAFLOW,SPC:DF_CLIMATE_CHANGE(1.0),Climate Change indicators,I,A,Annual,SST_ANOM,Sea Surface Temperature anomalies,MP,Northern Mariana Islands,1950,,-0.1,,,,CELSIUS,Celsius (°C),SE,Standard error,0.1,,N,National,,
DATAFLOW,SPC:DF_CLIMATE_CHANGE(1.0),Climate Change indicators,I,A,Annual,SST_ANOM,Sea Surface Temperature anomalies,MP,Northern Mariana Islands,1951,,0.1,,,,CELSIUS,Celsius (°C),SE,Standard error,0.1,,N,National,,
DATAFLOW,SPC:DF_CLIMATE_CHANGE(1.0),Climate Change indicators,I,A,Annual,SST_ANOM,Sea Surface Temperature anomalies,MP,Northern Mariana Islands,1952,,0.1,,,,CELSIUS,Celsius (°C),SE,Standard error,0.1,,N,National,,
DATAFLOW,SPC:DF_CLIMATE_CHANGE(1.0),Climate Change indicators,I,A,Annual,SST_ANOM,Sea Surface Temperature anomalies,MP,Northern Mariana Islands,1953,,0.1,,,,CELSIUS,Celsius (°C),SE,Standard error,0.1,,N,National,,
DATAFLOW,SPC:DF_CLIMATE_CHANGE(1.0),Climate Change indicators,I,A,Annual,SST_ANOM,Sea Surface Temperature anomalies,MP,Northern Mariana Islands,1954,,0.1,,,,CELSIUS,Celsius (°C),SE,Standard error,0.1,,N,National,,
DATAFLOW,SPC:DF_CLIMATE_CHANGE(1.0),Climate Change indicators,I,A,Annual,SST_ANOM,Sea Surface Temperature anomalies,MP,Northern Mariana Islands,1955,,-0.1,,,,CELSIUS,Celsius (°C),SE,Standard error,0.1,,N,National,,
DATAFLOW,SPC:DF_CLIMATE_CHANGE(1.0),Climate Change indicators,I,A,Annual,SST_ANOM,Sea Surface Temperature anomalies,MP,Northern Mariana Islands,1956,,-0.3,,,,CELSIUS,Celsius (°C),SE,Standard error,0,,N,National,,
DATAFLOW,SPC:DF_CLIMATE_CHANGE(1.0),Climate Change indicators,I,A,Annual,SST_ANOM,Sea Surface Temperature anomalies,MP,Northern Mariana Islands,1957,,-0.3,,,,CELSIUS,Celsius (°C),SE,Standard error,0.1,,N,National,,
DATAFLOW,SPC:DF_CLIMATE_CHANGE(1.0),Climate Change indicators,I,A,Annual,SST_ANOM,Sea Surface Temperature anomalies,MP,Northern Mariana Islands,1958,,-0.3,,,,CELSIUS,Celsius (°C),SE,Standard error,0.1,,N,National,,
DATAFLOW,SPC:DF_CLIMATE_CHANGE(1.0),Climate Change indicators,I,A,Annual,SST_ANOM,Sea Surface Temperature anomalies,MP,Northern Mariana Islands,1959,,-0.2,,,,CELSIUS,Celsius (°C),SE,Standard error,0.1,,N,National,,
DATAFLOW,SPC:DF_CLIMATE_CHANGE(1.0),Climate Change indicators,I,A,Annual,SST_ANOM,Sea Surface Temperature anomalies,MP,Northern Mariana Islands,1960,,0,,,,CELSIUS,Celsius (°C),SE,Standard error,0.1,,N,National,,
DATAFLOW,SPC:DF_CLIMATE_CHANGE(1.0),Climate Change indicators,I,A,Annual,SST_ANOM,Sea Surface Temperature anomalies,MP,Northern Mariana Islands,1961,,0,,,,CELSIUS,Celsius (°C),SE,Standard error,0.1,,N,National,,
DATAFLOW,SPC:DF_CLIMATE_CHANGE(1.0),Climate Change indicators,I,A,Annual,SST_ANOM,Sea Surface Temperature anomalies,MP,Northern Mariana Islands,1962,,-0.2,,,,CELSIUS,Celsius (°C),SE,Standard error,0,,N,National,,
DATAFLOW,SPC:DF_CLIMATE_CHANGE(1.0),Climate Change indicators,I,A,Annual,SST_ANOM,Sea Surface Temperature anomalies,MP,Northern Mariana Islands,1963,,-0.3,,,,CELSIUS,Celsius (°C),SE,Standard error,0.1,,N,National,,
DATAFLOW,SPC:DF_CLIMATE_CHANGE(1.0),Climate Change indicators,I,A,Annual,SST_ANOM,Sea Surface Temperature anomalies,MP,Northern Mariana Islands,1964,,-0.1,,,,CELSIUS,Celsius (°C),SE,Standard error,0,,N,National,,
DATAFLOW,SPC:DF_CLIMATE_CHANGE(1.0),Climate Change indicators,I,A,Annual,SST_ANOM,Sea Surface Temperature anomalies,MP,Northern Mariana Islands,1965,,-0.4,,,,CELSIUS,Celsius (°C),SE,Standard error,0,,N,National,,
DATAFLOW,SPC:DF_CLIMATE_CHANGE(1.0),Climate Change indicators,I,A,Annual,SST_ANOM,Sea Surface Temperature anomalies,MP,Northern Mariana Islands,1966,,-0.1,,,,CELSIUS,Celsius (°C),SE,Standard error,0.1,,N,National,,
DATAFLOW,SPC:DF_CLIMATE_CHANGE(1.0),Climate Change indicators,I,A,Annual,SST_ANOM,Sea Surface Temperature anomalies,MP,Northern Mariana Islands,1967,,-0.2,,,,CELSIUS,Celsius (°C),SE,Standard error,0,,N,National,,
DATAFLOW,SPC:DF_CLIMATE_CHANGE(1.0),Climate Change indicators,I,A,Annual,SST_ANOM,Sea Surface Temperature anomalies,MP,Northern Mariana Islands,1968,,-0.3,,,,CELSIUS,Celsius (°C),SE,Standard error,0,,N,National,,
DATAFLOW,SPC:DF_CLIMATE_CHANGE(1.0),Climate Change indicators,I,A,Annual,SST_ANOM,Sea Surface Temperature anomalies,MP,Northern Mariana Islands,1969,,0.1,,,,CELSIUS,Celsius (°C),SE,Standard error,0.1,,N,National,,
DATAFLOW,SPC:DF_CLIMATE_CHANGE(1.0),Climate Change indicators,I,A,Annual,SST_ANOM,Sea Surface Temperature anomalies,MP,Northern Mariana Islands,1970,,0.1,,,,CELSIUS,Celsius (°C),SE,Standard error,0,,N,National,,
DATAFLOW,SPC:DF_CLIMATE_CHANGE(1.0),Climate Change indicators,I,A,Annual,SST_ANOM,Sea Surface Temperature anomalies,MP,Northern Mariana Islands,1971,,0,,,,CELSIUS,Celsius (°C),SE,Standard error,0,,N,National,,
DATAFLOW,SPC:DF_CLIMATE_CHANGE(1.0),Climate Change indicators,I,A,Annual,SST_ANOM,Sea Surface Temperature anomalies,MP,Northern Mariana Islands,1972,,-0.6,,,,CELSIUS,Celsius (°C),SE,Standard error,0.1,,N,National,,
DATAFLOW,SPC:DF_CLIMATE_CHANGE(1.0),Climate Change indicators,I,A,Annual,SST_ANOM,Sea Surface Temperature anomalies,MP,Northern Mariana Islands,1973,,-0.1,,,,CELSIUS,Celsius (°C),SE,Standard error,0,,N,National,,
DATAFLOW,SPC:DF_CLIMATE_CHANGE(1.0),Climate Change indicators,I,A,Annual,SST_ANOM,Sea Surface Temperature anomalies,MP,Northern Mariana Islands,1974,,-0.2,,,,CELSIUS,Celsius (°C),SE,Standard error,0.1,,N,National,,
DATAFLOW,SPC:DF_CLIMATE_CHANGE(1.0),Climate Change indicators,I,A,Annual,SST_ANOM,Sea Surface Temperature anomalies,MP,Northern Mariana Islands,1975,,0,,,,CELSIUS,Celsius (°C),SE,Standard error,0.1,,N,National,,
DATAFLOW,SPC:DF_CLIMATE_CHANGE(1.0),Climate Change indicators,I,A,Annual,SST_ANOM,Sea Surface Temperature anomalies,MP,Northern Mariana Islands,1976,,-0.1,,,,CELSIUS,Celsius (°C),SE,Standard error,0.1,,N,National,,
DATAFLOW,SPC:DF_CLIMATE_CHANGE(1.0),Climate Change indicators,I,A,Annual,SST_ANOM,Sea Surface Temperature anomalies,MP,Northern Mariana Islands,1977,,-0.1,,,,CELSIUS,Celsius (°C),SE,Standard error,0.1,,N,National,,
DATAFLOW,SPC:DF_CLIMATE_CHANGE(1.0),Climate Change indicators,I,A,Annual,SST_ANOM,Sea Surface Temperature anomalies,MP,Northern Mariana Islands,1978,,-0.2,,,,CELSIUS,Celsius (°C),SE,Standard error,0,,N,National,,
DATAFLOW,SPC:DF_CLIMATE_CHANGE(1.0),Climate Change indicators,I,A,Annual,SST_ANOM,Sea Surface Temperature anomalies,MP,Northern Mariana Islands,1979,,-0.2,,,,CELSIUS,Celsius (°C),SE,Standard error,0.1,,N,National,,
DATAFLOW,SPC:DF_CLIMATE_CHANGE(1.0),Climate Change indicators,I,A,Annual,SST_ANOM,Sea Surface Temperature anomalies,MP,Northern Mariana Islands,1980,,0,,,,CELSIUS,Celsius (°C),SE,Standard error,0.1,,N,National,,
DATAFLOW,SPC:DF_CLIMATE_CHANGE(1.0),Climate Change indicators,I,A,Annual,SST_ANOM,Sea Surface Temperature anomalies,MP,Northern Mariana Islands,1981,,0.1,,,,CELSIUS,Celsius (°C),SE,Standard error,0.1,,N,National,,
DATAFLOW,SPC:DF_CLIMATE_CHANGE(1.0),Climate Change indicators,I,A,Annual,SST_ANOM,Sea Surface Temperature anomalies,MP,Northern Mariana Islands,1982,,-0.2,,,,CELSIUS,Celsius (°C),SE,Standard error,0.1,,N,National,,
DATAFLOW,SPC:DF_CLIMATE_CHANGE(1.0),Climate Change indicators,I,A,Annual,SST_ANOM,Sea Surface Temperature anomalies,MP,Northern Mariana Islands,1983,,-0.1,,,,CELSIUS,Celsius (°C),SE,Standard error,0.1,,N,National,,
DATAFLOW,SPC:DF_CLIMATE_CHANGE(1.0),Climate Change indicators,I,A,Annual,SST_ANOM,Sea Surface Temperature anomalies,MP,Northern Mariana Islands,1984,,0,,,,CELSIUS,Celsius (°C),SE,Standard error,0,,N,National,,
DATAFLOW,SPC:DF_CLIMATE_CHANGE(1.0),Climate Change indicators,I,A,Annual,SST_ANOM,Sea Surface Temperature anomalies,MP,Northern Mariana Islands,1985,,-0.1,,,,CELSIUS,Celsius (°C),SE,Standard error,0,,N,National,,
DATAFLOW,SPC:DF_CLIMATE_CHANGE(1.0),Climate Change indicators,I,A,Annual,SST_ANOM,Sea Surface Temperature anomalies,MP,Northern Mariana Islands,1986,,-0.1,,,,CELSIUS,Celsius (°C),SE,Standard error,0.1,,N,National,,
DATAFLOW,SPC:DF_CLIMATE_CHANGE(1.0),Climate Change indicators,I,A,Annual,SST_ANOM,Sea Surface Temperature anomalies,MP,Northern Mariana Islands,1987,,0,,,,CELSIUS,Celsius (°C),SE,Standard error,0,,N,National,,
DATAFLOW,SPC:DF_CLIMATE_CHANGE(1.0),Climate Change indicators,I,A,Annual,SST_ANOM,Sea Surface Temperature anomalies,MP,Northern Mariana Islands,1988,,0.5,,,,CELSIUS,Celsius (°C),SE,Standard error,0,,N,National,,
DATAFLOW,SPC:DF_CLIMATE_CHANGE(1.0),Climate Change indicators,I,A,Annual,SST_ANOM,Sea Surface Temperature anomalies,MP,Northern Mariana Islands,1989,,0.1,,,,CELSIUS,Celsius (°C),SE,Standard error,0.1,,N,National,,
DATAFLOW,SPC:DF_CLIMATE_CHANGE(1.0),Climate Change indicators,I,A,Annual,SST_ANOM,Sea Surface Temperature anomalies,MP,Northern Mariana Islands,1990,,-0.2,,,,CELSIUS,Celsius (°C),SE,Standard error,0,,N,National,,
DATAFLOW,SPC:DF_CLIMATE_CHANGE(1.0),Climate Change indicators,I,A,Annual,SST_ANOM,Sea Surface Temperature anomalies,MP,Northern Mariana Islands,1991,,-0.1,,,,CELSIUS,Celsius (°C),SE,Standard error,0.1,,N,National,,
DATAFLOW,SPC:DF_CLIMATE_CHANGE(1.0),Climate Change indicators,I,A,Annual,SST_ANOM,Sea Surface Temperature anomalies,MP,Northern Mariana Islands,1992,,-0.3,,,,CELSIUS,Celsius (°C),SE,Standard error,0.1,,N,National,,
DATAFLOW,SPC:DF_CLIMATE_CHANGE(1.0),Climate Change indicators,I,A,Annual,SST_ANOM,Sea Surface Temperature anomalies,MP,Northern Mariana Islands,1993,,-0.3,,,,CELSIUS,Celsius (°C),SE,Standard error,0.1,,N,National,,
DATAFLOW,SPC:DF_CLIMATE_CHANGE(1.0),Climate Change indicators,I,A,Annual,SST_ANOM,Sea Surface Temperature anomalies,MP,Northern Mariana Islands,1994,,-0.1,,,,CELSIUS,Celsius (°C),SE,Standard error,0.1,,N,National,,
DATAFLOW,SPC:DF_CLIMATE_CHANGE(1.0),Climate Change indicators,I,A,Annual,SST_ANOM,Sea Surface Temperature anomalies,MP,Northern Mariana Islands,1995,,0,,,,CELSIUS,Celsius (°C),SE,Standard error,0.1,,N,National,,
DATAFLOW,SPC:DF_CLIMATE_CHANGE(1.0),Climate Change indicators,I,A,Annual,SST_ANOM,Sea Surface Temperature anomalies,MP,Northern Mariana Islands,1996,,0.1,,,,CELSIUS,Celsius (°C),SE,Standard error,0.1,,N,National,,
DATAFLOW,SPC:DF_CLIMATE_CHANGE(1.0),Climate Change indicators,I,A,Annual,SST_ANOM,Sea Surface Temperature anomalies,MP,Northern Mariana Islands,1997,,0,,,,CELSIUS,Celsius (°C),SE,Standard error,0,,N,National,,
DATAFLOW,SPC:DF_CLIMATE_CHANGE(1.0),Climate Change indicators,I,A,Annual,SST_ANOM,Sea Surface Temperature anomalies,MP,Northern Mariana Islands,1998,,0.4,,,,CELSIUS,Celsius (°C),SE,Standard error,0.1,,N,National,,
DATAFLOW,SPC:DF_CLIMATE_CHANGE(1.0),Climate Change indicators,I,A,Annual,SST_ANOM,Sea Surface Temperature anomalies,MP,Northern Mariana Islands,1999,,0.7,,,,CELSIUS,Celsius (°C),SE,Standard error,0.1,,N,National,,
DATAFLOW,SPC:DF_CLIMATE_CHANGE(1.0),Climate Change indicators,I,A,Annual,SST_ANOM,Sea Surface Temperature anomalies,MP,Northern Mariana Islands,2000,,0.4,,,,CELSIUS,Celsius (°C),SE,Standard error,0.1,,N,National,,
DATAFLOW,SPC:DF_CLIMATE_CHANGE(1.0),Climate Change indicators,I,A,Annual,SST_ANOM,Sea Surface Temperature anomalies,MP,Northern Mariana Islands,2001,,0.6,,,,CELSIUS,Celsius (°C),SE,Standard error,0.1,,N,National,,
DATAFLOW,SPC:DF_CLIMATE_CHANGE(1.0),Climate Change indicators,I,A,Annual,SST_ANOM,Sea Surface Temperature anomalies,MP,Northern Mariana Islands,2002,,0.3,,,,CELSIUS,Celsius (°C),SE,Standard error,0.1,,N,National,,
DATAFLOW,SPC:DF_CLIMATE_CHANGE(1.0),Climate Change indicators,I,A,Annual,SST_ANOM,Sea Surface Temperature anomalies,MP,Northern Mariana Islands,2003,,0.3,,,,CELSIUS,Celsius (°C),SE,Standard error,0.1,,N,National,,
DATAFLOW,SPC:DF_CLIMATE_CHANGE(1.0),Climate Change indicators,I,A,Annual,SST_ANOM,Sea Surface Temperature anomalies,MP,Northern Mariana Islands,2004,,0.1,,,,CELSIUS,Celsius (°C),SE,Standard error,0.1,,N,National,,
DATAFLOW,SPC:DF_CLIMATE_CHANGE(1.0),Climate Change indicators,I,A,Annual,SST_ANOM,Sea Surface Temperature anomalies,MP,Northern Mariana Islands,2005,,0.2,,,,CELSIUS,Celsius (°C),SE,Standard error,0,,N,National,,
DATAFLOW,SPC:DF_CLIMATE_CHANGE(1.0),Climate Change indicators,I,A,Annual,SST_ANOM,Sea Surface Temperature anomalies,MP,Northern Mariana Islands,2006,,0.1,,,,CELSIUS,Celsius (°C),SE,Standard error,0.1,,N,National,,
DATAFLOW,SPC:DF_CLIMATE_CHANGE(1.0),Climate Change indicators,I,A,Annual,SST_ANOM,Sea Surface Temperature anomalies,MP,Northern Mariana Islands,2007,,0.4,,,,CELSIUS,Celsius (°C),SE,Standard error,0.1,,N,National,,
DATAFLOW,SPC:DF_CLIMATE_CHANGE(1.0),Climate Change indicators,I,A,Annual,SST_ANOM,Sea Surface Temperature anomalies,MP,Northern Mariana Islands,2008,,0.6,,,,CELSIUS,Celsius (°C),SE,Standard error,0.1,,N,National,,
DATAFLOW,SPC:DF_CLIMATE_CHANGE(1.0),Climate Change indicators,I,A,Annual,SST_ANOM,Sea Surface Temperature anomalies,MP,Northern Mariana Islands,2009,,0.4,,,,CELSIUS,Celsius (°C),SE,Standard error,0,,N,National,,
DATAFLOW,SPC:DF_CLIMATE_CHANGE(1.0),Climate Change indicators,I,A,Annual,SST_ANOM,Sea Surface Temperature anomalies,MP,Northern Mariana Islands,2010,,0.2,,,,CELSIUS,Celsius (°C),SE,Standard error,0,,N,National,,
DATAFLOW,SPC:DF_CLIMATE_CHANGE(1.0),Climate Change indicators,I,A,Annual,SST_ANOM,Sea Surface Temperature anomalies,MP,Northern Mariana Islands,2011,,0.2,,,,CELSIUS,Celsius (°C),SE,Standard error,0.1,,N,National,,
DATAFLOW,SPC:DF_CLIMATE_CHANGE(1.0),Climate Change indicators,I,A,Annual,SST_ANOM,Sea Surface Temperature anomalies,MP,Northern Mariana Islands,2012,,0.2,,,,CELSIUS,Celsius (°C),SE,Standard error,0.1,,N,National,,
DATAFLOW,SPC:DF_CLIMATE_CHANGE(1.0),Climate Change indicators,I,A,Annual,SST_ANOM,Sea Surface Temperature anomalies,MP,Northern Mariana Islands,2013,,0.4,,,,CELSIUS,Celsius (°C),SE,Standard error,0.1,,N,National,,
DATAFLOW,SPC:DF_CLIMATE_CHANGE(1.0),Climate Change indicators,I,A,Annual,SST_ANOM,Sea Surface Temperature anomalies,MP,Northern Mariana Islands,2014,,0.3,,,,CELSIUS,Celsius (°C),SE,Standard error,0.1,,N,National,,
DATAFLOW,SPC:DF_CLIMATE_CHANGE(1.0),Climate Change indicators,I,A,Annual,SST_ANOM,Sea Surface Temperature anomalies,MP,Northern Mariana Islands,2015,,0.2,,,,CELSIUS,Celsius (°C),SE,Standard error,0.1,,N,National,,
DATAFLOW,SPC:DF_CLIMATE_CHANGE(1.0),Climate Change indicators,I,A,Annual,SST_ANOM,Sea Surface Temperature anomalies,MP,Northern Mariana Islands,2016,,0.6,,,,CELSIUS,Celsius (°C),SE,Standard error,0.1,,N,National,,
DATAFLOW,SPC:DF_CLIMATE_CHANGE(1.0),Climate Change indicators,I,A,Annual,SST_ANOM,Sea Surface Temperature anomalies,MP,Northern Mariana Islands,2017,,0.8,,,,CELSIUS,Celsius (°C),SE,Standard error,0.1,,N,National,,
DATAFLOW,SPC:DF_CLIMATE_CHANGE(1.0),Climate Change indicators,I,A,Annual,SST_ANOM,Sea Surface Temperature anomalies,MP,Northern Mariana Islands,2018,,0.7,,,,CELSIUS,Celsius (°C),SE,Standard error,0.1,,N,National,,
DATAFLOW,SPC:DF_CLIMATE_CHANGE(1.0),Climate Change indicators,I,A,Annual,SST_ANOM,Sea Surface Temperature anomalies,MP,Northern Mariana Islands,2019,,0.7,,,,CELSIUS,Celsius (°C),SE,Standard error,0,,N,National,,
DATAFLOW,SPC:DF_CLIMATE_CHANGE(1.0),Climate Change indicators,I,A,Annual,SST_ANOM,Sea Surface Temperature anomalies,MP,Northern Mariana Islands,2020,,0.8,,,,CELSIUS,Celsius (°C),SE,Standard error,0.1,,N,National,,
DATAFLOW,SPC:DF_CLIMATE_CHANGE(1.0),Climate Change indicators,I,A,Annual,SST_ANOM,Sea Surface Temperature anomalies,MP,Northern Mariana Islands,2021,,0.8,,,,CELSIUS,Celsius (°C),SE,Standard error,0.1,,N,National,,
DATAFLOW,SPC:DF_CLIMATE_CHANGE(1.0),Climate Change indicators,I,A,Annual,SST_ANOM,Sea Surface Temperature anomalies,MP,Northern Mariana Islands,2022,,0.7,,,,CELSIUS,Celsius (°C),SE,Standard error,0,,N,National,,
DATAFLOW,SPC:DF_CLIMATE_CHANGE(1.0),Climate Change indicators,I,A,Annual,SST_ANOM,Sea Surface Temperature anomalies,MP,Northern Mariana Islands,2023,,0.5,,,,CELSIUS,Celsius (°C),SE,Standard error,0,,N,National,,
DATAFLOW,SPC:DF_CLIMATE_CHANGE(1.0),Climate Change indicators,I,A,Annual,SST_ANOM,Sea Surface Temperature anomalies,MP,Northern Mariana Islands,2024,,0.7,,,,CELSIUS,Celsius (°C),SE,Standard error,0.1,,N,National,,
DATAFLOW,SPC:DF_CLIMATE_CHANGE(1.0),Climate Change indicators,I,A,Annual,SST_ANOM,Sea Surface Temperature anomalies,MP,Northern Mariana Islands,2025,,0.9,,,,CELSIUS,Celsius (°C),SE,Standard error,0.1,,N,National,,
DATAFLOW,SPC:DF_CLIMATE_CHANGE(1.0),Climate Change indicators,I,A,Annual,SST_ANOM,Sea Surface Temperature anomalies,FJ,Fiji,1850,,-0.2,,,,CELSIUS,Celsius (°C),SE,Standard error,0,,N,National,,
DATAFLOW,SPC:DF_CLIMATE_CHANGE(1.0),Climate Change indicators,I,A,Annual,SST_ANOM,Sea Surface Temperature anomalies,FJ,Fiji,1851,,-0.1,,,,CELSIUS,Celsius (°C),SE,Standard error,0,,N,National,,
DATAFLOW,SPC:DF_CLIMATE_CHANGE(1.0),Climate Change indicators,I,A,Annual,SST_ANOM,Sea Surface Temperature anomalies,FJ,Fiji,1852,,-0.2,,,,CELSIUS,Celsius (°C),SE,Standard error,0,,N,National,,
DATAFLOW,SPC:DF_CLIMATE_CHANGE(1.0),Climate Change indicators,I,A,Annual,SST_ANOM,Sea Surface Temperature anomalies,FJ,Fiji,1853,,-0.1,,,,CELSIUS,Celsius (°C),SE,Standard error,0.2,,N,National,,
DATAFLOW,SPC:DF_CLIMATE_CHANGE(1.0),Climate Change indicators,I,A,Annual,SST_ANOM,Sea Surface Temperature anomalies,FJ,Fiji,1854,,-0.4,,,,CELSIUS,Celsius (°C),SE,Standard error,0.1,,N,National,,
DATAFLOW,SPC:DF_CLIMATE_CHANGE(1.0),Climate Change indicators,I,A,Annual,SST_ANOM,Sea Surface Temperature anomalies,FJ,Fiji,1855,,-0.4,,,,CELSIUS,Celsius (°C),SE,Standard error,0.1,,N,National,,
DATAFLOW,SPC:DF_CLIMATE_CHANGE(1.0),Climate Change indicators,I,A,Annual,SST_ANOM,Sea Surface Temperature anomalies,FJ,Fiji,1856,,-0.5,,,,CELSIUS,Celsius (°C),SE,Standard error,0.1,,N,National,,
DATAFLOW,SPC:DF_CLIMATE_CHANGE(1.0),Climate Change indicators,I,A,Annual,SST_ANOM,Sea Surface Temperature anomalies,FJ,Fiji,1857,,0.1,,,,CELSIUS,Celsius (°C),SE,Standard error,0.1,,N,National,,
DATAFLOW,SPC:DF_CLIMATE_CHANGE(1.0),Climate Change indicators,I,A,Annual,SST_ANOM,Sea Surface Temperature anomalies,FJ,Fiji,1858,,-0.2,,,,CELSIUS,Celsius (°C),SE,Standard error,0,,N,National,,
DATAFLOW,SPC:DF_CLIMATE_CHANGE(1.0),Climate Change indicators,I,A,Annual,SST_ANOM,Sea Surface Temperature anomalies,FJ,Fiji,1859,,0,,,,CELSIUS,Celsius (°C),SE,Standard error,0,,N,National,,
DATAFLOW,SPC:DF_CLIMATE_CHANGE(1.0),Climate Change indicators,I,A,Annual,SST_ANOM,Sea Surface Temperature anomalies,FJ,Fiji,1860,,0,,,,CELSIUS,Celsius (°C),SE,Standard error,0,,N,National,,
DATAFLOW,SPC:DF_CLIMATE_CHANGE(1.0),Climate Change indicators,I,A,Annual,SST_ANOM,Sea Surface Temperature anomalies,FJ,Fiji,1861,,-0.1,,,,CELSIUS,Celsius (°C),SE,Standard error,0.1,,N,National,,
DATAFLOW,SPC:DF_CLIMATE_CHANGE(1.0),Climate Change indicators,I,A,Annual,SST_ANOM,Sea Surface Temperature anomalies,FJ,Fiji,1862,,-0.1,,,,CELSIUS,Celsius (°C),SE,Standard error,0,,N,National,,
DATAFLOW,SPC:DF_CLIMATE_CHANGE(1.0),Climate Change indicators,I,A,Annual,SST_ANOM,Sea Surface Temperature anomalies,FJ,Fiji,1863,,0.1,,,,CELSIUS,Celsius (°C),SE,Standard error,0.1,,N,National,,
DATAFLOW,SPC:DF_CLIMATE_CHANGE(1.0),Climate Change indicators,I,A,Annual,SST_ANOM,Sea Surface Temperature anomalies,FJ,Fiji,1864,,0.1,,,,CELSIUS,Celsius (°C),SE,Standard error,0,,N,National,,
DATAFLOW,SPC:DF_CLIMATE_CHANGE(1.0),Climate Change indicators,I,A,Annual,SST_ANOM,Sea Surface Temperature anomalies,FJ,Fiji,1865,,0,,,,CELSIUS,Celsius (°C),SE,Standard error,0,,N,National,,
DATAFLOW,SPC:DF_CLIMATE_CHANGE(1.0),Climate Change indicators,I,A,Annual,SST_ANOM,Sea Surface Temperature anomalies,FJ,Fiji,1866,,0,,,,CELSIUS,Celsius (°C),SE,Standard error,0,,N,National,,
DATAFLOW,SPC:DF_CLIMATE_CHANGE(1.0),Climate Change indicators,I,A,Annual,SST_ANOM,Sea Surface Temperature anomalies,FJ,Fiji,1867,,0.1,,,,CELSIUS,Celsius (°C),SE,Standard error,0.1,,N,National,,
DATAFLOW,SPC:DF_CLIMATE_CHANGE(1.0),Climate Change indicators,I,A,Annual,SST_ANOM,Sea Surface Temperature anomalies,FJ,Fiji,1868,,0,,,,CELSIUS,Celsius (°C),SE,Standard error,0.1,,N,National,,
DATAFLOW,SPC:DF_CLIMATE_CHANGE(1.0),Climate Change indicators,I,A,Annual,SST_ANOM,Sea Surface Temperature anomalies,FJ,Fiji,1869,,0,,,,CELSIUS,Celsius (°C),SE,Standard error,0.2,,N,National,,
DATAFLOW,SPC:DF_CLIMATE_CHANGE(1.0),Climate Change indicators,I,A,Annual,SST_ANOM,Sea Surface Temperature anomalies,FJ,Fiji,1870,,0.2,,,,CELSIUS,Celsius (°C),SE,Standard error,0.1,,N,National,,
DATAFLOW,SPC:DF_CLIMATE_CHANGE(1.0),Climate Change indicators,I,A,Annual,SST_ANOM,Sea Surface Temperature anomalies,FJ,Fiji,1871,,0.1,,,,CELSIUS,Celsius (°C),SE,Standard error,0.1,,N,National,,
DATAFLOW,SPC:DF_CLIMATE_CHANGE(1.0),Climate Change indicators,I,A,Annual,SST_ANOM,Sea Surface Temperature anomalies,FJ,Fiji,1872,,0.2,,,,CELSIUS,Celsius (°C),SE,Standard error,0.1,,N,National,,
DATAFLOW,SPC:DF_CLIMATE_CHANGE(1.0),Climate Change indicators,I,A,Annual,SST_ANOM,Sea Surface Temperature anomalies,FJ,Fiji,1873,,0.1,,,,CELSIUS,Celsius (°C),SE,Standard error,0.1,,N,National,,
DATAFLOW,SPC:DF_CLIMATE_CHANGE(1.0),Climate Change indicators,I,A,Annual,SST_ANOM,Sea Surface Temperature anomalies,FJ,Fiji,1874,,0.1,,,,CELSIUS,Celsius (°C),SE,Standard error,0.2,,N,National,,
DATAFLOW,SPC:DF_CLIMATE_CHANGE(1.0),Climate Change indicators,I,A,Annual,SST_ANOM,Sea Surface Temperature anomalies,FJ,Fiji,1875,,0,,,,CELSIUS,Celsius (°C),SE,Standard error,0.1,,N,National,,
DATAFLOW,SPC:DF_CLIMATE_CHANGE(1.0),Climate Change indicators,I,A,Annual,SST_ANOM,Sea Surface Temperature anomalies,FJ,Fiji,1876,,0,,,,CELSIUS,Celsius (°C),SE,Standard error,0,,N,National,,
DATAFLOW,SPC:DF_CLIMATE_CHANGE(1.0),Climate Change indicators,I,A,Annual,SST_ANOM,Sea Surface Temperature anomalies,FJ,Fiji,1877,,-0.4,,,,CELSIUS,Celsius (°C),SE,Standard error,0.1,,N,National,,
DATAFLOW,SPC:DF_CLIMATE_CHANGE(1.0),Climate Change indicators,I,A,Annual,SST_ANOM,Sea Surface Temperature anomalies,FJ,Fiji,1878,,-0.1,,,,CELSIUS,Celsius (°C),SE,Standard error,0.1,,N,National,,
DATAFLOW,SPC:DF_CLIMATE_CHANGE(1.0),Climate Change indicators,I,A,Annual,SST_ANOM,Sea Surface Temperature anomalies,FJ,Fiji,1879,,0.3,,,,CELSIUS,Celsius (°C),SE,Standard error,0.1,,N,National,,
DATAFLOW,SPC:DF_CLIMATE_CHANGE(1.0),Climate Change indicators,I,A,Annual,SST_ANOM,Sea Surface Temperature anomalies,FJ,Fiji,1880,,0.1,,,,CELSIUS,Celsius (°C),SE,Standard error,0.1,,N,National,,
DATAFLOW,SPC:DF_CLIMATE_CHANGE(1.0),Climate Change indicators,I,A,Annual,SST_ANOM,Sea Surface Temperature anomalies,FJ,Fiji,1881,,-0.1,,,,CELSIUS,Celsius (°C),SE,Standard error,0.1,,N,National,,
DATAFLOW,SPC:DF_CLIMATE_CHANGE(1.0),Climate Change indicators,I,A,Annual,SST_ANOM,Sea Surface Temperature anomalies,FJ,Fiji,1882,,0,,,,CELSIUS,Celsius (°C),SE,Standard error,0.1,,N,National,,
DATAFLOW,SPC:DF_CLIMATE_CHANGE(1.0),Climate Change indicators,I,A,Annual,SST_ANOM,Sea Surface Temperature anomalies,FJ,Fiji,1883,,-0.5,,,,CELSIUS,Celsius (°C),SE,Standard error,0.1,,N,National,,
DATAFLOW,SPC:DF_CLIMATE_CHANGE(1.0),Climate Change indicators,I,A,Annual,SST_ANOM,Sea Surface Temperature anomalies,FJ,Fiji,1884,,-0.8,,,,CELSIUS,Celsius (°C),SE,Standard error,0.1,,N,National,,
DATAFLOW,SPC:DF_CLIMATE_CHANGE(1.0),Climate Change indicators,I,A,Annual,SST_ANOM,Sea Surface Temperature anomalies,FJ,Fiji,1885,,-1,,,,CELSIUS,Celsius (°C),SE,Standard error,0.1,,N,National,,
DATAFLOW,SPC:DF_CLIMATE_CHANGE(1.0),Climate Change indicators,I,A,Annual,SST_ANOM,Sea Surface Temperature anomalies,FJ,Fiji,1886,,-0.7,,,,CELSIUS,Celsius (°C),SE,Standard error,0.1,,N,National,,
DATAFLOW,SPC:DF_CLIMATE_CHANGE(1.0),Climate Change indicators,I,A,Annual,SST_ANOM,Sea Surface Temperature anomalies,FJ,Fiji,1887,,-0.5,,,,CELSIUS,Celsius (°C),SE,Standard error,0.1,,N,National,,
DATAFLOW,SPC:DF_CLIMATE_CHANGE(1.0),Climate Change indicators,I,A,Annual,SST_ANOM,Sea Surface Temperature anomalies,FJ,Fiji,1888,,-0.7,,,,CELSIUS,Celsius (°C),SE,Standard error,0.1,,N,National,,
DATAFLOW,SPC:DF_CLIMATE_CHANGE(1.0),Climate Change indicators,I,A,Annual,SST_ANOM,Sea Surface Temperature anomalies,FJ,Fiji,1889,,-0.3,,,,CELSIUS,Celsius (°C),SE,Standard error,0.1,,N,National,,
DATAFLOW,SPC:DF_CLIMATE_CHANGE(1.0),Climate Change indicators,I,A,Annual,SST_ANOM,Sea Surface Temperature anomalies,FJ,Fiji,1890,,-0.2,,,,CELSIUS,Celsius (°C),SE,Standard error,0.1,,N,National,,
DATAFLOW,SPC:DF_CLIMATE_CHANGE(1.0),Climate Change indicators,I,A,Annual,SST_ANOM,Sea Surface Temperature anomalies,FJ,Fiji,1891,,-0.3,,,,CELSIUS,Celsius (°C),SE,Standard error,0.1,,N,National,,
DATAFLOW,SPC:DF_CLIMATE_CHANGE(1.0),Climate Change indicators,I,A,Annual,SST_ANOM,Sea Surface Temperature anomalies,FJ,Fiji,1892,,-0.4,,,,CELSIUS,Celsius (°C),SE,Standard error,0.1,,N,National,,
DATAFLOW,SPC:DF_CLIMATE_CHANGE(1.0),Climate Change indicators,I,A,Annual,SST_ANOM,Sea Surface Temperature anomalies,FJ,Fiji,1893,,0.1,,,,CELSIUS,Celsius (°C),SE,Standard error,0.1,,N,National,,
DATAFLOW,SPC:DF_CLIMATE_CHANGE(1.0),Climate Change indicators,I,A,Annual,SST_ANOM,Sea Surface Temperature anomalies,FJ,Fiji,1894,,-0.4,,,,CELSIUS,Celsius (°C),SE,Standard error,0.1,,N,National,,
DATAFLOW,SPC:DF_CLIMATE_CHANGE(1.0),Climate Change indicators,I,A,Annual,SST_ANOM,Sea Surface Temperature anomalies,FJ,Fiji,1895,,-0.3,,,,CELSIUS,Celsius (°C),SE,Standard error,0.1,,N,National,,
DATAFLOW,SPC:DF_CLIMATE_CHANGE(1.0),Climate Change indicators,I,A,Annual,SST_ANOM,Sea Surface Temperature anomalies,FJ,Fiji,1896,,-0.4,,,,CELSIUS,Celsius (°C),SE,Standard error,0.1,,N,National,,
DATAFLOW,SPC:DF_CLIMATE_CHANGE(1.0),Climate Change indicators,I,A,Annual,SST_ANOM,Sea Surface Temperature anomalies,FJ,Fiji,1897,,-0.4,,,,CELSIUS,Celsius (°C),SE,Standard error,0.1,,N,National,,
DATAFLOW,SPC:DF_CLIMATE_CHANGE(1.0),Climate Change indicators,I,A,Annual,SST_ANOM,Sea Surface Temperature anomalies,FJ,Fiji,1898,,-0.1,,,,CELSIUS,Celsius (°C),SE,Standard error,0,,N,National,,
DATAFLOW,SPC:DF_CLIMATE_CHANGE(1.0),Climate Change indicators,I,A,Annual,SST_ANOM,Sea Surface Temperature anomalies,FJ,Fiji,1899,,-0.2,,,,CELSIUS,Celsius (°C),SE,Standard error,0.1,,N,National,,
DATAFLOW,SPC:DF_CLIMATE_CHANGE(1.0),Climate Change indicators,I,A,Annual,SST_ANOM,Sea Surface Temperature anomalies,FJ,Fiji,1900,,-0.6,,,,CELSIUS,Celsius (°C),SE,Standard error,0.1,,N,National,,
DATAFLOW,SPC:DF_CLIMATE_CHANGE(1.0),Climate Change indicators,I,A,Annual,SST_ANOM,Sea Surface Temperature anomalies,FJ,Fiji,1901,,-0.4,,,,CELSIUS,Celsius (°C),SE,Standard error,0.1,,N,National,,
DATAFLOW,SPC:DF_CLIMATE_CHANGE(1.0),Climate Change indicators,I,A,Annual,SST_ANOM,Sea Surface Temperature anomalies,FJ,Fiji,1902,,-1,,,,CELSIUS,Celsius (°C),SE,Standard error,0.1,,N,National,,
DATAFLOW,SPC:DF_CLIMATE_CHANGE(1.0),Climate Change indicators,I,A,Annual,SST_ANOM,Sea Surface Temperature anomalies,FJ,Fiji,1903,,-0.8,,,,CELSIUS,Celsius (°C),SE,Standard error,0.1,,N,National,,
DATAFLOW,SPC:DF_CLIMATE_CHANGE(1.0),Climate Change indicators,I,A,Annual,SST_ANOM,Sea Surface Temperature anomalies,FJ,Fiji,1904,,-0.7,,,,CELSIUS,Celsius (°C),SE,Standard error,0.1,,N,National,,
DATAFLOW,SPC:DF_CLIMATE_CHANGE(1.0),Climate Change indicators,I,A,Annual,SST_ANOM,Sea Surface Temperature anomalies,FJ,Fiji,1905,,-1.1,,,,CELSIUS,Celsius (°C),SE,Standard error,0.1,,N,National,,
DATAFLOW,SPC:DF_CLIMATE_CHANGE(1.0),Climate Change indicators,I,A,Annual,SST_ANOM,Sea Surface Temperature anomalies,FJ,Fiji,1906,,-0.6,,,,CELSIUS,Celsius (°C),SE,Standard error,0.1,,N,National,,
DATAFLOW,SPC:DF_CLIMATE_CHANGE(1.0),Climate Change indicators,I,A,Annual,SST_ANOM,Sea Surface Temperature anomalies,FJ,Fiji,1907,,-0.6,,,,CELSIUS,Celsius (°C),SE,Standard error,0,,N,National,,
DATAFLOW,SPC:DF_CLIMATE_CHANGE(1.0),Climate Change indicators,I,A,Annual,SST_ANOM,Sea Surface Temperature anomalies,FJ,Fiji,1908,,-0.6,,,,CELSIUS,Celsius (°C),SE,Standard error,0,,N,National,,
DATAFLOW,SPC:DF_CLIMATE_CHANGE(1.0),Climate Change indicators,I,A,Annual,SST_ANOM,Sea Surface Temperature anomalies,FJ,Fiji,1909,,-0.6,,,,CELSIUS,Celsius (°C),SE,Standard error,0.1,,N,National,,
DATAFLOW,SPC:DF_CLIMATE_CHANGE(1.0),Climate Change indicators,I,A,Annual,SST_ANOM,Sea Surface Temperature anomalies,FJ,Fiji,1910,,-0.3,,,,CELSIUS,Celsius (°C),SE,Standard error,0.1,,N,National,,
DATAFLOW,SPC:DF_CLIMATE_CHANGE(1.0),Climate Change indicators,I,A,Annual,SST_ANOM,Sea Surface Temperature anomalies,FJ,Fiji,1911,,-0.6,,,,CELSIUS,Celsius (°C),SE,Standard error,0,,N,National,,
DATAFLOW,SPC:DF_CLIMATE_CHANGE(1.0),Climate Change indicators,I,A,Annual,SST_ANOM,Sea Surface Temperature anomalies,FJ,Fiji,1912,,-0.7,,,,CELSIUS,Celsius (°C),SE,Standard error,0,,N,National,,
DATAFLOW,SPC:DF_CLIMATE_CHANGE(1.0),Climate Change indicators,I,A,Annual,SST_ANOM,Sea Surface Temperature anomalies,FJ,Fiji,1913,,-0.8,,,,CELSIUS,Celsius (°C),SE,Standard error,0.1,,N,National,,
DATAFLOW,SPC:DF_CLIMATE_CHANGE(1.0),Climate Change indicators,I,A,Annual,SST_ANOM,Sea Surface Temperature anomalies,FJ,Fiji,1914,,-0.8,,,,CELSIUS,Celsius (°C),SE,Standard error,0.1,,N,National,,
DATAFLOW,SPC:DF_CLIMATE_CHANGE(1.0),Climate Change indicators,I,A,Annual,SST_ANOM,Sea Surface Temperature anomalies,FJ,Fiji,1915,,-0.4,,,,CELSIUS,Celsius (°C),SE,Standard error,0.1,,N,National,,
DATAFLOW,SPC:DF_CLIMATE_CHANGE(1.0),Climate Change indicators,I,A,Annual,SST_ANOM,Sea Surface Temperature anomalies,FJ,Fiji,1916,,0,,,,CELSIUS,Celsius (°C),SE,Standard error,0.1,,N,National,,
DATAFLOW,SPC:DF_CLIMATE_CHANGE(1.0),Climate Change indicators,I,A,Annual,SST_ANOM,Sea Surface Temperature anomalies,FJ,Fiji,1917,,-0.2,,,,CELSIUS,Celsius (°C),SE,Standard error,0.1,,N,National,,
DATAFLOW,SPC:DF_CLIMATE_CHANGE(1.0),Climate Change indicators,I,A,Annual,SST_ANOM,Sea Surface Temperature anomalies,FJ,Fiji,1918,,-0.5,,,,CELSIUS,Celsius (°C),SE,Standard error,0,,N,National,,
DATAFLOW,SPC:DF_CLIMATE_CHANGE(1.0),Climate Change indicators,I,A,Annual,SST_ANOM,Sea Surface Temperature anomalies,FJ,Fiji,1919,,-0.9,,,,CELSIUS,Celsius (°C),SE,Standard error,0.1,,N,National,,
DATAFLOW,SPC:DF_CLIMATE_CHANGE(1.0),Climate Change indicators,I,A,Annual,SST_ANOM,Sea Surface Temperature anomalies,FJ,Fiji,1920,,-0.5,,,,CELSIUS,Celsius (°C),SE,Standard error,0.1,,N,National,,
DATAFLOW,SPC:DF_CLIMATE_CHANGE(1.0),Climate Change indicators,I,A,Annual,SST_ANOM,Sea Surface Temperature anomalies,FJ,Fiji,1921,,-0.6,,,,CELSIUS,Celsius (°C),SE,Standard error,0.1,,N,National,,
DATAFLOW,SPC:DF_CLIMATE_CHANGE(1.0),Climate Change indicators,I,A,Annual,SST_ANOM,Sea Surface Temperature anomalies,FJ,Fiji,1922,,-0.3,,,,CELSIUS,Celsius (°C),SE,Standard error,0,,N,National,,
DATAFLOW,SPC:DF_CLIMATE_CHANGE(1.0),Climate Change indicators,I,A,Annual,SST_ANOM,Sea Surface Temperature anomalies,FJ,Fiji,1923,,-0.5,,,,CELSIUS,Celsius (°C),SE,Standard error,0.1,,N,National,,
DATAFLOW,SPC:DF_CLIMATE_CHANGE(1.0),Climate Change indicators,I,A,Annual,SST_ANOM,Sea Surface Temperature anomalies,FJ,Fiji,1924,,-0.1,,,,CELSIUS,Celsius (°C),SE,Standard error,0.1,,N,National,,
DATAFLOW,SPC:DF_CLIMATE_CHANGE(1.0),Climate Change indicators,I,A,Annual,SST_ANOM,Sea Surface Temperature anomalies,FJ,Fiji,1925,,-0.5,,,,CELSIUS,Celsius (°C),SE,Standard error,0.1,,N,National,,
DATAFLOW,SPC:DF_CLIMATE_CHANGE(1.0),Climate Change indicators,I,A,Annual,SST_ANOM,Sea Surface Temperature anomalies,FJ,Fiji,1926,,-0.6,,,,CELSIUS,Celsius (°C),SE,Standard error,0.1,,N,National,,
DATAFLOW,SPC:DF_CLIMATE_CHANGE(1.0),Climate Change indicators,I,A,Annual,SST_ANOM,Sea Surface Temperature anomalies,FJ,Fiji,1927,,-0.3,,,,CELSIUS,Celsius (°C),SE,Standard error,0.1,,N,National,,
DATAFLOW,SPC:DF_CLIMATE_CHANGE(1.0),Climate Change indicators,I,A,Annual,SST_ANOM,Sea Surface Temperature anomalies,FJ,Fiji,1928,,-0.5,,,,CELSIUS,Celsius (°C),SE,Standard error,0.1,,N,National,,
DATAFLOW,SPC:DF_CLIMATE_CHANGE(1.0),Climate Change indicators,I,A,Annual,SST_ANOM,Sea Surface Temperature anomalies,FJ,Fiji,1929,,-0.5,,,,CELSIUS,Celsius (°C),SE,Standard error,0,,N,National,,
DATAFLOW,SPC:DF_CLIMATE_CHANGE(1.0),Climate Change indicators,I,A,Annual,SST_ANOM,Sea Surface Temperature anomalies,FJ,Fiji,1930,,-0.8,,,,CELSIUS,Celsius (°C),SE,Standard error,0.1,,N,National,,
DATAFLOW,SPC:DF_CLIMATE_CHANGE(1.0),Climate Change indicators,I,A,Annual,SST_ANOM,Sea Surface Temperature anomalies,FJ,Fiji,1931,,-0.7,,,,CELSIUS,Celsius (°C),SE,Standard error,0.1,,N,National,,
DATAFLOW,SPC:DF_CLIMATE_CHANGE(1.0),Climate Change indicators,I,A,Annual,SST_ANOM,Sea Surface Temperature anomalies,FJ,Fiji,1932,,-0.5,,,,CELSIUS,Celsius (°C),SE,Standard error,0,,N,National,,
DATAFLOW,SPC:DF_CLIMATE_CHANGE(1.0),Climate Change indicators,I,A,Annual,SST_ANOM,Sea Surface Temperature anomalies,FJ,Fiji,1933,,-0.4,,,,CELSIUS,Celsius (°C),SE,Standard error,0.1,,N,National,,
DATAFLOW,SPC:DF_CLIMATE_CHANGE(1.0),Climate Change indicators,I,A,Annual,SST_ANOM,Sea Surface Temperature anomalies,FJ,Fiji,1934,,-0.7,,,,CELSIUS,Celsius (°C),SE,Standard error,0,,N,National,,
DATAFLOW,SPC:DF_CLIMATE_CHANGE(1.0),Climate Change indicators,I,A,Annual,SST_ANOM,Sea Surface Temperature anomalies,FJ,Fiji,1935,,-0.3,,,,CELSIUS,Celsius (°C),SE,Standard error,0,,N,National,,
DATAFLOW,SPC:DF_CLIMATE_CHANGE(1.0),Climate Change indicators,I,A,Annual,SST_ANOM,Sea Surface Temperature anomalies,FJ,Fiji,1936,,-0.3,,,,CELSIUS,Celsius (°C),SE,Standard error,0.1,,N,National,,
DATAFLOW,SPC:DF_CLIMATE_CHANGE(1.0),Climate Change indicators,I,A,Annual,SST_ANOM,Sea Surface Temperature anomalies,FJ,Fiji,1937,,-0.3,,,,CELSIUS,Celsius (°C),SE,Standard error,0,,N,National,,
DATAFLOW,SPC:DF_CLIMATE_CHANGE(1.0),Climate Change indicators,I,A,Annual,SST_ANOM,Sea Surface Temperature anomalies,FJ,Fiji,1938,,-0.2,,,,CELSIUS,Celsius (°C),SE,Standard error,0.1,,N,National,,
DATAFLOW,SPC:DF_CLIMATE_CHANGE(1.0),Climate Change indicators,I,A,Annual,SST_ANOM,Sea Surface Temperature anomalies,FJ,Fiji,1939,,-0.5,,,,CELSIUS,Celsius (°C),SE,Standard error,0.1,,N,National,,
DATAFLOW,SPC:DF_CLIMATE_CHANGE(1.0),Climate Change indicators,I,A,Annual,SST_ANOM,Sea Surface Temperature anomalies,FJ,Fiji,1940,,-0.7,,,,CELSIUS,Celsius (°C),SE,Standard error,0.1,,N,National,,
DATAFLOW,SPC:DF_CLIMATE_CHANGE(1.0),Climate Change indicators,I,A,Annual,SST_ANOM,Sea Surface Temperature anomalies,FJ,Fiji,1941,,-0.5,,,,CELSIUS,Celsius (°C),SE,Standard error,0,,N,National,,
DATAFLOW,SPC:DF_CLIMATE_CHANGE(1.0),Climate Change indicators,I,A,Annual,SST_ANOM,Sea Surface Temperature anomalies,FJ,Fiji,1942,,-0.3,,,,CELSIUS,Celsius (°C),SE,Standard error,0.1,,N,National,,
DATAFLOW,SPC:DF_CLIMATE_CHANGE(1.0),Climate Change indicators,I,A,Annual,SST_ANOM,Sea Surface Temperature anomalies,FJ,Fiji,1943,,0.2,,,,CELSIUS,Celsius (°C),SE,Standard error,0.1,,N,National,,
DATAFLOW,SPC:DF_CLIMATE_CHANGE(1.0),Climate Change indicators,I,A,Annual,SST_ANOM,Sea Surface Temperature anomalies,FJ,Fiji,1944,,0.2,,,,CELSIUS,Celsius (°C),SE,Standard error,0.1,,N,National,,
DATAFLOW,SPC:DF_CLIMATE_CHANGE(1.0),Climate Change indicators,I,A,Annual,SST_ANOM,Sea Surface Temperature anomalies,FJ,Fiji,1945,,0,,,,CELSIUS,Celsius (°C),SE,Standard error,0.1,,N,National,,
DATAFLOW,SPC:DF_CLIMATE_CHANGE(1.0),Climate Change indicators,I,A,Annual,SST_ANOM,Sea Surface Temperature anomalies,FJ,Fiji,1946,,-0.3,,,,CELSIUS,Celsius (°C),SE,Standard error,0.1,,N,National,,
DATAFLOW,SPC:DF_CLIMATE_CHANGE(1.0),Climate Change indicators,I,A,Annual,SST_ANOM,Sea Surface Temperature anomalies,FJ,Fiji,1947,,-0.2,,,,CELSIUS,Celsius (°C),SE,Standard error,0.1,,N,National,,
DATAFLOW,SPC:DF_CLIMATE_CHANGE(1.0),Climate Change indicators,I,A,Annual,SST_ANOM,Sea Surface Temperature anomalies,FJ,Fiji,1948,,-0.2,,,,CELSIUS,Celsius (°C),SE,Standard error,0.1,,N,National,,
DATAFLOW,SPC:DF_CLIMATE_CHANGE(1.0),Climate Change indicators,I,A,Annual,SST_ANOM,Sea Surface Temperature anomalies,FJ,Fiji,1949,,-0.2,,,,CELSIUS,Celsius (°C),SE,Standard error,0,,N,National,,
DATAFLOW,SPC:DF_CLIMATE_CHANGE(1.0),Climate Change indicators,I,A,Annual,SST_ANOM,Sea Surface Temperature anomalies,FJ,Fiji,1950,,0,,,,CELSIUS,Celsius (°C),SE,Standard error,0.1,,N,National,,
DATAFLOW,SPC:DF_CLIMATE_CHANGE(1.0),Climate Change indicators,I,A,Annual,SST_ANOM,Sea Surface Temperature anomalies,FJ,Fiji,1951,,-0.2,,,,CELSIUS,Celsius (°C),SE,Standard error,0.1,,N,National,,
DATAFLOW,SPC:DF_CLIMATE_CHANGE(1.0),Climate Change indicators,I,A,Annual,SST_ANOM,Sea Surface Temperature anomalies,FJ,Fiji,1952,,0,,,,CELSIUS,Celsius (°C),SE,Standard error,0,,N,National,,
DATAFLOW,SPC:DF_CLIMATE_CHANGE(1.0),Climate Change indicators,I,A,Annual,SST_ANOM,Sea Surface Temperature anomalies,FJ,Fiji,1953,,-0.1,,,,CELSIUS,Celsius (°C),SE,Standard error,0,,N,National,,
DATAFLOW,SPC:DF_CLIMATE_CHANGE(1.0),Climate Change indicators,I,A,Annual,SST_ANOM,Sea Surface Temperature anomalies,FJ,Fiji,1954,,-0.3,,,,CELSIUS,Celsius (°C),SE,Standard error,0.1,,N,National,,
DATAFLOW,SPC:DF_CLIMATE_CHANGE(1.0),Climate Change indicators,I,A,Annual,SST_ANOM,Sea Surface Temperature anomalies,FJ,Fiji,1955,,-0.1,,,,CELSIUS,Celsius (°C),SE,Standard error,0.1,,N,National,,
DATAFLOW,SPC:DF_CLIMATE_CHANGE(1.0),Climate Change indicators,I,A,Annual,SST_ANOM,Sea Surface Temperature anomalies,FJ,Fiji,1956,,0.1,,,,CELSIUS,Celsius (°C),SE,Standard error,0.1,,N,National,,
DATAFLOW,SPC:DF_CLIMATE_CHANGE(1.0),Climate Change indicators,I,A,Annual,SST_ANOM,Sea Surface Temperature anomalies,FJ,Fiji,1957,,-0.3,,,,CELSIUS,Celsius (°C),SE,Standard error,0.1,,N,National,,
DATAFLOW,SPC:DF_CLIMATE_CHANGE(1.0),Climate Change indicators,I,A,Annual,SST_ANOM,Sea Surface Temperature anomalies,FJ,Fiji,1958,,-0.3,,,,CELSIUS,Celsius (°C),SE,Standard error,0.1,,N,National,,
DATAFLOW,SPC:DF_CLIMATE_CHANGE(1.0),Climate Change indicators,I,A,Annual,SST_ANOM,Sea Surface Temperature anomalies,FJ,Fiji,1959,,-0.3,,,,CELSIUS,Celsius (°C),SE,Standard error,0.1,,N,National,,
DATAFLOW,SPC:DF_CLIMATE_CHANGE(1.0),Climate Change indicators,I,A,Annual,SST_ANOM,Sea Surface Temperature anomalies,FJ,Fiji,1960,,-0.1,,,,CELSIUS,Celsius (°C),SE,Standard error,0.1,,N,National,,
DATAFLOW,SPC:DF_CLIMATE_CHANGE(1.0),Climate Change indicators,I,A,Annual,SST_ANOM,Sea Surface Temperature anomalies,FJ,Fiji,1961,,-0.1,,,,CELSIUS,Celsius (°C),SE,Standard error,0.1,,N,National,,
DATAFLOW,SPC:DF_CLIMATE_CHANGE(1.0),Climate Change indicators,I,A,Annual,SST_ANOM,Sea Surface Temperature anomalies,FJ,Fiji,1962,,-0.1,,,,CELSIUS,Celsius (°C),SE,Standard error,0.1,,N,National,,
DATAFLOW,SPC:DF_CLIMATE_CHANGE(1.0),Climate Change indicators,I,A,Annual,SST_ANOM,Sea Surface Temperature anomalies,FJ,Fiji,1963,,-0.2,,,,CELSIUS,Celsius (°C),SE,Standard error,0.1,,N,National,,
DATAFLOW,SPC:DF_CLIMATE_CHANGE(1.0),Climate Change indicators,I,A,Annual,SST_ANOM,Sea Surface Temperature anomalies,FJ,Fiji,1964,,-0.1,,,,CELSIUS,Celsius (°C),SE,Standard error,0.1,,N,National,,
DATAFLOW,SPC:DF_CLIMATE_CHANGE(1.0),Climate Change indicators,I,A,Annual,SST_ANOM,Sea Surface Temperature anomalies,FJ,Fiji,1965,,-0.6,,,,CELSIUS,Celsius (°C),SE,Standard error,0.1,,N,National,,
DATAFLOW,SPC:DF_CLIMATE_CHANGE(1.0),Climate Change indicators,I,A,Annual,SST_ANOM,Sea Surface Temperature anomalies,FJ,Fiji,1966,,-0.4,,,,CELSIUS,Celsius (°C),SE,Standard error,0.1,,N,National,,
DATAFLOW,SPC:DF_CLIMATE_CHANGE(1.0),Climate Change indicators,I,A,Annual,SST_ANOM,Sea Surface Temperature anomalies,FJ,Fiji,1967,,-0.2,,,,CELSIUS,Celsius (°C),SE,Standard error,0.1,,N,National,,
DATAFLOW,SPC:DF_CLIMATE_CHANGE(1.0),Climate Change indicators,I,A,Annual,SST_ANOM,Sea Surface Temperature anomalies,FJ,Fiji,1968,,-0.1,,,,CELSIUS,Celsius (°C),SE,Standard error,0.1,,N,National,,
DATAFLOW,SPC:DF_CLIMATE_CHANGE(1.0),Climate Change indicators,I,A,Annual,SST_ANOM,Sea Surface Temperature anomalies,FJ,Fiji,1969,,-0.3,,,,CELSIUS,Celsius (°C),SE,Standard error,0.1,,N,National,,
DATAFLOW,SPC:DF_CLIMATE_CHANGE(1.0),Climate Change indicators,I,A,Annual,SST_ANOM,Sea Surface Temperature anomalies,FJ,Fiji,1970,,0,,,,CELSIUS,Celsius (°C),SE,Standard error,0.1,,N,National,,
DATAFLOW,SPC:DF_CLIMATE_CHANGE(1.0),Climate Change indicators,I,A,Annual,SST_ANOM,Sea Surface Temperature anomalies,FJ,Fiji,1971,,0.1,,,,CELSIUS,Celsius (°C),SE,Standard error,0.1,,N,National,,
DATAFLOW,SPC:DF_CLIMATE_CHANGE(1.0),Climate Change indicators,I,A,Annual,SST_ANOM,Sea Surface Temperature anomalies,FJ,Fiji,1972,,-0.2,,,,CELSIUS,Celsius (°C),SE,Standard error,0,,N,National,,
DATAFLOW,SPC:DF_CLIMATE_CHANGE(1.0),Climate Change indicators,I,A,Annual,SST_ANOM,Sea Surface Temperature anomalies,FJ,Fiji,1973,,0.2,,,,CELSIUS,Celsius (°C),SE,Standard error,0.1,,N,National,,
DATAFLOW,SPC:DF_CLIMATE_CHANGE(1.0),Climate Change indicators,I,A,Annual,SST_ANOM,Sea Surface Temperature anomalies,FJ,Fiji,1974,,0.3,,,,CELSIUS,Celsius (°C),SE,Standard error,0.1,,N,National,,
DATAFLOW,SPC:DF_CLIMATE_CHANGE(1.0),Climate Change indicators,I,A,Annual,SST_ANOM,Sea Surface Temperature anomalies,FJ,Fiji,1975,,0.2,,,,CELSIUS,Celsius (°C),SE,Standard error,0.1,,N,National,,
DATAFLOW,SPC:DF_CLIMATE_CHANGE(1.0),Climate Change indicators,I,A,Annual,SST_ANOM,Sea Surface Temperature anomalies,FJ,Fiji,1976,,0,,,,CELSIUS,Celsius (°C),SE,Standard error,0,,N,National,,
DATAFLOW,SPC:DF_CLIMATE_CHANGE(1.0),Climate Change indicators,I,A,Annual,SST_ANOM,Sea Surface Temperature anomalies,FJ,Fiji,1977,,-0.4,,,,CELSIUS,Celsius (°C),SE,Standard error,0.1,,N,National,,
DATAFLOW,SPC:DF_CLIMATE_CHANGE(1.0),Climate Change indicators,I,A,Annual,SST_ANOM,Sea Surface Temperature anomalies,FJ,Fiji,1978,,-0.3,,,,CELSIUS,Celsius (°C),SE,Standard error,0.1,,N,National,,
DATAFLOW,SPC:DF_CLIMATE_CHANGE(1.0),Climate Change indicators,I,A,Annual,SST_ANOM,Sea Surface Temperature anomalies,FJ,Fiji,1979,,-0.1,,,,CELSIUS,Celsius (°C),SE,Standard error,0.1,,N,National,,
DATAFLOW,SPC:DF_CLIMATE_CHANGE(1.0),Climate Change indicators,I,A,Annual,SST_ANOM,Sea Surface Temperature anomalies,FJ,Fiji,1980,,-0.1,,,,CELSIUS,Celsius (°C),SE,Standard error,0.1,,N,National,,
DATAFLOW,SPC:DF_CLIMATE_CHANGE(1.0),Climate Change indicators,I,A,Annual,SST_ANOM,Sea Surface Temperature anomalies,FJ,Fiji,1981,,-0.1,,,,CELSIUS,Celsius (°C),SE,Standard error,0.1,,N,National,,
DATAFLOW,SPC:DF_CLIMATE_CHANGE(1.0),Climate Change indicators,I,A,Annual,SST_ANOM,Sea Surface Temperature anomalies,FJ,Fiji,1982,,-0.3,,,,CELSIUS,Celsius (°C),SE,Standard error,0.1,,N,National,,
DATAFLOW,SPC:DF_CLIMATE_CHANGE(1.0),Climate Change indicators,I,A,Annual,SST_ANOM,Sea Surface Temperature anomalies,FJ,Fiji,1983,,-0.3,,,,CELSIUS,Celsius (°C),SE,Standard error,0.1,,N,National,,
DATAFLOW,SPC:DF_CLIMATE_CHANGE(1.0),Climate Change indicators,I,A,Annual,SST_ANOM,Sea Surface Temperature anomalies,FJ,Fiji,1984,,0.1,,,,CELSIUS,Celsius (°C),SE,Standard error,0.1,,N,National,,
DATAFLOW,SPC:DF_CLIMATE_CHANGE(1.0),Climate Change indicators,I,A,Annual,SST_ANOM,Sea Surface Temperature anomalies,FJ,Fiji,1985,,-0.1,,,,CELSIUS,Celsius (°C),SE,Standard error,0.1,,N,National,,
DATAFLOW,SPC:DF_CLIMATE_CHANGE(1.0),Climate Change indicators,I,A,Annual,SST_ANOM,Sea Surface Temperature anomalies,FJ,Fiji,1986,,-0.3,,,,CELSIUS,Celsius (°C),SE,Standard error,0.1,,N,National,,
DATAFLOW,SPC:DF_CLIMATE_CHANGE(1.0),Climate Change indicators,I,A,Annual,SST_ANOM,Sea Surface Temperature anomalies,FJ,Fiji,1987,,-0.4,,,,CELSIUS,Celsius (°C),SE,Standard error,0.1,,N,National,,
DATAFLOW,SPC:DF_CLIMATE_CHANGE(1.0),Climate Change indicators,I,A,Annual,SST_ANOM,Sea Surface Temperature anomalies,FJ,Fiji,1988,,0.4,,,,CELSIUS,Celsius (°C),SE,Standard error,0.1,,N,National,,
DATAFLOW,SPC:DF_CLIMATE_CHANGE(1.0),Climate Change indicators,I,A,Annual,SST_ANOM,Sea Surface Temperature anomalies,FJ,Fiji,1989,,0.1,,,,CELSIUS,Celsius (°C),SE,Standard error,0.1,,N,National,,
DATAFLOW,SPC:DF_CLIMATE_CHANGE(1.0),Climate Change indicators,I,A,Annual,SST_ANOM,Sea Surface Temperature anomalies,FJ,Fiji,1990,,0.1,,,,CELSIUS,Celsius (°C),SE,Standard error,0.1,,N,National,,
DATAFLOW,SPC:DF_CLIMATE_CHANGE(1.0),Climate Change indicators,I,A,Annual,SST_ANOM,Sea Surface Temperature anomalies,FJ,Fiji,1991,,-0.2,,,,CELSIUS,Celsius (°C),SE,Standard error,0,,N,National,,
DATAFLOW,SPC:DF_CLIMATE_CHANGE(1.0),Climate Change indicators,I,A,Annual,SST_ANOM,Sea Surface Temperature anomalies,FJ,Fiji,1992,,-0.2,,,,CELSIUS,Celsius (°C),SE,Standard error,0.1,,N,National,,
DATAFLOW,SPC:DF_CLIMATE_CHANGE(1.0),Climate Change indicators,I,A,Annual,SST_ANOM,Sea Surface Temperature anomalies,FJ,Fiji,1993,,-0.4,,,,CELSIUS,Celsius (°C),SE,Standard error,0.1,,N,National,,
DATAFLOW,SPC:DF_CLIMATE_CHANGE(1.0),Climate Change indicators,I,A,Annual,SST_ANOM,Sea Surface Temperature anomalies,FJ,Fiji,1994,,-0.4,,,,CELSIUS,Celsius (°C),SE,Standard error,0.1,,N,National,,
DATAFLOW,SPC:DF_CLIMATE_CHANGE(1.0),Climate Change indicators,I,A,Annual,SST_ANOM,Sea Surface Temperature anomalies,FJ,Fiji,1995,,0.1,,,,CELSIUS,Celsius (°C),SE,Standard error,0.1,,N,National,,
DATAFLOW,SPC:DF_CLIMATE_CHANGE(1.0),Climate Change indicators,I,A,Annual,SST_ANOM,Sea Surface Temperature anomalies,FJ,Fiji,1996,,0.2,,,,CELSIUS,Celsius (°C),SE,Standard error,0.1,,N,National,,
DATAFLOW,SPC:DF_CLIMATE_CHANGE(1.0),Climate Change indicators,I,A,Annual,SST_ANOM,Sea Surface Temperature anomalies,FJ,Fiji,1997,,-0.2,,,,CELSIUS,Celsius (°C),SE,Standard error,0.1,,N,National,,
DATAFLOW,SPC:DF_CLIMATE_CHANGE(1.0),Climate Change indicators,I,A,Annual,SST_ANOM,Sea Surface Temperature anomalies,FJ,Fiji,1998,,0.1,,,,CELSIUS,Celsius (°C),SE,Standard error,0.1,,N,National,,
DATAFLOW,SPC:DF_CLIMATE_CHANGE(1.0),Climate Change indicators,I,A,Annual,SST_ANOM,Sea Surface Temperature anomalies,FJ,Fiji,1999,,0.3,,,,CELSIUS,Celsius (°C),SE,Standard error,0,,N,National,,
DATAFLOW,SPC:DF_CLIMATE_CHANGE(1.0),Climate Change indicators,I,A,Annual,SST_ANOM,Sea Surface Temperature anomalies,FJ,Fiji,2000,,0.4,,,,CELSIUS,Celsius (°C),SE,Standard error,0,,N,National,,
DATAFLOW,SPC:DF_CLIMATE_CHANGE(1.0),Climate Change indicators,I,A,Annual,SST_ANOM,Sea Surface Temperature anomalies,FJ,Fiji,2001,,0.3,,,,CELSIUS,Celsius (°C),SE,Standard error,0,,N,National,,
DATAFLOW,SPC:DF_CLIMATE_CHANGE(1.0),Climate Change indicators,I,A,Annual,SST_ANOM,Sea Surface Temperature anomalies,FJ,Fiji,2002,,0.3,,,,CELSIUS,Celsius (°C),SE,Standard error,0.1,,N,National,,
DATAFLOW,SPC:DF_CLIMATE_CHANGE(1.0),Climate Change indicators,I,A,Annual,SST_ANOM,Sea Surface Temperature anomalies,FJ,Fiji,2003,,0.2,,,,CELSIUS,Celsius (°C),SE,Standard error,0.1,,N,National,,
DATAFLOW,SPC:DF_CLIMATE_CHANGE(1.0),Climate Change indicators,I,A,Annual,SST_ANOM,Sea Surface Temperature anomalies,FJ,Fiji,2004,,0.2,,,,CELSIUS,Celsius (°C),SE,Standard error,0.1,,N,National,,
DATAFLOW,SPC:DF_CLIMATE_CHANGE(1.0),Climate Change indicators,I,A,Annual,SST_ANOM,Sea Surface Temperature anomalies,FJ,Fiji,2005,,0.3,,,,CELSIUS,Celsius (°C),SE,Standard error,0,,N,National,,
DATAFLOW,SPC:DF_CLIMATE_CHANGE(1.0),Climate Change indicators,I,A,Annual,SST_ANOM,Sea Surface Temperature anomalies,FJ,Fiji,2006,,0.2,,,,CELSIUS,Celsius (°C),SE,Standard error,0.1,,N,National,,
DATAFLOW,SPC:DF_CLIMATE_CHANGE(1.0),Climate Change indicators,I,A,Annual,SST_ANOM,Sea Surface Temperature anomalies,FJ,Fiji,2007,,0.4,,,,CELSIUS,Celsius (°C),SE,Standard error,0.1,,N,National,,
DATAFLOW,SPC:DF_CLIMATE_CHANGE(1.0),Climate Change indicators,I,A,Annual,SST_ANOM,Sea Surface Temperature anomalies,FJ,Fiji,2008,,0.5,,,,CELSIUS,Celsius (°C),SE,Standard error,0.1,,N,National,,
DATAFLOW,SPC:DF_CLIMATE_CHANGE(1.0),Climate Change indicators,I,A,Annual,SST_ANOM,Sea Surface Temperature anomalies,FJ,Fiji,2009,,0.2,,,,CELSIUS,Celsius (°C),SE,Standard error,0.1,,N,National,,
DATAFLOW,SPC:DF_CLIMATE_CHANGE(1.0),Climate Change indicators,I,A,Annual,SST_ANOM,Sea Surface Temperature anomalies,FJ,Fiji,2010,,0.4,,,,CELSIUS,Celsius (°C),SE,Standard error,0.1,,N,National,,
DATAFLOW,SPC:DF_CLIMATE_CHANGE(1.0),Climate Change indicators,I,A,Annual,SST_ANOM,Sea Surface Temperature anomalies,FJ,Fiji,2011,,0.6,,,,CELSIUS,Celsius (°C),SE,Standard error,0.1,,N,National,,
DATAFLOW,SPC:DF_CLIMATE_CHANGE(1.0),Climate Change indicators,I,A,Annual,SST_ANOM,Sea Surface Temperature anomalies,FJ,Fiji,2012,,0.3,,,,CELSIUS,Celsius (°C),SE,Standard error,0.1,,N,National,,
DATAFLOW,SPC:DF_CLIMATE_CHANGE(1.0),Climate Change indicators,I,A,Annual,SST_ANOM,Sea Surface Temperature anomalies,FJ,Fiji,2013,,0.5,,,,CELSIUS,Celsius (°C),SE,Standard error,0.1,,N,National,,
DATAFLOW,SPC:DF_CLIMATE_CHANGE(1.0),Climate Change indicators,I,A,Annual,SST_ANOM,Sea Surface Temperature anomalies,FJ,Fiji,2014,,0.4,,,,CELSIUS,Celsius (°C),SE,Standard error,0.1,,N,National,,
DATAFLOW,SPC:DF_CLIMATE_CHANGE(1.0),Climate Change indicators,I,A,Annual,SST_ANOM,Sea Surface Temperature anomalies,FJ,Fiji,2015,,-0.1,,,,CELSIUS,Celsius (°C),SE,Standard error,0.1,,N,National,,
DATAFLOW,SPC:DF_CLIMATE_CHANGE(1.0),Climate Change indicators,I,A,Annual,SST_ANOM,Sea Surface Temperature anomalies,FJ,Fiji,2016,,0.5,,,,CELSIUS,Celsius (°C),SE,Standard error,0.1,,N,National,,
DATAFLOW,SPC:DF_CLIMATE_CHANGE(1.0),Climate Change indicators,I,A,Annual,SST_ANOM,Sea Surface Temperature anomalies,FJ,Fiji,2017,,0.5,,,,CELSIUS,Celsius (°C),SE,Standard error,0.1,,N,National,,
DATAFLOW,SPC:DF_CLIMATE_CHANGE(1.0),Climate Change indicators,I,A,Annual,SST_ANOM,Sea Surface Temperature anomalies,FJ,Fiji,2018,,0.4,,,,CELSIUS,Celsius (°C),SE,Standard error,0,,N,National,,
DATAFLOW,SPC:DF_CLIMATE_CHANGE(1.0),Climate Change indicators,I,A,Annual,SST_ANOM,Sea Surface Temperature anomalies,FJ,Fiji,2019,,0.4,,,,CELSIUS,Celsius (°C),SE,Standard error,0.1,,N,National,,
DATAFLOW,SPC:DF_CLIMATE_CHANGE(1.0),Climate Change indicators,I,A,Annual,SST_ANOM,Sea Surface Temperature anomalies,FJ,Fiji,2020,,0.5,,,,CELSIUS,Celsius (°C),SE,Standard error,0.1,,N,National,,
DATAFLOW,SPC:DF_CLIMATE_CHANGE(1.0),Climate Change indicators,I,A,Annual,SST_ANOM,Sea Surface Temperature anomalies,FJ,Fiji,2021,,0.7,,,,CELSIUS,Celsius (°C),SE,Standard error,0.1,,N,National,,
DATAFLOW,SPC:DF_CLIMATE_CHANGE(1.0),Climate Change indicators,I,A,Annual,SST_ANOM,Sea Surface Temperature anomalies,FJ,Fiji,2022,,1.1,,,,CELSIUS,Celsius (°C),SE,Standard error,0.1,,N,National,,
DATAFLOW,SPC:DF_CLIMATE_CHANGE(1.0),Climate Change indicators,I,A,Annual,SST_ANOM,Sea Surface Temperature anomalies,FJ,Fiji,2023,,0.5,,,,CELSIUS,Celsius (°C),SE,Standard error,0.1,,N,National,,
DATAFLOW,SPC:DF_CLIMATE_CHANGE(1.0),Climate Change indicators,I,A,Annual,SST_ANOM,Sea Surface Temperature anomalies,FJ,Fiji,2024,,0.6,,,,CELSIUS,Celsius (°C),SE,Standard error,0,,N,National,,
DATAFLOW,SPC:DF_CLIMATE_CHANGE(1.0),Climate Change indicators,I,A,Annual,SST_ANOM,Sea Surface Temperature anomalies,FJ,Fiji,2025,,0.7,,,,CELSIUS,Celsius (°C),SE,Standard error,0.1,,N,National,,
DATAFLOW,SPC:DF_CLIMATE_CHANGE(1.0),Climate Change indicators,I,A,Annual,SST_ANOM,Sea Surface Temperature anomalies,MH,Marshall Islands,1850,,-0.2,,,,CELSIUS,Celsius (°C),SE,Standard error,0.1,,N,National,,
DATAFLOW,SPC:DF_CLIMATE_CHANGE(1.0),Climate Change indicators,I,A,Annual,SST_ANOM,Sea Surface Temperature anomalies,MH,Marshall Islands,1851,,-0.3,,,,CELSIUS,Celsius (°C),SE,Standard error,0.1,,N,National,,
DATAFLOW,SPC:DF_CLIMATE_CHANGE(1.0),Climate Change indicators,I,A,Annual,SST_ANOM,Sea Surface Temperature anomalies,MH,Marshall Islands,1852,,0.1,,,,CELSIUS,Celsius (°C),SE,Standard error,0.1,,N,National,,
DATAFLOW,SPC:DF_CLIMATE_CHANGE(1.0),Climate Change indicators,I,A,Annual,SST_ANOM,Sea Surface Temperature anomalies,MH,Marshall Islands,1853,,-0.1,,,,CELSIUS,Celsius (°C),SE,Standard error,0.1,,N,National,,
DATAFLOW,SPC:DF_CLIMATE_CHANGE(1.0),Climate Change indicators,I,A,Annual,SST_ANOM,Sea Surface Temperature anomalies,MH,Marshall Islands,1854,,-0.2,,,,CELSIUS,Celsius (°C),SE,Standard error,0.1,,N,National,,
DATAFLOW,SPC:DF_CLIMATE_CHANGE(1.0),Climate Change indicators,I,A,Annual,SST_ANOM,Sea Surface Temperature anomalies,MH,Marshall Islands,1855,,-0.1,,,,CELSIUS,Celsius (°C),SE,Standard error,0.1,,N,National,,
DATAFLOW,SPC:DF_CLIMATE_CHANGE(1.0),Climate Change indicators,I,A,Annual,SST_ANOM,Sea Surface Temperature anomalies,MH,Marshall Islands,1856,,-0.2,,,,CELSIUS,Celsius (°C),SE,Standard error,0.1,,N,National,,
DATAFLOW,SPC:DF_CLIMATE_CHANGE(1.0),Climate Change indicators,I,A,Annual,SST_ANOM,Sea Surface Temperature anomalies,MH,Marshall Islands,1857,,0,,,,CELSIUS,Celsius (°C),SE,Standard error,0.1,,N,National,,
DATAFLOW,SPC:DF_CLIMATE_CHANGE(1.0),Climate Change indicators,I,A,Annual,SST_ANOM,Sea Surface Temperature anomalies,MH,Marshall Islands,1858,,-0.3,,,,CELSIUS,Celsius (°C),SE,Standard error,0.1,,N,National,,
DATAFLOW,SPC:DF_CLIMATE_CHANGE(1.0),Climate Change indicators,I,A,Annual,SST_ANOM,Sea Surface Temperature anomalies,MH,Marshall Islands,1859,,0.1,,,,CELSIUS,Celsius (°C),SE,Standard error,0,,N,National,,
DATAFLOW,SPC:DF_CLIMATE_CHANGE(1.0),Climate Change indicators,I,A,Annual,SST_ANOM,Sea Surface Temperature anomalies,MH,Marshall Islands,1860,,-0.2,,,,CELSIUS,Celsius (°C),SE,Standard error,0,,N,National,,
DATAFLOW,SPC:DF_CLIMATE_CHANGE(1.0),Climate Change indicators,I,A,Annual,SST_ANOM,Sea Surface Temperature anomalies,MH,Marshall Islands,1861,,-0.5,,,,CELSIUS,Celsius (°C),SE,Standard error,0.2,,N,National,,
DATAFLOW,SPC:DF_CLIMATE_CHANGE(1.0),Climate Change indicators,I,A,Annual,SST_ANOM,Sea Surface Temperature anomalies,MH,Marshall Islands,1862,,-0.1,,,,CELSIUS,Celsius (°C),SE,Standard error,0,,N,National,,
DATAFLOW,SPC:DF_CLIMATE_CHANGE(1.0),Climate Change indicators,I,A,Annual,SST_ANOM,Sea Surface Temperature anomalies,MH,Marshall Islands,1863,,-0.1,,,,CELSIUS,Celsius (°C),SE,Standard error,0.1,,N,National,,
DATAFLOW,SPC:DF_CLIMATE_CHANGE(1.0),Climate Change indicators,I,A,Annual,SST_ANOM,Sea Surface Temperature anomalies,MH,Marshall Islands,1864,,-0.1,,,,CELSIUS,Celsius (°C),SE,Standard error,0,,N,National,,
DATAFLOW,SPC:DF_CLIMATE_CHANGE(1.0),Climate Change indicators,I,A,Annual,SST_ANOM,Sea Surface Temperature anomalies,MH,Marshall Islands,1865,,-0.2,,,,CELSIUS,Celsius (°C),SE,Standard error,0,,N,National,,
DATAFLOW,SPC:DF_CLIMATE_CHANGE(1.0),Climate Change indicators,I,A,Annual,SST_ANOM,Sea Surface Temperature anomalies,MH,Marshall Islands,1866,,-0.1,,,,CELSIUS,Celsius (°C),SE,Standard error,0,,N,National,,
DATAFLOW,SPC:DF_CLIMATE_CHANGE(1.0),Climate Change indicators,I,A,Annual,SST_ANOM,Sea Surface Temperature anomalies,MH,Marshall Islands,1867,,-0.1,,,,CELSIUS,Celsius (°C),SE,Standard error,0.1,,N,National,,
DATAFLOW,SPC:DF_CLIMATE_CHANGE(1.0),Climate Change indicators,I,A,Annual,SST_ANOM,Sea Surface Temperature anomalies,MH,Marshall Islands,1868,,-0.1,,,,CELSIUS,Celsius (°C),SE,Standard error,0.1,,N,National,,
DATAFLOW,SPC:DF_CLIMATE_CHANGE(1.0),Climate Change indicators,I,A,Annual,SST_ANOM,Sea Surface Temperature anomalies,MH,Marshall Islands,1869,,-0.1,,,,CELSIUS,Celsius (°C),SE,Standard error,0.1,,N,National,,
DATAFLOW,SPC:DF_CLIMATE_CHANGE(1.0),Climate Change indicators,I,A,Annual,SST_ANOM,Sea Surface Temperature anomalies,MH,Marshall Islands,1870,,-0.6,,,,CELSIUS,Celsius (°C),SE,Standard error,0.1,,N,National,,
DATAFLOW,SPC:DF_CLIMATE_CHANGE(1.0),Climate Change indicators,I,A,Annual,SST_ANOM,Sea Surface Temperature anomalies,MH,Marshall Islands,1871,,-0.3,,,,CELSIUS,Celsius (°C),SE,Standard error,0.1,,N,National,,
DATAFLOW,SPC:DF_CLIMATE_CHANGE(1.0),Climate Change indicators,I,A,Annual,SST_ANOM,Sea Surface Temperature anomalies,MH,Marshall Islands,1872,,-0.4,,,,CELSIUS,Celsius (°C),SE,Standard error,0,,N,National,,
DATAFLOW,SPC:DF_CLIMATE_CHANGE(1.0),Climate Change indicators,I,A,Annual,SST_ANOM,Sea Surface Temperature anomalies,MH,Marshall Islands,1873,,-0.3,,,,CELSIUS,Celsius (°C),SE,Standard error,0,,N,National,,
DATAFLOW,SPC:DF_CLIMATE_CHANGE(1.0),Climate Change indicators,I,A,Annual,SST_ANOM,Sea Surface Temperature anomalies,MH,Marshall Islands,1874,,-0.1,,,,CELSIUS,Celsius (°C),SE,Standard error,0.1,,N,National,,
DATAFLOW,SPC:DF_CLIMATE_CHANGE(1.0),Climate Change indicators,I,A,Annual,SST_ANOM,Sea Surface Temperature anomalies,MH,Marshall Islands,1875,,-0.4,,,,CELSIUS,Celsius (°C),SE,Standard error,0,,N,National,,
DATAFLOW,SPC:DF_CLIMATE_CHANGE(1.0),Climate Change indicators,I,A,Annual,SST_ANOM,Sea Surface Temperature anomalies,MH,Marshall Islands,1876,,-0.4,,,,CELSIUS,Celsius (°C),SE,Standard error,0.1,,N,National,,
DATAFLOW,SPC:DF_CLIMATE_CHANGE(1.0),Climate Change indicators,I,A,Annual,SST_ANOM,Sea Surface Temperature anomalies,MH,Marshall Islands,1877,,-0.3,,,,CELSIUS,Celsius (°C),SE,Standard error,0,,N,National,,
DATAFLOW,SPC:DF_CLIMATE_CHANGE(1.0),Climate Change indicators,I,A,Annual,SST_ANOM,Sea Surface Temperature anomalies,MH,Marshall Islands,1878,,-0.4,,,,CELSIUS,Celsius (°C),SE,Standard error,0.1,,N,National,,
DATAFLOW,SPC:DF_CLIMATE_CHANGE(1.0),Climate Change indicators,I,A,Annual,SST_ANOM,Sea Surface Temperature anomalies,MH,Marshall Islands,1879,,-0.3,,,,CELSIUS,Celsius (°C),SE,Standard error,0.1,,N,National,,
DATAFLOW,SPC:DF_CLIMATE_CHANGE(1.0),Climate Change indicators,I,A,Annual,SST_ANOM,Sea Surface Temperature anomalies,MH,Marshall Islands,1880,,-0.6,,,,CELSIUS,Celsius (°C),SE,Standard error,0,,N,National,,
DATAFLOW,SPC:DF_CLIMATE_CHANGE(1.0),Climate Change indicators,I,A,Annual,SST_ANOM,Sea Surface Temperature anomalies,MH,Marshall Islands,1881,,0,,,,CELSIUS,Celsius (°C),SE,Standard error,0.1,,N,National,,
DATAFLOW,SPC:DF_CLIMATE_CHANGE(1.0),Climate Change indicators,I,A,Annual,SST_ANOM,Sea Surface Temperature anomalies,MH,Marshall Islands,1882,,0.2,,,,CELSIUS,Celsius (°C),SE,Standard error,0.1,,N,National,,
DATAFLOW,SPC:DF_CLIMATE_CHANGE(1.0),Climate Change indicators,I,A,Annual,SST_ANOM,Sea Surface Temperature anomalies,MH,Marshall Islands,1883,,-0.1,,,,CELSIUS,Celsius (°C),SE,Standard error,0.1,,N,National,,
DATAFLOW,SPC:DF_CLIMATE_CHANGE(1.0),Climate Change indicators,I,A,Annual,SST_ANOM,Sea Surface Temperature anomalies,MH,Marshall Islands,1884,,-0.2,,,,CELSIUS,Celsius (°C),SE,Standard error,0.1,,N,National,,
DATAFLOW,SPC:DF_CLIMATE_CHANGE(1.0),Climate Change indicators,I,A,Annual,SST_ANOM,Sea Surface Temperature anomalies,MH,Marshall Islands,1885,,-0.5,,,,CELSIUS,Celsius (°C),SE,Standard error,0.1,,N,National,,
DATAFLOW,SPC:DF_CLIMATE_CHANGE(1.0),Climate Change indicators,I,A,Annual,SST_ANOM,Sea Surface Temperature anomalies,MH,Marshall Islands,1886,,-0.4,,,,CELSIUS,Celsius (°C),SE,Standard error,0.1,,N,National,,
DATAFLOW,SPC:DF_CLIMATE_CHANGE(1.0),Climate Change indicators,I,A,Annual,SST_ANOM,Sea Surface Temperature anomalies,MH,Marshall Islands,1887,,-0.2,,,,CELSIUS,Celsius (°C),SE,Standard error,0.1,,N,National,,
DATAFLOW,SPC:DF_CLIMATE_CHANGE(1.0),Climate Change indicators,I,A,Annual,SST_ANOM,Sea Surface Temperature anomalies,MH,Marshall Islands,1888,,-0.3,,,,CELSIUS,Celsius (°C),SE,Standard error,0.1,,N,National,,
DATAFLOW,SPC:DF_CLIMATE_CHANGE(1.0),Climate Change indicators,I,A,Annual,SST_ANOM,Sea Surface Temperature anomalies,MH,Marshall Islands,1889,,-0.6,,,,CELSIUS,Celsius (°C),SE,Standard error,0.1,,N,National,,
DATAFLOW,SPC:DF_CLIMATE_CHANGE(1.0),Climate Change indicators,I,A,Annual,SST_ANOM,Sea Surface Temperature anomalies,MH,Marshall Islands,1890,,-0.3,,,,CELSIUS,Celsius (°C),SE,Standard error,0.1,,N,National,,
DATAFLOW,SPC:DF_CLIMATE_CHANGE(1.0),Climate Change indicators,I,A,Annual,SST_ANOM,Sea Surface Temperature anomalies,MH,Marshall Islands,1891,,0,,,,CELSIUS,Celsius (°C),SE,Standard error,0.1,,N,National,,
DATAFLOW,SPC:DF_CLIMATE_CHANGE(1.0),Climate Change indicators,I,A,Annual,SST_ANOM,Sea Surface Temperature anomalies,MH,Marshall Islands,1892,,-0.1,,,,CELSIUS,Celsius (°C),SE,Standard error,0.1,,N,National,,
DATAFLOW,SPC:DF_CLIMATE_CHANGE(1.0),Climate Change indicators,I,A,Annual,SST_ANOM,Sea Surface Temperature anomalies,MH,Marshall Islands,1893,,-0.3,,,,CELSIUS,Celsius (°C),SE,Standard error,0.1,,N,National,,
DATAFLOW,SPC:DF_CLIMATE_CHANGE(1.0),Climate Change indicators,I,A,Annual,SST_ANOM,Sea Surface Temperature anomalies,MH,Marshall Islands,1894,,-0.2,,,,CELSIUS,Celsius (°C),SE,Standard error,0.1,,N,National,,
DATAFLOW,SPC:DF_CLIMATE_CHANGE(1.0),Climate Change indicators,I,A,Annual,SST_ANOM,Sea Surface Temperature anomalies,MH,Marshall Islands,1895,,-0.2,,,,CELSIUS,Celsius (°C),SE,Standard error,0,,N,National,,
DATAFLOW,SPC:DF_CLIMATE_CHANGE(1.0),Climate Change indicators,I,A,Annual,SST_ANOM,Sea Surface Temperature anomalies,MH,Marshall Islands,1896,,-0.3,,,,CELSIUS,Celsius (°C),SE,Standard error,0.1,,N,National,,
DATAFLOW,SPC:DF_CLIMATE_CHANGE(1.0),Climate Change indicators,I,A,Annual,SST_ANOM,Sea Surface Temperature anomalies,MH,Marshall Islands,1897,,-0.2,,,,CELSIUS,Celsius (°C),SE,Standard error,0.1,,N,National,,
DATAFLOW,SPC:DF_CLIMATE_CHANGE(1.0),Climate Change indicators,I,A,Annual,SST_ANOM,Sea Surface Temperature anomalies,MH,Marshall Islands,1898,,-0.3,,,,CELSIUS,Celsius (°C),SE,Standard error,0,,N,National,,
DATAFLOW,SPC:DF_CLIMATE_CHANGE(1.0),Climate Change indicators,I,A,Annual,SST_ANOM,Sea Surface Temperature anomalies,MH,Marshall Islands,1899,,-0.4,,,,CELSIUS,Celsius (°C),SE,Standard error,0.1,,N,National,,
DATAFLOW,SPC:DF_CLIMATE_CHANGE(1.0),Climate Change indicators,I,A,Annual,SST_ANOM,Sea Surface Temperature anomalies,MH,Marshall Islands,1900,,-0.2,,,,CELSIUS,Celsius (°C),SE,Standard error,0.1,,N,National,,
DATAFLOW,SPC:DF_CLIMATE_CHANGE(1.0),Climate Change indicators,I,A,Annual,SST_ANOM,Sea Surface Temperature anomalies,MH,Marshall Islands,1901,,0.1,,,,CELSIUS,Celsius (°C),SE,Standard error,0.1,,N,National,,
DATAFLOW,SPC:DF_CLIMATE_CHANGE(1.0),Climate Change indicators,I,A,Annual,SST_ANOM,Sea Surface Temperature anomalies,MH,Marshall Islands,1902,,-0.5,,,,CELSIUS,Celsius (°C),SE,Standard error,0.1,,N,National,,
DATAFLOW,SPC:DF_CLIMATE_CHANGE(1.0),Climate Change indicators,I,A,Annual,SST_ANOM,Sea Surface Temperature anomalies,MH,Marshall Islands,1903,,-0.5,,,,CELSIUS,Celsius (°C),SE,Standard error,0.1,,N,National,,
DATAFLOW,SPC:DF_CLIMATE_CHANGE(1.0),Climate Change indicators,I,A,Annual,SST_ANOM,Sea Surface Temperature anomalies,MH,Marshall Islands,1904,,-0.5,,,,CELSIUS,Celsius (°C),SE,Standard error,0.1,,N,National,,
DATAFLOW,SPC:DF_CLIMATE_CHANGE(1.0),Climate Change indicators,I,A,Annual,SST_ANOM,Sea Surface Temperature anomalies,MH,Marshall Islands,1905,,-0.5,,,,CELSIUS,Celsius (°C),SE,Standard error,0,,N,National,,
DATAFLOW,SPC:DF_CLIMATE_CHANGE(1.0),Climate Change indicators,I,A,Annual,SST_ANOM,Sea Surface Temperature anomalies,MH,Marshall Islands,1906,,-0.5,,,,CELSIUS,Celsius (°C),SE,Standard error,0.1,,N,National,,
DATAFLOW,SPC:DF_CLIMATE_CHANGE(1.0),Climate Change indicators,I,A,Annual,SST_ANOM,Sea Surface Temperature anomalies,MH,Marshall Islands,1907,,-0.2,,,,CELSIUS,Celsius (°C),SE,Standard error,0.1,,N,National,,
DATAFLOW,SPC:DF_CLIMATE_CHANGE(1.0),Climate Change indicators,I,A,Annual,SST_ANOM,Sea Surface Temperature anomalies,MH,Marshall Islands,1908,,-0.6,,,,CELSIUS,Celsius (°C),SE,Standard error,0.1,,N,National,,
DATAFLOW,SPC:DF_CLIMATE_CHANGE(1.0),Climate Change indicators,I,A,Annual,SST_ANOM,Sea Surface Temperature anomalies,MH,Marshall Islands,1909,,-0.5,,,,CELSIUS,Celsius (°C),SE,Standard error,0,,N,National,,
DATAFLOW,SPC:DF_CLIMATE_CHANGE(1.0),Climate Change indicators,I,A,Annual,SST_ANOM,Sea Surface Temperature anomalies,MH,Marshall Islands,1910,,-0.7,,,,CELSIUS,Celsius (°C),SE,Standard error,0.1,,N,National,,
DATAFLOW,SPC:DF_CLIMATE_CHANGE(1.0),Climate Change indicators,I,A,Annual,SST_ANOM,Sea Surface Temperature anomalies,MH,Marshall Islands,1911,,-0.6,,,,CELSIUS,Celsius (°C),SE,Standard error,0,,N,National,,
DATAFLOW,SPC:DF_CLIMATE_CHANGE(1.0),Climate Change indicators,I,A,Annual,SST_ANOM,Sea Surface Temperature anomalies,MH,Marshall Islands,1912,,-0.6,,,,CELSIUS,Celsius (°C),SE,Standard error,0.1,,N,National,,
DATAFLOW,SPC:DF_CLIMATE_CHANGE(1.0),Climate Change indicators,I,A,Annual,SST_ANOM,Sea Surface Temperature anomalies,MH,Marshall Islands,1913,,-0.6,,,,CELSIUS,Celsius (°C),SE,Standard error,0.1,,N,National,,
DATAFLOW,SPC:DF_CLIMATE_CHANGE(1.0),Climate Change indicators,I,A,Annual,SST_ANOM,Sea Surface Temperature anomalies,MH,Marshall Islands,1914,,-0.5,,,,CELSIUS,Celsius (°C),SE,Standard error,0,,N,National,,
DATAFLOW,SPC:DF_CLIMATE_CHANGE(1.0),Climate Change indicators,I,A,Annual,SST_ANOM,Sea Surface Temperature anomalies,MH,Marshall Islands,1915,,-0.6,,,,CELSIUS,Celsius (°C),SE,Standard error,0.1,,N,National,,
DATAFLOW,SPC:DF_CLIMATE_CHANGE(1.0),Climate Change indicators,I,A,Annual,SST_ANOM,Sea Surface Temperature anomalies,MH,Marshall Islands,1916,,-1,,,,CELSIUS,Celsius (°C),SE,Standard error,0.1,,N,National,,
DATAFLOW,SPC:DF_CLIMATE_CHANGE(1.0),Climate Change indicators,I,A,Annual,SST_ANOM,Sea Surface Temperature anomalies,MH,Marshall Islands,1917,,-1.2,,,,CELSIUS,Celsius (°C),SE,Standard error,0.1,,N,National,,
DATAFLOW,SPC:DF_CLIMATE_CHANGE(1.0),Climate Change indicators,I,A,Annual,SST_ANOM,Sea Surface Temperature anomalies,MH,Marshall Islands,1918,,-0.5,,,,CELSIUS,Celsius (°C),SE,Standard error,0.1,,N,National,,
DATAFLOW,SPC:DF_CLIMATE_CHANGE(1.0),Climate Change indicators,I,A,Annual,SST_ANOM,Sea Surface Temperature anomalies,MH,Marshall Islands,1919,,-0.9,,,,CELSIUS,Celsius (°C),SE,Standard error,0.1,,N,National,,
DATAFLOW,SPC:DF_CLIMATE_CHANGE(1.0),Climate Change indicators,I,A,Annual,SST_ANOM,Sea Surface Temperature anomalies,MH,Marshall Islands,1920,,-0.5,,,,CELSIUS,Celsius (°C),SE,Standard error,0.1,,N,National,,
DATAFLOW,SPC:DF_CLIMATE_CHANGE(1.0),Climate Change indicators,I,A,Annual,SST_ANOM,Sea Surface Temperature anomalies,MH,Marshall Islands,1921,,-0.3,,,,CELSIUS,Celsius (°C),SE,Standard error,0.1,,N,National,,
DATAFLOW,SPC:DF_CLIMATE_CHANGE(1.0),Climate Change indicators,I,A,Annual,SST_ANOM,Sea Surface Temperature anomalies,MH,Marshall Islands,1922,,-0.3,,,,CELSIUS,Celsius (°C),SE,Standard error,0.1,,N,National,,
DATAFLOW,SPC:DF_CLIMATE_CHANGE(1.0),Climate Change indicators,I,A,Annual,SST_ANOM,Sea Surface Temperature anomalies,MH,Marshall Islands,1923,,-0.4,,,,CELSIUS,Celsius (°C),SE,Standard error,0,,N,National,,
DATAFLOW,SPC:DF_CLIMATE_CHANGE(1.0),Climate Change indicators,I,A,Annual,SST_ANOM,Sea Surface Temperature anomalies,MH,Marshall Islands,1924,,-0.3,,,,CELSIUS,Celsius (°C),SE,Standard error,0.1,,N,National,,
DATAFLOW,SPC:DF_CLIMATE_CHANGE(1.0),Climate Change indicators,I,A,Annual,SST_ANOM,Sea Surface Temperature anomalies,MH,Marshall Islands,1925,,-0.4,,,,CELSIUS,Celsius (°C),SE,Standard error,0.1,,N,National,,
DATAFLOW,SPC:DF_CLIMATE_CHANGE(1.0),Climate Change indicators,I,A,Annual,SST_ANOM,Sea Surface Temperature anomalies,MH,Marshall Islands,1926,,-0.2,,,,CELSIUS,Celsius (°C),SE,Standard error,0.1,,N,National,,
DATAFLOW,SPC:DF_CLIMATE_CHANGE(1.0),Climate Change indicators,I,A,Annual,SST_ANOM,Sea Surface Temperature anomalies,MH,Marshall Islands,1927,,-0.4,,,,CELSIUS,Celsius (°C),SE,Standard error,0.1,,N,National,,
DATAFLOW,SPC:DF_CLIMATE_CHANGE(1.0),Climate Change indicators,I,A,Annual,SST_ANOM,Sea Surface Temperature anomalies,MH,Marshall Islands,1928,,-0.4,,,,CELSIUS,Celsius (°C),SE,Standard error,0.1,,N,National,,
DATAFLOW,SPC:DF_CLIMATE_CHANGE(1.0),Climate Change indicators,I,A,Annual,SST_ANOM,Sea Surface Temperature anomalies,MH,Marshall Islands,1929,,-0.2,,,,CELSIUS,Celsius (°C),SE,Standard error,0.1,,N,National,,
DATAFLOW,SPC:DF_CLIMATE_CHANGE(1.0),Climate Change indicators,I,A,Annual,SST_ANOM,Sea Surface Temperature anomalies,MH,Marshall Islands,1930,,-0.4,,,,CELSIUS,Celsius (°C),SE,Standard error,0,,N,National,,
DATAFLOW,SPC:DF_CLIMATE_CHANGE(1.0),Climate Change indicators,I,A,Annual,SST_ANOM,Sea Surface Temperature anomalies,MH,Marshall Islands,1931,,-0.3,,,,CELSIUS,Celsius (°C),SE,Standard error,0,,N,National,,
DATAFLOW,SPC:DF_CLIMATE_CHANGE(1.0),Climate Change indicators,I,A,Annual,SST_ANOM,Sea Surface Temperature anomalies,MH,Marshall Islands,1932,,-0.4,,,,CELSIUS,Celsius (°C),SE,Standard error,0.1,,N,National,,
DATAFLOW,SPC:DF_CLIMATE_CHANGE(1.0),Climate Change indicators,I,A,Annual,SST_ANOM,Sea Surface Temperature anomalies,MH,Marshall Islands,1933,,-0.6,,,,CELSIUS,Celsius (°C),SE,Standard error,0.1,,N,National,,
DATAFLOW,SPC:DF_CLIMATE_CHANGE(1.0),Climate Change indicators,I,A,Annual,SST_ANOM,Sea Surface Temperature anomalies,MH,Marshall Islands,1934,,-0.3,,,,CELSIUS,Celsius (°C),SE,Standard error,0.1,,N,National,,
DATAFLOW,SPC:DF_CLIMATE_CHANGE(1.0),Climate Change indicators,I,A,Annual,SST_ANOM,Sea Surface Temperature anomalies,MH,Marshall Islands,1935,,-0.3,,,,CELSIUS,Celsius (°C),SE,Standard error,0,,N,National,,
DATAFLOW,SPC:DF_CLIMATE_CHANGE(1.0),Climate Change indicators,I,A,Annual,SST_ANOM,Sea Surface Temperature anomalies,MH,Marshall Islands,1936,,-0.4,,,,CELSIUS,Celsius (°C),SE,Standard error,0.1,,N,National,,
DATAFLOW,SPC:DF_CLIMATE_CHANGE(1.0),Climate Change indicators,I,A,Annual,SST_ANOM,Sea Surface Temperature anomalies,MH,Marshall Islands,1937,,-0.4,,,,CELSIUS,Celsius (°C),SE,Standard error,0,,N,National,,
DATAFLOW,SPC:DF_CLIMATE_CHANGE(1.0),Climate Change indicators,I,A,Annual,SST_ANOM,Sea Surface Temperature anomalies,MH,Marshall Islands,1938,,-0.3,,,,CELSIUS,Celsius (°C),SE,Standard error,0.1,,N,National,,
DATAFLOW,SPC:DF_CLIMATE_CHANGE(1.0),Climate Change indicators,I,A,Annual,SST_ANOM,Sea Surface Temperature anomalies,MH,Marshall Islands,1939,,-0.3,,,,CELSIUS,Celsius (°C),SE,Standard error,0,,N,National,,
DATAFLOW,SPC:DF_CLIMATE_CHANGE(1.0),Climate Change indicators,I,A,Annual,SST_ANOM,Sea Surface Temperature anomalies,MH,Marshall Islands,1940,,0,,,,CELSIUS,Celsius (°C),SE,Standard error,0,,N,National,,
DATAFLOW,SPC:DF_CLIMATE_CHANGE(1.0),Climate Change indicators,I,A,Annual,SST_ANOM,Sea Surface Temperature anomalies,MH,Marshall Islands,1941,,0,,,,CELSIUS,Celsius (°C),SE,Standard error,0.1,,N,National,,
DATAFLOW,SPC:DF_CLIMATE_CHANGE(1.0),Climate Change indicators,I,A,Annual,SST_ANOM,Sea Surface Temperature anomalies,MH,Marshall Islands,1942,,-0.2,,,,CELSIUS,Celsius (°C),SE,Standard error,0,,N,National,,
DATAFLOW,SPC:DF_CLIMATE_CHANGE(1.0),Climate Change indicators,I,A,Annual,SST_ANOM,Sea Surface Temperature anomalies,MH,Marshall Islands,1943,,0.2,,,,CELSIUS,Celsius (°C),SE,Standard error,0.1,,N,National,,
DATAFLOW,SPC:DF_CLIMATE_CHANGE(1.0),Climate Change indicators,I,A,Annual,SST_ANOM,Sea Surface Temperature anomalies,MH,Marshall Islands,1944,,0.2,,,,CELSIUS,Celsius (°C),SE,Standard error,0,,N,National,,
DATAFLOW,SPC:DF_CLIMATE_CHANGE(1.0),Climate Change indicators,I,A,Annual,SST_ANOM,Sea Surface Temperature anomalies,MH,Marshall Islands,1945,,0.1,,,,CELSIUS,Celsius (°C),SE,Standard error,0,,N,National,,
DATAFLOW,SPC:DF_CLIMATE_CHANGE(1.0),Climate Change indicators,I,A,Annual,SST_ANOM,Sea Surface Temperature anomalies,MH,Marshall Islands,1946,,0.1,,,,CELSIUS,Celsius (°C),SE,Standard error,0,,N,National,,
DATAFLOW,SPC:DF_CLIMATE_CHANGE(1.0),Climate Change indicators,I,A,Annual,SST_ANOM,Sea Surface Temperature anomalies,MH,Marshall Islands,1947,,0,,,,CELSIUS,Celsius (°C),SE,Standard error,0,,N,National,,
DATAFLOW,SPC:DF_CLIMATE_CHANGE(1.0),Climate Change indicators,I,A,Annual,SST_ANOM,Sea Surface Temperature anomalies,MH,Marshall Islands,1948,,-0.3,,,,CELSIUS,Celsius (°C),SE,Standard error,0.1,,N,National,,
DATAFLOW,SPC:DF_CLIMATE_CHANGE(1.0),Climate Change indicators,I,A,Annual,SST_ANOM,Sea Surface Temperature anomalies,MH,Marshall Islands,1949,,-0.5,,,,CELSIUS,Celsius (°C),SE,Standard error,0.1,,N,National,,
DATAFLOW,SPC:DF_CLIMATE_CHANGE(1.0),Climate Change indicators,I,A,Annual,SST_ANOM,Sea Surface Temperature anomalies,MH,Marshall Islands,1950,,-0.3,,,,CELSIUS,Celsius (°C),SE,Standard error,0.1,,N,National,,
DATAFLOW,SPC:DF_CLIMATE_CHANGE(1.0),Climate Change indicators,I,A,Annual,SST_ANOM,Sea Surface Temperature anomalies,MH,Marshall Islands,1951,,0,,,,CELSIUS,Celsius (°C),SE,Standard error,0.1,,N,National,,
DATAFLOW,SPC:DF_CLIMATE_CHANGE(1.0),Climate Change indicators,I,A,Annual,SST_ANOM,Sea Surface Temperature anomalies,MH,Marshall Islands,1952,,-0.2,,,,CELSIUS,Celsius (°C),SE,Standard error,0.1,,N,National,,
DATAFLOW,SPC:DF_CLIMATE_CHANGE(1.0),Climate Change indicators,I,A,Annual,SST_ANOM,Sea Surface Temperature anomalies,MH,Marshall Islands,1953,,0,,,,CELSIUS,Celsius (°C),SE,Standard error,0,,N,National,,
DATAFLOW,SPC:DF_CLIMATE_CHANGE(1.0),Climate Change indicators,I,A,Annual,SST_ANOM,Sea Surface Temperature anomalies,MH,Marshall Islands,1954,,-0.2,,,,CELSIUS,Celsius (°C),SE,Standard error,0,,N,National,,
DATAFLOW,SPC:DF_CLIMATE_CHANGE(1.0),Climate Change indicators,I,A,Annual,SST_ANOM,Sea Surface Temperature anomalies,MH,Marshall Islands,1955,,-0.4,,,,CELSIUS,Celsius (°C),SE,Standard error,0.1,,N,National,,
DATAFLOW,SPC:DF_CLIMATE_CHANGE(1.0),Climate Change indicators,I,A,Annual,SST_ANOM,Sea Surface Temperature anomalies,MH,Marshall Islands,1956,,-0.1,,,,CELSIUS,Celsius (°C),SE,Standard error,0.1,,N,National,,
DATAFLOW,SPC:DF_CLIMATE_CHANGE(1.0),Climate Change indicators,I,A,Annual,SST_ANOM,Sea Surface Temperature anomalies,MH,Marshall Islands,1957,,-0.1,,,,CELSIUS,Celsius (°C),SE,Standard error,0,,N,National,,
DATAFLOW,SPC:DF_CLIMATE_CHANGE(1.0),Climate Change indicators,I,A,Annual,SST_ANOM,Sea Surface Temperature anomalies,MH,Marshall Islands,1958,,0,,,,CELSIUS,Celsius (°C),SE,Standard error,0,,N,National,,
DATAFLOW,SPC:DF_CLIMATE_CHANGE(1.0),Climate Change indicators,I,A,Annual,SST_ANOM,Sea Surface Temperature anomalies,MH,Marshall Islands,1959,,0,,,,CELSIUS,Celsius (°C),SE,Standard error,0.1,,N,National,,
DATAFLOW,SPC:DF_CLIMATE_CHANGE(1.0),Climate Change indicators,I,A,Annual,SST_ANOM,Sea Surface Temperature anomalies,MH,Marshall Islands,1960,,0,,,,CELSIUS,Celsius (°C),SE,Standard error,0,,N,National,,
DATAFLOW,SPC:DF_CLIMATE_CHANGE(1.0),Climate Change indicators,I,A,Annual,SST_ANOM,Sea Surface Temperature anomalies,MH,Marshall Islands,1961,,0,,,,CELSIUS,Celsius (°C),SE,Standard error,0,,N,National,,
DATAFLOW,SPC:DF_CLIMATE_CHANGE(1.0),Climate Change indicators,I,A,Annual,SST_ANOM,Sea Surface Temperature anomalies,MH,Marshall Islands,1962,,0.2,,,,CELSIUS,Celsius (°C),SE,Standard error,0,,N,National,,
DATAFLOW,SPC:DF_CLIMATE_CHANGE(1.0),Climate Change indicators,I,A,Annual,SST_ANOM,Sea Surface Temperature anomalies,MH,Marshall Islands,1963,,0.3,,,,CELSIUS,Celsius (°C),SE,Standard error,0,,N,National,,
DATAFLOW,SPC:DF_CLIMATE_CHANGE(1.0),Climate Change indicators,I,A,Annual,SST_ANOM,Sea Surface Temperature anomalies,MH,Marshall Islands,1964,,-0.2,,,,CELSIUS,Celsius (°C),SE,Standard error,0,,N,National,,
DATAFLOW,SPC:DF_CLIMATE_CHANGE(1.0),Climate Change indicators,I,A,Annual,SST_ANOM,Sea Surface Temperature anomalies,MH,Marshall Islands,1965,,-0.2,,,,CELSIUS,Celsius (°C),SE,Standard error,0,,N,National,,
DATAFLOW,SPC:DF_CLIMATE_CHANGE(1.0),Climate Change indicators,I,A,Annual,SST_ANOM,Sea Surface Temperature anomalies,MH,Marshall Islands,1966,,0.1,,,,CELSIUS,Celsius (°C),SE,Standard error,0,,N,National,,
DATAFLOW,SPC:DF_CLIMATE_CHANGE(1.0),Climate Change indicators,I,A,Annual,SST_ANOM,Sea Surface Temperature anomalies,MH,Marshall Islands,1967,,0.1,,,,CELSIUS,Celsius (°C),SE,Standard error,0,,N,National,,
DATAFLOW,SPC:DF_CLIMATE_CHANGE(1.0),Climate Change indicators,I,A,Annual,SST_ANOM,Sea Surface Temperature anomalies,MH,Marshall Islands,1968,,0.1,,,,CELSIUS,Celsius (°C),SE,Standard error,0.1,,N,National,,
DATAFLOW,SPC:DF_CLIMATE_CHANGE(1.0),Climate Change indicators,I,A,Annual,SST_ANOM,Sea Surface Temperature anomalies,MH,Marshall Islands,1969,,0.2,,,,CELSIUS,Celsius (°C),SE,Standard error,0,,N,National,,
DATAFLOW,SPC:DF_CLIMATE_CHANGE(1.0),Climate Change indicators,I,A,Annual,SST_ANOM,Sea Surface Temperature anomalies,MH,Marshall Islands,1970,,-0.1,,,,CELSIUS,Celsius (°C),SE,Standard error,0,,N,National,,
DATAFLOW,SPC:DF_CLIMATE_CHANGE(1.0),Climate Change indicators,I,A,Annual,SST_ANOM,Sea Surface Temperature anomalies,MH,Marshall Islands,1971,,-0.3,,,,CELSIUS,Celsius (°C),SE,Standard error,0,,N,National,,
DATAFLOW,SPC:DF_CLIMATE_CHANGE(1.0),Climate Change indicators,I,A,Annual,SST_ANOM,Sea Surface Temperature anomalies,MH,Marshall Islands,1972,,-0.3,,,,CELSIUS,Celsius (°C),SE,Standard error,0,,N,National,,
DATAFLOW,SPC:DF_CLIMATE_CHANGE(1.0),Climate Change indicators,I,A,Annual,SST_ANOM,Sea Surface Temperature anomalies,MH,Marshall Islands,1973,,-0.3,,,,CELSIUS,Celsius (°C),SE,Standard error,0,,N,National,,
DATAFLOW,SPC:DF_CLIMATE_CHANGE(1.0),Climate Change indicators,I,A,Annual,SST_ANOM,Sea Surface Temperature anomalies,MH,Marshall Islands,1974,,-0.1,,,,CELSIUS,Celsius (°C),SE,Standard error,0,,N,National,,
DATAFLOW,SPC:DF_CLIMATE_CHANGE(1.0),Climate Change indicators,I,A,Annual,SST_ANOM,Sea Surface Temperature anomalies,MH,Marshall Islands,1975,,-0.5,,,,CELSIUS,Celsius (°C),SE,Standard error,0.1,,N,National,,
DATAFLOW,SPC:DF_CLIMATE_CHANGE(1.0),Climate Change indicators,I,A,Annual,SST_ANOM,Sea Surface Temperature anomalies,MH,Marshall Islands,1976,,-0.3,,,,CELSIUS,Celsius (°C),SE,Standard error,0,,N,National,,
DATAFLOW,SPC:DF_CLIMATE_CHANGE(1.0),Climate Change indicators,I,A,Annual,SST_ANOM,Sea Surface Temperature anomalies,MH,Marshall Islands,1977,,-0.1,,,,CELSIUS,Celsius (°C),SE,Standard error,0,,N,National,,
DATAFLOW,SPC:DF_CLIMATE_CHANGE(1.0),Climate Change indicators,I,A,Annual,SST_ANOM,Sea Surface Temperature anomalies,MH,Marshall Islands,1978,,-0.1,,,,CELSIUS,Celsius (°C),SE,Standard error,0,,N,National,,
DATAFLOW,SPC:DF_CLIMATE_CHANGE(1.0),Climate Change indicators,I,A,Annual,SST_ANOM,Sea Surface Temperature anomalies,MH,Marshall Islands,1979,,0,,,,CELSIUS,Celsius (°C),SE,Standard error,0,,N,National,,
DATAFLOW,SPC:DF_CLIMATE_CHANGE(1.0),Climate Change indicators,I,A,Annual,SST_ANOM,Sea Surface Temperature anomalies,MH,Marshall Islands,1980,,0.1,,,,CELSIUS,Celsius (°C),SE,Standard error,0,,N,National,,
DATAFLOW,SPC:DF_CLIMATE_CHANGE(1.0),Climate Change indicators,I,A,Annual,SST_ANOM,Sea Surface Temperature anomalies,MH,Marshall Islands,1981,,0.2,,,,CELSIUS,Celsius (°C),SE,Standard error,0,,N,National,,
DATAFLOW,SPC:DF_CLIMATE_CHANGE(1.0),Climate Change indicators,I,A,Annual,SST_ANOM,Sea Surface Temperature anomalies,MH,Marshall Islands,1982,,0,,,,CELSIUS,Celsius (°C),SE,Standard error,0,,N,National,,
DATAFLOW,SPC:DF_CLIMATE_CHANGE(1.0),Climate Change indicators,I,A,Annual,SST_ANOM,Sea Surface Temperature anomalies,MH,Marshall Islands,1983,,-0.3,,,,CELSIUS,Celsius (°C),SE,Standard error,0.1,,N,National,,
DATAFLOW,SPC:DF_CLIMATE_CHANGE(1.0),Climate Change indicators,I,A,Annual,SST_ANOM,Sea Surface Temperature anomalies,MH,Marshall Islands,1984,,0.1,,,,CELSIUS,Celsius (°C),SE,Standard error,0,,N,National,,
DATAFLOW,SPC:DF_CLIMATE_CHANGE(1.0),Climate Change indicators,I,A,Annual,SST_ANOM,Sea Surface Temperature anomalies,MH,Marshall Islands,1985,,0,,,,CELSIUS,Celsius (°C),SE,Standard error,0,,N,National,,
DATAFLOW,SPC:DF_CLIMATE_CHANGE(1.0),Climate Change indicators,I,A,Annual,SST_ANOM,Sea Surface Temperature anomalies,MH,Marshall Islands,1986,,0.1,,,,CELSIUS,Celsius (°C),SE,Standard error,0,,N,National,,
DATAFLOW,SPC:DF_CLIMATE_CHANGE(1.0),Climate Change indicators,I,A,Annual,SST_ANOM,Sea Surface Temperature anomalies,MH,Marshall Islands,1987,,-0.1,,,,CELSIUS,Celsius (°C),SE,Standard error,0.1,,N,National,,
DATAFLOW,SPC:DF_CLIMATE_CHANGE(1.0),Climate Change indicators,I,A,Annual,SST_ANOM,Sea Surface Temperature anomalies,MH,Marshall Islands,1988,,0.1,,,,CELSIUS,Celsius (°C),SE,Standard error,0,,N,National,,
DATAFLOW,SPC:DF_CLIMATE_CHANGE(1.0),Climate Change indicators,I,A,Annual,SST_ANOM,Sea Surface Temperature anomalies,MH,Marshall Islands,1989,,0,,,,CELSIUS,Celsius (°C),SE,Standard error,0,,N,National,,
DATAFLOW,SPC:DF_CLIMATE_CHANGE(1.0),Climate Change indicators,I,A,Annual,SST_ANOM,Sea Surface Temperature anomalies,MH,Marshall Islands,1990,,0.3,,,,CELSIUS,Celsius (°C),SE,Standard error,0,,N,National,,
DATAFLOW,SPC:DF_CLIMATE_CHANGE(1.0),Climate Change indicators,I,A,Annual,SST_ANOM,Sea Surface Temperature anomalies,MH,Marshall Islands,1991,,0.2,,,,CELSIUS,Celsius (°C),SE,Standard error,0,,N,National,,
DATAFLOW,SPC:DF_CLIMATE_CHANGE(1.0),Climate Change indicators,I,A,Annual,SST_ANOM,Sea Surface Temperature anomalies,MH,Marshall Islands,1992,,-0.1,,,,CELSIUS,Celsius (°C),SE,Standard error,0.1,,N,National,,
DATAFLOW,SPC:DF_CLIMATE_CHANGE(1.0),Climate Change indicators,I,A,Annual,SST_ANOM,Sea Surface Temperature anomalies,MH,Marshall Islands,1993,,-0.2,,,,CELSIUS,Celsius (°C),SE,Standard error,0,,N,National,,
DATAFLOW,SPC:DF_CLIMATE_CHANGE(1.0),Climate Change indicators,I,A,Annual,SST_ANOM,Sea Surface Temperature anomalies,MH,Marshall Islands,1994,,0.1,,,,CELSIUS,Celsius (°C),SE,Standard error,0,,N,National,,
DATAFLOW,SPC:DF_CLIMATE_CHANGE(1.0),Climate Change indicators,I,A,Annual,SST_ANOM,Sea Surface Temperature anomalies,MH,Marshall Islands,1995,,0.2,,,,CELSIUS,Celsius (°C),SE,Standard error,0,,N,National,,
DATAFLOW,SPC:DF_CLIMATE_CHANGE(1.0),Climate Change indicators,I,A,Annual,SST_ANOM,Sea Surface Temperature anomalies,MH,Marshall Islands,1996,,0.3,,,,CELSIUS,Celsius (°C),SE,Standard error,0,,N,National,,
DATAFLOW,SPC:DF_CLIMATE_CHANGE(1.0),Climate Change indicators,I,A,Annual,SST_ANOM,Sea Surface Temperature anomalies,MH,Marshall Islands,1997,,0.1,,,,CELSIUS,Celsius (°C),SE,Standard error,0.1,,N,National,,
DATAFLOW,SPC:DF_CLIMATE_CHANGE(1.0),Climate Change indicators,I,A,Annual,SST_ANOM,Sea Surface Temperature anomalies,MH,Marshall Islands,1998,,-0.3,,,,CELSIUS,Celsius (°C),SE,Standard error,0,,N,National,,
DATAFLOW,SPC:DF_CLIMATE_CHANGE(1.0),Climate Change indicators,I,A,Annual,SST_ANOM,Sea Surface Temperature anomalies,MH,Marshall Islands,1999,,-0.1,,,,CELSIUS,Celsius (°C),SE,Standard error,0,,N,National,,
DATAFLOW,SPC:DF_CLIMATE_CHANGE(1.0),Climate Change indicators,I,A,Annual,SST_ANOM,Sea Surface Temperature anomalies,MH,Marshall Islands,2000,,0.1,,,,CELSIUS,Celsius (°C),SE,Standard error,0,,N,National,,
DATAFLOW,SPC:DF_CLIMATE_CHANGE(1.0),Climate Change indicators,I,A,Annual,SST_ANOM,Sea Surface Temperature anomalies,MH,Marshall Islands,2001,,0.3,,,,CELSIUS,Celsius (°C),SE,Standard error,0,,N,National,,
DATAFLOW,SPC:DF_CLIMATE_CHANGE(1.0),Climate Change indicators,I,A,Annual,SST_ANOM,Sea Surface Temperature anomalies,MH,Marshall Islands,2002,,0.4,,,,CELSIUS,Celsius (°C),SE,Standard error,0,,N,National,,
DATAFLOW,SPC:DF_CLIMATE_CHANGE(1.0),Climate Change indicators,I,A,Annual,SST_ANOM,Sea Surface Temperature anomalies,MH,Marshall Islands,2003,,0.5,,,,CELSIUS,Celsius (°C),SE,Standard error,0,,N,National,,
DATAFLOW,SPC:DF_CLIMATE_CHANGE(1.0),Climate Change indicators,I,A,Annual,SST_ANOM,Sea Surface Temperature anomalies,MH,Marshall Islands,2004,,0.6,,,,CELSIUS,Celsius (°C),SE,Standard error,0,,N,National,,
DATAFLOW,SPC:DF_CLIMATE_CHANGE(1.0),Climate Change indicators,I,A,Annual,SST_ANOM,Sea Surface Temperature anomalies,MH,Marshall Islands,2005,,0.5,,,,CELSIUS,Celsius (°C),SE,Standard error,0,,N,National,,
DATAFLOW,SPC:DF_CLIMATE_CHANGE(1.0),Climate Change indicators,I,A,Annual,SST_ANOM,Sea Surface Temperature anomalies,MH,Marshall Islands,2006,,0.4,,,,CELSIUS,Celsius (°C),SE,Standard error,0,,N,National,,
DATAFLOW,SPC:DF_CLIMATE_CHANGE(1.0),Climate Change indicators,I,A,Annual,SST_ANOM,Sea Surface Temperature anomalies,MH,Marshall Islands,2007,,0.4,,,,CELSIUS,Celsius (°C),SE,Standard error,0,,N,National,,
DATAFLOW,SPC:DF_CLIMATE_CHANGE(1.0),Climate Change indicators,I,A,Annual,SST_ANOM,Sea Surface Temperature anomalies,MH,Marshall Islands,2008,,0,,,,CELSIUS,Celsius (°C),SE,Standard error,0,,N,National,,
DATAFLOW,SPC:DF_CLIMATE_CHANGE(1.0),Climate Change indicators,I,A,Annual,SST_ANOM,Sea Surface Temperature anomalies,MH,Marshall Islands,2009,,0.4,,,,CELSIUS,Celsius (°C),SE,Standard error,0.1,,N,National,,
DATAFLOW,SPC:DF_CLIMATE_CHANGE(1.0),Climate Change indicators,I,A,Annual,SST_ANOM,Sea Surface Temperature anomalies,MH,Marshall Islands,2010,,0,,,,CELSIUS,Celsius (°C),SE,Standard error,0.1,,N,National,,
DATAFLOW,SPC:DF_CLIMATE_CHANGE(1.0),Climate Change indicators,I,A,Annual,SST_ANOM,Sea Surface Temperature anomalies,MH,Marshall Islands,2011,,0.3,,,,CELSIUS,Celsius (°C),SE,Standard error,0.1,,N,National,,
DATAFLOW,SPC:DF_CLIMATE_CHANGE(1.0),Climate Change indicators,I,A,Annual,SST_ANOM,Sea Surface Temperature anomalies,MH,Marshall Islands,2012,,0.3,,,,CELSIUS,Celsius (°C),SE,Standard error,0,,N,National,,
DATAFLOW,SPC:DF_CLIMATE_CHANGE(1.0),Climate Change indicators,I,A,Annual,SST_ANOM,Sea Surface Temperature anomalies,MH,Marshall Islands,2013,,0.4,,,,CELSIUS,Celsius (°C),SE,Standard error,0,,N,National,,
DATAFLOW,SPC:DF_CLIMATE_CHANGE(1.0),Climate Change indicators,I,A,Annual,SST_ANOM,Sea Surface Temperature anomalies,MH,Marshall Islands,2014,,0.7,,,,CELSIUS,Celsius (°C),SE,Standard error,0,,N,National,,
DATAFLOW,SPC:DF_CLIMATE_CHANGE(1.0),Climate Change indicators,I,A,Annual,SST_ANOM,Sea Surface Temperature anomalies,MH,Marshall Islands,2015,,0.5,,,,CELSIUS,Celsius (°C),SE,Standard error,0,,N,National,,
DATAFLOW,SPC:DF_CLIMATE_CHANGE(1.0),Climate Change indicators,I,A,Annual,SST_ANOM,Sea Surface Temperature anomalies,MH,Marshall Islands,2016,,0.4,,,,CELSIUS,Celsius (°C),SE,Standard error,0.1,,N,National,,
DATAFLOW,SPC:DF_CLIMATE_CHANGE(1.0),Climate Change indicators,I,A,Annual,SST_ANOM,Sea Surface Temperature anomalies,MH,Marshall Islands,2017,,0.6,,,,CELSIUS,Celsius (°C),SE,Standard error,0,,N,National,,
DATAFLOW,SPC:DF_CLIMATE_CHANGE(1.0),Climate Change indicators,I,A,Annual,SST_ANOM,Sea Surface Temperature anomalies,MH,Marshall Islands,2018,,0.6,,,,CELSIUS,Celsius (°C),SE,Standard error,0,,N,National,,
DATAFLOW,SPC:DF_CLIMATE_CHANGE(1.0),Climate Change indicators,I,A,Annual,SST_ANOM,Sea Surface Temperature anomalies,MH,Marshall Islands,2019,,0.6,,,,CELSIUS,Celsius (°C),SE,Standard error,0.1,,N,National,,
DATAFLOW,SPC:DF_CLIMATE_CHANGE(1.0),Climate Change indicators,I,A,Annual,SST_ANOM,Sea Surface Temperature anomalies,MH,Marshall Islands,2020,,0.5,,,,CELSIUS,Celsius (°C),SE,Standard error,0,,N,National,,
DATAFLOW,SPC:DF_CLIMATE_CHANGE(1.0),Climate Change indicators,I,A,Annual,SST_ANOM,Sea Surface Temperature anomalies,MH,Marshall Islands,2021,,0.4,,,,CELSIUS,Celsius (°C),SE,Standard error,0,,N,National,,
DATAFLOW,SPC:DF_CLIMATE_CHANGE(1.0),Climate Change indicators,I,A,Annual,SST_ANOM,Sea Surface Temperature anomalies,MH,Marshall Islands,2022,,0.3,,,,CELSIUS,Celsius (°C),SE,Standard error,0,,N,National,,
DATAFLOW,SPC:DF_CLIMATE_CHANGE(1.0),Climate Change indicators,I,A,Annual,SST_ANOM,Sea Surface Temperature anomalies,MH,Marshall Islands,2023,,0.6,,,,CELSIUS,Celsius (°C),SE,Standard error,0,,N,National,,
DATAFLOW,SPC:DF_CLIMATE_CHANGE(1.0),Climate Change indicators,I,A,Annual,SST_ANOM,Sea Surface Temperature anomalies,MH,Marshall Islands,2024,,0.7,,,,CELSIUS,Celsius (°C),SE,Standard error,0,,N,National,,
DATAFLOW,SPC:DF_CLIMATE_CHANGE(1.0),Climate Change indicators,I,A,Annual,SST_ANOM,Sea Surface Temperature anomalies,MH,Marshall Islands,2025,,0.6,,,,CELSIUS,Celsius (°C),SE,Standard error,0,,N,National,,
DATAFLOW,SPC:DF_CLIMATE_CHANGE(1.0),Climate Change indicators,I,A,Annual,SST_ANOM,Sea Surface Temperature anomalies,WF,Wallis and Futuna,1850,,0,,,,CELSIUS,Celsius (°C),SE,Standard error,0,,N,National,,
DATAFLOW,SPC:DF_CLIMATE_CHANGE(1.0),Climate Change indicators,I,A,Annual,SST_ANOM,Sea Surface Temperature anomalies,WF,Wallis and Futuna,1851,,-0.4,,,,CELSIUS,Celsius (°C),SE,Standard error,0,,N,National,,
DATAFLOW,SPC:DF_CLIMATE_CHANGE(1.0),Climate Change indicators,I,A,Annual,SST_ANOM,Sea Surface Temperature anomalies,WF,Wallis and Futuna,1852,,-0.1,,,,CELSIUS,Celsius (°C),SE,Standard error,0,,N,National,,
DATAFLOW,SPC:DF_CLIMATE_CHANGE(1.0),Climate Change indicators,I,A,Annual,SST_ANOM,Sea Surface Temperature anomalies,WF,Wallis and Futuna,1853,,0.1,,,,CELSIUS,Celsius (°C),SE,Standard error,0.1,,N,National,,
DATAFLOW,SPC:DF_CLIMATE_CHANGE(1.0),Climate Change indicators,I,A,Annual,SST_ANOM,Sea Surface Temperature anomalies,WF,Wallis and Futuna,1854,,0,,,,CELSIUS,Celsius (°C),SE,Standard error,0.1,,N,National,,
DATAFLOW,SPC:DF_CLIMATE_CHANGE(1.0),Climate Change indicators,I,A,Annual,SST_ANOM,Sea Surface Temperature anomalies,WF,Wallis and Futuna,1855,,-0.3,,,,CELSIUS,Celsius (°C),SE,Standard error,0,,N,National,,
DATAFLOW,SPC:DF_CLIMATE_CHANGE(1.0),Climate Change indicators,I,A,Annual,SST_ANOM,Sea Surface Temperature anomalies,WF,Wallis and Futuna,1856,,-0.3,,,,CELSIUS,Celsius (°C),SE,Standard error,0.1,,N,National,,
DATAFLOW,SPC:DF_CLIMATE_CHANGE(1.0),Climate Change indicators,I,A,Annual,SST_ANOM,Sea Surface Temperature anomalies,WF,Wallis and Futuna,1857,,-0.4,,,,CELSIUS,Celsius (°C),SE,Standard error,0,,N,National,,
DATAFLOW,SPC:DF_CLIMATE_CHANGE(1.0),Climate Change indicators,I,A,Annual,SST_ANOM,Sea Surface Temperature anomalies,WF,Wallis and Futuna,1858,,-0.2,,,,CELSIUS,Celsius (°C),SE,Standard error,0,,N,National,,
DATAFLOW,SPC:DF_CLIMATE_CHANGE(1.0),Climate Change indicators,I,A,Annual,SST_ANOM,Sea Surface Temperature anomalies,WF,Wallis and Futuna,1859,,0.1,,,,CELSIUS,Celsius (°C),SE,Standard error,0,,N,National,,
DATAFLOW,SPC:DF_CLIMATE_CHANGE(1.0),Climate Change indicators,I,A,Annual,SST_ANOM,Sea Surface Temperature anomalies,WF,Wallis and Futuna,1860,,-0.2,,,,CELSIUS,Celsius (°C),SE,Standard error,0,,N,National,,
DATAFLOW,SPC:DF_CLIMATE_CHANGE(1.0),Climate Change indicators,I,A,Annual,SST_ANOM,Sea Surface Temperature anomalies,WF,Wallis and Futuna,1861,,-0.4,,,,CELSIUS,Celsius (°C),SE,Standard error,0.2,,N,National,,
DATAFLOW,SPC:DF_CLIMATE_CHANGE(1.0),Climate Change indicators,I,A,Annual,SST_ANOM,Sea Surface Temperature anomalies,WF,Wallis and Futuna,1862,,-0.3,,,,CELSIUS,Celsius (°C),SE,Standard error,0,,N,National,,
DATAFLOW,SPC:DF_CLIMATE_CHANGE(1.0),Climate Change indicators,I,A,Annual,SST_ANOM,Sea Surface Temperature anomalies,WF,Wallis and Futuna,1863,,-0.3,,,,CELSIUS,Celsius (°C),SE,Standard error,0,,N,National,,
DATAFLOW,SPC:DF_CLIMATE_CHANGE(1.0),Climate Change indicators,I,A,Annual,SST_ANOM,Sea Surface Temperature anomalies,WF,Wallis and Futuna,1864,,-0.2,,,,CELSIUS,Celsius (°C),SE,Standard error,0,,N,National,,
DATAFLOW,SPC:DF_CLIMATE_CHANGE(1.0),Climate Change indicators,I,A,Annual,SST_ANOM,Sea Surface Temperature anomalies,WF,Wallis and Futuna,1865,,-0.2,,,,CELSIUS,Celsius (°C),SE,Standard error,0,,N,National,,
DATAFLOW,SPC:DF_CLIMATE_CHANGE(1.0),Climate Change indicators,I,A,Annual,SST_ANOM,Sea Surface Temperature anomalies,WF,Wallis and Futuna,1866,,-0.2,,,,CELSIUS,Celsius (°C),SE,Standard error,0,,N,National,,
DATAFLOW,SPC:DF_CLIMATE_CHANGE(1.0),Climate Change indicators,I,A,Annual,SST_ANOM,Sea Surface Temperature anomalies,WF,Wallis and Futuna,1867,,-0.1,,,,CELSIUS,Celsius (°C),SE,Standard error,0.1,,N,National,,
DATAFLOW,SPC:DF_CLIMATE_CHANGE(1.0),Climate Change indicators,I,A,Annual,SST_ANOM,Sea Surface Temperature anomalies,WF,Wallis and Futuna,1868,,-0.1,,,,CELSIUS,Celsius (°C),SE,Standard error,0.1,,N,National,,
DATAFLOW,SPC:DF_CLIMATE_CHANGE(1.0),Climate Change indicators,I,A,Annual,SST_ANOM,Sea Surface Temperature anomalies,WF,Wallis and Futuna,1869,,0,,,,CELSIUS,Celsius (°C),SE,Standard error,0.1,,N,National,,
DATAFLOW,SPC:DF_CLIMATE_CHANGE(1.0),Climate Change indicators,I,A,Annual,SST_ANOM,Sea Surface Temperature anomalies,WF,Wallis and Futuna,1870,,-0.2,,,,CELSIUS,Celsius (°C),SE,Standard error,0,,N,National,,
DATAFLOW,SPC:DF_CLIMATE_CHANGE(1.0),Climate Change indicators,I,A,Annual,SST_ANOM,Sea Surface Temperature anomalies,WF,Wallis and Futuna,1871,,0,,,,CELSIUS,Celsius (°C),SE,Standard error,0.1,,N,National,,
DATAFLOW,SPC:DF_CLIMATE_CHANGE(1.0),Climate Change indicators,I,A,Annual,SST_ANOM,Sea Surface Temperature anomalies,WF,Wallis and Futuna,1872,,0,,,,CELSIUS,Celsius (°C),SE,Standard error,0.1,,N,National,,
DATAFLOW,SPC:DF_CLIMATE_CHANGE(1.0),Climate Change indicators,I,A,Annual,SST_ANOM,Sea Surface Temperature anomalies,WF,Wallis and Futuna,1873,,-0.3,,,,CELSIUS,Celsius (°C),SE,Standard error,0,,N,National,,
DATAFLOW,SPC:DF_CLIMATE_CHANGE(1.0),Climate Change indicators,I,A,Annual,SST_ANOM,Sea Surface Temperature anomalies,WF,Wallis and Futuna,1874,,0,,,,CELSIUS,Celsius (°C),SE,Standard error,0.1,,N,National,,
DATAFLOW,SPC:DF_CLIMATE_CHANGE(1.0),Climate Change indicators,I,A,Annual,SST_ANOM,Sea Surface Temperature anomalies,WF,Wallis and Futuna,1875,,-0.1,,,,CELSIUS,Celsius (°C),SE,Standard error,0.1,,N,National,,
DATAFLOW,SPC:DF_CLIMATE_CHANGE(1.0),Climate Change indicators,I,A,Annual,SST_ANOM,Sea Surface Temperature anomalies,WF,Wallis and Futuna,1876,,-0.1,,,,CELSIUS,Celsius (°C),SE,Standard error,0,,N,National,,
DATAFLOW,SPC:DF_CLIMATE_CHANGE(1.0),Climate Change indicators,I,A,Annual,SST_ANOM,Sea Surface Temperature anomalies,WF,Wallis and Futuna,1877,,-0.2,,,,CELSIUS,Celsius (°C),SE,Standard error,0,,N,National,,
DATAFLOW,SPC:DF_CLIMATE_CHANGE(1.0),Climate Change indicators,I,A,Annual,SST_ANOM,Sea Surface Temperature anomalies,WF,Wallis and Futuna,1878,,-0.2,,,,CELSIUS,Celsius (°C),SE,Standard error,0.1,,N,National,,
DATAFLOW,SPC:DF_CLIMATE_CHANGE(1.0),Climate Change indicators,I,A,Annual,SST_ANOM,Sea Surface Temperature anomalies,WF,Wallis and Futuna,1879,,-0.2,,,,CELSIUS,Celsius (°C),SE,Standard error,0,,N,National,,
DATAFLOW,SPC:DF_CLIMATE_CHANGE(1.0),Climate Change indicators,I,A,Annual,SST_ANOM,Sea Surface Temperature anomalies,WF,Wallis and Futuna,1880,,-0.2,,,,CELSIUS,Celsius (°C),SE,Standard error,0,,N,National,,
DATAFLOW,SPC:DF_CLIMATE_CHANGE(1.0),Climate Change indicators,I,A,Annual,SST_ANOM,Sea Surface Temperature anomalies,WF,Wallis and Futuna,1881,,0.2,,,,CELSIUS,Celsius (°C),SE,Standard error,0,,N,National,,
DATAFLOW,SPC:DF_CLIMATE_CHANGE(1.0),Climate Change indicators,I,A,Annual,SST_ANOM,Sea Surface Temperature anomalies,WF,Wallis and Futuna,1882,,0.1,,,,CELSIUS,Celsius (°C),SE,Standard error,0,,N,National,,
DATAFLOW,SPC:DF_CLIMATE_CHANGE(1.0),Climate Change indicators,I,A,Annual,SST_ANOM,Sea Surface Temperature anomalies,WF,Wallis and Futuna,1883,,-0.3,,,,CELSIUS,Celsius (°C),SE,Standard error,0,,N,National,,
DATAFLOW,SPC:DF_CLIMATE_CHANGE(1.0),Climate Change indicators,I,A,Annual,SST_ANOM,Sea Surface Temperature anomalies,WF,Wallis and Futuna,1884,,-0.3,,,,CELSIUS,Celsius (°C),SE,Standard error,0.1,,N,National,,
DATAFLOW,SPC:DF_CLIMATE_CHANGE(1.0),Climate Change indicators,I,A,Annual,SST_ANOM,Sea Surface Temperature anomalies,WF,Wallis and Futuna,1885,,-0.5,,,,CELSIUS,Celsius (°C),SE,Standard error,0.1,,N,National,,
DATAFLOW,SPC:DF_CLIMATE_CHANGE(1.0),Climate Change indicators,I,A,Annual,SST_ANOM,Sea Surface Temperature anomalies,WF,Wallis and Futuna,1886,,-0.5,,,,CELSIUS,Celsius (°C),SE,Standard error,0.1,,N,National,,
DATAFLOW,SPC:DF_CLIMATE_CHANGE(1.0),Climate Change indicators,I,A,Annual,SST_ANOM,Sea Surface Temperature anomalies,WF,Wallis and Futuna,1887,,-0.3,,,,CELSIUS,Celsius (°C),SE,Standard error,0.1,,N,National,,
DATAFLOW,SPC:DF_CLIMATE_CHANGE(1.0),Climate Change indicators,I,A,Annual,SST_ANOM,Sea Surface Temperature anomalies,WF,Wallis and Futuna,1888,,-0.3,,,,CELSIUS,Celsius (°C),SE,Standard error,0.1,,N,National,,
DATAFLOW,SPC:DF_CLIMATE_CHANGE(1.0),Climate Change indicators,I,A,Annual,SST_ANOM,Sea Surface Temperature anomalies,WF,Wallis and Futuna,1889,,-0.3,,,,CELSIUS,Celsius (°C),SE,Standard error,0.1,,N,National,,
DATAFLOW,SPC:DF_CLIMATE_CHANGE(1.0),Climate Change indicators,I,A,Annual,SST_ANOM,Sea Surface Temperature anomalies,WF,Wallis and Futuna,1890,,-0.5,,,,CELSIUS,Celsius (°C),SE,Standard error,0.1,,N,National,,
DATAFLOW,SPC:DF_CLIMATE_CHANGE(1.0),Climate Change indicators,I,A,Annual,SST_ANOM,Sea Surface Temperature anomalies,WF,Wallis and Futuna,1891,,-0.4,,,,CELSIUS,Celsius (°C),SE,Standard error,0.1,,N,National,,
DATAFLOW,SPC:DF_CLIMATE_CHANGE(1.0),Climate Change indicators,I,A,Annual,SST_ANOM,Sea Surface Temperature anomalies,WF,Wallis and Futuna,1892,,-0.3,,,,CELSIUS,Celsius (°C),SE,Standard error,0.1,,N,National,,
DATAFLOW,SPC:DF_CLIMATE_CHANGE(1.0),Climate Change indicators,I,A,Annual,SST_ANOM,Sea Surface Temperature anomalies,WF,Wallis and Futuna,1893,,-0.6,,,,CELSIUS,Celsius (°C),SE,Standard error,0.1,,N,National,,
DATAFLOW,SPC:DF_CLIMATE_CHANGE(1.0),Climate Change indicators,I,A,Annual,SST_ANOM,Sea Surface Temperature anomalies,WF,Wallis and Futuna,1894,,-0.4,,,,CELSIUS,Celsius (°C),SE,Standard error,0,,N,National,,
DATAFLOW,SPC:DF_CLIMATE_CHANGE(1.0),Climate Change indicators,I,A,Annual,SST_ANOM,Sea Surface Temperature anomalies,WF,Wallis and Futuna,1895,,-0.2,,,,CELSIUS,Celsius (°C),SE,Standard error,0.1,,N,National,,
DATAFLOW,SPC:DF_CLIMATE_CHANGE(1.0),Climate Change indicators,I,A,Annual,SST_ANOM,Sea Surface Temperature anomalies,WF,Wallis and Futuna,1896,,-0.4,,,,CELSIUS,Celsius (°C),SE,Standard error,0,,N,National,,
DATAFLOW,SPC:DF_CLIMATE_CHANGE(1.0),Climate Change indicators,I,A,Annual,SST_ANOM,Sea Surface Temperature anomalies,WF,Wallis and Futuna,1897,,-0.3,,,,CELSIUS,Celsius (°C),SE,Standard error,0.1,,N,National,,
DATAFLOW,SPC:DF_CLIMATE_CHANGE(1.0),Climate Change indicators,I,A,Annual,SST_ANOM,Sea Surface Temperature anomalies,WF,Wallis and Futuna,1898,,-0.3,,,,CELSIUS,Celsius (°C),SE,Standard error,0,,N,National,,
DATAFLOW,SPC:DF_CLIMATE_CHANGE(1.0),Climate Change indicators,I,A,Annual,SST_ANOM,Sea Surface Temperature anomalies,WF,Wallis and Futuna,1899,,-0.2,,,,CELSIUS,Celsius (°C),SE,Standard error,0.1,,N,National,,
DATAFLOW,SPC:DF_CLIMATE_CHANGE(1.0),Climate Change indicators,I,A,Annual,SST_ANOM,Sea Surface Temperature anomalies,WF,Wallis and Futuna,1900,,-0.1,,,,CELSIUS,Celsius (°C),SE,Standard error,0.1,,N,National,,
DATAFLOW,SPC:DF_CLIMATE_CHANGE(1.0),Climate Change indicators,I,A,Annual,SST_ANOM,Sea Surface Temperature anomalies,WF,Wallis and Futuna,1901,,-0.1,,,,CELSIUS,Celsius (°C),SE,Standard error,0,,N,National,,
DATAFLOW,SPC:DF_CLIMATE_CHANGE(1.0),Climate Change indicators,I,A,Annual,SST_ANOM,Sea Surface Temperature anomalies,WF,Wallis and Futuna,1902,,-0.6,,,,CELSIUS,Celsius (°C),SE,Standard error,0.1,,N,National,,
DATAFLOW,SPC:DF_CLIMATE_CHANGE(1.0),Climate Change indicators,I,A,Annual,SST_ANOM,Sea Surface Temperature anomalies,WF,Wallis and Futuna,1903,,-0.4,,,,CELSIUS,Celsius (°C),SE,Standard error,0.1,,N,National,,
DATAFLOW,SPC:DF_CLIMATE_CHANGE(1.0),Climate Change indicators,I,A,Annual,SST_ANOM,Sea Surface Temperature anomalies,WF,Wallis and Futuna,1904,,-0.6,,,,CELSIUS,Celsius (°C),SE,Standard error,0.1,,N,National,,
DATAFLOW,SPC:DF_CLIMATE_CHANGE(1.0),Climate Change indicators,I,A,Annual,SST_ANOM,Sea Surface Temperature anomalies,WF,Wallis and Futuna,1905,,-0.5,,,,CELSIUS,Celsius (°C),SE,Standard error,0,,N,National,,
DATAFLOW,SPC:DF_CLIMATE_CHANGE(1.0),Climate Change indicators,I,A,Annual,SST_ANOM,Sea Surface Temperature anomalies,WF,Wallis and Futuna,1906,,-0.4,,,,CELSIUS,Celsius (°C),SE,Standard error,0.1,,N,National,,
DATAFLOW,SPC:DF_CLIMATE_CHANGE(1.0),Climate Change indicators,I,A,Annual,SST_ANOM,Sea Surface Temperature anomalies,WF,Wallis and Futuna,1907,,-0.5,,,,CELSIUS,Celsius (°C),SE,Standard error,0.1,,N,National,,
DATAFLOW,SPC:DF_CLIMATE_CHANGE(1.0),Climate Change indicators,I,A,Annual,SST_ANOM,Sea Surface Temperature anomalies,WF,Wallis and Futuna,1908,,-0.6,,,,CELSIUS,Celsius (°C),SE,Standard error,0,,N,National,,
DATAFLOW,SPC:DF_CLIMATE_CHANGE(1.0),Climate Change indicators,I,A,Annual,SST_ANOM,Sea Surface Temperature anomalies,WF,Wallis and Futuna,1909,,-0.7,,,,CELSIUS,Celsius (°C),SE,Standard error,0.1,,N,National,,
DATAFLOW,SPC:DF_CLIMATE_CHANGE(1.0),Climate Change indicators,I,A,Annual,SST_ANOM,Sea Surface Temperature anomalies,WF,Wallis and Futuna,1910,,-0.8,,,,CELSIUS,Celsius (°C),SE,Standard error,0,,N,National,,
DATAFLOW,SPC:DF_CLIMATE_CHANGE(1.0),Climate Change indicators,I,A,Annual,SST_ANOM,Sea Surface Temperature anomalies,WF,Wallis and Futuna,1911,,-0.6,,,,CELSIUS,Celsius (°C),SE,Standard error,0,,N,National,,
DATAFLOW,SPC:DF_CLIMATE_CHANGE(1.0),Climate Change indicators,I,A,Annual,SST_ANOM,Sea Surface Temperature anomalies,WF,Wallis and Futuna,1912,,-0.4,,,,CELSIUS,Celsius (°C),SE,Standard error,0,,N,National,,
DATAFLOW,SPC:DF_CLIMATE_CHANGE(1.0),Climate Change indicators,I,A,Annual,SST_ANOM,Sea Surface Temperature anomalies,WF,Wallis and Futuna,1913,,-0.6,,,,CELSIUS,Celsius (°C),SE,Standard error,0,,N,National,,
DATAFLOW,SPC:DF_CLIMATE_CHANGE(1.0),Climate Change indicators,I,A,Annual,SST_ANOM,Sea Surface Temperature anomalies,WF,Wallis and Futuna,1914,,-0.4,,,,CELSIUS,Celsius (°C),SE,Standard error,0.1,,N,National,,
DATAFLOW,SPC:DF_CLIMATE_CHANGE(1.0),Climate Change indicators,I,A,Annual,SST_ANOM,Sea Surface Temperature anomalies,WF,Wallis and Futuna,1915,,-0.3,,,,CELSIUS,Celsius (°C),SE,Standard error,0.1,,N,National,,
DATAFLOW,SPC:DF_CLIMATE_CHANGE(1.0),Climate Change indicators,I,A,Annual,SST_ANOM,Sea Surface Temperature anomalies,WF,Wallis and Futuna,1916,,-0.5,,,,CELSIUS,Celsius (°C),SE,Standard error,0.1,,N,National,,
DATAFLOW,SPC:DF_CLIMATE_CHANGE(1.0),Climate Change indicators,I,A,Annual,SST_ANOM,Sea Surface Temperature anomalies,WF,Wallis and Futuna,1917,,-0.9,,,,CELSIUS,Celsius (°C),SE,Standard error,0.1,,N,National,,
DATAFLOW,SPC:DF_CLIMATE_CHANGE(1.0),Climate Change indicators,I,A,Annual,SST_ANOM,Sea Surface Temperature anomalies,WF,Wallis and Futuna,1918,,-0.6,,,,CELSIUS,Celsius (°C),SE,Standard error,0.1,,N,National,,
DATAFLOW,SPC:DF_CLIMATE_CHANGE(1.0),Climate Change indicators,I,A,Annual,SST_ANOM,Sea Surface Temperature anomalies,WF,Wallis and Futuna,1919,,-1,,,,CELSIUS,Celsius (°C),SE,Standard error,0.1,,N,National,,
DATAFLOW,SPC:DF_CLIMATE_CHANGE(1.0),Climate Change indicators,I,A,Annual,SST_ANOM,Sea Surface Temperature anomalies,WF,Wallis and Futuna,1920,,-0.6,,,,CELSIUS,Celsius (°C),SE,Standard error,0.1,,N,National,,
DATAFLOW,SPC:DF_CLIMATE_CHANGE(1.0),Climate Change indicators,I,A,Annual,SST_ANOM,Sea Surface Temperature anomalies,WF,Wallis and Futuna,1921,,-0.5,,,,CELSIUS,Celsius (°C),SE,Standard error,0.1,,N,National,,
DATAFLOW,SPC:DF_CLIMATE_CHANGE(1.0),Climate Change indicators,I,A,Annual,SST_ANOM,Sea Surface Temperature anomalies,WF,Wallis and Futuna,1922,,-0.2,,,,CELSIUS,Celsius (°C),SE,Standard error,0,,N,National,,
DATAFLOW,SPC:DF_CLIMATE_CHANGE(1.0),Climate Change indicators,I,A,Annual,SST_ANOM,Sea Surface Temperature anomalies,WF,Wallis and Futuna,1923,,-0.4,,,,CELSIUS,Celsius (°C),SE,Standard error,0,,N,National,,
DATAFLOW,SPC:DF_CLIMATE_CHANGE(1.0),Climate Change indicators,I,A,Annual,SST_ANOM,Sea Surface Temperature anomalies,WF,Wallis and Futuna,1924,,-0.2,,,,CELSIUS,Celsius (°C),SE,Standard error,0.1,,N,National,,
DATAFLOW,SPC:DF_CLIMATE_CHANGE(1.0),Climate Change indicators,I,A,Annual,SST_ANOM,Sea Surface Temperature anomalies,WF,Wallis and Futuna,1925,,-0.3,,,,CELSIUS,Celsius (°C),SE,Standard error,0.1,,N,National,,
DATAFLOW,SPC:DF_CLIMATE_CHANGE(1.0),Climate Change indicators,I,A,Annual,SST_ANOM,Sea Surface Temperature anomalies,WF,Wallis and Futuna,1926,,-0.4,,,,CELSIUS,Celsius (°C),SE,Standard error,0,,N,National,,
DATAFLOW,SPC:DF_CLIMATE_CHANGE(1.0),Climate Change indicators,I,A,Annual,SST_ANOM,Sea Surface Temperature anomalies,WF,Wallis and Futuna,1927,,-0.4,,,,CELSIUS,Celsius (°C),SE,Standard error,0.1,,N,National,,
DATAFLOW,SPC:DF_CLIMATE_CHANGE(1.0),Climate Change indicators,I,A,Annual,SST_ANOM,Sea Surface Temperature anomalies,WF,Wallis and Futuna,1928,,-0.3,,,,CELSIUS,Celsius (°C),SE,Standard error,0.1,,N,National,,
DATAFLOW,SPC:DF_CLIMATE_CHANGE(1.0),Climate Change indicators,I,A,Annual,SST_ANOM,Sea Surface Temperature anomalies,WF,Wallis and Futuna,1929,,-0.3,,,,CELSIUS,Celsius (°C),SE,Standard error,0,,N,National,,
DATAFLOW,SPC:DF_CLIMATE_CHANGE(1.0),Climate Change indicators,I,A,Annual,SST_ANOM,Sea Surface Temperature anomalies,WF,Wallis and Futuna,1930,,-0.4,,,,CELSIUS,Celsius (°C),SE,Standard error,0.1,,N,National,,
DATAFLOW,SPC:DF_CLIMATE_CHANGE(1.0),Climate Change indicators,I,A,Annual,SST_ANOM,Sea Surface Temperature anomalies,WF,Wallis and Futuna,1931,,-0.4,,,,CELSIUS,Celsius (°C),SE,Standard error,0,,N,National,,
DATAFLOW,SPC:DF_CLIMATE_CHANGE(1.0),Climate Change indicators,I,A,Annual,SST_ANOM,Sea Surface Temperature anomalies,WF,Wallis and Futuna,1932,,-0.3,,,,CELSIUS,Celsius (°C),SE,Standard error,0,,N,National,,
DATAFLOW,SPC:DF_CLIMATE_CHANGE(1.0),Climate Change indicators,I,A,Annual,SST_ANOM,Sea Surface Temperature anomalies,WF,Wallis and Futuna,1933,,-0.6,,,,CELSIUS,Celsius (°C),SE,Standard error,0.1,,N,National,,
DATAFLOW,SPC:DF_CLIMATE_CHANGE(1.0),Climate Change indicators,I,A,Annual,SST_ANOM,Sea Surface Temperature anomalies,WF,Wallis and Futuna,1934,,-0.4,,,,CELSIUS,Celsius (°C),SE,Standard error,0.1,,N,National,,
DATAFLOW,SPC:DF_CLIMATE_CHANGE(1.0),Climate Change indicators,I,A,Annual,SST_ANOM,Sea Surface Temperature anomalies,WF,Wallis and Futuna,1935,,-0.4,,,,CELSIUS,Celsius (°C),SE,Standard error,0,,N,National,,
DATAFLOW,SPC:DF_CLIMATE_CHANGE(1.0),Climate Change indicators,I,A,Annual,SST_ANOM,Sea Surface Temperature anomalies,WF,Wallis and Futuna,1936,,-0.2,,,,CELSIUS,Celsius (°C),SE,Standard error,0,,N,National,,
DATAFLOW,SPC:DF_CLIMATE_CHANGE(1.0),Climate Change indicators,I,A,Annual,SST_ANOM,Sea Surface Temperature anomalies,WF,Wallis and Futuna,1937,,-0.3,,,,CELSIUS,Celsius (°C),SE,Standard error,0,,N,National,,
DATAFLOW,SPC:DF_CLIMATE_CHANGE(1.0),Climate Change indicators,I,A,Annual,SST_ANOM,Sea Surface Temperature anomalies,WF,Wallis and Futuna,1938,,-0.4,,,,CELSIUS,Celsius (°C),SE,Standard error,0,,N,National,,
DATAFLOW,SPC:DF_CLIMATE_CHANGE(1.0),Climate Change indicators,I,A,Annual,SST_ANOM,Sea Surface Temperature anomalies,WF,Wallis and Futuna,1939,,-0.5,,,,CELSIUS,Celsius (°C),SE,Standard error,0,,N,National,,
DATAFLOW,SPC:DF_CLIMATE_CHANGE(1.0),Climate Change indicators,I,A,Annual,SST_ANOM,Sea Surface Temperature anomalies,WF,Wallis and Futuna,1940,,-0.2,,,,CELSIUS,Celsius (°C),SE,Standard error,0.1,,N,National,,
DATAFLOW,SPC:DF_CLIMATE_CHANGE(1.0),Climate Change indicators,I,A,Annual,SST_ANOM,Sea Surface Temperature anomalies,WF,Wallis and Futuna,1941,,0,,,,CELSIUS,Celsius (°C),SE,Standard error,0,,N,National,,
DATAFLOW,SPC:DF_CLIMATE_CHANGE(1.0),Climate Change indicators,I,A,Annual,SST_ANOM,Sea Surface Temperature anomalies,WF,Wallis and Futuna,1942,,0,,,,CELSIUS,Celsius (°C),SE,Standard error,0,,N,National,,
DATAFLOW,SPC:DF_CLIMATE_CHANGE(1.0),Climate Change indicators,I,A,Annual,SST_ANOM,Sea Surface Temperature anomalies,WF,Wallis and Futuna,1943,,0,,,,CELSIUS,Celsius (°C),SE,Standard error,0.1,,N,National,,
DATAFLOW,SPC:DF_CLIMATE_CHANGE(1.0),Climate Change indicators,I,A,Annual,SST_ANOM,Sea Surface Temperature anomalies,WF,Wallis and Futuna,1944,,0.1,,,,CELSIUS,Celsius (°C),SE,Standard error,0.1,,N,National,,
DATAFLOW,SPC:DF_CLIMATE_CHANGE(1.0),Climate Change indicators,I,A,Annual,SST_ANOM,Sea Surface Temperature anomalies,WF,Wallis and Futuna,1945,,0,,,,CELSIUS,Celsius (°C),SE,Standard error,0,,N,National,,
DATAFLOW,SPC:DF_CLIMATE_CHANGE(1.0),Climate Change indicators,I,A,Annual,SST_ANOM,Sea Surface Temperature anomalies,WF,Wallis and Futuna,1946,,0.1,,,,CELSIUS,Celsius (°C),SE,Standard error,0.1,,N,National,,
DATAFLOW,SPC:DF_CLIMATE_CHANGE(1.0),Climate Change indicators,I,A,Annual,SST_ANOM,Sea Surface Temperature anomalies,WF,Wallis and Futuna,1947,,0.1,,,,CELSIUS,Celsius (°C),SE,Standard error,0.1,,N,National,,
DATAFLOW,SPC:DF_CLIMATE_CHANGE(1.0),Climate Change indicators,I,A,Annual,SST_ANOM,Sea Surface Temperature anomalies,WF,Wallis and Futuna,1948,,-0.2,,,,CELSIUS,Celsius (°C),SE,Standard error,0.1,,N,National,,
DATAFLOW,SPC:DF_CLIMATE_CHANGE(1.0),Climate Change indicators,I,A,Annual,SST_ANOM,Sea Surface Temperature anomalies,WF,Wallis and Futuna,1949,,-0.3,,,,CELSIUS,Celsius (°C),SE,Standard error,0,,N,National,,
DATAFLOW,SPC:DF_CLIMATE_CHANGE(1.0),Climate Change indicators,I,A,Annual,SST_ANOM,Sea Surface Temperature anomalies,WF,Wallis and Futuna,1950,,-0.3,,,,CELSIUS,Celsius (°C),SE,Standard error,0.1,,N,National,,
DATAFLOW,SPC:DF_CLIMATE_CHANGE(1.0),Climate Change indicators,I,A,Annual,SST_ANOM,Sea Surface Temperature anomalies,WF,Wallis and Futuna,1951,,-0.1,,,,CELSIUS,Celsius (°C),SE,Standard error,0,,N,National,,
DATAFLOW,SPC:DF_CLIMATE_CHANGE(1.0),Climate Change indicators,I,A,Annual,SST_ANOM,Sea Surface Temperature anomalies,WF,Wallis and Futuna,1952,,0,,,,CELSIUS,Celsius (°C),SE,Standard error,0,,N,National,,
DATAFLOW,SPC:DF_CLIMATE_CHANGE(1.0),Climate Change indicators,I,A,Annual,SST_ANOM,Sea Surface Temperature anomalies,WF,Wallis and Futuna,1953,,0,,,,CELSIUS,Celsius (°C),SE,Standard error,0.1,,N,National,,
DATAFLOW,SPC:DF_CLIMATE_CHANGE(1.0),Climate Change indicators,I,A,Annual,SST_ANOM,Sea Surface Temperature anomalies,WF,Wallis and Futuna,1954,,-0.2,,,,CELSIUS,Celsius (°C),SE,Standard error,0.1,,N,National,,
DATAFLOW,SPC:DF_CLIMATE_CHANGE(1.0),Climate Change indicators,I,A,Annual,SST_ANOM,Sea Surface Temperature anomalies,WF,Wallis and Futuna,1955,,-0.4,,,,CELSIUS,Celsius (°C),SE,Standard error,0,,N,National,,
DATAFLOW,SPC:DF_CLIMATE_CHANGE(1.0),Climate Change indicators,I,A,Annual,SST_ANOM,Sea Surface Temperature anomalies,WF,Wallis and Futuna,1956,,-0.3,,,,CELSIUS,Celsius (°C),SE,Standard error,0.1,,N,National,,
DATAFLOW,SPC:DF_CLIMATE_CHANGE(1.0),Climate Change indicators,I,A,Annual,SST_ANOM,Sea Surface Temperature anomalies,WF,Wallis and Futuna,1957,,-0.2,,,,CELSIUS,Celsius (°C),SE,Standard error,0.1,,N,National,,
DATAFLOW,SPC:DF_CLIMATE_CHANGE(1.0),Climate Change indicators,I,A,Annual,SST_ANOM,Sea Surface Temperature anomalies,WF,Wallis and Futuna,1958,,-0.1,,,,CELSIUS,Celsius (°C),SE,Standard error,0,,N,National,,
DATAFLOW,SPC:DF_CLIMATE_CHANGE(1.0),Climate Change indicators,I,A,Annual,SST_ANOM,Sea Surface Temperature anomalies,WF,Wallis and Futuna,1959,,-0.1,,,,CELSIUS,Celsius (°C),SE,Standard error,0.1,,N,National,,
DATAFLOW,SPC:DF_CLIMATE_CHANGE(1.0),Climate Change indicators,I,A,Annual,SST_ANOM,Sea Surface Temperature anomalies,WF,Wallis and Futuna,1960,,-0.1,,,,CELSIUS,Celsius (°C),SE,Standard error,0.1,,N,National,,
DATAFLOW,SPC:DF_CLIMATE_CHANGE(1.0),Climate Change indicators,I,A,Annual,SST_ANOM,Sea Surface Temperature anomalies,WF,Wallis and Futuna,1961,,-0.1,,,,CELSIUS,Celsius (°C),SE,Standard error,0.1,,N,National,,
DATAFLOW,SPC:DF_CLIMATE_CHANGE(1.0),Climate Change indicators,I,A,Annual,SST_ANOM,Sea Surface Temperature anomalies,WF,Wallis and Futuna,1962,,-0.1,,,,CELSIUS,Celsius (°C),SE,Standard error,0,,N,National,,
DATAFLOW,SPC:DF_CLIMATE_CHANGE(1.0),Climate Change indicators,I,A,Annual,SST_ANOM,Sea Surface Temperature anomalies,WF,Wallis and Futuna,1963,,-0.1,,,,CELSIUS,Celsius (°C),SE,Standard error,0,,N,National,,
DATAFLOW,SPC:DF_CLIMATE_CHANGE(1.0),Climate Change indicators,I,A,Annual,SST_ANOM,Sea Surface Temperature anomalies,WF,Wallis and Futuna,1964,,-0.2,,,,CELSIUS,Celsius (°C),SE,Standard error,0.1,,N,National,,
DATAFLOW,SPC:DF_CLIMATE_CHANGE(1.0),Climate Change indicators,I,A,Annual,SST_ANOM,Sea Surface Temperature anomalies,WF,Wallis and Futuna,1965,,-0.3,,,,CELSIUS,Celsius (°C),SE,Standard error,0,,N,National,,
DATAFLOW,SPC:DF_CLIMATE_CHANGE(1.0),Climate Change indicators,I,A,Annual,SST_ANOM,Sea Surface Temperature anomalies,WF,Wallis and Futuna,1966,,-0.1,,,,CELSIUS,Celsius (°C),SE,Standard error,0,,N,National,,
DATAFLOW,SPC:DF_CLIMATE_CHANGE(1.0),Climate Change indicators,I,A,Annual,SST_ANOM,Sea Surface Temperature anomalies,WF,Wallis and Futuna,1967,,-0.3,,,,CELSIUS,Celsius (°C),SE,Standard error,0,,N,National,,
DATAFLOW,SPC:DF_CLIMATE_CHANGE(1.0),Climate Change indicators,I,A,Annual,SST_ANOM,Sea Surface Temperature anomalies,WF,Wallis and Futuna,1968,,-0.1,,,,CELSIUS,Celsius (°C),SE,Standard error,0.1,,N,National,,
DATAFLOW,SPC:DF_CLIMATE_CHANGE(1.0),Climate Change indicators,I,A,Annual,SST_ANOM,Sea Surface Temperature anomalies,WF,Wallis and Futuna,1969,,0.2,,,,CELSIUS,Celsius (°C),SE,Standard error,0,,N,National,,
DATAFLOW,SPC:DF_CLIMATE_CHANGE(1.0),Climate Change indicators,I,A,Annual,SST_ANOM,Sea Surface Temperature anomalies,WF,Wallis and Futuna,1970,,0,,,,CELSIUS,Celsius (°C),SE,Standard error,0.1,,N,National,,
DATAFLOW,SPC:DF_CLIMATE_CHANGE(1.0),Climate Change indicators,I,A,Annual,SST_ANOM,Sea Surface Temperature anomalies,WF,Wallis and Futuna,1971,,-0.2,,,,CELSIUS,Celsius (°C),SE,Standard error,0.1,,N,National,,
DATAFLOW,SPC:DF_CLIMATE_CHANGE(1.0),Climate Change indicators,I,A,Annual,SST_ANOM,Sea Surface Temperature anomalies,WF,Wallis and Futuna,1972,,-0.1,,,,CELSIUS,Celsius (°C),SE,Standard error,0,,N,National,,
DATAFLOW,SPC:DF_CLIMATE_CHANGE(1.0),Climate Change indicators,I,A,Annual,SST_ANOM,Sea Surface Temperature anomalies,WF,Wallis and Futuna,1973,,0,,,,CELSIUS,Celsius (°C),SE,Standard error,0.1,,N,National,,
DATAFLOW,SPC:DF_CLIMATE_CHANGE(1.0),Climate Change indicators,I,A,Annual,SST_ANOM,Sea Surface Temperature anomalies,WF,Wallis and Futuna,1974,,-0.2,,,,CELSIUS,Celsius (°C),SE,Standard error,0.1,,N,National,,
DATAFLOW,SPC:DF_CLIMATE_CHANGE(1.0),Climate Change indicators,I,A,Annual,SST_ANOM,Sea Surface Temperature anomalies,WF,Wallis and Futuna,1975,,-0.3,,,,CELSIUS,Celsius (°C),SE,Standard error,0.1,,N,National,,
DATAFLOW,SPC:DF_CLIMATE_CHANGE(1.0),Climate Change indicators,I,A,Annual,SST_ANOM,Sea Surface Temperature anomalies,WF,Wallis and Futuna,1976,,-0.3,,,,CELSIUS,Celsius (°C),SE,Standard error,0.1,,N,National,,
DATAFLOW,SPC:DF_CLIMATE_CHANGE(1.0),Climate Change indicators,I,A,Annual,SST_ANOM,Sea Surface Temperature anomalies,WF,Wallis and Futuna,1977,,-0.1,,,,CELSIUS,Celsius (°C),SE,Standard error,0,,N,National,,
DATAFLOW,SPC:DF_CLIMATE_CHANGE(1.0),Climate Change indicators,I,A,Annual,SST_ANOM,Sea Surface Temperature anomalies,WF,Wallis and Futuna,1978,,0,,,,CELSIUS,Celsius (°C),SE,Standard error,0.1,,N,National,,
DATAFLOW,SPC:DF_CLIMATE_CHANGE(1.0),Climate Change indicators,I,A,Annual,SST_ANOM,Sea Surface Temperature anomalies,WF,Wallis and Futuna,1979,,0,,,,CELSIUS,Celsius (°C),SE,Standard error,0,,N,National,,
DATAFLOW,SPC:DF_CLIMATE_CHANGE(1.0),Climate Change indicators,I,A,Annual,SST_ANOM,Sea Surface Temperature anomalies,WF,Wallis and Futuna,1980,,0.1,,,,CELSIUS,Celsius (°C),SE,Standard error,0,,N,National,,
DATAFLOW,SPC:DF_CLIMATE_CHANGE(1.0),Climate Change indicators,I,A,Annual,SST_ANOM,Sea Surface Temperature anomalies,WF,Wallis and Futuna,1981,,-0.1,,,,CELSIUS,Celsius (°C),SE,Standard error,0,,N,National,,
DATAFLOW,SPC:DF_CLIMATE_CHANGE(1.0),Climate Change indicators,I,A,Annual,SST_ANOM,Sea Surface Temperature anomalies,WF,Wallis and Futuna,1982,,0,,,,CELSIUS,Celsius (°C),SE,Standard error,0.1,,N,National,,
DATAFLOW,SPC:DF_CLIMATE_CHANGE(1.0),Climate Change indicators,I,A,Annual,SST_ANOM,Sea Surface Temperature anomalies,WF,Wallis and Futuna,1983,,-0.3,,,,CELSIUS,Celsius (°C),SE,Standard error,0,,N,National,,
DATAFLOW,SPC:DF_CLIMATE_CHANGE(1.0),Climate Change indicators,I,A,Annual,SST_ANOM,Sea Surface Temperature anomalies,WF,Wallis and Futuna,1984,,0,,,,CELSIUS,Celsius (°C),SE,Standard error,0.1,,N,National,,
DATAFLOW,SPC:DF_CLIMATE_CHANGE(1.0),Climate Change indicators,I,A,Annual,SST_ANOM,Sea Surface Temperature anomalies,WF,Wallis and Futuna,1985,,-0.2,,,,CELSIUS,Celsius (°C),SE,Standard error,0,,N,National,,
DATAFLOW,SPC:DF_CLIMATE_CHANGE(1.0),Climate Change indicators,I,A,Annual,SST_ANOM,Sea Surface Temperature anomalies,WF,Wallis and Futuna,1986,,-0.1,,,,CELSIUS,Celsius (°C),SE,Standard error,0,,N,National,,
DATAFLOW,SPC:DF_CLIMATE_CHANGE(1.0),Climate Change indicators,I,A,Annual,SST_ANOM,Sea Surface Temperature anomalies,WF,Wallis and Futuna,1987,,-0.1,,,,CELSIUS,Celsius (°C),SE,Standard error,0.1,,N,National,,
DATAFLOW,SPC:DF_CLIMATE_CHANGE(1.0),Climate Change indicators,I,A,Annual,SST_ANOM,Sea Surface Temperature anomalies,WF,Wallis and Futuna,1988,,0,,,,CELSIUS,Celsius (°C),SE,Standard error,0.1,,N,National,,
DATAFLOW,SPC:DF_CLIMATE_CHANGE(1.0),Climate Change indicators,I,A,Annual,SST_ANOM,Sea Surface Temperature anomalies,WF,Wallis and Futuna,1989,,-0.1,,,,CELSIUS,Celsius (°C),SE,Standard error,0.1,,N,National,,
DATAFLOW,SPC:DF_CLIMATE_CHANGE(1.0),Climate Change indicators,I,A,Annual,SST_ANOM,Sea Surface Temperature anomalies,WF,Wallis and Futuna,1990,,0.1,,,,CELSIUS,Celsius (°C),SE,Standard error,0.1,,N,National,,
DATAFLOW,SPC:DF_CLIMATE_CHANGE(1.0),Climate Change indicators,I,A,Annual,SST_ANOM,Sea Surface Temperature anomalies,WF,Wallis and Futuna,1991,,0.3,,,,CELSIUS,Celsius (°C),SE,Standard error,0,,N,National,,
DATAFLOW,SPC:DF_CLIMATE_CHANGE(1.0),Climate Change indicators,I,A,Annual,SST_ANOM,Sea Surface Temperature anomalies,WF,Wallis and Futuna,1992,,0.1,,,,CELSIUS,Celsius (°C),SE,Standard error,0.1,,N,National,,
DATAFLOW,SPC:DF_CLIMATE_CHANGE(1.0),Climate Change indicators,I,A,Annual,SST_ANOM,Sea Surface Temperature anomalies,WF,Wallis and Futuna,1993,,0,,,,CELSIUS,Celsius (°C),SE,Standard error,0,,N,National,,
DATAFLOW,SPC:DF_CLIMATE_CHANGE(1.0),Climate Change indicators,I,A,Annual,SST_ANOM,Sea Surface Temperature anomalies,WF,Wallis and Futuna,1994,,0.2,,,,CELSIUS,Celsius (°C),SE,Standard error,0,,N,National,,
DATAFLOW,SPC:DF_CLIMATE_CHANGE(1.0),Climate Change indicators,I,A,Annual,SST_ANOM,Sea Surface Temperature anomalies,WF,Wallis and Futuna,1995,,0.3,,,,CELSIUS,Celsius (°C),SE,Standard error,0,,N,National,,
DATAFLOW,SPC:DF_CLIMATE_CHANGE(1.0),Climate Change indicators,I,A,Annual,SST_ANOM,Sea Surface Temperature anomalies,WF,Wallis and Futuna,1996,,0.1,,,,CELSIUS,Celsius (°C),SE,Standard error,0,,N,National,,
DATAFLOW,SPC:DF_CLIMATE_CHANGE(1.0),Climate Change indicators,I,A,Annual,SST_ANOM,Sea Surface Temperature anomalies,WF,Wallis and Futuna,1997,,-0.1,,,,CELSIUS,Celsius (°C),SE,Standard error,0.1,,N,National,,
DATAFLOW,SPC:DF_CLIMATE_CHANGE(1.0),Climate Change indicators,I,A,Annual,SST_ANOM,Sea Surface Temperature anomalies,WF,Wallis and Futuna,1998,,-0.2,,,,CELSIUS,Celsius (°C),SE,Standard error,0.1,,N,National,,
DATAFLOW,SPC:DF_CLIMATE_CHANGE(1.0),Climate Change indicators,I,A,Annual,SST_ANOM,Sea Surface Temperature anomalies,WF,Wallis and Futuna,1999,,0.1,,,,CELSIUS,Celsius (°C),SE,Standard error,0,,N,National,,
DATAFLOW,SPC:DF_CLIMATE_CHANGE(1.0),Climate Change indicators,I,A,Annual,SST_ANOM,Sea Surface Temperature anomalies,WF,Wallis and Futuna,2000,,0.3,,,,CELSIUS,Celsius (°C),SE,Standard error,0,,N,National,,
DATAFLOW,SPC:DF_CLIMATE_CHANGE(1.0),Climate Change indicators,I,A,Annual,SST_ANOM,Sea Surface Temperature anomalies,WF,Wallis and Futuna,2001,,0.3,,,,CELSIUS,Celsius (°C),SE,Standard error,0,,N,National,,
DATAFLOW,SPC:DF_CLIMATE_CHANGE(1.0),Climate Change indicators,I,A,Annual,SST_ANOM,Sea Surface Temperature anomalies,WF,Wallis and Futuna,2002,,0.4,,,,CELSIUS,Celsius (°C),SE,Standard error,0,,N,National,,
DATAFLOW,SPC:DF_CLIMATE_CHANGE(1.0),Climate Change indicators,I,A,Annual,SST_ANOM,Sea Surface Temperature anomalies,WF,Wallis and Futuna,2003,,0.5,,,,CELSIUS,Celsius (°C),SE,Standard error,0,,N,National,,
DATAFLOW,SPC:DF_CLIMATE_CHANGE(1.0),Climate Change indicators,I,A,Annual,SST_ANOM,Sea Surface Temperature anomalies,WF,Wallis and Futuna,2004,,0.5,,,,CELSIUS,Celsius (°C),SE,Standard error,0,,N,National,,
DATAFLOW,SPC:DF_CLIMATE_CHANGE(1.0),Climate Change indicators,I,A,Annual,SST_ANOM,Sea Surface Temperature anomalies,WF,Wallis and Futuna,2005,,0.5,,,,CELSIUS,Celsius (°C),SE,Standard error,0,,N,National,,
DATAFLOW,SPC:DF_CLIMATE_CHANGE(1.0),Climate Change indicators,I,A,Annual,SST_ANOM,Sea Surface Temperature anomalies,WF,Wallis and Futuna,2006,,0.4,,,,CELSIUS,Celsius (°C),SE,Standard error,0,,N,National,,
DATAFLOW,SPC:DF_CLIMATE_CHANGE(1.0),Climate Change indicators,I,A,Annual,SST_ANOM,Sea Surface Temperature anomalies,WF,Wallis and Futuna,2007,,0.5,,,,CELSIUS,Celsius (°C),SE,Standard error,0,,N,National,,
DATAFLOW,SPC:DF_CLIMATE_CHANGE(1.0),Climate Change indicators,I,A,Annual,SST_ANOM,Sea Surface Temperature anomalies,WF,Wallis and Futuna,2008,,0.2,,,,CELSIUS,Celsius (°C),SE,Standard error,0.1,,N,National,,
DATAFLOW,SPC:DF_CLIMATE_CHANGE(1.0),Climate Change indicators,I,A,Annual,SST_ANOM,Sea Surface Temperature anomalies,WF,Wallis and Futuna,2009,,0.4,,,,CELSIUS,Celsius (°C),SE,Standard error,0,,N,National,,
DATAFLOW,SPC:DF_CLIMATE_CHANGE(1.0),Climate Change indicators,I,A,Annual,SST_ANOM,Sea Surface Temperature anomalies,WF,Wallis and Futuna,2010,,0.4,,,,CELSIUS,Celsius (°C),SE,Standard error,0.1,,N,National,,
DATAFLOW,SPC:DF_CLIMATE_CHANGE(1.0),Climate Change indicators,I,A,Annual,SST_ANOM,Sea Surface Temperature anomalies,WF,Wallis and Futuna,2011,,0.2,,,,CELSIUS,Celsius (°C),SE,Standard error,0.1,,N,National,,
DATAFLOW,SPC:DF_CLIMATE_CHANGE(1.0),Climate Change indicators,I,A,Annual,SST_ANOM,Sea Surface Temperature anomalies,WF,Wallis and Futuna,2012,,0.4,,,,CELSIUS,Celsius (°C),SE,Standard error,0.1,,N,National,,
DATAFLOW,SPC:DF_CLIMATE_CHANGE(1.0),Climate Change indicators,I,A,Annual,SST_ANOM,Sea Surface Temperature anomalies,WF,Wallis and Futuna,2013,,0.5,,,,CELSIUS,Celsius (°C),SE,Standard error,0,,N,National,,
DATAFLOW,SPC:DF_CLIMATE_CHANGE(1.0),Climate Change indicators,I,A,Annual,SST_ANOM,Sea Surface Temperature anomalies,WF,Wallis and Futuna,2014,,0.6,,,,CELSIUS,Celsius (°C),SE,Standard error,0,,N,National,,
DATAFLOW,SPC:DF_CLIMATE_CHANGE(1.0),Climate Change indicators,I,A,Annual,SST_ANOM,Sea Surface Temperature anomalies,WF,Wallis and Futuna,2015,,0.4,,,,CELSIUS,Celsius (°C),SE,Standard error,0.1,,N,National,,
DATAFLOW,SPC:DF_CLIMATE_CHANGE(1.0),Climate Change indicators,I,A,Annual,SST_ANOM,Sea Surface Temperature anomalies,WF,Wallis and Futuna,2016,,0.6,,,,CELSIUS,Celsius (°C),SE,Standard error,0,,N,National,,
DATAFLOW,SPC:DF_CLIMATE_CHANGE(1.0),Climate Change indicators,I,A,Annual,SST_ANOM,Sea Surface Temperature anomalies,WF,Wallis and Futuna,2017,,0.6,,,,CELSIUS,Celsius (°C),SE,Standard error,0,,N,National,,
DATAFLOW,SPC:DF_CLIMATE_CHANGE(1.0),Climate Change indicators,I,A,Annual,SST_ANOM,Sea Surface Temperature anomalies,WF,Wallis and Futuna,2018,,0.5,,,,CELSIUS,Celsius (°C),SE,Standard error,0.1,,N,National,,
DATAFLOW,SPC:DF_CLIMATE_CHANGE(1.0),Climate Change indicators,I,A,Annual,SST_ANOM,Sea Surface Temperature anomalies,WF,Wallis and Futuna,2019,,0.7,,,,CELSIUS,Celsius (°C),SE,Standard error,0,,N,National,,
DATAFLOW,SPC:DF_CLIMATE_CHANGE(1.0),Climate Change indicators,I,A,Annual,SST_ANOM,Sea Surface Temperature anomalies,WF,Wallis and Futuna,2020,,0.6,,,,CELSIUS,Celsius (°C),SE,Standard error,0.1,,N,National,,
DATAFLOW,SPC:DF_CLIMATE_CHANGE(1.0),Climate Change indicators,I,A,Annual,SST_ANOM,Sea Surface Temperature anomalies,WF,Wallis and Futuna,2021,,0.4,,,,CELSIUS,Celsius (°C),SE,Standard error,0,,N,National,,
DATAFLOW,SPC:DF_CLIMATE_CHANGE(1.0),Climate Change indicators,I,A,Annual,SST_ANOM,Sea Surface Temperature anomalies,WF,Wallis and Futuna,2022,,0.4,,,,CELSIUS,Celsius (°C),SE,Standard error,0,,N,National,,
DATAFLOW,SPC:DF_CLIMATE_CHANGE(1.0),Climate Change indicators,I,A,Annual,SST_ANOM,Sea Surface Temperature anomalies,WF,Wallis and Futuna,2023,,0.6,,,,CELSIUS,Celsius (°C),SE,Standard error,0,,N,National,,
DATAFLOW,SPC:DF_CLIMATE_CHANGE(1.0),Climate Change indicators,I,A,Annual,SST_ANOM,Sea Surface Temperature anomalies,WF,Wallis and Futuna,2024,,0.7,,,,CELSIUS,Celsius (°C),SE,Standard error,0.1,,N,National,,
DATAFLOW,SPC:DF_CLIMATE_CHANGE(1.0),Climate Change indicators,I,A,Annual,SST_ANOM,Sea Surface Temperature anomalies,WF,Wallis and Futuna,2025,,0.5,,,,CELSIUS,Celsius (°C),SE,Standard error,0,,N,National,,
DATAFLOW,SPC:DF_CLIMATE_CHANGE(1.0),Climate Change indicators,I,A,Annual,SST_ANOM,Sea Surface Temperature anomalies,TK,Tokelau,1850,,-0.1,,,,CELSIUS,Celsius (°C),SE,Standard error,0.1,,N,National,,
DATAFLOW,SPC:DF_CLIMATE_CHANGE(1.0),Climate Change indicators,I,A,Annual,SST_ANOM,Sea Surface Temperature anomalies,TK,Tokelau,1851,,-0.3,,,,CELSIUS,Celsius (°C),SE,Standard error,0.1,,N,National,,
DATAFLOW,SPC:DF_CLIMATE_CHANGE(1.0),Climate Change indicators,I,A,Annual,SST_ANOM,Sea Surface Temperature anomalies,TK,Tokelau,1852,,-0.1,,,,CELSIUS,Celsius (°C),SE,Standard error,0.1,,N,National,,
DATAFLOW,SPC:DF_CLIMATE_CHANGE(1.0),Climate Change indicators,I,A,Annual,SST_ANOM,Sea Surface Temperature anomalies,TK,Tokelau,1853,,0,,,,CELSIUS,Celsius (°C),SE,Standard error,0.1,,N,National,,
DATAFLOW,SPC:DF_CLIMATE_CHANGE(1.0),Climate Change indicators,I,A,Annual,SST_ANOM,Sea Surface Temperature anomalies,TK,Tokelau,1854,,0,,,,CELSIUS,Celsius (°C),SE,Standard error,0,,N,National,,
DATAFLOW,SPC:DF_CLIMATE_CHANGE(1.0),Climate Change indicators,I,A,Annual,SST_ANOM,Sea Surface Temperature anomalies,TK,Tokelau,1855,,-0.1,,,,CELSIUS,Celsius (°C),SE,Standard error,0.1,,N,National,,
DATAFLOW,SPC:DF_CLIMATE_CHANGE(1.0),Climate Change indicators,I,A,Annual,SST_ANOM,Sea Surface Temperature anomalies,TK,Tokelau,1856,,-0.3,,,,CELSIUS,Celsius (°C),SE,Standard error,0.1,,N,National,,
DATAFLOW,SPC:DF_CLIMATE_CHANGE(1.0),Climate Change indicators,I,A,Annual,SST_ANOM,Sea Surface Temperature anomalies,TK,Tokelau,1857,,-0.7,,,,CELSIUS,Celsius (°C),SE,Standard error,0.1,,N,National,,
DATAFLOW,SPC:DF_CLIMATE_CHANGE(1.0),Climate Change indicators,I,A,Annual,SST_ANOM,Sea Surface Temperature anomalies,TK,Tokelau,1858,,-0.2,,,,CELSIUS,Celsius (°C),SE,Standard error,0.1,,N,National,,
DATAFLOW,SPC:DF_CLIMATE_CHANGE(1.0),Climate Change indicators,I,A,Annual,SST_ANOM,Sea Surface Temperature anomalies,TK,Tokelau,1859,,0.1,,,,CELSIUS,Celsius (°C),SE,Standard error,0,,N,National,,
DATAFLOW,SPC:DF_CLIMATE_CHANGE(1.0),Climate Change indicators,I,A,Annual,SST_ANOM,Sea Surface Temperature anomalies,TK,Tokelau,1860,,-0.4,,,,CELSIUS,Celsius (°C),SE,Standard error,0.1,,N,National,,
DATAFLOW,SPC:DF_CLIMATE_CHANGE(1.0),Climate Change indicators,I,A,Annual,SST_ANOM,Sea Surface Temperature anomalies,TK,Tokelau,1861,,-0.6,,,,CELSIUS,Celsius (°C),SE,Standard error,0.1,,N,National,,
DATAFLOW,SPC:DF_CLIMATE_CHANGE(1.0),Climate Change indicators,I,A,Annual,SST_ANOM,Sea Surface Temperature anomalies,TK,Tokelau,1862,,-0.6,,,,CELSIUS,Celsius (°C),SE,Standard error,0,,N,National,,
DATAFLOW,SPC:DF_CLIMATE_CHANGE(1.0),Climate Change indicators,I,A,Annual,SST_ANOM,Sea Surface Temperature anomalies,TK,Tokelau,1863,,-0.5,,,,CELSIUS,Celsius (°C),SE,Standard error,0,,N,National,,
DATAFLOW,SPC:DF_CLIMATE_CHANGE(1.0),Climate Change indicators,I,A,Annual,SST_ANOM,Sea Surface Temperature anomalies,TK,Tokelau,1864,,-0.3,,,,CELSIUS,Celsius (°C),SE,Standard error,0,,N,National,,
DATAFLOW,SPC:DF_CLIMATE_CHANGE(1.0),Climate Change indicators,I,A,Annual,SST_ANOM,Sea Surface Temperature anomalies,TK,Tokelau,1865,,-0.4,,,,CELSIUS,Celsius (°C),SE,Standard error,0,,N,National,,
DATAFLOW,SPC:DF_CLIMATE_CHANGE(1.0),Climate Change indicators,I,A,Annual,SST_ANOM,Sea Surface Temperature anomalies,TK,Tokelau,1866,,-0.4,,,,CELSIUS,Celsius (°C),SE,Standard error,0,,N,National,,
DATAFLOW,SPC:DF_CLIMATE_CHANGE(1.0),Climate Change indicators,I,A,Annual,SST_ANOM,Sea Surface Temperature anomalies,TK,Tokelau,1867,,-0.4,,,,CELSIUS,Celsius (°C),SE,Standard error,0,,N,National,,
DATAFLOW,SPC:DF_CLIMATE_CHANGE(1.0),Climate Change indicators,I,A,Annual,SST_ANOM,Sea Surface Temperature anomalies,TK,Tokelau,1868,,-0.4,,,,CELSIUS,Celsius (°C),SE,Standard error,0,,N,National,,
DATAFLOW,SPC:DF_CLIMATE_CHANGE(1.0),Climate Change indicators,I,A,Annual,SST_ANOM,Sea Surface Temperature anomalies,TK,Tokelau,1869,,-0.3,,,,CELSIUS,Celsius (°C),SE,Standard error,0.1,,N,National,,
DATAFLOW,SPC:DF_CLIMATE_CHANGE(1.0),Climate Change indicators,I,A,Annual,SST_ANOM,Sea Surface Temperature anomalies,TK,Tokelau,1870,,-0.7,,,,CELSIUS,Celsius (°C),SE,Standard error,0.1,,N,National,,
DATAFLOW,SPC:DF_CLIMATE_CHANGE(1.0),Climate Change indicators,I,A,Annual,SST_ANOM,Sea Surface Temperature anomalies,TK,Tokelau,1871,,-0.3,,,,CELSIUS,Celsius (°C),SE,Standard error,0,,N,National,,
DATAFLOW,SPC:DF_CLIMATE_CHANGE(1.0),Climate Change indicators,I,A,Annual,SST_ANOM,Sea Surface Temperature anomalies,TK,Tokelau,1872,,-0.3,,,,CELSIUS,Celsius (°C),SE,Standard error,0.1,,N,National,,
DATAFLOW,SPC:DF_CLIMATE_CHANGE(1.0),Climate Change indicators,I,A,Annual,SST_ANOM,Sea Surface Temperature anomalies,TK,Tokelau,1873,,-0.6,,,,CELSIUS,Celsius (°C),SE,Standard error,0.1,,N,National,,
DATAFLOW,SPC:DF_CLIMATE_CHANGE(1.0),Climate Change indicators,I,A,Annual,SST_ANOM,Sea Surface Temperature anomalies,TK,Tokelau,1874,,-0.4,,,,CELSIUS,Celsius (°C),SE,Standard error,0.1,,N,National,,
DATAFLOW,SPC:DF_CLIMATE_CHANGE(1.0),Climate Change indicators,I,A,Annual,SST_ANOM,Sea Surface Temperature anomalies,TK,Tokelau,1875,,-0.4,,,,CELSIUS,Celsius (°C),SE,Standard error,0.1,,N,National,,
DATAFLOW,SPC:DF_CLIMATE_CHANGE(1.0),Climate Change indicators,I,A,Annual,SST_ANOM,Sea Surface Temperature anomalies,TK,Tokelau,1876,,-0.3,,,,CELSIUS,Celsius (°C),SE,Standard error,0,,N,National,,
DATAFLOW,SPC:DF_CLIMATE_CHANGE(1.0),Climate Change indicators,I,A,Annual,SST_ANOM,Sea Surface Temperature anomalies,TK,Tokelau,1877,,0.2,,,,CELSIUS,Celsius (°C),SE,Standard error,0.1,,N,National,,
DATAFLOW,SPC:DF_CLIMATE_CHANGE(1.0),Climate Change indicators,I,A,Annual,SST_ANOM,Sea Surface Temperature anomalies,TK,Tokelau,1878,,0,,,,CELSIUS,Celsius (°C),SE,Standard error,0.1,,N,National,,
DATAFLOW,SPC:DF_CLIMATE_CHANGE(1.0),Climate Change indicators,I,A,Annual,SST_ANOM,Sea Surface Temperature anomalies,TK,Tokelau,1879,,-0.6,,,,CELSIUS,Celsius (°C),SE,Standard error,0.1,,N,National,,
DATAFLOW,SPC:DF_CLIMATE_CHANGE(1.0),Climate Change indicators,I,A,Annual,SST_ANOM,Sea Surface Temperature anomalies,TK,Tokelau,1880,,-0.4,,,,CELSIUS,Celsius (°C),SE,Standard error,0.1,,N,National,,
DATAFLOW,SPC:DF_CLIMATE_CHANGE(1.0),Climate Change indicators,I,A,Annual,SST_ANOM,Sea Surface Temperature anomalies,TK,Tokelau,1881,,0.1,,,,CELSIUS,Celsius (°C),SE,Standard error,0.1,,N,National,,
DATAFLOW,SPC:DF_CLIMATE_CHANGE(1.0),Climate Change indicators,I,A,Annual,SST_ANOM,Sea Surface Temperature anomalies,TK,Tokelau,1882,,0,,,,CELSIUS,Celsius (°C),SE,Standard error,0.1,,N,National,,
DATAFLOW,SPC:DF_CLIMATE_CHANGE(1.0),Climate Change indicators,I,A,Annual,SST_ANOM,Sea Surface Temperature anomalies,TK,Tokelau,1883,,-0.3,,,,CELSIUS,Celsius (°C),SE,Standard error,0,,N,National,,
DATAFLOW,SPC:DF_CLIMATE_CHANGE(1.0),Climate Change indicators,I,A,Annual,SST_ANOM,Sea Surface Temperature anomalies,TK,Tokelau,1884,,-0.3,,,,CELSIUS,Celsius (°C),SE,Standard error,0,,N,National,,
DATAFLOW,SPC:DF_CLIMATE_CHANGE(1.0),Climate Change indicators,I,A,Annual,SST_ANOM,Sea Surface Temperature anomalies,TK,Tokelau,1885,,-0.3,,,,CELSIUS,Celsius (°C),SE,Standard error,0.1,,N,National,,
DATAFLOW,SPC:DF_CLIMATE_CHANGE(1.0),Climate Change indicators,I,A,Annual,SST_ANOM,Sea Surface Temperature anomalies,TK,Tokelau,1886,,-0.6,,,,CELSIUS,Celsius (°C),SE,Standard error,0.1,,N,National,,
DATAFLOW,SPC:DF_CLIMATE_CHANGE(1.0),Climate Change indicators,I,A,Annual,SST_ANOM,Sea Surface Temperature anomalies,TK,Tokelau,1887,,-0.8,,,,CELSIUS,Celsius (°C),SE,Standard error,0.2,,N,National,,
DATAFLOW,SPC:DF_CLIMATE_CHANGE(1.0),Climate Change indicators,I,A,Annual,SST_ANOM,Sea Surface Temperature anomalies,TK,Tokelau,1888,,0.1,,,,CELSIUS,Celsius (°C),SE,Standard error,0.1,,N,National,,
DATAFLOW,SPC:DF_CLIMATE_CHANGE(1.0),Climate Change indicators,I,A,Annual,SST_ANOM,Sea Surface Temperature anomalies,TK,Tokelau,1889,,0,,,,CELSIUS,Celsius (°C),SE,Standard error,0.1,,N,National,,
DATAFLOW,SPC:DF_CLIMATE_CHANGE(1.0),Climate Change indicators,I,A,Annual,SST_ANOM,Sea Surface Temperature anomalies,TK,Tokelau,1890,,-0.9,,,,CELSIUS,Celsius (°C),SE,Standard error,0.1,,N,National,,
DATAFLOW,SPC:DF_CLIMATE_CHANGE(1.0),Climate Change indicators,I,A,Annual,SST_ANOM,Sea Surface Temperature anomalies,TK,Tokelau,1891,,-0.4,,,,CELSIUS,Celsius (°C),SE,Standard error,0.1,,N,National,,
DATAFLOW,SPC:DF_CLIMATE_CHANGE(1.0),Climate Change indicators,I,A,Annual,SST_ANOM,Sea Surface Temperature anomalies,TK,Tokelau,1892,,-0.4,,,,CELSIUS,Celsius (°C),SE,Standard error,0.1,,N,National,,
DATAFLOW,SPC:DF_CLIMATE_CHANGE(1.0),Climate Change indicators,I,A,Annual,SST_ANOM,Sea Surface Temperature anomalies,TK,Tokelau,1893,,-0.8,,,,CELSIUS,Celsius (°C),SE,Standard error,0,,N,National,,
DATAFLOW,SPC:DF_CLIMATE_CHANGE(1.0),Climate Change indicators,I,A,Annual,SST_ANOM,Sea Surface Temperature anomalies,TK,Tokelau,1894,,-0.5,,,,CELSIUS,Celsius (°C),SE,Standard error,0,,N,National,,
DATAFLOW,SPC:DF_CLIMATE_CHANGE(1.0),Climate Change indicators,I,A,Annual,SST_ANOM,Sea Surface Temperature anomalies,TK,Tokelau,1895,,-0.3,,,,CELSIUS,Celsius (°C),SE,Standard error,0.1,,N,National,,
DATAFLOW,SPC:DF_CLIMATE_CHANGE(1.0),Climate Change indicators,I,A,Annual,SST_ANOM,Sea Surface Temperature anomalies,TK,Tokelau,1896,,-0.1,,,,CELSIUS,Celsius (°C),SE,Standard error,0.1,,N,National,,
DATAFLOW,SPC:DF_CLIMATE_CHANGE(1.0),Climate Change indicators,I,A,Annual,SST_ANOM,Sea Surface Temperature anomalies,TK,Tokelau,1897,,0,,,,CELSIUS,Celsius (°C),SE,Standard error,0.1,,N,National,,
DATAFLOW,SPC:DF_CLIMATE_CHANGE(1.0),Climate Change indicators,I,A,Annual,SST_ANOM,Sea Surface Temperature anomalies,TK,Tokelau,1898,,-0.5,,,,CELSIUS,Celsius (°C),SE,Standard error,0.1,,N,National,,
DATAFLOW,SPC:DF_CLIMATE_CHANGE(1.0),Climate Change indicators,I,A,Annual,SST_ANOM,Sea Surface Temperature anomalies,TK,Tokelau,1899,,-0.3,,,,CELSIUS,Celsius (°C),SE,Standard error,0.1,,N,National,,
DATAFLOW,SPC:DF_CLIMATE_CHANGE(1.0),Climate Change indicators,I,A,Annual,SST_ANOM,Sea Surface Temperature anomalies,TK,Tokelau,1900,,0.4,,,,CELSIUS,Celsius (°C),SE,Standard error,0.1,,N,National,,
DATAFLOW,SPC:DF_CLIMATE_CHANGE(1.0),Climate Change indicators,I,A,Annual,SST_ANOM,Sea Surface Temperature anomalies,TK,Tokelau,1901,,0.1,,,,CELSIUS,Celsius (°C),SE,Standard error,0.1,,N,National,,
DATAFLOW,SPC:DF_CLIMATE_CHANGE(1.0),Climate Change indicators,I,A,Annual,SST_ANOM,Sea Surface Temperature anomalies,TK,Tokelau,1902,,0,,,,CELSIUS,Celsius (°C),SE,Standard error,0.1,,N,National,,
DATAFLOW,SPC:DF_CLIMATE_CHANGE(1.0),Climate Change indicators,I,A,Annual,SST_ANOM,Sea Surface Temperature anomalies,TK,Tokelau,1903,,-0.1,,,,CELSIUS,Celsius (°C),SE,Standard error,0.2,,N,National,,
DATAFLOW,SPC:DF_CLIMATE_CHANGE(1.0),Climate Change indicators,I,A,Annual,SST_ANOM,Sea Surface Temperature anomalies,TK,Tokelau,1904,,-0.8,,,,CELSIUS,Celsius (°C),SE,Standard error,0.2,,N,National,,
DATAFLOW,SPC:DF_CLIMATE_CHANGE(1.0),Climate Change indicators,I,A,Annual,SST_ANOM,Sea Surface Temperature anomalies,TK,Tokelau,1905,,0,,,,CELSIUS,Celsius (°C),SE,Standard error,0,,N,National,,
DATAFLOW,SPC:DF_CLIMATE_CHANGE(1.0),Climate Change indicators,I,A,Annual,SST_ANOM,Sea Surface Temperature anomalies,TK,Tokelau,1906,,-0.3,,,,CELSIUS,Celsius (°C),SE,Standard error,0,,N,National,,
DATAFLOW,SPC:DF_CLIMATE_CHANGE(1.0),Climate Change indicators,I,A,Annual,SST_ANOM,Sea Surface Temperature anomalies,TK,Tokelau,1907,,-0.4,,,,CELSIUS,Celsius (°C),SE,Standard error,0.1,,N,National,,
DATAFLOW,SPC:DF_CLIMATE_CHANGE(1.0),Climate Change indicators,I,A,Annual,SST_ANOM,Sea Surface Temperature anomalies,TK,Tokelau,1908,,-0.6,,,,CELSIUS,Celsius (°C),SE,Standard error,0.1,,N,National,,
DATAFLOW,SPC:DF_CLIMATE_CHANGE(1.0),Climate Change indicators,I,A,Annual,SST_ANOM,Sea Surface Temperature anomalies,TK,Tokelau,1909,,-1,,,,CELSIUS,Celsius (°C),SE,Standard error,0,,N,National,,
DATAFLOW,SPC:DF_CLIMATE_CHANGE(1.0),Climate Change indicators,I,A,Annual,SST_ANOM,Sea Surface Temperature anomalies,TK,Tokelau,1910,,-1.1,,,,CELSIUS,Celsius (°C),SE,Standard error,0.1,,N,National,,
DATAFLOW,SPC:DF_CLIMATE_CHANGE(1.0),Climate Change indicators,I,A,Annual,SST_ANOM,Sea Surface Temperature anomalies,TK,Tokelau,1911,,-0.7,,,,CELSIUS,Celsius (°C),SE,Standard error,0.1,,N,National,,
DATAFLOW,SPC:DF_CLIMATE_CHANGE(1.0),Climate Change indicators,I,A,Annual,SST_ANOM,Sea Surface Temperature anomalies,TK,Tokelau,1912,,-0.2,,,,CELSIUS,Celsius (°C),SE,Standard error,0.1,,N,National,,
DATAFLOW,SPC:DF_CLIMATE_CHANGE(1.0),Climate Change indicators,I,A,Annual,SST_ANOM,Sea Surface Temperature anomalies,TK,Tokelau,1913,,-0.5,,,,CELSIUS,Celsius (°C),SE,Standard error,0.1,,N,National,,
DATAFLOW,SPC:DF_CLIMATE_CHANGE(1.0),Climate Change indicators,I,A,Annual,SST_ANOM,Sea Surface Temperature anomalies,TK,Tokelau,1914,,-0.2,,,,CELSIUS,Celsius (°C),SE,Standard error,0.1,,N,National,,
DATAFLOW,SPC:DF_CLIMATE_CHANGE(1.0),Climate Change indicators,I,A,Annual,SST_ANOM,Sea Surface Temperature anomalies,TK,Tokelau,1915,,-0.1,,,,CELSIUS,Celsius (°C),SE,Standard error,0.1,,N,National,,
DATAFLOW,SPC:DF_CLIMATE_CHANGE(1.0),Climate Change indicators,I,A,Annual,SST_ANOM,Sea Surface Temperature anomalies,TK,Tokelau,1916,,-0.9,,,,CELSIUS,Celsius (°C),SE,Standard error,0.2,,N,National,,
DATAFLOW,SPC:DF_CLIMATE_CHANGE(1.0),Climate Change indicators,I,A,Annual,SST_ANOM,Sea Surface Temperature anomalies,TK,Tokelau,1917,,-1.6,,,,CELSIUS,Celsius (°C),SE,Standard error,0.1,,N,National,,
DATAFLOW,SPC:DF_CLIMATE_CHANGE(1.0),Climate Change indicators,I,A,Annual,SST_ANOM,Sea Surface Temperature anomalies,TK,Tokelau,1918,,-0.5,,,,CELSIUS,Celsius (°C),SE,Standard error,0.1,,N,National,,
DATAFLOW,SPC:DF_CLIMATE_CHANGE(1.0),Climate Change indicators,I,A,Annual,SST_ANOM,Sea Surface Temperature anomalies,TK,Tokelau,1919,,-0.6,,,,CELSIUS,Celsius (°C),SE,Standard error,0.1,,N,National,,
DATAFLOW,SPC:DF_CLIMATE_CHANGE(1.0),Climate Change indicators,I,A,Annual,SST_ANOM,Sea Surface Temperature anomalies,TK,Tokelau,1920,,-0.3,,,,CELSIUS,Celsius (°C),SE,Standard error,0.1,,N,National,,
DATAFLOW,SPC:DF_CLIMATE_CHANGE(1.0),Climate Change indicators,I,A,Annual,SST_ANOM,Sea Surface Temperature anomalies,TK,Tokelau,1921,,-0.7,,,,CELSIUS,Celsius (°C),SE,Standard error,0.1,,N,National,,
DATAFLOW,SPC:DF_CLIMATE_CHANGE(1.0),Climate Change indicators,I,A,Annual,SST_ANOM,Sea Surface Temperature anomalies,TK,Tokelau,1922,,-0.4,,,,CELSIUS,Celsius (°C),SE,Standard error,0.1,,N,National,,
DATAFLOW,SPC:DF_CLIMATE_CHANGE(1.0),Climate Change indicators,I,A,Annual,SST_ANOM,Sea Surface Temperature anomalies,TK,Tokelau,1923,,-0.4,,,,CELSIUS,Celsius (°C),SE,Standard error,0.1,,N,National,,
DATAFLOW,SPC:DF_CLIMATE_CHANGE(1.0),Climate Change indicators,I,A,Annual,SST_ANOM,Sea Surface Temperature anomalies,TK,Tokelau,1924,,-0.4,,,,CELSIUS,Celsius (°C),SE,Standard error,0.1,,N,National,,
DATAFLOW,SPC:DF_CLIMATE_CHANGE(1.0),Climate Change indicators,I,A,Annual,SST_ANOM,Sea Surface Temperature anomalies,TK,Tokelau,1925,,-0.4,,,,CELSIUS,Celsius (°C),SE,Standard error,0.1,,N,National,,
DATAFLOW,SPC:DF_CLIMATE_CHANGE(1.0),Climate Change indicators,I,A,Annual,SST_ANOM,Sea Surface Temperature anomalies,TK,Tokelau,1926,,0,,,,CELSIUS,Celsius (°C),SE,Standard error,0.1,,N,National,,
DATAFLOW,SPC:DF_CLIMATE_CHANGE(1.0),Climate Change indicators,I,A,Annual,SST_ANOM,Sea Surface Temperature anomalies,TK,Tokelau,1927,,-0.5,,,,CELSIUS,Celsius (°C),SE,Standard error,0.1,,N,National,,
DATAFLOW,SPC:DF_CLIMATE_CHANGE(1.0),Climate Change indicators,I,A,Annual,SST_ANOM,Sea Surface Temperature anomalies,TK,Tokelau,1928,,-0.3,,,,CELSIUS,Celsius (°C),SE,Standard error,0,,N,National,,
DATAFLOW,SPC:DF_CLIMATE_CHANGE(1.0),Climate Change indicators,I,A,Annual,SST_ANOM,Sea Surface Temperature anomalies,TK,Tokelau,1929,,-0.3,,,,CELSIUS,Celsius (°C),SE,Standard error,0,,N,National,,
DATAFLOW,SPC:DF_CLIMATE_CHANGE(1.0),Climate Change indicators,I,A,Annual,SST_ANOM,Sea Surface Temperature anomalies,TK,Tokelau,1930,,-0.1,,,,CELSIUS,Celsius (°C),SE,Standard error,0.1,,N,National,,
DATAFLOW,SPC:DF_CLIMATE_CHANGE(1.0),Climate Change indicators,I,A,Annual,SST_ANOM,Sea Surface Temperature anomalies,TK,Tokelau,1931,,-0.1,,,,CELSIUS,Celsius (°C),SE,Standard error,0,,N,National,,
DATAFLOW,SPC:DF_CLIMATE_CHANGE(1.0),Climate Change indicators,I,A,Annual,SST_ANOM,Sea Surface Temperature anomalies,TK,Tokelau,1932,,-0.3,,,,CELSIUS,Celsius (°C),SE,Standard error,0.1,,N,National,,
DATAFLOW,SPC:DF_CLIMATE_CHANGE(1.0),Climate Change indicators,I,A,Annual,SST_ANOM,Sea Surface Temperature anomalies,TK,Tokelau,1933,,-0.7,,,,CELSIUS,Celsius (°C),SE,Standard error,0.1,,N,National,,
DATAFLOW,SPC:DF_CLIMATE_CHANGE(1.0),Climate Change indicators,I,A,Annual,SST_ANOM,Sea Surface Temperature anomalies,TK,Tokelau,1934,,-0.6,,,,CELSIUS,Celsius (°C),SE,Standard error,0.1,,N,National,,
DATAFLOW,SPC:DF_CLIMATE_CHANGE(1.0),Climate Change indicators,I,A,Annual,SST_ANOM,Sea Surface Temperature anomalies,TK,Tokelau,1935,,-0.5,,,,CELSIUS,Celsius (°C),SE,Standard error,0,,N,National,,
DATAFLOW,SPC:DF_CLIMATE_CHANGE(1.0),Climate Change indicators,I,A,Annual,SST_ANOM,Sea Surface Temperature anomalies,TK,Tokelau,1936,,-0.4,,,,CELSIUS,Celsius (°C),SE,Standard error,0,,N,National,,
DATAFLOW,SPC:DF_CLIMATE_CHANGE(1.0),Climate Change indicators,I,A,Annual,SST_ANOM,Sea Surface Temperature anomalies,TK,Tokelau,1937,,-0.4,,,,CELSIUS,Celsius (°C),SE,Standard error,0,,N,National,,
DATAFLOW,SPC:DF_CLIMATE_CHANGE(1.0),Climate Change indicators,I,A,Annual,SST_ANOM,Sea Surface Temperature anomalies,TK,Tokelau,1938,,-0.8,,,,CELSIUS,Celsius (°C),SE,Standard error,0.1,,N,National,,
DATAFLOW,SPC:DF_CLIMATE_CHANGE(1.0),Climate Change indicators,I,A,Annual,SST_ANOM,Sea Surface Temperature anomalies,TK,Tokelau,1939,,-0.7,,,,CELSIUS,Celsius (°C),SE,Standard error,0.1,,N,National,,
DATAFLOW,SPC:DF_CLIMATE_CHANGE(1.0),Climate Change indicators,I,A,Annual,SST_ANOM,Sea Surface Temperature anomalies,TK,Tokelau,1940,,0.2,,,,CELSIUS,Celsius (°C),SE,Standard error,0.1,,N,National,,
DATAFLOW,SPC:DF_CLIMATE_CHANGE(1.0),Climate Change indicators,I,A,Annual,SST_ANOM,Sea Surface Temperature anomalies,TK,Tokelau,1941,,0.5,,,,CELSIUS,Celsius (°C),SE,Standard error,0,,N,National,,
DATAFLOW,SPC:DF_CLIMATE_CHANGE(1.0),Climate Change indicators,I,A,Annual,SST_ANOM,Sea Surface Temperature anomalies,TK,Tokelau,1942,,0,,,,CELSIUS,Celsius (°C),SE,Standard error,0.1,,N,National,,
DATAFLOW,SPC:DF_CLIMATE_CHANGE(1.0),Climate Change indicators,I,A,Annual,SST_ANOM,Sea Surface Temperature anomalies,TK,Tokelau,1943,,-0.4,,,,CELSIUS,Celsius (°C),SE,Standard error,0.1,,N,National,,
DATAFLOW,SPC:DF_CLIMATE_CHANGE(1.0),Climate Change indicators,I,A,Annual,SST_ANOM,Sea Surface Temperature anomalies,TK,Tokelau,1944,,0,,,,CELSIUS,Celsius (°C),SE,Standard error,0.1,,N,National,,
DATAFLOW,SPC:DF_CLIMATE_CHANGE(1.0),Climate Change indicators,I,A,Annual,SST_ANOM,Sea Surface Temperature anomalies,TK,Tokelau,1945,,-0.1,,,,CELSIUS,Celsius (°C),SE,Standard error,0,,N,National,,
DATAFLOW,SPC:DF_CLIMATE_CHANGE(1.0),Climate Change indicators,I,A,Annual,SST_ANOM,Sea Surface Temperature anomalies,TK,Tokelau,1946,,0,,,,CELSIUS,Celsius (°C),SE,Standard error,0.1,,N,National,,
DATAFLOW,SPC:DF_CLIMATE_CHANGE(1.0),Climate Change indicators,I,A,Annual,SST_ANOM,Sea Surface Temperature anomalies,TK,Tokelau,1947,,0,,,,CELSIUS,Celsius (°C),SE,Standard error,0.1,,N,National,,
DATAFLOW,SPC:DF_CLIMATE_CHANGE(1.0),Climate Change indicators,I,A,Annual,SST_ANOM,Sea Surface Temperature anomalies,TK,Tokelau,1948,,-0.3,,,,CELSIUS,Celsius (°C),SE,Standard error,0.1,,N,National,,
DATAFLOW,SPC:DF_CLIMATE_CHANGE(1.0),Climate Change indicators,I,A,Annual,SST_ANOM,Sea Surface Temperature anomalies,TK,Tokelau,1949,,-0.3,,,,CELSIUS,Celsius (°C),SE,Standard error,0.1,,N,National,,
DATAFLOW,SPC:DF_CLIMATE_CHANGE(1.0),Climate Change indicators,I,A,Annual,SST_ANOM,Sea Surface Temperature anomalies,TK,Tokelau,1950,,-0.8,,,,CELSIUS,Celsius (°C),SE,Standard error,0,,N,National,,
DATAFLOW,SPC:DF_CLIMATE_CHANGE(1.0),Climate Change indicators,I,A,Annual,SST_ANOM,Sea Surface Temperature anomalies,TK,Tokelau,1951,,-0.2,,,,CELSIUS,Celsius (°C),SE,Standard error,0.1,,N,National,,
DATAFLOW,SPC:DF_CLIMATE_CHANGE(1.0),Climate Change indicators,I,A,Annual,SST_ANOM,Sea Surface Temperature anomalies,TK,Tokelau,1952,,0,,,,CELSIUS,Celsius (°C),SE,Standard error,0,,N,National,,
DATAFLOW,SPC:DF_CLIMATE_CHANGE(1.0),Climate Change indicators,I,A,Annual,SST_ANOM,Sea Surface Temperature anomalies,TK,Tokelau,1953,,0.1,,,,CELSIUS,Celsius (°C),SE,Standard error,0,,N,National,,
DATAFLOW,SPC:DF_CLIMATE_CHANGE(1.0),Climate Change indicators,I,A,Annual,SST_ANOM,Sea Surface Temperature anomalies,TK,Tokelau,1954,,-0.3,,,,CELSIUS,Celsius (°C),SE,Standard error,0.1,,N,National,,
DATAFLOW,SPC:DF_CLIMATE_CHANGE(1.0),Climate Change indicators,I,A,Annual,SST_ANOM,Sea Surface Temperature anomalies,TK,Tokelau,1955,,-0.8,,,,CELSIUS,Celsius (°C),SE,Standard error,0.1,,N,National,,
DATAFLOW,SPC:DF_CLIMATE_CHANGE(1.0),Climate Change indicators,I,A,Annual,SST_ANOM,Sea Surface Temperature anomalies,TK,Tokelau,1956,,-0.8,,,,CELSIUS,Celsius (°C),SE,Standard error,0,,N,National,,
DATAFLOW,SPC:DF_CLIMATE_CHANGE(1.0),Climate Change indicators,I,A,Annual,SST_ANOM,Sea Surface Temperature anomalies,TK,Tokelau,1957,,-0.1,,,,CELSIUS,Celsius (°C),SE,Standard error,0.1,,N,National,,
DATAFLOW,SPC:DF_CLIMATE_CHANGE(1.0),Climate Change indicators,I,A,Annual,SST_ANOM,Sea Surface Temperature anomalies,TK,Tokelau,1958,,0.3,,,,CELSIUS,Celsius (°C),SE,Standard error,0.1,,N,National,,
DATAFLOW,SPC:DF_CLIMATE_CHANGE(1.0),Climate Change indicators,I,A,Annual,SST_ANOM,Sea Surface Temperature anomalies,TK,Tokelau,1959,,0.1,,,,CELSIUS,Celsius (°C),SE,Standard error,0,,N,National,,
DATAFLOW,SPC:DF_CLIMATE_CHANGE(1.0),Climate Change indicators,I,A,Annual,SST_ANOM,Sea Surface Temperature anomalies,TK,Tokelau,1960,,-0.2,,,,CELSIUS,Celsius (°C),SE,Standard error,0,,N,National,,
DATAFLOW,SPC:DF_CLIMATE_CHANGE(1.0),Climate Change indicators,I,A,Annual,SST_ANOM,Sea Surface Temperature anomalies,TK,Tokelau,1961,,-0.2,,,,CELSIUS,Celsius (°C),SE,Standard error,0,,N,National,,
DATAFLOW,SPC:DF_CLIMATE_CHANGE(1.0),Climate Change indicators,I,A,Annual,SST_ANOM,Sea Surface Temperature anomalies,TK,Tokelau,1962,,-0.3,,,,CELSIUS,Celsius (°C),SE,Standard error,0,,N,National,,
DATAFLOW,SPC:DF_CLIMATE_CHANGE(1.0),Climate Change indicators,I,A,Annual,SST_ANOM,Sea Surface Temperature anomalies,TK,Tokelau,1963,,-0.1,,,,CELSIUS,Celsius (°C),SE,Standard error,0.1,,N,National,,
DATAFLOW,SPC:DF_CLIMATE_CHANGE(1.0),Climate Change indicators,I,A,Annual,SST_ANOM,Sea Surface Temperature anomalies,TK,Tokelau,1964,,-0.4,,,,CELSIUS,Celsius (°C),SE,Standard error,0.1,,N,National,,
DATAFLOW,SPC:DF_CLIMATE_CHANGE(1.0),Climate Change indicators,I,A,Annual,SST_ANOM,Sea Surface Temperature anomalies,TK,Tokelau,1965,,-0.1,,,,CELSIUS,Celsius (°C),SE,Standard error,0.1,,N,National,,
DATAFLOW,SPC:DF_CLIMATE_CHANGE(1.0),Climate Change indicators,I,A,Annual,SST_ANOM,Sea Surface Temperature anomalies,TK,Tokelau,1966,,0.2,,,,CELSIUS,Celsius (°C),SE,Standard error,0,,N,National,,
DATAFLOW,SPC:DF_CLIMATE_CHANGE(1.0),Climate Change indicators,I,A,Annual,SST_ANOM,Sea Surface Temperature anomalies,TK,Tokelau,1967,,-0.3,,,,CELSIUS,Celsius (°C),SE,Standard error,0,,N,National,,
DATAFLOW,SPC:DF_CLIMATE_CHANGE(1.0),Climate Change indicators,I,A,Annual,SST_ANOM,Sea Surface Temperature anomalies,TK,Tokelau,1968,,-0.1,,,,CELSIUS,Celsius (°C),SE,Standard error,0.1,,N,National,,
DATAFLOW,SPC:DF_CLIMATE_CHANGE(1.0),Climate Change indicators,I,A,Annual,SST_ANOM,Sea Surface Temperature anomalies,TK,Tokelau,1969,,0.4,,,,CELSIUS,Celsius (°C),SE,Standard error,0.1,,N,National,,
DATAFLOW,SPC:DF_CLIMATE_CHANGE(1.0),Climate Change indicators,I,A,Annual,SST_ANOM,Sea Surface Temperature anomalies,TK,Tokelau,1970,,-0.1,,,,CELSIUS,Celsius (°C),SE,Standard error,0.1,,N,National,,
DATAFLOW,SPC:DF_CLIMATE_CHANGE(1.0),Climate Change indicators,I,A,Annual,SST_ANOM,Sea Surface Temperature anomalies,TK,Tokelau,1971,,-0.7,,,,CELSIUS,Celsius (°C),SE,Standard error,0,,N,National,,
DATAFLOW,SPC:DF_CLIMATE_CHANGE(1.0),Climate Change indicators,I,A,Annual,SST_ANOM,Sea Surface Temperature anomalies,TK,Tokelau,1972,,0,,,,CELSIUS,Celsius (°C),SE,Standard error,0.1,,N,National,,
DATAFLOW,SPC:DF_CLIMATE_CHANGE(1.0),Climate Change indicators,I,A,Annual,SST_ANOM,Sea Surface Temperature anomalies,TK,Tokelau,1973,,-0.1,,,,CELSIUS,Celsius (°C),SE,Standard error,0.1,,N,National,,
DATAFLOW,SPC:DF_CLIMATE_CHANGE(1.0),Climate Change indicators,I,A,Annual,SST_ANOM,Sea Surface Temperature anomalies,TK,Tokelau,1974,,-0.7,,,,CELSIUS,Celsius (°C),SE,Standard error,0.1,,N,National,,
DATAFLOW,SPC:DF_CLIMATE_CHANGE(1.0),Climate Change indicators,I,A,Annual,SST_ANOM,Sea Surface Temperature anomalies,TK,Tokelau,1975,,-0.7,,,,CELSIUS,Celsius (°C),SE,Standard error,0.1,,N,National,,
DATAFLOW,SPC:DF_CLIMATE_CHANGE(1.0),Climate Change indicators,I,A,Annual,SST_ANOM,Sea Surface Temperature anomalies,TK,Tokelau,1976,,-0.5,,,,CELSIUS,Celsius (°C),SE,Standard error,0.1,,N,National,,
DATAFLOW,SPC:DF_CLIMATE_CHANGE(1.0),Climate Change indicators,I,A,Annual,SST_ANOM,Sea Surface Temperature anomalies,TK,Tokelau,1977,,0.2,,,,CELSIUS,Celsius (°C),SE,Standard error,0,,N,National,,
DATAFLOW,SPC:DF_CLIMATE_CHANGE(1.0),Climate Change indicators,I,A,Annual,SST_ANOM,Sea Surface Temperature anomalies,TK,Tokelau,1978,,0,,,,CELSIUS,Celsius (°C),SE,Standard error,0,,N,National,,
DATAFLOW,SPC:DF_CLIMATE_CHANGE(1.0),Climate Change indicators,I,A,Annual,SST_ANOM,Sea Surface Temperature anomalies,TK,Tokelau,1979,,0,,,,CELSIUS,Celsius (°C),SE,Standard error,0,,N,National,,
DATAFLOW,SPC:DF_CLIMATE_CHANGE(1.0),Climate Change indicators,I,A,Annual,SST_ANOM,Sea Surface Temperature anomalies,TK,Tokelau,1980,,0.2,,,,CELSIUS,Celsius (°C),SE,Standard error,0,,N,National,,
DATAFLOW,SPC:DF_CLIMATE_CHANGE(1.0),Climate Change indicators,I,A,Annual,SST_ANOM,Sea Surface Temperature anomalies,TK,Tokelau,1981,,-0.2,,,,CELSIUS,Celsius (°C),SE,Standard error,0,,N,National,,
DATAFLOW,SPC:DF_CLIMATE_CHANGE(1.0),Climate Change indicators,I,A,Annual,SST_ANOM,Sea Surface Temperature anomalies,TK,Tokelau,1982,,0.1,,,,CELSIUS,Celsius (°C),SE,Standard error,0.1,,N,National,,
DATAFLOW,SPC:DF_CLIMATE_CHANGE(1.0),Climate Change indicators,I,A,Annual,SST_ANOM,Sea Surface Temperature anomalies,TK,Tokelau,1983,,-0.1,,,,CELSIUS,Celsius (°C),SE,Standard error,0,,N,National,,
DATAFLOW,SPC:DF_CLIMATE_CHANGE(1.0),Climate Change indicators,I,A,Annual,SST_ANOM,Sea Surface Temperature anomalies,TK,Tokelau,1984,,-0.2,,,,CELSIUS,Celsius (°C),SE,Standard error,0,,N,National,,
DATAFLOW,SPC:DF_CLIMATE_CHANGE(1.0),Climate Change indicators,I,A,Annual,SST_ANOM,Sea Surface Temperature anomalies,TK,Tokelau,1985,,-0.3,,,,CELSIUS,Celsius (°C),SE,Standard error,0,,N,National,,
DATAFLOW,SPC:DF_CLIMATE_CHANGE(1.0),Climate Change indicators,I,A,Annual,SST_ANOM,Sea Surface Temperature anomalies,TK,Tokelau,1986,,0.1,,,,CELSIUS,Celsius (°C),SE,Standard error,0.1,,N,National,,
DATAFLOW,SPC:DF_CLIMATE_CHANGE(1.0),Climate Change indicators,I,A,Annual,SST_ANOM,Sea Surface Temperature anomalies,TK,Tokelau,1987,,0.4,,,,CELSIUS,Celsius (°C),SE,Standard error,0,,N,National,,
DATAFLOW,SPC:DF_CLIMATE_CHANGE(1.0),Climate Change indicators,I,A,Annual,SST_ANOM,Sea Surface Temperature anomalies,TK,Tokelau,1988,,0,,,,CELSIUS,Celsius (°C),SE,Standard error,0.1,,N,National,,
DATAFLOW,SPC:DF_CLIMATE_CHANGE(1.0),Climate Change indicators,I,A,Annual,SST_ANOM,Sea Surface Temperature anomalies,TK,Tokelau,1989,,-0.4,,,,CELSIUS,Celsius (°C),SE,Standard error,0.1,,N,National,,
DATAFLOW,SPC:DF_CLIMATE_CHANGE(1.0),Climate Change indicators,I,A,Annual,SST_ANOM,Sea Surface Temperature anomalies,TK,Tokelau,1990,,0.2,,,,CELSIUS,Celsius (°C),SE,Standard error,0,,N,National,,
DATAFLOW,SPC:DF_CLIMATE_CHANGE(1.0),Climate Change indicators,I,A,Annual,SST_ANOM,Sea Surface Temperature anomalies,TK,Tokelau,1991,,0.5,,,,CELSIUS,Celsius (°C),SE,Standard error,0,,N,National,,
DATAFLOW,SPC:DF_CLIMATE_CHANGE(1.0),Climate Change indicators,I,A,Annual,SST_ANOM,Sea Surface Temperature anomalies,TK,Tokelau,1992,,0.4,,,,CELSIUS,Celsius (°C),SE,Standard error,0,,N,National,,
DATAFLOW,SPC:DF_CLIMATE_CHANGE(1.0),Climate Change indicators,I,A,Annual,SST_ANOM,Sea Surface Temperature anomalies,TK,Tokelau,1993,,0.3,,,,CELSIUS,Celsius (°C),SE,Standard error,0,,N,National,,
DATAFLOW,SPC:DF_CLIMATE_CHANGE(1.0),Climate Change indicators,I,A,Annual,SST_ANOM,Sea Surface Temperature anomalies,TK,Tokelau,1994,,0.5,,,,CELSIUS,Celsius (°C),SE,Standard error,0,,N,National,,
DATAFLOW,SPC:DF_CLIMATE_CHANGE(1.0),Climate Change indicators,I,A,Annual,SST_ANOM,Sea Surface Temperature anomalies,TK,Tokelau,1995,,0.4,,,,CELSIUS,Celsius (°C),SE,Standard error,0.1,,N,National,,
DATAFLOW,SPC:DF_CLIMATE_CHANGE(1.0),Climate Change indicators,I,A,Annual,SST_ANOM,Sea Surface Temperature anomalies,TK,Tokelau,1996,,0,,,,CELSIUS,Celsius (°C),SE,Standard error,0,,N,National,,
DATAFLOW,SPC:DF_CLIMATE_CHANGE(1.0),Climate Change indicators,I,A,Annual,SST_ANOM,Sea Surface Temperature anomalies,TK,Tokelau,1997,,0.2,,,,CELSIUS,Celsius (°C),SE,Standard error,0,,N,National,,
DATAFLOW,SPC:DF_CLIMATE_CHANGE(1.0),Climate Change indicators,I,A,Annual,SST_ANOM,Sea Surface Temperature anomalies,TK,Tokelau,1998,,-0.1,,,,CELSIUS,Celsius (°C),SE,Standard error,0.1,,N,National,,
DATAFLOW,SPC:DF_CLIMATE_CHANGE(1.0),Climate Change indicators,I,A,Annual,SST_ANOM,Sea Surface Temperature anomalies,TK,Tokelau,1999,,-0.4,,,,CELSIUS,Celsius (°C),SE,Standard error,0,,N,National,,
DATAFLOW,SPC:DF_CLIMATE_CHANGE(1.0),Climate Change indicators,I,A,Annual,SST_ANOM,Sea Surface Temperature anomalies,TK,Tokelau,2000,,-0.3,,,,CELSIUS,Celsius (°C),SE,Standard error,0,,N,National,,
DATAFLOW,SPC:DF_CLIMATE_CHANGE(1.0),Climate Change indicators,I,A,Annual,SST_ANOM,Sea Surface Temperature anomalies,TK,Tokelau,2001,,0.1,,,,CELSIUS,Celsius (°C),SE,Standard error,0.1,,N,National,,
DATAFLOW,SPC:DF_CLIMATE_CHANGE(1.0),Climate Change indicators,I,A,Annual,SST_ANOM,Sea Surface Temperature anomalies,TK,Tokelau,2002,,0.5,,,,CELSIUS,Celsius (°C),SE,Standard error,0,,N,National,,
DATAFLOW,SPC:DF_CLIMATE_CHANGE(1.0),Climate Change indicators,I,A,Annual,SST_ANOM,Sea Surface Temperature anomalies,TK,Tokelau,2003,,0.6,,,,CELSIUS,Celsius (°C),SE,Standard error,0.1,,N,National,,
DATAFLOW,SPC:DF_CLIMATE_CHANGE(1.0),Climate Change indicators,I,A,Annual,SST_ANOM,Sea Surface Temperature anomalies,TK,Tokelau,2004,,0.5,,,,CELSIUS,Celsius (°C),SE,Standard error,0.1,,N,National,,
DATAFLOW,SPC:DF_CLIMATE_CHANGE(1.0),Climate Change indicators,I,A,Annual,SST_ANOM,Sea Surface Temperature anomalies,TK,Tokelau,2005,,0.4,,,,CELSIUS,Celsius (°C),SE,Standard error,0,,N,National,,
DATAFLOW,SPC:DF_CLIMATE_CHANGE(1.0),Climate Change indicators,I,A,Annual,SST_ANOM,Sea Surface Temperature anomalies,TK,Tokelau,2006,,0.4,,,,CELSIUS,Celsius (°C),SE,Standard error,0.1,,N,National,,
DATAFLOW,SPC:DF_CLIMATE_CHANGE(1.0),Climate Change indicators,I,A,Annual,SST_ANOM,Sea Surface Temperature anomalies,TK,Tokelau,2007,,0.3,,,,CELSIUS,Celsius (°C),SE,Standard error,0.1,,N,National,,
DATAFLOW,SPC:DF_CLIMATE_CHANGE(1.0),Climate Change indicators,I,A,Annual,SST_ANOM,Sea Surface Temperature anomalies,TK,Tokelau,2008,,-0.3,,,,CELSIUS,Celsius (°C),SE,Standard error,0.1,,N,National,,
DATAFLOW,SPC:DF_CLIMATE_CHANGE(1.0),Climate Change indicators,I,A,Annual,SST_ANOM,Sea Surface Temperature anomalies,TK,Tokelau,2009,,0.5,,,,CELSIUS,Celsius (°C),SE,Standard error,0.1,,N,National,,
DATAFLOW,SPC:DF_CLIMATE_CHANGE(1.0),Climate Change indicators,I,A,Annual,SST_ANOM,Sea Surface Temperature anomalies,TK,Tokelau,2010,,0.2,,,,CELSIUS,Celsius (°C),SE,Standard error,0.2,,N,National,,
DATAFLOW,SPC:DF_CLIMATE_CHANGE(1.0),Climate Change indicators,I,A,Annual,SST_ANOM,Sea Surface Temperature anomalies,TK,Tokelau,2011,,-0.4,,,,CELSIUS,Celsius (°C),SE,Standard error,0.1,,N,National,,
DATAFLOW,SPC:DF_CLIMATE_CHANGE(1.0),Climate Change indicators,I,A,Annual,SST_ANOM,Sea Surface Temperature anomalies,TK,Tokelau,2012,,0.2,,,,CELSIUS,Celsius (°C),SE,Standard error,0.1,,N,National,,
DATAFLOW,SPC:DF_CLIMATE_CHANGE(1.0),Climate Change indicators,I,A,Annual,SST_ANOM,Sea Surface Temperature anomalies,TK,Tokelau,2013,,0.3,,,,CELSIUS,Celsius (°C),SE,Standard error,0,,N,National,,
DATAFLOW,SPC:DF_CLIMATE_CHANGE(1.0),Climate Change indicators,I,A,Annual,SST_ANOM,Sea Surface Temperature anomalies,TK,Tokelau,2014,,0.5,,,,CELSIUS,Celsius (°C),SE,Standard error,0,,N,National,,
DATAFLOW,SPC:DF_CLIMATE_CHANGE(1.0),Climate Change indicators,I,A,Annual,SST_ANOM,Sea Surface Temperature anomalies,TK,Tokelau,2015,,0.8,,,,CELSIUS,Celsius (°C),SE,Standard error,0,,N,National,,
DATAFLOW,SPC:DF_CLIMATE_CHANGE(1.0),Climate Change indicators,I,A,Annual,SST_ANOM,Sea Surface Temperature anomalies,TK,Tokelau,2016,,0.7,,,,CELSIUS,Celsius (°C),SE,Standard error,0.1,,N,National,,
DATAFLOW,SPC:DF_CLIMATE_CHANGE(1.0),Climate Change indicators,I,A,Annual,SST_ANOM,Sea Surface Temperature anomalies,TK,Tokelau,2017,,0.5,,,,CELSIUS,Celsius (°C),SE,Standard error,0,,N,National,,
DATAFLOW,SPC:DF_CLIMATE_CHANGE(1.0),Climate Change indicators,I,A,Annual,SST_ANOM,Sea Surface Temperature anomalies,TK,Tokelau,2018,,0.5,,,,CELSIUS,Celsius (°C),SE,Standard error,0.1,,N,National,,
DATAFLOW,SPC:DF_CLIMATE_CHANGE(1.0),Climate Change indicators,I,A,Annual,SST_ANOM,Sea Surface Temperature anomalies,TK,Tokelau,2019,,0.8,,,,CELSIUS,Celsius (°C),SE,Standard error,0,,N,National,,
DATAFLOW,SPC:DF_CLIMATE_CHANGE(1.0),Climate Change indicators,I,A,Annual,SST_ANOM,Sea Surface Temperature anomalies,TK,Tokelau,2020,,0.5,,,,CELSIUS,Celsius (°C),SE,Standard error,0.1,,N,National,,
DATAFLOW,SPC:DF_CLIMATE_CHANGE(1.0),Climate Change indicators,I,A,Annual,SST_ANOM,Sea Surface Temperature anomalies,TK,Tokelau,2021,,0,,,,CELSIUS,Celsius (°C),SE,Standard error,0,,N,National,,
DATAFLOW,SPC:DF_CLIMATE_CHANGE(1.0),Climate Change indicators,I,A,Annual,SST_ANOM,Sea Surface Temperature anomalies,TK,Tokelau,2022,,-0.2,,,,CELSIUS,Celsius (°C),SE,Standard error,0,,N,National,,
DATAFLOW,SPC:DF_CLIMATE_CHANGE(1.0),Climate Change indicators,I,A,Annual,SST_ANOM,Sea Surface Temperature anomalies,TK,Tokelau,2023,,0.6,,,,CELSIUS,Celsius (°C),SE,Standard error,0.1,,N,National,,
DATAFLOW,SPC:DF_CLIMATE_CHANGE(1.0),Climate Change indicators,I,A,Annual,SST_ANOM,Sea Surface Temperature anomalies,TK,Tokelau,2024,,0.8,,,,CELSIUS,Celsius (°C),SE,Standard error,0.1,,N,National,,
DATAFLOW,SPC:DF_CLIMATE_CHANGE(1.0),Climate Change indicators,I,A,Annual,SST_ANOM,Sea Surface Temperature anomalies,TK,Tokelau,2025,,0.4,,,,CELSIUS,Celsius (°C),SE,Standard error,0,,N,National,,
DATAFLOW,SPC:DF_CLIMATE_CHANGE(1.0),Climate Change indicators,I,A,Annual,SST_ANOM,Sea Surface Temperature anomalies,SB,Solomon Islands,1850,,0,,,,CELSIUS,Celsius (°C),SE,Standard error,0.1,,N,National,,
DATAFLOW,SPC:DF_CLIMATE_CHANGE(1.0),Climate Change indicators,I,A,Annual,SST_ANOM,Sea Surface Temperature anomalies,SB,Solomon Islands,1851,,0.1,,,,CELSIUS,Celsius (°C),SE,Standard error,0.1,,N,National,,
DATAFLOW,SPC:DF_CLIMATE_CHANGE(1.0),Climate Change indicators,I,A,Annual,SST_ANOM,Sea Surface Temperature anomalies,SB,Solomon Islands,1852,,0,,,,CELSIUS,Celsius (°C),SE,Standard error,0,,N,National,,
DATAFLOW,SPC:DF_CLIMATE_CHANGE(1.0),Climate Change indicators,I,A,Annual,SST_ANOM,Sea Surface Temperature anomalies,SB,Solomon Islands,1853,,-0.2,,,,CELSIUS,Celsius (°C),SE,Standard error,0.1,,N,National,,
DATAFLOW,SPC:DF_CLIMATE_CHANGE(1.0),Climate Change indicators,I,A,Annual,SST_ANOM,Sea Surface Temperature anomalies,SB,Solomon Islands,1854,,-0.4,,,,CELSIUS,Celsius (°C),SE,Standard error,0.1,,N,National,,
DATAFLOW,SPC:DF_CLIMATE_CHANGE(1.0),Climate Change indicators,I,A,Annual,SST_ANOM,Sea Surface Temperature anomalies,SB,Solomon Islands,1855,,-0.4,,,,CELSIUS,Celsius (°C),SE,Standard error,0.1,,N,National,,
DATAFLOW,SPC:DF_CLIMATE_CHANGE(1.0),Climate Change indicators,I,A,Annual,SST_ANOM,Sea Surface Temperature anomalies,SB,Solomon Islands,1856,,-0.6,,,,CELSIUS,Celsius (°C),SE,Standard error,0.1,,N,National,,
DATAFLOW,SPC:DF_CLIMATE_CHANGE(1.0),Climate Change indicators,I,A,Annual,SST_ANOM,Sea Surface Temperature anomalies,SB,Solomon Islands,1857,,0,,,,CELSIUS,Celsius (°C),SE,Standard error,0.1,,N,National,,
DATAFLOW,SPC:DF_CLIMATE_CHANGE(1.0),Climate Change indicators,I,A,Annual,SST_ANOM,Sea Surface Temperature anomalies,SB,Solomon Islands,1858,,-0.2,,,,CELSIUS,Celsius (°C),SE,Standard error,0.1,,N,National,,
DATAFLOW,SPC:DF_CLIMATE_CHANGE(1.0),Climate Change indicators,I,A,Annual,SST_ANOM,Sea Surface Temperature anomalies,SB,Solomon Islands,1859,,0,,,,CELSIUS,Celsius (°C),SE,Standard error,0.1,,N,National,,
DATAFLOW,SPC:DF_CLIMATE_CHANGE(1.0),Climate Change indicators,I,A,Annual,SST_ANOM,Sea Surface Temperature anomalies,SB,Solomon Islands,1860,,-0.4,,,,CELSIUS,Celsius (°C),SE,Standard error,0.1,,N,National,,
DATAFLOW,SPC:DF_CLIMATE_CHANGE(1.0),Climate Change indicators,I,A,Annual,SST_ANOM,Sea Surface Temperature anomalies,SB,Solomon Islands,1861,,-0.9,,,,CELSIUS,Celsius (°C),SE,Standard error,0.4,,N,National,,
DATAFLOW,SPC:DF_CLIMATE_CHANGE(1.0),Climate Change indicators,I,A,Annual,SST_ANOM,Sea Surface Temperature anomalies,SB,Solomon Islands,1862,,-0.3,,,,CELSIUS,Celsius (°C),SE,Standard error,0.1,,N,National,,
DATAFLOW,SPC:DF_CLIMATE_CHANGE(1.0),Climate Change indicators,I,A,Annual,SST_ANOM,Sea Surface Temperature anomalies,SB,Solomon Islands,1863,,-0.2,,,,CELSIUS,Celsius (°C),SE,Standard error,0,,N,National,,
DATAFLOW,SPC:DF_CLIMATE_CHANGE(1.0),Climate Change indicators,I,A,Annual,SST_ANOM,Sea Surface Temperature anomalies,SB,Solomon Islands,1864,,-0.1,,,,CELSIUS,Celsius (°C),SE,Standard error,0,,N,National,,
DATAFLOW,SPC:DF_CLIMATE_CHANGE(1.0),Climate Change indicators,I,A,Annual,SST_ANOM,Sea Surface Temperature anomalies,SB,Solomon Islands,1865,,-0.2,,,,CELSIUS,Celsius (°C),SE,Standard error,0,,N,National,,
DATAFLOW,SPC:DF_CLIMATE_CHANGE(1.0),Climate Change indicators,I,A,Annual,SST_ANOM,Sea Surface Temperature anomalies,SB,Solomon Islands,1866,,0,,,,CELSIUS,Celsius (°C),SE,Standard error,0,,N,National,,
DATAFLOW,SPC:DF_CLIMATE_CHANGE(1.0),Climate Change indicators,I,A,Annual,SST_ANOM,Sea Surface Temperature anomalies,SB,Solomon Islands,1867,,-0.1,,,,CELSIUS,Celsius (°C),SE,Standard error,0,,N,National,,
DATAFLOW,SPC:DF_CLIMATE_CHANGE(1.0),Climate Change indicators,I,A,Annual,SST_ANOM,Sea Surface Temperature anomalies,SB,Solomon Islands,1868,,-0.2,,,,CELSIUS,Celsius (°C),SE,Standard error,0,,N,National,,
DATAFLOW,SPC:DF_CLIMATE_CHANGE(1.0),Climate Change indicators,I,A,Annual,SST_ANOM,Sea Surface Temperature anomalies,SB,Solomon Islands,1869,,0.2,,,,CELSIUS,Celsius (°C),SE,Standard error,0.1,,N,National,,
DATAFLOW,SPC:DF_CLIMATE_CHANGE(1.0),Climate Change indicators,I,A,Annual,SST_ANOM,Sea Surface Temperature anomalies,SB,Solomon Islands,1870,,-0.1,,,,CELSIUS,Celsius (°C),SE,Standard error,0,,N,National,,
DATAFLOW,SPC:DF_CLIMATE_CHANGE(1.0),Climate Change indicators,I,A,Annual,SST_ANOM,Sea Surface Temperature anomalies,SB,Solomon Islands,1871,,-0.1,,,,CELSIUS,Celsius (°C),SE,Standard error,0,,N,National,,
DATAFLOW,SPC:DF_CLIMATE_CHANGE(1.0),Climate Change indicators,I,A,Annual,SST_ANOM,Sea Surface Temperature anomalies,SB,Solomon Islands,1872,,-0.1,,,,CELSIUS,Celsius (°C),SE,Standard error,0.1,,N,National,,
DATAFLOW,SPC:DF_CLIMATE_CHANGE(1.0),Climate Change indicators,I,A,Annual,SST_ANOM,Sea Surface Temperature anomalies,SB,Solomon Islands,1873,,-0.2,,,,CELSIUS,Celsius (°C),SE,Standard error,0.1,,N,National,,
DATAFLOW,SPC:DF_CLIMATE_CHANGE(1.0),Climate Change indicators,I,A,Annual,SST_ANOM,Sea Surface Temperature anomalies,SB,Solomon Islands,1874,,0,,,,CELSIUS,Celsius (°C),SE,Standard error,0.1,,N,National,,
DATAFLOW,SPC:DF_CLIMATE_CHANGE(1.0),Climate Change indicators,I,A,Annual,SST_ANOM,Sea Surface Temperature anomalies,SB,Solomon Islands,1875,,-0.2,,,,CELSIUS,Celsius (°C),SE,Standard error,0,,N,National,,
DATAFLOW,SPC:DF_CLIMATE_CHANGE(1.0),Climate Change indicators,I,A,Annual,SST_ANOM,Sea Surface Temperature anomalies,SB,Solomon Islands,1876,,-0.2,,,,CELSIUS,Celsius (°C),SE,Standard error,0,,N,National,,
DATAFLOW,SPC:DF_CLIMATE_CHANGE(1.0),Climate Change indicators,I,A,Annual,SST_ANOM,Sea Surface Temperature anomalies,SB,Solomon Islands,1877,,-0.4,,,,CELSIUS,Celsius (°C),SE,Standard error,0.1,,N,National,,
DATAFLOW,SPC:DF_CLIMATE_CHANGE(1.0),Climate Change indicators,I,A,Annual,SST_ANOM,Sea Surface Temperature anomalies,SB,Solomon Islands,1878,,-0.2,,,,CELSIUS,Celsius (°C),SE,Standard error,0.1,,N,National,,
DATAFLOW,SPC:DF_CLIMATE_CHANGE(1.0),Climate Change indicators,I,A,Annual,SST_ANOM,Sea Surface Temperature anomalies,SB,Solomon Islands,1879,,-0.2,,,,CELSIUS,Celsius (°C),SE,Standard error,0.1,,N,National,,
DATAFLOW,SPC:DF_CLIMATE_CHANGE(1.0),Climate Change indicators,I,A,Annual,SST_ANOM,Sea Surface Temperature anomalies,SB,Solomon Islands,1880,,-0.3,,,,CELSIUS,Celsius (°C),SE,Standard error,0,,N,National,,
DATAFLOW,SPC:DF_CLIMATE_CHANGE(1.0),Climate Change indicators,I,A,Annual,SST_ANOM,Sea Surface Temperature anomalies,SB,Solomon Islands,1881,,0.2,,,,CELSIUS,Celsius (°C),SE,Standard error,0.1,,N,National,,
DATAFLOW,SPC:DF_CLIMATE_CHANGE(1.0),Climate Change indicators,I,A,Annual,SST_ANOM,Sea Surface Temperature anomalies,SB,Solomon Islands,1882,,0.2,,,,CELSIUS,Celsius (°C),SE,Standard error,0.1,,N,National,,
DATAFLOW,SPC:DF_CLIMATE_CHANGE(1.0),Climate Change indicators,I,A,Annual,SST_ANOM,Sea Surface Temperature anomalies,SB,Solomon Islands,1883,,-0.3,,,,CELSIUS,Celsius (°C),SE,Standard error,0.1,,N,National,,
DATAFLOW,SPC:DF_CLIMATE_CHANGE(1.0),Climate Change indicators,I,A,Annual,SST_ANOM,Sea Surface Temperature anomalies,SB,Solomon Islands,1884,,-0.6,,,,CELSIUS,Celsius (°C),SE,Standard error,0.1,,N,National,,
DATAFLOW,SPC:DF_CLIMATE_CHANGE(1.0),Climate Change indicators,I,A,Annual,SST_ANOM,Sea Surface Temperature anomalies,SB,Solomon Islands,1885,,-0.9,,,,CELSIUS,Celsius (°C),SE,Standard error,0.1,,N,National,,
DATAFLOW,SPC:DF_CLIMATE_CHANGE(1.0),Climate Change indicators,I,A,Annual,SST_ANOM,Sea Surface Temperature anomalies,SB,Solomon Islands,1886,,-0.6,,,,CELSIUS,Celsius (°C),SE,Standard error,0.1,,N,National,,
DATAFLOW,SPC:DF_CLIMATE_CHANGE(1.0),Climate Change indicators,I,A,Annual,SST_ANOM,Sea Surface Temperature anomalies,SB,Solomon Islands,1887,,-0.1,,,,CELSIUS,Celsius (°C),SE,Standard error,0.1,,N,National,,
DATAFLOW,SPC:DF_CLIMATE_CHANGE(1.0),Climate Change indicators,I,A,Annual,SST_ANOM,Sea Surface Temperature anomalies,SB,Solomon Islands,1888,,-0.4,,,,CELSIUS,Celsius (°C),SE,Standard error,0.1,,N,National,,
DATAFLOW,SPC:DF_CLIMATE_CHANGE(1.0),Climate Change indicators,I,A,Annual,SST_ANOM,Sea Surface Temperature anomalies,SB,Solomon Islands,1889,,-0.3,,,,CELSIUS,Celsius (°C),SE,Standard error,0.1,,N,National,,
DATAFLOW,SPC:DF_CLIMATE_CHANGE(1.0),Climate Change indicators,I,A,Annual,SST_ANOM,Sea Surface Temperature anomalies,SB,Solomon Islands,1890,,-0.1,,,,CELSIUS,Celsius (°C),SE,Standard error,0.1,,N,National,,
DATAFLOW,SPC:DF_CLIMATE_CHANGE(1.0),Climate Change indicators,I,A,Annual,SST_ANOM,Sea Surface Temperature anomalies,SB,Solomon Islands,1891,,0,,,,CELSIUS,Celsius (°C),SE,Standard error,0.1,,N,National,,
DATAFLOW,SPC:DF_CLIMATE_CHANGE(1.0),Climate Change indicators,I,A,Annual,SST_ANOM,Sea Surface Temperature anomalies,SB,Solomon Islands,1892,,0,,,,CELSIUS,Celsius (°C),SE,Standard error,0.1,,N,National,,
DATAFLOW,SPC:DF_CLIMATE_CHANGE(1.0),Climate Change indicators,I,A,Annual,SST_ANOM,Sea Surface Temperature anomalies,SB,Solomon Islands,1893,,-0.1,,,,CELSIUS,Celsius (°C),SE,Standard error,0,,N,National,,
DATAFLOW,SPC:DF_CLIMATE_CHANGE(1.0),Climate Change indicators,I,A,Annual,SST_ANOM,Sea Surface Temperature anomalies,SB,Solomon Islands,1894,,-0.4,,,,CELSIUS,Celsius (°C),SE,Standard error,0.1,,N,National,,
DATAFLOW,SPC:DF_CLIMATE_CHANGE(1.0),Climate Change indicators,I,A,Annual,SST_ANOM,Sea Surface Temperature anomalies,SB,Solomon Islands,1895,,-0.3,,,,CELSIUS,Celsius (°C),SE,Standard error,0.1,,N,National,,
DATAFLOW,SPC:DF_CLIMATE_CHANGE(1.0),Climate Change indicators,I,A,Annual,SST_ANOM,Sea Surface Temperature anomalies,SB,Solomon Islands,1896,,-0.3,,,,CELSIUS,Celsius (°C),SE,Standard error,0,,N,National,,
DATAFLOW,SPC:DF_CLIMATE_CHANGE(1.0),Climate Change indicators,I,A,Annual,SST_ANOM,Sea Surface Temperature anomalies,SB,Solomon Islands,1897,,-0.1,,,,CELSIUS,Celsius (°C),SE,Standard error,0,,N,National,,
DATAFLOW,SPC:DF_CLIMATE_CHANGE(1.0),Climate Change indicators,I,A,Annual,SST_ANOM,Sea Surface Temperature anomalies,SB,Solomon Islands,1898,,-0.3,,,,CELSIUS,Celsius (°C),SE,Standard error,0.1,,N,National,,
DATAFLOW,SPC:DF_CLIMATE_CHANGE(1.0),Climate Change indicators,I,A,Annual,SST_ANOM,Sea Surface Temperature anomalies,SB,Solomon Islands,1899,,-0.2,,,,CELSIUS,Celsius (°C),SE,Standard error,0.1,,N,National,,
DATAFLOW,SPC:DF_CLIMATE_CHANGE(1.0),Climate Change indicators,I,A,Annual,SST_ANOM,Sea Surface Temperature anomalies,SB,Solomon Islands,1900,,-0.1,,,,CELSIUS,Celsius (°C),SE,Standard error,0.1,,N,National,,
DATAFLOW,SPC:DF_CLIMATE_CHANGE(1.0),Climate Change indicators,I,A,Annual,SST_ANOM,Sea Surface Temperature anomalies,SB,Solomon Islands,1901,,-0.3,,,,CELSIUS,Celsius (°C),SE,Standard error,0.1,,N,National,,
DATAFLOW,SPC:DF_CLIMATE_CHANGE(1.0),Climate Change indicators,I,A,Annual,SST_ANOM,Sea Surface Temperature anomalies,SB,Solomon Islands,1902,,-0.9,,,,CELSIUS,Celsius (°C),SE,Standard error,0.1,,N,National,,
DATAFLOW,SPC:DF_CLIMATE_CHANGE(1.0),Climate Change indicators,I,A,Annual,SST_ANOM,Sea Surface Temperature anomalies,SB,Solomon Islands,1903,,-0.8,,,,CELSIUS,Celsius (°C),SE,Standard error,0,,N,National,,
DATAFLOW,SPC:DF_CLIMATE_CHANGE(1.0),Climate Change indicators,I,A,Annual,SST_ANOM,Sea Surface Temperature anomalies,SB,Solomon Islands,1904,,-0.7,,,,CELSIUS,Celsius (°C),SE,Standard error,0.1,,N,National,,
DATAFLOW,SPC:DF_CLIMATE_CHANGE(1.0),Climate Change indicators,I,A,Annual,SST_ANOM,Sea Surface Temperature anomalies,SB,Solomon Islands,1905,,-0.8,,,,CELSIUS,Celsius (°C),SE,Standard error,0.1,,N,National,,
DATAFLOW,SPC:DF_CLIMATE_CHANGE(1.0),Climate Change indicators,I,A,Annual,SST_ANOM,Sea Surface Temperature anomalies,SB,Solomon Islands,1906,,-0.7,,,,CELSIUS,Celsius (°C),SE,Standard error,0.1,,N,National,,
DATAFLOW,SPC:DF_CLIMATE_CHANGE(1.0),Climate Change indicators,I,A,Annual,SST_ANOM,Sea Surface Temperature anomalies,SB,Solomon Islands,1907,,-0.3,,,,CELSIUS,Celsius (°C),SE,Standard error,0.1,,N,National,,
DATAFLOW,SPC:DF_CLIMATE_CHANGE(1.0),Climate Change indicators,I,A,Annual,SST_ANOM,Sea Surface Temperature anomalies,SB,Solomon Islands,1908,,-0.4,,,,CELSIUS,Celsius (°C),SE,Standard error,0.1,,N,National,,
DATAFLOW,SPC:DF_CLIMATE_CHANGE(1.0),Climate Change indicators,I,A,Annual,SST_ANOM,Sea Surface Temperature anomalies,SB,Solomon Islands,1909,,-0.5,,,,CELSIUS,Celsius (°C),SE,Standard error,0.1,,N,National,,
DATAFLOW,SPC:DF_CLIMATE_CHANGE(1.0),Climate Change indicators,I,A,Annual,SST_ANOM,Sea Surface Temperature anomalies,SB,Solomon Islands,1910,,-0.5,,,,CELSIUS,Celsius (°C),SE,Standard error,0.1,,N,National,,
DATAFLOW,SPC:DF_CLIMATE_CHANGE(1.0),Climate Change indicators,I,A,Annual,SST_ANOM,Sea Surface Temperature anomalies,SB,Solomon Islands,1911,,-0.7,,,,CELSIUS,Celsius (°C),SE,Standard error,0,,N,National,,
DATAFLOW,SPC:DF_CLIMATE_CHANGE(1.0),Climate Change indicators,I,A,Annual,SST_ANOM,Sea Surface Temperature anomalies,SB,Solomon Islands,1912,,-0.7,,,,CELSIUS,Celsius (°C),SE,Standard error,0.1,,N,National,,
DATAFLOW,SPC:DF_CLIMATE_CHANGE(1.0),Climate Change indicators,I,A,Annual,SST_ANOM,Sea Surface Temperature anomalies,SB,Solomon Islands,1913,,-0.7,,,,CELSIUS,Celsius (°C),SE,Standard error,0,,N,National,,
DATAFLOW,SPC:DF_CLIMATE_CHANGE(1.0),Climate Change indicators,I,A,Annual,SST_ANOM,Sea Surface Temperature anomalies,SB,Solomon Islands,1914,,-0.7,,,,CELSIUS,Celsius (°C),SE,Standard error,0.1,,N,National,,
DATAFLOW,SPC:DF_CLIMATE_CHANGE(1.0),Climate Change indicators,I,A,Annual,SST_ANOM,Sea Surface Temperature anomalies,SB,Solomon Islands,1915,,-0.5,,,,CELSIUS,Celsius (°C),SE,Standard error,0.1,,N,National,,
DATAFLOW,SPC:DF_CLIMATE_CHANGE(1.0),Climate Change indicators,I,A,Annual,SST_ANOM,Sea Surface Temperature anomalies,SB,Solomon Islands,1916,,-0.4,,,,CELSIUS,Celsius (°C),SE,Standard error,0.1,,N,National,,
DATAFLOW,SPC:DF_CLIMATE_CHANGE(1.0),Climate Change indicators,I,A,Annual,SST_ANOM,Sea Surface Temperature anomalies,SB,Solomon Islands,1917,,-0.9,,,,CELSIUS,Celsius (°C),SE,Standard error,0.1,,N,National,,
DATAFLOW,SPC:DF_CLIMATE_CHANGE(1.0),Climate Change indicators,I,A,Annual,SST_ANOM,Sea Surface Temperature anomalies,SB,Solomon Islands,1918,,-0.8,,,,CELSIUS,Celsius (°C),SE,Standard error,0.1,,N,National,,
DATAFLOW,SPC:DF_CLIMATE_CHANGE(1.0),Climate Change indicators,I,A,Annual,SST_ANOM,Sea Surface Temperature anomalies,SB,Solomon Islands,1919,,-1.3,,,,CELSIUS,Celsius (°C),SE,Standard error,0.2,,N,National,,
DATAFLOW,SPC:DF_CLIMATE_CHANGE(1.0),Climate Change indicators,I,A,Annual,SST_ANOM,Sea Surface Temperature anomalies,SB,Solomon Islands,1920,,-0.8,,,,CELSIUS,Celsius (°C),SE,Standard error,0.1,,N,National,,
DATAFLOW,SPC:DF_CLIMATE_CHANGE(1.0),Climate Change indicators,I,A,Annual,SST_ANOM,Sea Surface Temperature anomalies,SB,Solomon Islands,1921,,-0.2,,,,CELSIUS,Celsius (°C),SE,Standard error,0.1,,N,National,,
DATAFLOW,SPC:DF_CLIMATE_CHANGE(1.0),Climate Change indicators,I,A,Annual,SST_ANOM,Sea Surface Temperature anomalies,SB,Solomon Islands,1922,,-0.2,,,,CELSIUS,Celsius (°C),SE,Standard error,0.1,,N,National,,
DATAFLOW,SPC:DF_CLIMATE_CHANGE(1.0),Climate Change indicators,I,A,Annual,SST_ANOM,Sea Surface Temperature anomalies,SB,Solomon Islands,1923,,-0.4,,,,CELSIUS,Celsius (°C),SE,Standard error,0.1,,N,National,,
DATAFLOW,SPC:DF_CLIMATE_CHANGE(1.0),Climate Change indicators,I,A,Annual,SST_ANOM,Sea Surface Temperature anomalies,SB,Solomon Islands,1924,,-0.3,,,,CELSIUS,Celsius (°C),SE,Standard error,0.1,,N,National,,
DATAFLOW,SPC:DF_CLIMATE_CHANGE(1.0),Climate Change indicators,I,A,Annual,SST_ANOM,Sea Surface Temperature anomalies,SB,Solomon Islands,1925,,-0.5,,,,CELSIUS,Celsius (°C),SE,Standard error,0.1,,N,National,,
DATAFLOW,SPC:DF_CLIMATE_CHANGE(1.0),Climate Change indicators,I,A,Annual,SST_ANOM,Sea Surface Temperature anomalies,SB,Solomon Islands,1926,,-0.5,,,,CELSIUS,Celsius (°C),SE,Standard error,0.1,,N,National,,
DATAFLOW,SPC:DF_CLIMATE_CHANGE(1.0),Climate Change indicators,I,A,Annual,SST_ANOM,Sea Surface Temperature anomalies,SB,Solomon Islands,1927,,-0.5,,,,CELSIUS,Celsius (°C),SE,Standard error,0.1,,N,National,,
DATAFLOW,SPC:DF_CLIMATE_CHANGE(1.0),Climate Change indicators,I,A,Annual,SST_ANOM,Sea Surface Temperature anomalies,SB,Solomon Islands,1928,,-0.4,,,,CELSIUS,Celsius (°C),SE,Standard error,0.1,,N,National,,
DATAFLOW,SPC:DF_CLIMATE_CHANGE(1.0),Climate Change indicators,I,A,Annual,SST_ANOM,Sea Surface Temperature anomalies,SB,Solomon Islands,1929,,-0.4,,,,CELSIUS,Celsius (°C),SE,Standard error,0.1,,N,National,,
DATAFLOW,SPC:DF_CLIMATE_CHANGE(1.0),Climate Change indicators,I,A,Annual,SST_ANOM,Sea Surface Temperature anomalies,SB,Solomon Islands,1930,,-0.6,,,,CELSIUS,Celsius (°C),SE,Standard error,0.1,,N,National,,
DATAFLOW,SPC:DF_CLIMATE_CHANGE(1.0),Climate Change indicators,I,A,Annual,SST_ANOM,Sea Surface Temperature anomalies,SB,Solomon Islands,1931,,-0.4,,,,CELSIUS,Celsius (°C),SE,Standard error,0,,N,National,,
DATAFLOW,SPC:DF_CLIMATE_CHANGE(1.0),Climate Change indicators,I,A,Annual,SST_ANOM,Sea Surface Temperature anomalies,SB,Solomon Islands,1932,,-0.5,,,,CELSIUS,Celsius (°C),SE,Standard error,0,,N,National,,
DATAFLOW,SPC:DF_CLIMATE_CHANGE(1.0),Climate Change indicators,I,A,Annual,SST_ANOM,Sea Surface Temperature anomalies,SB,Solomon Islands,1933,,-0.4,,,,CELSIUS,Celsius (°C),SE,Standard error,0,,N,National,,
DATAFLOW,SPC:DF_CLIMATE_CHANGE(1.0),Climate Change indicators,I,A,Annual,SST_ANOM,Sea Surface Temperature anomalies,SB,Solomon Islands,1934,,-0.5,,,,CELSIUS,Celsius (°C),SE,Standard error,0.1,,N,National,,
DATAFLOW,SPC:DF_CLIMATE_CHANGE(1.0),Climate Change indicators,I,A,Annual,SST_ANOM,Sea Surface Temperature anomalies,SB,Solomon Islands,1935,,-0.4,,,,CELSIUS,Celsius (°C),SE,Standard error,0,,N,National,,
DATAFLOW,SPC:DF_CLIMATE_CHANGE(1.0),Climate Change indicators,I,A,Annual,SST_ANOM,Sea Surface Temperature anomalies,SB,Solomon Islands,1936,,-0.3,,,,CELSIUS,Celsius (°C),SE,Standard error,0.1,,N,National,,
DATAFLOW,SPC:DF_CLIMATE_CHANGE(1.0),Climate Change indicators,I,A,Annual,SST_ANOM,Sea Surface Temperature anomalies,SB,Solomon Islands,1937,,-0.4,,,,CELSIUS,Celsius (°C),SE,Standard error,0.1,,N,National,,
DATAFLOW,SPC:DF_CLIMATE_CHANGE(1.0),Climate Change indicators,I,A,Annual,SST_ANOM,Sea Surface Temperature anomalies,SB,Solomon Islands,1938,,-0.3,,,,CELSIUS,Celsius (°C),SE,Standard error,0.1,,N,National,,
DATAFLOW,SPC:DF_CLIMATE_CHANGE(1.0),Climate Change indicators,I,A,Annual,SST_ANOM,Sea Surface Temperature anomalies,SB,Solomon Islands,1939,,-0.5,,,,CELSIUS,Celsius (°C),SE,Standard error,0.1,,N,National,,
DATAFLOW,SPC:DF_CLIMATE_CHANGE(1.0),Climate Change indicators,I,A,Annual,SST_ANOM,Sea Surface Temperature anomalies,SB,Solomon Islands,1940,,-0.5,,,,CELSIUS,Celsius (°C),SE,Standard error,0.1,,N,National,,
DATAFLOW,SPC:DF_CLIMATE_CHANGE(1.0),Climate Change indicators,I,A,Annual,SST_ANOM,Sea Surface Temperature anomalies,SB,Solomon Islands,1941,,-0.5,,,,CELSIUS,Celsius (°C),SE,Standard error,0,,N,National,,
DATAFLOW,SPC:DF_CLIMATE_CHANGE(1.0),Climate Change indicators,I,A,Annual,SST_ANOM,Sea Surface Temperature anomalies,SB,Solomon Islands,1942,,-0.2,,,,CELSIUS,Celsius (°C),SE,Standard error,0.1,,N,National,,
DATAFLOW,SPC:DF_CLIMATE_CHANGE(1.0),Climate Change indicators,I,A,Annual,SST_ANOM,Sea Surface Temperature anomalies,SB,Solomon Islands,1943,,0.4,,,,CELSIUS,Celsius (°C),SE,Standard error,0.1,,N,National,,
DATAFLOW,SPC:DF_CLIMATE_CHANGE(1.0),Climate Change indicators,I,A,Annual,SST_ANOM,Sea Surface Temperature anomalies,SB,Solomon Islands,1944,,0.2,,,,CELSIUS,Celsius (°C),SE,Standard error,0,,N,National,,
DATAFLOW,SPC:DF_CLIMATE_CHANGE(1.0),Climate Change indicators,I,A,Annual,SST_ANOM,Sea Surface Temperature anomalies,SB,Solomon Islands,1945,,0.2,,,,CELSIUS,Celsius (°C),SE,Standard error,0,,N,National,,
DATAFLOW,SPC:DF_CLIMATE_CHANGE(1.0),Climate Change indicators,I,A,Annual,SST_ANOM,Sea Surface Temperature anomalies,SB,Solomon Islands,1946,,-0.2,,,,CELSIUS,Celsius (°C),SE,Standard error,0.1,,N,National,,
DATAFLOW,SPC:DF_CLIMATE_CHANGE(1.0),Climate Change indicators,I,A,Annual,SST_ANOM,Sea Surface Temperature anomalies,SB,Solomon Islands,1947,,-0.3,,,,CELSIUS,Celsius (°C),SE,Standard error,0.1,,N,National,,
DATAFLOW,SPC:DF_CLIMATE_CHANGE(1.0),Climate Change indicators,I,A,Annual,SST_ANOM,Sea Surface Temperature anomalies,SB,Solomon Islands,1948,,-0.4,,,,CELSIUS,Celsius (°C),SE,Standard error,0.1,,N,National,,
DATAFLOW,SPC:DF_CLIMATE_CHANGE(1.0),Climate Change indicators,I,A,Annual,SST_ANOM,Sea Surface Temperature anomalies,SB,Solomon Islands,1949,,-0.6,,,,CELSIUS,Celsius (°C),SE,Standard error,0.1,,N,National,,
DATAFLOW,SPC:DF_CLIMATE_CHANGE(1.0),Climate Change indicators,I,A,Annual,SST_ANOM,Sea Surface Temperature anomalies,SB,Solomon Islands,1950,,-0.3,,,,CELSIUS,Celsius (°C),SE,Standard error,0.1,,N,National,,
DATAFLOW,SPC:DF_CLIMATE_CHANGE(1.0),Climate Change indicators,I,A,Annual,SST_ANOM,Sea Surface Temperature anomalies,SB,Solomon Islands,1951,,-0.4,,,,CELSIUS,Celsius (°C),SE,Standard error,0.1,,N,National,,
DATAFLOW,SPC:DF_CLIMATE_CHANGE(1.0),Climate Change indicators,I,A,Annual,SST_ANOM,Sea Surface Temperature anomalies,SB,Solomon Islands,1952,,-0.4,,,,CELSIUS,Celsius (°C),SE,Standard error,0.1,,N,National,,
DATAFLOW,SPC:DF_CLIMATE_CHANGE(1.0),Climate Change indicators,I,A,Annual,SST_ANOM,Sea Surface Temperature anomalies,SB,Solomon Islands,1953,,-0.4,,,,CELSIUS,Celsius (°C),SE,Standard error,0,,N,National,,
DATAFLOW,SPC:DF_CLIMATE_CHANGE(1.0),Climate Change indicators,I,A,Annual,SST_ANOM,Sea Surface Temperature anomalies,SB,Solomon Islands,1954,,-0.4,,,,CELSIUS,Celsius (°C),SE,Standard error,0.1,,N,National,,
DATAFLOW,SPC:DF_CLIMATE_CHANGE(1.0),Climate Change indicators,I,A,Annual,SST_ANOM,Sea Surface Temperature anomalies,SB,Solomon Islands,1955,,-0.4,,,,CELSIUS,Celsius (°C),SE,Standard error,0,,N,National,,
DATAFLOW,SPC:DF_CLIMATE_CHANGE(1.0),Climate Change indicators,I,A,Annual,SST_ANOM,Sea Surface Temperature anomalies,SB,Solomon Islands,1956,,-0.1,,,,CELSIUS,Celsius (°C),SE,Standard error,0.1,,N,National,,
DATAFLOW,SPC:DF_CLIMATE_CHANGE(1.0),Climate Change indicators,I,A,Annual,SST_ANOM,Sea Surface Temperature anomalies,SB,Solomon Islands,1957,,-0.5,,,,CELSIUS,Celsius (°C),SE,Standard error,0.1,,N,National,,
DATAFLOW,SPC:DF_CLIMATE_CHANGE(1.0),Climate Change indicators,I,A,Annual,SST_ANOM,Sea Surface Temperature anomalies,SB,Solomon Islands,1958,,-0.4,,,,CELSIUS,Celsius (°C),SE,Standard error,0,,N,National,,
DATAFLOW,SPC:DF_CLIMATE_CHANGE(1.0),Climate Change indicators,I,A,Annual,SST_ANOM,Sea Surface Temperature anomalies,SB,Solomon Islands,1959,,-0.4,,,,CELSIUS,Celsius (°C),SE,Standard error,0.1,,N,National,,
DATAFLOW,SPC:DF_CLIMATE_CHANGE(1.0),Climate Change indicators,I,A,Annual,SST_ANOM,Sea Surface Temperature anomalies,SB,Solomon Islands,1960,,-0.3,,,,CELSIUS,Celsius (°C),SE,Standard error,0.1,,N,National,,
DATAFLOW,SPC:DF_CLIMATE_CHANGE(1.0),Climate Change indicators,I,A,Annual,SST_ANOM,Sea Surface Temperature anomalies,SB,Solomon Islands,1961,,-0.3,,,,CELSIUS,Celsius (°C),SE,Standard error,0,,N,National,,
DATAFLOW,SPC:DF_CLIMATE_CHANGE(1.0),Climate Change indicators,I,A,Annual,SST_ANOM,Sea Surface Temperature anomalies,SB,Solomon Islands,1962,,-0.1,,,,CELSIUS,Celsius (°C),SE,Standard error,0,,N,National,,
DATAFLOW,SPC:DF_CLIMATE_CHANGE(1.0),Climate Change indicators,I,A,Annual,SST_ANOM,Sea Surface Temperature anomalies,SB,Solomon Islands,1963,,-0.1,,,,CELSIUS,Celsius (°C),SE,Standard error,0.1,,N,National,,
DATAFLOW,SPC:DF_CLIMATE_CHANGE(1.0),Climate Change indicators,I,A,Annual,SST_ANOM,Sea Surface Temperature anomalies,SB,Solomon Islands,1964,,-0.3,,,,CELSIUS,Celsius (°C),SE,Standard error,0.1,,N,National,,
DATAFLOW,SPC:DF_CLIMATE_CHANGE(1.0),Climate Change indicators,I,A,Annual,SST_ANOM,Sea Surface Temperature anomalies,SB,Solomon Islands,1965,,-0.8,,,,CELSIUS,Celsius (°C),SE,Standard error,0.1,,N,National,,
DATAFLOW,SPC:DF_CLIMATE_CHANGE(1.0),Climate Change indicators,I,A,Annual,SST_ANOM,Sea Surface Temperature anomalies,SB,Solomon Islands,1966,,-0.5,,,,CELSIUS,Celsius (°C),SE,Standard error,0,,N,National,,
DATAFLOW,SPC:DF_CLIMATE_CHANGE(1.0),Climate Change indicators,I,A,Annual,SST_ANOM,Sea Surface Temperature anomalies,SB,Solomon Islands,1967,,-0.3,,,,CELSIUS,Celsius (°C),SE,Standard error,0.1,,N,National,,
DATAFLOW,SPC:DF_CLIMATE_CHANGE(1.0),Climate Change indicators,I,A,Annual,SST_ANOM,Sea Surface Temperature anomalies,SB,Solomon Islands,1968,,-0.2,,,,CELSIUS,Celsius (°C),SE,Standard error,0,,N,National,,
DATAFLOW,SPC:DF_CLIMATE_CHANGE(1.0),Climate Change indicators,I,A,Annual,SST_ANOM,Sea Surface Temperature anomalies,SB,Solomon Islands,1969,,0,,,,CELSIUS,Celsius (°C),SE,Standard error,0,,N,National,,
DATAFLOW,SPC:DF_CLIMATE_CHANGE(1.0),Climate Change indicators,I,A,Annual,SST_ANOM,Sea Surface Temperature anomalies,SB,Solomon Islands,1970,,0,,,,CELSIUS,Celsius (°C),SE,Standard error,0,,N,National,,
DATAFLOW,SPC:DF_CLIMATE_CHANGE(1.0),Climate Change indicators,I,A,Annual,SST_ANOM,Sea Surface Temperature anomalies,SB,Solomon Islands,1971,,-0.1,,,,CELSIUS,Celsius (°C),SE,Standard error,0,,N,National,,
DATAFLOW,SPC:DF_CLIMATE_CHANGE(1.0),Climate Change indicators,I,A,Annual,SST_ANOM,Sea Surface Temperature anomalies,SB,Solomon Islands,1972,,-0.4,,,,CELSIUS,Celsius (°C),SE,Standard error,0.1,,N,National,,
DATAFLOW,SPC:DF_CLIMATE_CHANGE(1.0),Climate Change indicators,I,A,Annual,SST_ANOM,Sea Surface Temperature anomalies,SB,Solomon Islands,1973,,0,,,,CELSIUS,Celsius (°C),SE,Standard error,0,,N,National,,
DATAFLOW,SPC:DF_CLIMATE_CHANGE(1.0),Climate Change indicators,I,A,Annual,SST_ANOM,Sea Surface Temperature anomalies,SB,Solomon Islands,1974,,0,,,,CELSIUS,Celsius (°C),SE,Standard error,0,,N,National,,
DATAFLOW,SPC:DF_CLIMATE_CHANGE(1.0),Climate Change indicators,I,A,Annual,SST_ANOM,Sea Surface Temperature anomalies,SB,Solomon Islands,1975,,-0.2,,,,CELSIUS,Celsius (°C),SE,Standard error,0.1,,N,National,,
DATAFLOW,SPC:DF_CLIMATE_CHANGE(1.0),Climate Change indicators,I,A,Annual,SST_ANOM,Sea Surface Temperature anomalies,SB,Solomon Islands,1976,,-0.3,,,,CELSIUS,Celsius (°C),SE,Standard error,0,,N,National,,
DATAFLOW,SPC:DF_CLIMATE_CHANGE(1.0),Climate Change indicators,I,A,Annual,SST_ANOM,Sea Surface Temperature anomalies,SB,Solomon Islands,1977,,-0.2,,,,CELSIUS,Celsius (°C),SE,Standard error,0.1,,N,National,,
DATAFLOW,SPC:DF_CLIMATE_CHANGE(1.0),Climate Change indicators,I,A,Annual,SST_ANOM,Sea Surface Temperature anomalies,SB,Solomon Islands,1978,,-0.1,,,,CELSIUS,Celsius (°C),SE,Standard error,0.1,,N,National,,
DATAFLOW,SPC:DF_CLIMATE_CHANGE(1.0),Climate Change indicators,I,A,Annual,SST_ANOM,Sea Surface Temperature anomalies,SB,Solomon Islands,1979,,-0.1,,,,CELSIUS,Celsius (°C),SE,Standard error,0,,N,National,,
DATAFLOW,SPC:DF_CLIMATE_CHANGE(1.0),Climate Change indicators,I,A,Annual,SST_ANOM,Sea Surface Temperature anomalies,SB,Solomon Islands,1980,,-0.1,,,,CELSIUS,Celsius (°C),SE,Standard error,0,,N,National,,
DATAFLOW,SPC:DF_CLIMATE_CHANGE(1.0),Climate Change indicators,I,A,Annual,SST_ANOM,Sea Surface Temperature anomalies,SB,Solomon Islands,1981,,0.1,,,,CELSIUS,Celsius (°C),SE,Standard error,0,,N,National,,
DATAFLOW,SPC:DF_CLIMATE_CHANGE(1.0),Climate Change indicators,I,A,Annual,SST_ANOM,Sea Surface Temperature anomalies,SB,Solomon Islands,1982,,-0.2,,,,CELSIUS,Celsius (°C),SE,Standard error,0.1,,N,National,,
DATAFLOW,SPC:DF_CLIMATE_CHANGE(1.0),Climate Change indicators,I,A,Annual,SST_ANOM,Sea Surface Temperature anomalies,SB,Solomon Islands,1983,,-0.3,,,,CELSIUS,Celsius (°C),SE,Standard error,0,,N,National,,
DATAFLOW,SPC:DF_CLIMATE_CHANGE(1.0),Climate Change indicators,I,A,Annual,SST_ANOM,Sea Surface Temperature anomalies,SB,Solomon Islands,1984,,0,,,,CELSIUS,Celsius (°C),SE,Standard error,0,,N,National,,
DATAFLOW,SPC:DF_CLIMATE_CHANGE(1.0),Climate Change indicators,I,A,Annual,SST_ANOM,Sea Surface Temperature anomalies,SB,Solomon Islands,1985,,0,,,,CELSIUS,Celsius (°C),SE,Standard error,0,,N,National,,
DATAFLOW,SPC:DF_CLIMATE_CHANGE(1.0),Climate Change indicators,I,A,Annual,SST_ANOM,Sea Surface Temperature anomalies,SB,Solomon Islands,1986,,-0.1,,,,CELSIUS,Celsius (°C),SE,Standard error,0.1,,N,National,,
DATAFLOW,SPC:DF_CLIMATE_CHANGE(1.0),Climate Change indicators,I,A,Annual,SST_ANOM,Sea Surface Temperature anomalies,SB,Solomon Islands,1987,,-0.3,,,,CELSIUS,Celsius (°C),SE,Standard error,0.1,,N,National,,
DATAFLOW,SPC:DF_CLIMATE_CHANGE(1.0),Climate Change indicators,I,A,Annual,SST_ANOM,Sea Surface Temperature anomalies,SB,Solomon Islands,1988,,0.2,,,,CELSIUS,Celsius (°C),SE,Standard error,0,,N,National,,
DATAFLOW,SPC:DF_CLIMATE_CHANGE(1.0),Climate Change indicators,I,A,Annual,SST_ANOM,Sea Surface Temperature anomalies,SB,Solomon Islands,1989,,0.2,,,,CELSIUS,Celsius (°C),SE,Standard error,0.1,,N,National,,
DATAFLOW,SPC:DF_CLIMATE_CHANGE(1.0),Climate Change indicators,I,A,Annual,SST_ANOM,Sea Surface Temperature anomalies,SB,Solomon Islands,1990,,0.2,,,,CELSIUS,Celsius (°C),SE,Standard error,0,,N,National,,
DATAFLOW,SPC:DF_CLIMATE_CHANGE(1.0),Climate Change indicators,I,A,Annual,SST_ANOM,Sea Surface Temperature anomalies,SB,Solomon Islands,1991,,0.1,,,,CELSIUS,Celsius (°C),SE,Standard error,0.1,,N,National,,
DATAFLOW,SPC:DF_CLIMATE_CHANGE(1.0),Climate Change indicators,I,A,Annual,SST_ANOM,Sea Surface Temperature anomalies,SB,Solomon Islands,1992,,-0.3,,,,CELSIUS,Celsius (°C),SE,Standard error,0,,N,National,,
DATAFLOW,SPC:DF_CLIMATE_CHANGE(1.0),Climate Change indicators,I,A,Annual,SST_ANOM,Sea Surface Temperature anomalies,SB,Solomon Islands,1993,,-0.5,,,,CELSIUS,Celsius (°C),SE,Standard error,0,,N,National,,
DATAFLOW,SPC:DF_CLIMATE_CHANGE(1.0),Climate Change indicators,I,A,Annual,SST_ANOM,Sea Surface Temperature anomalies,SB,Solomon Islands,1994,,-0.1,,,,CELSIUS,Celsius (°C),SE,Standard error,0.1,,N,National,,
DATAFLOW,SPC:DF_CLIMATE_CHANGE(1.0),Climate Change indicators,I,A,Annual,SST_ANOM,Sea Surface Temperature anomalies,SB,Solomon Islands,1995,,0.3,,,,CELSIUS,Celsius (°C),SE,Standard error,0,,N,National,,
DATAFLOW,SPC:DF_CLIMATE_CHANGE(1.0),Climate Change indicators,I,A,Annual,SST_ANOM,Sea Surface Temperature anomalies,SB,Solomon Islands,1996,,0.3,,,,CELSIUS,Celsius (°C),SE,Standard error,0.1,,N,National,,
DATAFLOW,SPC:DF_CLIMATE_CHANGE(1.0),Climate Change indicators,I,A,Annual,SST_ANOM,Sea Surface Temperature anomalies,SB,Solomon Islands,1997,,-0.1,,,,CELSIUS,Celsius (°C),SE,Standard error,0.1,,N,National,,
DATAFLOW,SPC:DF_CLIMATE_CHANGE(1.0),Climate Change indicators,I,A,Annual,SST_ANOM,Sea Surface Temperature anomalies,SB,Solomon Islands,1998,,0.2,,,,CELSIUS,Celsius (°C),SE,Standard error,0,,N,National,,
DATAFLOW,SPC:DF_CLIMATE_CHANGE(1.0),Climate Change indicators,I,A,Annual,SST_ANOM,Sea Surface Temperature anomalies,SB,Solomon Islands,1999,,0.2,,,,CELSIUS,Celsius (°C),SE,Standard error,0,,N,National,,
DATAFLOW,SPC:DF_CLIMATE_CHANGE(1.0),Climate Change indicators,I,A,Annual,SST_ANOM,Sea Surface Temperature anomalies,SB,Solomon Islands,2000,,0.3,,,,CELSIUS,Celsius (°C),SE,Standard error,0.1,,N,National,,
DATAFLOW,SPC:DF_CLIMATE_CHANGE(1.0),Climate Change indicators,I,A,Annual,SST_ANOM,Sea Surface Temperature anomalies,SB,Solomon Islands,2001,,0.4,,,,CELSIUS,Celsius (°C),SE,Standard error,0,,N,National,,
DATAFLOW,SPC:DF_CLIMATE_CHANGE(1.0),Climate Change indicators,I,A,Annual,SST_ANOM,Sea Surface Temperature anomalies,SB,Solomon Islands,2002,,0.3,,,,CELSIUS,Celsius (°C),SE,Standard error,0.1,,N,National,,
DATAFLOW,SPC:DF_CLIMATE_CHANGE(1.0),Climate Change indicators,I,A,Annual,SST_ANOM,Sea Surface Temperature anomalies,SB,Solomon Islands,2003,,0.5,,,,CELSIUS,Celsius (°C),SE,Standard error,0,,N,National,,
DATAFLOW,SPC:DF_CLIMATE_CHANGE(1.0),Climate Change indicators,I,A,Annual,SST_ANOM,Sea Surface Temperature anomalies,SB,Solomon Islands,2004,,0.3,,,,CELSIUS,Celsius (°C),SE,Standard error,0.1,,N,National,,
DATAFLOW,SPC:DF_CLIMATE_CHANGE(1.0),Climate Change indicators,I,A,Annual,SST_ANOM,Sea Surface Temperature anomalies,SB,Solomon Islands,2005,,0.5,,,,CELSIUS,Celsius (°C),SE,Standard error,0,,N,National,,
DATAFLOW,SPC:DF_CLIMATE_CHANGE(1.0),Climate Change indicators,I,A,Annual,SST_ANOM,Sea Surface Temperature anomalies,SB,Solomon Islands,2006,,0.3,,,,CELSIUS,Celsius (°C),SE,Standard error,0.1,,N,National,,
DATAFLOW,SPC:DF_CLIMATE_CHANGE(1.0),Climate Change indicators,I,A,Annual,SST_ANOM,Sea Surface Temperature anomalies,SB,Solomon Islands,2007,,0.6,,,,CELSIUS,Celsius (°C),SE,Standard error,0,,N,National,,
DATAFLOW,SPC:DF_CLIMATE_CHANGE(1.0),Climate Change indicators,I,A,Annual,SST_ANOM,Sea Surface Temperature anomalies,SB,Solomon Islands,2008,,0.3,,,,CELSIUS,Celsius (°C),SE,Standard error,0.1,,N,National,,
DATAFLOW,SPC:DF_CLIMATE_CHANGE(1.0),Climate Change indicators,I,A,Annual,SST_ANOM,Sea Surface Temperature anomalies,SB,Solomon Islands,2009,,0.4,,,,CELSIUS,Celsius (°C),SE,Standard error,0.1,,N,National,,
DATAFLOW,SPC:DF_CLIMATE_CHANGE(1.0),Climate Change indicators,I,A,Annual,SST_ANOM,Sea Surface Temperature anomalies,SB,Solomon Islands,2010,,0.4,,,,CELSIUS,Celsius (°C),SE,Standard error,0.1,,N,National,,
DATAFLOW,SPC:DF_CLIMATE_CHANGE(1.0),Climate Change indicators,I,A,Annual,SST_ANOM,Sea Surface Temperature anomalies,SB,Solomon Islands,2011,,0.4,,,,CELSIUS,Celsius (°C),SE,Standard error,0,,N,National,,
DATAFLOW,SPC:DF_CLIMATE_CHANGE(1.0),Climate Change indicators,I,A,Annual,SST_ANOM,Sea Surface Temperature anomalies,SB,Solomon Islands,2012,,0.3,,,,CELSIUS,Celsius (°C),SE,Standard error,0.1,,N,National,,
DATAFLOW,SPC:DF_CLIMATE_CHANGE(1.0),Climate Change indicators,I,A,Annual,SST_ANOM,Sea Surface Temperature anomalies,SB,Solomon Islands,2013,,0.4,,,,CELSIUS,Celsius (°C),SE,Standard error,0,,N,National,,
DATAFLOW,SPC:DF_CLIMATE_CHANGE(1.0),Climate Change indicators,I,A,Annual,SST_ANOM,Sea Surface Temperature anomalies,SB,Solomon Islands,2014,,0.5,,,,CELSIUS,Celsius (°C),SE,Standard error,0,,N,National,,
DATAFLOW,SPC:DF_CLIMATE_CHANGE(1.0),Climate Change indicators,I,A,Annual,SST_ANOM,Sea Surface Temperature anomalies,SB,Solomon Islands,2015,,0.1,,,,CELSIUS,Celsius (°C),SE,Standard error,0.1,,N,National,,
DATAFLOW,SPC:DF_CLIMATE_CHANGE(1.0),Climate Change indicators,I,A,Annual,SST_ANOM,Sea Surface Temperature anomalies,SB,Solomon Islands,2016,,0.7,,,,CELSIUS,Celsius (°C),SE,Standard error,0,,N,National,,
DATAFLOW,SPC:DF_CLIMATE_CHANGE(1.0),Climate Change indicators,I,A,Annual,SST_ANOM,Sea Surface Temperature anomalies,SB,Solomon Islands,2017,,0.7,,,,CELSIUS,Celsius (°C),SE,Standard error,0,,N,National,,
DATAFLOW,SPC:DF_CLIMATE_CHANGE(1.0),Climate Change indicators,I,A,Annual,SST_ANOM,Sea Surface Temperature anomalies,SB,Solomon Islands,2018,,0.6,,,,CELSIUS,Celsius (°C),SE,Standard error,0,,N,National,,
DATAFLOW,SPC:DF_CLIMATE_CHANGE(1.0),Climate Change indicators,I,A,Annual,SST_ANOM,Sea Surface Temperature anomalies,SB,Solomon Islands,2019,,0.5,,,,CELSIUS,Celsius (°C),SE,Standard error,0,,N,National,,
DATAFLOW,SPC:DF_CLIMATE_CHANGE(1.0),Climate Change indicators,I,A,Annual,SST_ANOM,Sea Surface Temperature anomalies,SB,Solomon Islands,2020,,0.8,,,,CELSIUS,Celsius (°C),SE,Standard error,0.1,,N,National,,
DATAFLOW,SPC:DF_CLIMATE_CHANGE(1.0),Climate Change indicators,I,A,Annual,SST_ANOM,Sea Surface Temperature anomalies,SB,Solomon Islands,2021,,0.6,,,,CELSIUS,Celsius (°C),SE,Standard error,0,,N,National,,
DATAFLOW,SPC:DF_CLIMATE_CHANGE(1.0),Climate Change indicators,I,A,Annual,SST_ANOM,Sea Surface Temperature anomalies,SB,Solomon Islands,2022,,0.7,,,,CELSIUS,Celsius (°C),SE,Standard error,0,,N,National,,
DATAFLOW,SPC:DF_CLIMATE_CHANGE(1.0),Climate Change indicators,I,A,Annual,SST_ANOM,Sea Surface Temperature anomalies,SB,Solomon Islands,2023,,0.6,,,,CELSIUS,Celsius (°C),SE,Standard error,0.1,,N,National,,
DATAFLOW,SPC:DF_CLIMATE_CHANGE(1.0),Climate Change indicators,I,A,Annual,SST_ANOM,Sea Surface Temperature anomalies,SB,Solomon Islands,2024,,0.9,,,,CELSIUS,Celsius (°C),SE,Standard error,0,,N,National,,
DATAFLOW,SPC:DF_CLIMATE_CHANGE(1.0),Climate Change indicators,I,A,Annual,SST_ANOM,Sea Surface Temperature anomalies,SB,Solomon Islands,2025,,0.9,,,,CELSIUS,Celsius (°C),SE,Standard error,0,,N,National,,
DATAFLOW,SPC:DF_CLIMATE_CHANGE(1.0),Climate Change indicators,I,A,Annual,SST_ANOM,Sea Surface Temperature anomalies,PF,French Polynesia,1850,,-0.5,,,,CELSIUS,Celsius (°C),SE,Standard error,0.1,,N,National,,
DATAFLOW,SPC:DF_CLIMATE_CHANGE(1.0),Climate Change indicators,I,A,Annual,SST_ANOM,Sea Surface Temperature anomalies,PF,French Polynesia,1851,,-0.3,,,,CELSIUS,Celsius (°C),SE,Standard error,0,,N,National,,
DATAFLOW,SPC:DF_CLIMATE_CHANGE(1.0),Climate Change indicators,I,A,Annual,SST_ANOM,Sea Surface Temperature anomalies,PF,French Polynesia,1852,,-0.3,,,,CELSIUS,Celsius (°C),SE,Standard error,0.1,,N,National,,
DATAFLOW,SPC:DF_CLIMATE_CHANGE(1.0),Climate Change indicators,I,A,Annual,SST_ANOM,Sea Surface Temperature anomalies,PF,French Polynesia,1853,,-0.1,,,,CELSIUS,Celsius (°C),SE,Standard error,0.1,,N,National,,
DATAFLOW,SPC:DF_CLIMATE_CHANGE(1.0),Climate Change indicators,I,A,Annual,SST_ANOM,Sea Surface Temperature anomalies,PF,French Polynesia,1854,,0.1,,,,CELSIUS,Celsius (°C),SE,Standard error,0.1,,N,National,,
DATAFLOW,SPC:DF_CLIMATE_CHANGE(1.0),Climate Change indicators,I,A,Annual,SST_ANOM,Sea Surface Temperature anomalies,PF,French Polynesia,1855,,-0.3,,,,CELSIUS,Celsius (°C),SE,Standard error,0,,N,National,,
DATAFLOW,SPC:DF_CLIMATE_CHANGE(1.0),Climate Change indicators,I,A,Annual,SST_ANOM,Sea Surface Temperature anomalies,PF,French Polynesia,1856,,-0.3,,,,CELSIUS,Celsius (°C),SE,Standard error,0.1,,N,National,,
DATAFLOW,SPC:DF_CLIMATE_CHANGE(1.0),Climate Change indicators,I,A,Annual,SST_ANOM,Sea Surface Temperature anomalies,PF,French Polynesia,1857,,-0.4,,,,CELSIUS,Celsius (°C),SE,Standard error,0.1,,N,National,,
DATAFLOW,SPC:DF_CLIMATE_CHANGE(1.0),Climate Change indicators,I,A,Annual,SST_ANOM,Sea Surface Temperature anomalies,PF,French Polynesia,1858,,-0.1,,,,CELSIUS,Celsius (°C),SE,Standard error,0,,N,National,,
DATAFLOW,SPC:DF_CLIMATE_CHANGE(1.0),Climate Change indicators,I,A,Annual,SST_ANOM,Sea Surface Temperature anomalies,PF,French Polynesia,1859,,-0.1,,,,CELSIUS,Celsius (°C),SE,Standard error,0.1,,N,National,,
DATAFLOW,SPC:DF_CLIMATE_CHANGE(1.0),Climate Change indicators,I,A,Annual,SST_ANOM,Sea Surface Temperature anomalies,PF,French Polynesia,1860,,-0.2,,,,CELSIUS,Celsius (°C),SE,Standard error,0,,N,National,,
DATAFLOW,SPC:DF_CLIMATE_CHANGE(1.0),Climate Change indicators,I,A,Annual,SST_ANOM,Sea Surface Temperature anomalies,PF,French Polynesia,1861,,-0.4,,,,CELSIUS,Celsius (°C),SE,Standard error,0,,N,National,,
DATAFLOW,SPC:DF_CLIMATE_CHANGE(1.0),Climate Change indicators,I,A,Annual,SST_ANOM,Sea Surface Temperature anomalies,PF,French Polynesia,1862,,-0.5,,,,CELSIUS,Celsius (°C),SE,Standard error,0,,N,National,,
DATAFLOW,SPC:DF_CLIMATE_CHANGE(1.0),Climate Change indicators,I,A,Annual,SST_ANOM,Sea Surface Temperature anomalies,PF,French Polynesia,1863,,-0.4,,,,CELSIUS,Celsius (°C),SE,Standard error,0,,N,National,,
DATAFLOW,SPC:DF_CLIMATE_CHANGE(1.0),Climate Change indicators,I,A,Annual,SST_ANOM,Sea Surface Temperature anomalies,PF,French Polynesia,1864,,-0.3,,,,CELSIUS,Celsius (°C),SE,Standard error,0,,N,National,,
DATAFLOW,SPC:DF_CLIMATE_CHANGE(1.0),Climate Change indicators,I,A,Annual,SST_ANOM,Sea Surface Temperature anomalies,PF,French Polynesia,1865,,-0.3,,,,CELSIUS,Celsius (°C),SE,Standard error,0,,N,National,,
DATAFLOW,SPC:DF_CLIMATE_CHANGE(1.0),Climate Change indicators,I,A,Annual,SST_ANOM,Sea Surface Temperature anomalies,PF,French Polynesia,1866,,-0.3,,,,CELSIUS,Celsius (°C),SE,Standard error,0,,N,National,,
DATAFLOW,SPC:DF_CLIMATE_CHANGE(1.0),Climate Change indicators,I,A,Annual,SST_ANOM,Sea Surface Temperature anomalies,PF,French Polynesia,1867,,-0.4,,,,CELSIUS,Celsius (°C),SE,Standard error,0,,N,National,,
DATAFLOW,SPC:DF_CLIMATE_CHANGE(1.0),Climate Change indicators,I,A,Annual,SST_ANOM,Sea Surface Temperature anomalies,PF,French Polynesia,1868,,-0.2,,,,CELSIUS,Celsius (°C),SE,Standard error,0.1,,N,National,,
DATAFLOW,SPC:DF_CLIMATE_CHANGE(1.0),Climate Change indicators,I,A,Annual,SST_ANOM,Sea Surface Temperature anomalies,PF,French Polynesia,1869,,-0.5,,,,CELSIUS,Celsius (°C),SE,Standard error,0.1,,N,National,,
DATAFLOW,SPC:DF_CLIMATE_CHANGE(1.0),Climate Change indicators,I,A,Annual,SST_ANOM,Sea Surface Temperature anomalies,PF,French Polynesia,1870,,-0.4,,,,CELSIUS,Celsius (°C),SE,Standard error,0.1,,N,National,,
DATAFLOW,SPC:DF_CLIMATE_CHANGE(1.0),Climate Change indicators,I,A,Annual,SST_ANOM,Sea Surface Temperature anomalies,PF,French Polynesia,1871,,-0.2,,,,CELSIUS,Celsius (°C),SE,Standard error,0,,N,National,,
DATAFLOW,SPC:DF_CLIMATE_CHANGE(1.0),Climate Change indicators,I,A,Annual,SST_ANOM,Sea Surface Temperature anomalies,PF,French Polynesia,1872,,-0.4,,,,CELSIUS,Celsius (°C),SE,Standard error,0.1,,N,National,,
DATAFLOW,SPC:DF_CLIMATE_CHANGE(1.0),Climate Change indicators,I,A,Annual,SST_ANOM,Sea Surface Temperature anomalies,PF,French Polynesia,1873,,-0.7,,,,CELSIUS,Celsius (°C),SE,Standard error,0,,N,National,,
DATAFLOW,SPC:DF_CLIMATE_CHANGE(1.0),Climate Change indicators,I,A,Annual,SST_ANOM,Sea Surface Temperature anomalies,PF,French Polynesia,1874,,-0.5,,,,CELSIUS,Celsius (°C),SE,Standard error,0.1,,N,National,,
DATAFLOW,SPC:DF_CLIMATE_CHANGE(1.0),Climate Change indicators,I,A,Annual,SST_ANOM,Sea Surface Temperature anomalies,PF,French Polynesia,1875,,-0.6,,,,CELSIUS,Celsius (°C),SE,Standard error,0,,N,National,,
DATAFLOW,SPC:DF_CLIMATE_CHANGE(1.0),Climate Change indicators,I,A,Annual,SST_ANOM,Sea Surface Temperature anomalies,PF,French Polynesia,1876,,-0.5,,,,CELSIUS,Celsius (°C),SE,Standard error,0,,N,National,,
DATAFLOW,SPC:DF_CLIMATE_CHANGE(1.0),Climate Change indicators,I,A,Annual,SST_ANOM,Sea Surface Temperature anomalies,PF,French Polynesia,1877,,-0.3,,,,CELSIUS,Celsius (°C),SE,Standard error,0.1,,N,National,,
DATAFLOW,SPC:DF_CLIMATE_CHANGE(1.0),Climate Change indicators,I,A,Annual,SST_ANOM,Sea Surface Temperature anomalies,PF,French Polynesia,1878,,-0.3,,,,CELSIUS,Celsius (°C),SE,Standard error,0.1,,N,National,,
DATAFLOW,SPC:DF_CLIMATE_CHANGE(1.0),Climate Change indicators,I,A,Annual,SST_ANOM,Sea Surface Temperature anomalies,PF,French Polynesia,1879,,-0.4,,,,CELSIUS,Celsius (°C),SE,Standard error,0,,N,National,,
DATAFLOW,SPC:DF_CLIMATE_CHANGE(1.0),Climate Change indicators,I,A,Annual,SST_ANOM,Sea Surface Temperature anomalies,PF,French Polynesia,1880,,-0.3,,,,CELSIUS,Celsius (°C),SE,Standard error,0,,N,National,,
DATAFLOW,SPC:DF_CLIMATE_CHANGE(1.0),Climate Change indicators,I,A,Annual,SST_ANOM,Sea Surface Temperature anomalies,PF,French Polynesia,1881,,-0.3,,,,CELSIUS,Celsius (°C),SE,Standard error,0,,N,National,,
DATAFLOW,SPC:DF_CLIMATE_CHANGE(1.0),Climate Change indicators,I,A,Annual,SST_ANOM,Sea Surface Temperature anomalies,PF,French Polynesia,1882,,-0.2,,,,CELSIUS,Celsius (°C),SE,Standard error,0,,N,National,,
DATAFLOW,SPC:DF_CLIMATE_CHANGE(1.0),Climate Change indicators,I,A,Annual,SST_ANOM,Sea Surface Temperature anomalies,PF,French Polynesia,1883,,-0.5,,,,CELSIUS,Celsius (°C),SE,Standard error,0,,N,National,,
DATAFLOW,SPC:DF_CLIMATE_CHANGE(1.0),Climate Change indicators,I,A,Annual,SST_ANOM,Sea Surface Temperature anomalies,PF,French Polynesia,1884,,-0.5,,,,CELSIUS,Celsius (°C),SE,Standard error,0.1,,N,National,,
DATAFLOW,SPC:DF_CLIMATE_CHANGE(1.0),Climate Change indicators,I,A,Annual,SST_ANOM,Sea Surface Temperature anomalies,PF,French Polynesia,1885,,-0.7,,,,CELSIUS,Celsius (°C),SE,Standard error,0.1,,N,National,,
DATAFLOW,SPC:DF_CLIMATE_CHANGE(1.0),Climate Change indicators,I,A,Annual,SST_ANOM,Sea Surface Temperature anomalies,PF,French Polynesia,1886,,-0.6,,,,CELSIUS,Celsius (°C),SE,Standard error,0.1,,N,National,,
DATAFLOW,SPC:DF_CLIMATE_CHANGE(1.0),Climate Change indicators,I,A,Annual,SST_ANOM,Sea Surface Temperature anomalies,PF,French Polynesia,1887,,-0.3,,,,CELSIUS,Celsius (°C),SE,Standard error,0.1,,N,National,,
DATAFLOW,SPC:DF_CLIMATE_CHANGE(1.0),Climate Change indicators,I,A,Annual,SST_ANOM,Sea Surface Temperature anomalies,PF,French Polynesia,1888,,-0.3,,,,CELSIUS,Celsius (°C),SE,Standard error,0.1,,N,National,,
DATAFLOW,SPC:DF_CLIMATE_CHANGE(1.0),Climate Change indicators,I,A,Annual,SST_ANOM,Sea Surface Temperature anomalies,PF,French Polynesia,1889,,-0.1,,,,CELSIUS,Celsius (°C),SE,Standard error,0.1,,N,National,,
DATAFLOW,SPC:DF_CLIMATE_CHANGE(1.0),Climate Change indicators,I,A,Annual,SST_ANOM,Sea Surface Temperature anomalies,PF,French Polynesia,1890,,-0.9,,,,CELSIUS,Celsius (°C),SE,Standard error,0.1,,N,National,,
DATAFLOW,SPC:DF_CLIMATE_CHANGE(1.0),Climate Change indicators,I,A,Annual,SST_ANOM,Sea Surface Temperature anomalies,PF,French Polynesia,1891,,-0.5,,,,CELSIUS,Celsius (°C),SE,Standard error,0.1,,N,National,,
DATAFLOW,SPC:DF_CLIMATE_CHANGE(1.0),Climate Change indicators,I,A,Annual,SST_ANOM,Sea Surface Temperature anomalies,PF,French Polynesia,1892,,-0.2,,,,CELSIUS,Celsius (°C),SE,Standard error,0.1,,N,National,,
DATAFLOW,SPC:DF_CLIMATE_CHANGE(1.0),Climate Change indicators,I,A,Annual,SST_ANOM,Sea Surface Temperature anomalies,PF,French Polynesia,1893,,-0.5,,,,CELSIUS,Celsius (°C),SE,Standard error,0.1,,N,National,,
DATAFLOW,SPC:DF_CLIMATE_CHANGE(1.0),Climate Change indicators,I,A,Annual,SST_ANOM,Sea Surface Temperature anomalies,PF,French Polynesia,1894,,-0.2,,,,CELSIUS,Celsius (°C),SE,Standard error,0.1,,N,National,,
DATAFLOW,SPC:DF_CLIMATE_CHANGE(1.0),Climate Change indicators,I,A,Annual,SST_ANOM,Sea Surface Temperature anomalies,PF,French Polynesia,1895,,-0.3,,,,CELSIUS,Celsius (°C),SE,Standard error,0.1,,N,National,,
DATAFLOW,SPC:DF_CLIMATE_CHANGE(1.0),Climate Change indicators,I,A,Annual,SST_ANOM,Sea Surface Temperature anomalies,PF,French Polynesia,1896,,-0.1,,,,CELSIUS,Celsius (°C),SE,Standard error,0,,N,National,,
DATAFLOW,SPC:DF_CLIMATE_CHANGE(1.0),Climate Change indicators,I,A,Annual,SST_ANOM,Sea Surface Temperature anomalies,PF,French Polynesia,1897,,0.1,,,,CELSIUS,Celsius (°C),SE,Standard error,0.1,,N,National,,
DATAFLOW,SPC:DF_CLIMATE_CHANGE(1.0),Climate Change indicators,I,A,Annual,SST_ANOM,Sea Surface Temperature anomalies,PF,French Polynesia,1898,,-0.2,,,,CELSIUS,Celsius (°C),SE,Standard error,0.1,,N,National,,
DATAFLOW,SPC:DF_CLIMATE_CHANGE(1.0),Climate Change indicators,I,A,Annual,SST_ANOM,Sea Surface Temperature anomalies,PF,French Polynesia,1899,,0.1,,,,CELSIUS,Celsius (°C),SE,Standard error,0.1,,N,National,,
DATAFLOW,SPC:DF_CLIMATE_CHANGE(1.0),Climate Change indicators,I,A,Annual,SST_ANOM,Sea Surface Temperature anomalies,PF,French Polynesia,1900,,0.1,,,,CELSIUS,Celsius (°C),SE,Standard error,0.1,,N,National,,
DATAFLOW,SPC:DF_CLIMATE_CHANGE(1.0),Climate Change indicators,I,A,Annual,SST_ANOM,Sea Surface Temperature anomalies,PF,French Polynesia,1901,,0.4,,,,CELSIUS,Celsius (°C),SE,Standard error,0.1,,N,National,,
DATAFLOW,SPC:DF_CLIMATE_CHANGE(1.0),Climate Change indicators,I,A,Annual,SST_ANOM,Sea Surface Temperature anomalies,PF,French Polynesia,1902,,0,,,,CELSIUS,Celsius (°C),SE,Standard error,0.1,,N,National,,
DATAFLOW,SPC:DF_CLIMATE_CHANGE(1.0),Climate Change indicators,I,A,Annual,SST_ANOM,Sea Surface Temperature anomalies,PF,French Polynesia,1903,,-0.2,,,,CELSIUS,Celsius (°C),SE,Standard error,0.1,,N,National,,
DATAFLOW,SPC:DF_CLIMATE_CHANGE(1.0),Climate Change indicators,I,A,Annual,SST_ANOM,Sea Surface Temperature anomalies,PF,French Polynesia,1904,,-0.6,,,,CELSIUS,Celsius (°C),SE,Standard error,0.1,,N,National,,
DATAFLOW,SPC:DF_CLIMATE_CHANGE(1.0),Climate Change indicators,I,A,Annual,SST_ANOM,Sea Surface Temperature anomalies,PF,French Polynesia,1905,,-0.4,,,,CELSIUS,Celsius (°C),SE,Standard error,0.1,,N,National,,
DATAFLOW,SPC:DF_CLIMATE_CHANGE(1.0),Climate Change indicators,I,A,Annual,SST_ANOM,Sea Surface Temperature anomalies,PF,French Polynesia,1906,,-0.1,,,,CELSIUS,Celsius (°C),SE,Standard error,0.1,,N,National,,
DATAFLOW,SPC:DF_CLIMATE_CHANGE(1.0),Climate Change indicators,I,A,Annual,SST_ANOM,Sea Surface Temperature anomalies,PF,French Polynesia,1907,,-0.4,,,,CELSIUS,Celsius (°C),SE,Standard error,0.1,,N,National,,
DATAFLOW,SPC:DF_CLIMATE_CHANGE(1.0),Climate Change indicators,I,A,Annual,SST_ANOM,Sea Surface Temperature anomalies,PF,French Polynesia,1908,,-0.3,,,,CELSIUS,Celsius (°C),SE,Standard error,0.1,,N,National,,
DATAFLOW,SPC:DF_CLIMATE_CHANGE(1.0),Climate Change indicators,I,A,Annual,SST_ANOM,Sea Surface Temperature anomalies,PF,French Polynesia,1909,,-0.8,,,,CELSIUS,Celsius (°C),SE,Standard error,0.1,,N,National,,
DATAFLOW,SPC:DF_CLIMATE_CHANGE(1.0),Climate Change indicators,I,A,Annual,SST_ANOM,Sea Surface Temperature anomalies,PF,French Polynesia,1910,,-0.8,,,,CELSIUS,Celsius (°C),SE,Standard error,0.1,,N,National,,
DATAFLOW,SPC:DF_CLIMATE_CHANGE(1.0),Climate Change indicators,I,A,Annual,SST_ANOM,Sea Surface Temperature anomalies,PF,French Polynesia,1911,,-0.6,,,,CELSIUS,Celsius (°C),SE,Standard error,0.1,,N,National,,
DATAFLOW,SPC:DF_CLIMATE_CHANGE(1.0),Climate Change indicators,I,A,Annual,SST_ANOM,Sea Surface Temperature anomalies,PF,French Polynesia,1912,,-0.5,,,,CELSIUS,Celsius (°C),SE,Standard error,0.1,,N,National,,
DATAFLOW,SPC:DF_CLIMATE_CHANGE(1.0),Climate Change indicators,I,A,Annual,SST_ANOM,Sea Surface Temperature anomalies,PF,French Polynesia,1913,,-0.4,,,,CELSIUS,Celsius (°C),SE,Standard error,0.1,,N,National,,
DATAFLOW,SPC:DF_CLIMATE_CHANGE(1.0),Climate Change indicators,I,A,Annual,SST_ANOM,Sea Surface Temperature anomalies,PF,French Polynesia,1914,,-0.6,,,,CELSIUS,Celsius (°C),SE,Standard error,0.1,,N,National,,
DATAFLOW,SPC:DF_CLIMATE_CHANGE(1.0),Climate Change indicators,I,A,Annual,SST_ANOM,Sea Surface Temperature anomalies,PF,French Polynesia,1915,,-0.2,,,,CELSIUS,Celsius (°C),SE,Standard error,0.1,,N,National,,
DATAFLOW,SPC:DF_CLIMATE_CHANGE(1.0),Climate Change indicators,I,A,Annual,SST_ANOM,Sea Surface Temperature anomalies,PF,French Polynesia,1916,,-0.2,,,,CELSIUS,Celsius (°C),SE,Standard error,0.1,,N,National,,
DATAFLOW,SPC:DF_CLIMATE_CHANGE(1.0),Climate Change indicators,I,A,Annual,SST_ANOM,Sea Surface Temperature anomalies,PF,French Polynesia,1917,,-0.8,,,,CELSIUS,Celsius (°C),SE,Standard error,0.1,,N,National,,
DATAFLOW,SPC:DF_CLIMATE_CHANGE(1.0),Climate Change indicators,I,A,Annual,SST_ANOM,Sea Surface Temperature anomalies,PF,French Polynesia,1918,,-0.3,,,,CELSIUS,Celsius (°C),SE,Standard error,0,,N,National,,
DATAFLOW,SPC:DF_CLIMATE_CHANGE(1.0),Climate Change indicators,I,A,Annual,SST_ANOM,Sea Surface Temperature anomalies,PF,French Polynesia,1919,,-0.3,,,,CELSIUS,Celsius (°C),SE,Standard error,0,,N,National,,
DATAFLOW,SPC:DF_CLIMATE_CHANGE(1.0),Climate Change indicators,I,A,Annual,SST_ANOM,Sea Surface Temperature anomalies,PF,French Polynesia,1920,,-0.1,,,,CELSIUS,Celsius (°C),SE,Standard error,0.1,,N,National,,
DATAFLOW,SPC:DF_CLIMATE_CHANGE(1.0),Climate Change indicators,I,A,Annual,SST_ANOM,Sea Surface Temperature anomalies,PF,French Polynesia,1921,,-0.5,,,,CELSIUS,Celsius (°C),SE,Standard error,0.2,,N,National,,
DATAFLOW,SPC:DF_CLIMATE_CHANGE(1.0),Climate Change indicators,I,A,Annual,SST_ANOM,Sea Surface Temperature anomalies,PF,French Polynesia,1922,,-0.3,,,,CELSIUS,Celsius (°C),SE,Standard error,0.1,,N,National,,
DATAFLOW,SPC:DF_CLIMATE_CHANGE(1.0),Climate Change indicators,I,A,Annual,SST_ANOM,Sea Surface Temperature anomalies,PF,French Polynesia,1923,,-0.5,,,,CELSIUS,Celsius (°C),SE,Standard error,0,,N,National,,
DATAFLOW,SPC:DF_CLIMATE_CHANGE(1.0),Climate Change indicators,I,A,Annual,SST_ANOM,Sea Surface Temperature anomalies,PF,French Polynesia,1924,,-0.5,,,,CELSIUS,Celsius (°C),SE,Standard error,0.1,,N,National,,
DATAFLOW,SPC:DF_CLIMATE_CHANGE(1.0),Climate Change indicators,I,A,Annual,SST_ANOM,Sea Surface Temperature anomalies,PF,French Polynesia,1925,,-0.5,,,,CELSIUS,Celsius (°C),SE,Standard error,0.1,,N,National,,
DATAFLOW,SPC:DF_CLIMATE_CHANGE(1.0),Climate Change indicators,I,A,Annual,SST_ANOM,Sea Surface Temperature anomalies,PF,French Polynesia,1926,,-0.2,,,,CELSIUS,Celsius (°C),SE,Standard error,0,,N,National,,
DATAFLOW,SPC:DF_CLIMATE_CHANGE(1.0),Climate Change indicators,I,A,Annual,SST_ANOM,Sea Surface Temperature anomalies,PF,French Polynesia,1927,,-0.2,,,,CELSIUS,Celsius (°C),SE,Standard error,0.1,,N,National,,
DATAFLOW,SPC:DF_CLIMATE_CHANGE(1.0),Climate Change indicators,I,A,Annual,SST_ANOM,Sea Surface Temperature anomalies,PF,French Polynesia,1928,,-0.3,,,,CELSIUS,Celsius (°C),SE,Standard error,0,,N,National,,
DATAFLOW,SPC:DF_CLIMATE_CHANGE(1.0),Climate Change indicators,I,A,Annual,SST_ANOM,Sea Surface Temperature anomalies,PF,French Polynesia,1929,,-0.3,,,,CELSIUS,Celsius (°C),SE,Standard error,0,,N,National,,
DATAFLOW,SPC:DF_CLIMATE_CHANGE(1.0),Climate Change indicators,I,A,Annual,SST_ANOM,Sea Surface Temperature anomalies,PF,French Polynesia,1930,,-0.3,,,,CELSIUS,Celsius (°C),SE,Standard error,0,,N,National,,
DATAFLOW,SPC:DF_CLIMATE_CHANGE(1.0),Climate Change indicators,I,A,Annual,SST_ANOM,Sea Surface Temperature anomalies,PF,French Polynesia,1931,,-0.2,,,,CELSIUS,Celsius (°C),SE,Standard error,0,,N,National,,
DATAFLOW,SPC:DF_CLIMATE_CHANGE(1.0),Climate Change indicators,I,A,Annual,SST_ANOM,Sea Surface Temperature anomalies,PF,French Polynesia,1932,,-0.2,,,,CELSIUS,Celsius (°C),SE,Standard error,0,,N,National,,
DATAFLOW,SPC:DF_CLIMATE_CHANGE(1.0),Climate Change indicators,I,A,Annual,SST_ANOM,Sea Surface Temperature anomalies,PF,French Polynesia,1933,,-0.3,,,,CELSIUS,Celsius (°C),SE,Standard error,0.1,,N,National,,
DATAFLOW,SPC:DF_CLIMATE_CHANGE(1.0),Climate Change indicators,I,A,Annual,SST_ANOM,Sea Surface Temperature anomalies,PF,French Polynesia,1934,,-0.4,,,,CELSIUS,Celsius (°C),SE,Standard error,0,,N,National,,
DATAFLOW,SPC:DF_CLIMATE_CHANGE(1.0),Climate Change indicators,I,A,Annual,SST_ANOM,Sea Surface Temperature anomalies,PF,French Polynesia,1935,,-0.3,,,,CELSIUS,Celsius (°C),SE,Standard error,0,,N,National,,
DATAFLOW,SPC:DF_CLIMATE_CHANGE(1.0),Climate Change indicators,I,A,Annual,SST_ANOM,Sea Surface Temperature anomalies,PF,French Polynesia,1936,,-0.6,,,,CELSIUS,Celsius (°C),SE,Standard error,0,,N,National,,
DATAFLOW,SPC:DF_CLIMATE_CHANGE(1.0),Climate Change indicators,I,A,Annual,SST_ANOM,Sea Surface Temperature anomalies,PF,French Polynesia,1937,,-0.4,,,,CELSIUS,Celsius (°C),SE,Standard error,0.1,,N,National,,
DATAFLOW,SPC:DF_CLIMATE_CHANGE(1.0),Climate Change indicators,I,A,Annual,SST_ANOM,Sea Surface Temperature anomalies,PF,French Polynesia,1938,,-0.5,,,,CELSIUS,Celsius (°C),SE,Standard error,0,,N,National,,
DATAFLOW,SPC:DF_CLIMATE_CHANGE(1.0),Climate Change indicators,I,A,Annual,SST_ANOM,Sea Surface Temperature anomalies,PF,French Polynesia,1939,,-0.4,,,,CELSIUS,Celsius (°C),SE,Standard error,0.1,,N,National,,
DATAFLOW,SPC:DF_CLIMATE_CHANGE(1.0),Climate Change indicators,I,A,Annual,SST_ANOM,Sea Surface Temperature anomalies,PF,French Polynesia,1940,,0,,,,CELSIUS,Celsius (°C),SE,Standard error,0,,N,National,,
DATAFLOW,SPC:DF_CLIMATE_CHANGE(1.0),Climate Change indicators,I,A,Annual,SST_ANOM,Sea Surface Temperature anomalies,PF,French Polynesia,1941,,-0.1,,,,CELSIUS,Celsius (°C),SE,Standard error,0.1,,N,National,,
DATAFLOW,SPC:DF_CLIMATE_CHANGE(1.0),Climate Change indicators,I,A,Annual,SST_ANOM,Sea Surface Temperature anomalies,PF,French Polynesia,1942,,-0.1,,,,CELSIUS,Celsius (°C),SE,Standard error,0.1,,N,National,,
DATAFLOW,SPC:DF_CLIMATE_CHANGE(1.0),Climate Change indicators,I,A,Annual,SST_ANOM,Sea Surface Temperature anomalies,PF,French Polynesia,1943,,0,,,,CELSIUS,Celsius (°C),SE,Standard error,0.1,,N,National,,
DATAFLOW,SPC:DF_CLIMATE_CHANGE(1.0),Climate Change indicators,I,A,Annual,SST_ANOM,Sea Surface Temperature anomalies,PF,French Polynesia,1944,,0.2,,,,CELSIUS,Celsius (°C),SE,Standard error,0.1,,N,National,,
DATAFLOW,SPC:DF_CLIMATE_CHANGE(1.0),Climate Change indicators,I,A,Annual,SST_ANOM,Sea Surface Temperature anomalies,PF,French Polynesia,1945,,0.2,,,,CELSIUS,Celsius (°C),SE,Standard error,0.1,,N,National,,
DATAFLOW,SPC:DF_CLIMATE_CHANGE(1.0),Climate Change indicators,I,A,Annual,SST_ANOM,Sea Surface Temperature anomalies,PF,French Polynesia,1946,,-0.2,,,,CELSIUS,Celsius (°C),SE,Standard error,0.1,,N,National,,
DATAFLOW,SPC:DF_CLIMATE_CHANGE(1.0),Climate Change indicators,I,A,Annual,SST_ANOM,Sea Surface Temperature anomalies,PF,French Polynesia,1947,,-0.1,,,,CELSIUS,Celsius (°C),SE,Standard error,0.1,,N,National,,
DATAFLOW,SPC:DF_CLIMATE_CHANGE(1.0),Climate Change indicators,I,A,Annual,SST_ANOM,Sea Surface Temperature anomalies,PF,French Polynesia,1948,,-0.2,,,,CELSIUS,Celsius (°C),SE,Standard error,0.1,,N,National,,
DATAFLOW,SPC:DF_CLIMATE_CHANGE(1.0),Climate Change indicators,I,A,Annual,SST_ANOM,Sea Surface Temperature anomalies,PF,French Polynesia,1949,,0,,,,CELSIUS,Celsius (°C),SE,Standard error,0.1,,N,National,,
DATAFLOW,SPC:DF_CLIMATE_CHANGE(1.0),Climate Change indicators,I,A,Annual,SST_ANOM,Sea Surface Temperature anomalies,PF,French Polynesia,1950,,-0.4,,,,CELSIUS,Celsius (°C),SE,Standard error,0,,N,National,,
DATAFLOW,SPC:DF_CLIMATE_CHANGE(1.0),Climate Change indicators,I,A,Annual,SST_ANOM,Sea Surface Temperature anomalies,PF,French Polynesia,1951,,-0.2,,,,CELSIUS,Celsius (°C),SE,Standard error,0.1,,N,National,,
DATAFLOW,SPC:DF_CLIMATE_CHANGE(1.0),Climate Change indicators,I,A,Annual,SST_ANOM,Sea Surface Temperature anomalies,PF,French Polynesia,1952,,0.1,,,,CELSIUS,Celsius (°C),SE,Standard error,0,,N,National,,
DATAFLOW,SPC:DF_CLIMATE_CHANGE(1.0),Climate Change indicators,I,A,Annual,SST_ANOM,Sea Surface Temperature anomalies,PF,French Polynesia,1953,,0,,,,CELSIUS,Celsius (°C),SE,Standard error,0.1,,N,National,,
DATAFLOW,SPC:DF_CLIMATE_CHANGE(1.0),Climate Change indicators,I,A,Annual,SST_ANOM,Sea Surface Temperature anomalies,PF,French Polynesia,1954,,-0.2,,,,CELSIUS,Celsius (°C),SE,Standard error,0.1,,N,National,,
DATAFLOW,SPC:DF_CLIMATE_CHANGE(1.0),Climate Change indicators,I,A,Annual,SST_ANOM,Sea Surface Temperature anomalies,PF,French Polynesia,1955,,-0.5,,,,CELSIUS,Celsius (°C),SE,Standard error,0,,N,National,,
DATAFLOW,SPC:DF_CLIMATE_CHANGE(1.0),Climate Change indicators,I,A,Annual,SST_ANOM,Sea Surface Temperature anomalies,PF,French Polynesia,1956,,-0.4,,,,CELSIUS,Celsius (°C),SE,Standard error,0.1,,N,National,,
DATAFLOW,SPC:DF_CLIMATE_CHANGE(1.0),Climate Change indicators,I,A,Annual,SST_ANOM,Sea Surface Temperature anomalies,PF,French Polynesia,1957,,-0.1,,,,CELSIUS,Celsius (°C),SE,Standard error,0,,N,National,,
DATAFLOW,SPC:DF_CLIMATE_CHANGE(1.0),Climate Change indicators,I,A,Annual,SST_ANOM,Sea Surface Temperature anomalies,PF,French Polynesia,1958,,-0.2,,,,CELSIUS,Celsius (°C),SE,Standard error,0.1,,N,National,,
DATAFLOW,SPC:DF_CLIMATE_CHANGE(1.0),Climate Change indicators,I,A,Annual,SST_ANOM,Sea Surface Temperature anomalies,PF,French Polynesia,1959,,-0.2,,,,CELSIUS,Celsius (°C),SE,Standard error,0.1,,N,National,,
DATAFLOW,SPC:DF_CLIMATE_CHANGE(1.0),Climate Change indicators,I,A,Annual,SST_ANOM,Sea Surface Temperature anomalies,PF,French Polynesia,1960,,-0.1,,,,CELSIUS,Celsius (°C),SE,Standard error,0.1,,N,National,,
DATAFLOW,SPC:DF_CLIMATE_CHANGE(1.0),Climate Change indicators,I,A,Annual,SST_ANOM,Sea Surface Temperature anomalies,PF,French Polynesia,1961,,-0.2,,,,CELSIUS,Celsius (°C),SE,Standard error,0,,N,National,,
DATAFLOW,SPC:DF_CLIMATE_CHANGE(1.0),Climate Change indicators,I,A,Annual,SST_ANOM,Sea Surface Temperature anomalies,PF,French Polynesia,1962,,-0.5,,,,CELSIUS,Celsius (°C),SE,Standard error,0,,N,National,,
DATAFLOW,SPC:DF_CLIMATE_CHANGE(1.0),Climate Change indicators,I,A,Annual,SST_ANOM,Sea Surface Temperature anomalies,PF,French Polynesia,1963,,-0.2,,,,CELSIUS,Celsius (°C),SE,Standard error,0,,N,National,,
DATAFLOW,SPC:DF_CLIMATE_CHANGE(1.0),Climate Change indicators,I,A,Annual,SST_ANOM,Sea Surface Temperature anomalies,PF,French Polynesia,1964,,-0.2,,,,CELSIUS,Celsius (°C),SE,Standard error,0.1,,N,National,,
DATAFLOW,SPC:DF_CLIMATE_CHANGE(1.0),Climate Change indicators,I,A,Annual,SST_ANOM,Sea Surface Temperature anomalies,PF,French Polynesia,1965,,-0.2,,,,CELSIUS,Celsius (°C),SE,Standard error,0.1,,N,National,,
DATAFLOW,SPC:DF_CLIMATE_CHANGE(1.0),Climate Change indicators,I,A,Annual,SST_ANOM,Sea Surface Temperature anomalies,PF,French Polynesia,1966,,-0.2,,,,CELSIUS,Celsius (°C),SE,Standard error,0.1,,N,National,,
DATAFLOW,SPC:DF_CLIMATE_CHANGE(1.0),Climate Change indicators,I,A,Annual,SST_ANOM,Sea Surface Temperature anomalies,PF,French Polynesia,1967,,-0.3,,,,CELSIUS,Celsius (°C),SE,Standard error,0.1,,N,National,,
DATAFLOW,SPC:DF_CLIMATE_CHANGE(1.0),Climate Change indicators,I,A,Annual,SST_ANOM,Sea Surface Temperature anomalies,PF,French Polynesia,1968,,-0.4,,,,CELSIUS,Celsius (°C),SE,Standard error,0.1,,N,National,,
DATAFLOW,SPC:DF_CLIMATE_CHANGE(1.0),Climate Change indicators,I,A,Annual,SST_ANOM,Sea Surface Temperature anomalies,PF,French Polynesia,1969,,0,,,,CELSIUS,Celsius (°C),SE,Standard error,0,,N,National,,
DATAFLOW,SPC:DF_CLIMATE_CHANGE(1.0),Climate Change indicators,I,A,Annual,SST_ANOM,Sea Surface Temperature anomalies,PF,French Polynesia,1970,,-0.1,,,,CELSIUS,Celsius (°C),SE,Standard error,0.1,,N,National,,
DATAFLOW,SPC:DF_CLIMATE_CHANGE(1.0),Climate Change indicators,I,A,Annual,SST_ANOM,Sea Surface Temperature anomalies,PF,French Polynesia,1971,,-0.4,,,,CELSIUS,Celsius (°C),SE,Standard error,0.1,,N,National,,
DATAFLOW,SPC:DF_CLIMATE_CHANGE(1.0),Climate Change indicators,I,A,Annual,SST_ANOM,Sea Surface Temperature anomalies,PF,French Polynesia,1972,,-0.2,,,,CELSIUS,Celsius (°C),SE,Standard error,0,,N,National,,
DATAFLOW,SPC:DF_CLIMATE_CHANGE(1.0),Climate Change indicators,I,A,Annual,SST_ANOM,Sea Surface Temperature anomalies,PF,French Polynesia,1973,,0.1,,,,CELSIUS,Celsius (°C),SE,Standard error,0,,N,National,,
DATAFLOW,SPC:DF_CLIMATE_CHANGE(1.0),Climate Change indicators,I,A,Annual,SST_ANOM,Sea Surface Temperature anomalies,PF,French Polynesia,1974,,-0.5,,,,CELSIUS,Celsius (°C),SE,Standard error,0,,N,National,,
DATAFLOW,SPC:DF_CLIMATE_CHANGE(1.0),Climate Change indicators,I,A,Annual,SST_ANOM,Sea Surface Temperature anomalies,PF,French Polynesia,1975,,-0.6,,,,CELSIUS,Celsius (°C),SE,Standard error,0,,N,National,,
DATAFLOW,SPC:DF_CLIMATE_CHANGE(1.0),Climate Change indicators,I,A,Annual,SST_ANOM,Sea Surface Temperature anomalies,PF,French Polynesia,1976,,-0.5,,,,CELSIUS,Celsius (°C),SE,Standard error,0.1,,N,National,,
DATAFLOW,SPC:DF_CLIMATE_CHANGE(1.0),Climate Change indicators,I,A,Annual,SST_ANOM,Sea Surface Temperature anomalies,PF,French Polynesia,1977,,-0.2,,,,CELSIUS,Celsius (°C),SE,Standard error,0.1,,N,National,,
DATAFLOW,SPC:DF_CLIMATE_CHANGE(1.0),Climate Change indicators,I,A,Annual,SST_ANOM,Sea Surface Temperature anomalies,PF,French Polynesia,1978,,-0.3,,,,CELSIUS,Celsius (°C),SE,Standard error,0.1,,N,National,,
DATAFLOW,SPC:DF_CLIMATE_CHANGE(1.0),Climate Change indicators,I,A,Annual,SST_ANOM,Sea Surface Temperature anomalies,PF,French Polynesia,1979,,-0.4,,,,CELSIUS,Celsius (°C),SE,Standard error,0,,N,National,,
DATAFLOW,SPC:DF_CLIMATE_CHANGE(1.0),Climate Change indicators,I,A,Annual,SST_ANOM,Sea Surface Temperature anomalies,PF,French Polynesia,1980,,-0.1,,,,CELSIUS,Celsius (°C),SE,Standard error,0,,N,National,,
DATAFLOW,SPC:DF_CLIMATE_CHANGE(1.0),Climate Change indicators,I,A,Annual,SST_ANOM,Sea Surface Temperature anomalies,PF,French Polynesia,1981,,-0.3,,,,CELSIUS,Celsius (°C),SE,Standard error,0.1,,N,National,,
DATAFLOW,SPC:DF_CLIMATE_CHANGE(1.0),Climate Change indicators,I,A,Annual,SST_ANOM,Sea Surface Temperature anomalies,PF,French Polynesia,1982,,0,,,,CELSIUS,Celsius (°C),SE,Standard error,0,,N,National,,
DATAFLOW,SPC:DF_CLIMATE_CHANGE(1.0),Climate Change indicators,I,A,Annual,SST_ANOM,Sea Surface Temperature anomalies,PF,French Polynesia,1983,,-0.1,,,,CELSIUS,Celsius (°C),SE,Standard error,0.1,,N,National,,
DATAFLOW,SPC:DF_CLIMATE_CHANGE(1.0),Climate Change indicators,I,A,Annual,SST_ANOM,Sea Surface Temperature anomalies,PF,French Polynesia,1984,,0,,,,CELSIUS,Celsius (°C),SE,Standard error,0.1,,N,National,,
DATAFLOW,SPC:DF_CLIMATE_CHANGE(1.0),Climate Change indicators,I,A,Annual,SST_ANOM,Sea Surface Temperature anomalies,PF,French Polynesia,1985,,-0.1,,,,CELSIUS,Celsius (°C),SE,Standard error,0,,N,National,,
DATAFLOW,SPC:DF_CLIMATE_CHANGE(1.0),Climate Change indicators,I,A,Annual,SST_ANOM,Sea Surface Temperature anomalies,PF,French Polynesia,1986,,-0.1,,,,CELSIUS,Celsius (°C),SE,Standard error,0.1,,N,National,,
DATAFLOW,SPC:DF_CLIMATE_CHANGE(1.0),Climate Change indicators,I,A,Annual,SST_ANOM,Sea Surface Temperature anomalies,PF,French Polynesia,1987,,0.1,,,,CELSIUS,Celsius (°C),SE,Standard error,0,,N,National,,
DATAFLOW,SPC:DF_CLIMATE_CHANGE(1.0),Climate Change indicators,I,A,Annual,SST_ANOM,Sea Surface Temperature anomalies,PF,French Polynesia,1988,,0.2,,,,CELSIUS,Celsius (°C),SE,Standard error,0,,N,National,,
DATAFLOW,SPC:DF_CLIMATE_CHANGE(1.0),Climate Change indicators,I,A,Annual,SST_ANOM,Sea Surface Temperature anomalies,PF,French Polynesia,1989,,0,,,,CELSIUS,Celsius (°C),SE,Standard error,0,,N,National,,
DATAFLOW,SPC:DF_CLIMATE_CHANGE(1.0),Climate Change indicators,I,A,Annual,SST_ANOM,Sea Surface Temperature anomalies,PF,French Polynesia,1990,,-0.1,,,,CELSIUS,Celsius (°C),SE,Standard error,0,,N,National,,
DATAFLOW,SPC:DF_CLIMATE_CHANGE(1.0),Climate Change indicators,I,A,Annual,SST_ANOM,Sea Surface Temperature anomalies,PF,French Polynesia,1991,,0.2,,,,CELSIUS,Celsius (°C),SE,Standard error,0,,N,National,,
DATAFLOW,SPC:DF_CLIMATE_CHANGE(1.0),Climate Change indicators,I,A,Annual,SST_ANOM,Sea Surface Temperature anomalies,PF,French Polynesia,1992,,0.1,,,,CELSIUS,Celsius (°C),SE,Standard error,0.1,,N,National,,
DATAFLOW,SPC:DF_CLIMATE_CHANGE(1.0),Climate Change indicators,I,A,Annual,SST_ANOM,Sea Surface Temperature anomalies,PF,French Polynesia,1993,,-0.1,,,,CELSIUS,Celsius (°C),SE,Standard error,0.1,,N,National,,
DATAFLOW,SPC:DF_CLIMATE_CHANGE(1.0),Climate Change indicators,I,A,Annual,SST_ANOM,Sea Surface Temperature anomalies,PF,French Polynesia,1994,,0.2,,,,CELSIUS,Celsius (°C),SE,Standard error,0.1,,N,National,,
DATAFLOW,SPC:DF_CLIMATE_CHANGE(1.0),Climate Change indicators,I,A,Annual,SST_ANOM,Sea Surface Temperature anomalies,PF,French Polynesia,1995,,0.2,,,,CELSIUS,Celsius (°C),SE,Standard error,0,,N,National,,
DATAFLOW,SPC:DF_CLIMATE_CHANGE(1.0),Climate Change indicators,I,A,Annual,SST_ANOM,Sea Surface Temperature anomalies,PF,French Polynesia,1996,,0,,,,CELSIUS,Celsius (°C),SE,Standard error,0,,N,National,,
DATAFLOW,SPC:DF_CLIMATE_CHANGE(1.0),Climate Change indicators,I,A,Annual,SST_ANOM,Sea Surface Temperature anomalies,PF,French Polynesia,1997,,0.1,,,,CELSIUS,Celsius (°C),SE,Standard error,0,,N,National,,
DATAFLOW,SPC:DF_CLIMATE_CHANGE(1.0),Climate Change indicators,I,A,Annual,SST_ANOM,Sea Surface Temperature anomalies,PF,French Polynesia,1998,,0.2,,,,CELSIUS,Celsius (°C),SE,Standard error,0.1,,N,National,,
DATAFLOW,SPC:DF_CLIMATE_CHANGE(1.0),Climate Change indicators,I,A,Annual,SST_ANOM,Sea Surface Temperature anomalies,PF,French Polynesia,1999,,0.2,,,,CELSIUS,Celsius (°C),SE,Standard error,0,,N,National,,
DATAFLOW,SPC:DF_CLIMATE_CHANGE(1.0),Climate Change indicators,I,A,Annual,SST_ANOM,Sea Surface Temperature anomalies,PF,French Polynesia,2000,,0.2,,,,CELSIUS,Celsius (°C),SE,Standard error,0.1,,N,National,,
DATAFLOW,SPC:DF_CLIMATE_CHANGE(1.0),Climate Change indicators,I,A,Annual,SST_ANOM,Sea Surface Temperature anomalies,PF,French Polynesia,2001,,0.2,,,,CELSIUS,Celsius (°C),SE,Standard error,0,,N,National,,
DATAFLOW,SPC:DF_CLIMATE_CHANGE(1.0),Climate Change indicators,I,A,Annual,SST_ANOM,Sea Surface Temperature anomalies,PF,French Polynesia,2002,,0.4,,,,CELSIUS,Celsius (°C),SE,Standard error,0,,N,National,,
DATAFLOW,SPC:DF_CLIMATE_CHANGE(1.0),Climate Change indicators,I,A,Annual,SST_ANOM,Sea Surface Temperature anomalies,PF,French Polynesia,2003,,0.4,,,,CELSIUS,Celsius (°C),SE,Standard error,0,,N,National,,
DATAFLOW,SPC:DF_CLIMATE_CHANGE(1.0),Climate Change indicators,I,A,Annual,SST_ANOM,Sea Surface Temperature anomalies,PF,French Polynesia,2004,,0.4,,,,CELSIUS,Celsius (°C),SE,Standard error,0,,N,National,,
DATAFLOW,SPC:DF_CLIMATE_CHANGE(1.0),Climate Change indicators,I,A,Annual,SST_ANOM,Sea Surface Temperature anomalies,PF,French Polynesia,2005,,0.2,,,,CELSIUS,Celsius (°C),SE,Standard error,0.1,,N,National,,
DATAFLOW,SPC:DF_CLIMATE_CHANGE(1.0),Climate Change indicators,I,A,Annual,SST_ANOM,Sea Surface Temperature anomalies,PF,French Polynesia,2006,,0.4,,,,CELSIUS,Celsius (°C),SE,Standard error,0.1,,N,National,,
DATAFLOW,SPC:DF_CLIMATE_CHANGE(1.0),Climate Change indicators,I,A,Annual,SST_ANOM,Sea Surface Temperature anomalies,PF,French Polynesia,2007,,0.4,,,,CELSIUS,Celsius (°C),SE,Standard error,0.1,,N,National,,
DATAFLOW,SPC:DF_CLIMATE_CHANGE(1.0),Climate Change indicators,I,A,Annual,SST_ANOM,Sea Surface Temperature anomalies,PF,French Polynesia,2008,,0.2,,,,CELSIUS,Celsius (°C),SE,Standard error,0,,N,National,,
DATAFLOW,SPC:DF_CLIMATE_CHANGE(1.0),Climate Change indicators,I,A,Annual,SST_ANOM,Sea Surface Temperature anomalies,PF,French Polynesia,2009,,0.4,,,,CELSIUS,Celsius (°C),SE,Standard error,0,,N,National,,
DATAFLOW,SPC:DF_CLIMATE_CHANGE(1.0),Climate Change indicators,I,A,Annual,SST_ANOM,Sea Surface Temperature anomalies,PF,French Polynesia,2010,,0.3,,,,CELSIUS,Celsius (°C),SE,Standard error,0.1,,N,National,,
DATAFLOW,SPC:DF_CLIMATE_CHANGE(1.0),Climate Change indicators,I,A,Annual,SST_ANOM,Sea Surface Temperature anomalies,PF,French Polynesia,2011,,0,,,,CELSIUS,Celsius (°C),SE,Standard error,0,,N,National,,
DATAFLOW,SPC:DF_CLIMATE_CHANGE(1.0),Climate Change indicators,I,A,Annual,SST_ANOM,Sea Surface Temperature anomalies,PF,French Polynesia,2012,,0.3,,,,CELSIUS,Celsius (°C),SE,Standard error,0.1,,N,National,,
DATAFLOW,SPC:DF_CLIMATE_CHANGE(1.0),Climate Change indicators,I,A,Annual,SST_ANOM,Sea Surface Temperature anomalies,PF,French Polynesia,2013,,0.2,,,,CELSIUS,Celsius (°C),SE,Standard error,0,,N,National,,
DATAFLOW,SPC:DF_CLIMATE_CHANGE(1.0),Climate Change indicators,I,A,Annual,SST_ANOM,Sea Surface Temperature anomalies,PF,French Polynesia,2014,,0.1,,,,CELSIUS,Celsius (°C),SE,Standard error,0,,N,National,,
DATAFLOW,SPC:DF_CLIMATE_CHANGE(1.0),Climate Change indicators,I,A,Annual,SST_ANOM,Sea Surface Temperature anomalies,PF,French Polynesia,2015,,0.2,,,,CELSIUS,Celsius (°C),SE,Standard error,0,,N,National,,
DATAFLOW,SPC:DF_CLIMATE_CHANGE(1.0),Climate Change indicators,I,A,Annual,SST_ANOM,Sea Surface Temperature anomalies,PF,French Polynesia,2016,,0.7,,,,CELSIUS,Celsius (°C),SE,Standard error,0,,N,National,,
DATAFLOW,SPC:DF_CLIMATE_CHANGE(1.0),Climate Change indicators,I,A,Annual,SST_ANOM,Sea Surface Temperature anomalies,PF,French Polynesia,2017,,0.5,,,,CELSIUS,Celsius (°C),SE,Standard error,0.1,,N,National,,
DATAFLOW,SPC:DF_CLIMATE_CHANGE(1.0),Climate Change indicators,I,A,Annual,SST_ANOM,Sea Surface Temperature anomalies,PF,French Polynesia,2018,,0.3,,,,CELSIUS,Celsius (°C),SE,Standard error,0,,N,National,,
DATAFLOW,SPC:DF_CLIMATE_CHANGE(1.0),Climate Change indicators,I,A,Annual,SST_ANOM,Sea Surface Temperature anomalies,PF,French Polynesia,2019,,0.4,,,,CELSIUS,Celsius (°C),SE,Standard error,0,,N,National,,
DATAFLOW,SPC:DF_CLIMATE_CHANGE(1.0),Climate Change indicators,I,A,Annual,SST_ANOM,Sea Surface Temperature anomalies,PF,French Polynesia,2020,,0.5,,,,CELSIUS,Celsius (°C),SE,Standard error,0.1,,N,National,,
DATAFLOW,SPC:DF_CLIMATE_CHANGE(1.0),Climate Change indicators,I,A,Annual,SST_ANOM,Sea Surface Temperature anomalies,PF,French Polynesia,2021,,0.4,,,,CELSIUS,Celsius (°C),SE,Standard error,0,,N,National,,
DATAFLOW,SPC:DF_CLIMATE_CHANGE(1.0),Climate Change indicators,I,A,Annual,SST_ANOM,Sea Surface Temperature anomalies,PF,French Polynesia,2022,,0.1,,,,CELSIUS,Celsius (°C),SE,Standard error,0,,N,National,,
DATAFLOW,SPC:DF_CLIMATE_CHANGE(1.0),Climate Change indicators,I,A,Annual,SST_ANOM,Sea Surface Temperature anomalies,PF,French Polynesia,2023,,0.5,,,,CELSIUS,Celsius (°C),SE,Standard error,0,,N,National,,
DATAFLOW,SPC:DF_CLIMATE_CHANGE(1.0),Climate Change indicators,I,A,Annual,SST_ANOM,Sea Surface Temperature anomalies,PF,French Polynesia,2024,,0.4,,,,CELSIUS,Celsius (°C),SE,Standard error,0,,N,National,,
DATAFLOW,SPC:DF_CLIMATE_CHANGE(1.0),Climate Change indicators,I,A,Annual,SST_ANOM,Sea Surface Temperature anomalies,PF,French Polynesia,2025,,0.6,,,,CELSIUS,Celsius (°C),SE,Standard error,0.1,,N,National,,
DATAFLOW,SPC:DF_CLIMATE_CHANGE(1.0),Climate Change indicators,I,A,Annual,SST_ANOM,Sea Surface Temperature anomalies,TO,Tonga,1850,,-0.2,,,,CELSIUS,Celsius (°C),SE,Standard error,0.1,,N,National,,
DATAFLOW,SPC:DF_CLIMATE_CHANGE(1.0),Climate Change indicators,I,A,Annual,SST_ANOM,Sea Surface Temperature anomalies,TO,Tonga,1851,,-0.3,,,,CELSIUS,Celsius (°C),SE,Standard error,0,,N,National,,
DATAFLOW,SPC:DF_CLIMATE_CHANGE(1.0),Climate Change indicators,I,A,Annual,SST_ANOM,Sea Surface Temperature anomalies,TO,Tonga,1852,,-0.1,,,,CELSIUS,Celsius (°C),SE,Standard error,0,,N,National,,
DATAFLOW,SPC:DF_CLIMATE_CHANGE(1.0),Climate Change indicators,I,A,Annual,SST_ANOM,Sea Surface Temperature anomalies,TO,Tonga,1853,,0.3,,,,CELSIUS,Celsius (°C),SE,Standard error,0.1,,N,National,,
DATAFLOW,SPC:DF_CLIMATE_CHANGE(1.0),Climate Change indicators,I,A,Annual,SST_ANOM,Sea Surface Temperature anomalies,TO,Tonga,1854,,0,,,,CELSIUS,Celsius (°C),SE,Standard error,0.1,,N,National,,
DATAFLOW,SPC:DF_CLIMATE_CHANGE(1.0),Climate Change indicators,I,A,Annual,SST_ANOM,Sea Surface Temperature anomalies,TO,Tonga,1855,,-0.3,,,,CELSIUS,Celsius (°C),SE,Standard error,0.1,,N,National,,
DATAFLOW,SPC:DF_CLIMATE_CHANGE(1.0),Climate Change indicators,I,A,Annual,SST_ANOM,Sea Surface Temperature anomalies,TO,Tonga,1856,,-0.3,,,,CELSIUS,Celsius (°C),SE,Standard error,0.1,,N,National,,
DATAFLOW,SPC:DF_CLIMATE_CHANGE(1.0),Climate Change indicators,I,A,Annual,SST_ANOM,Sea Surface Temperature anomalies,TO,Tonga,1857,,0,,,,CELSIUS,Celsius (°C),SE,Standard error,0.1,,N,National,,
DATAFLOW,SPC:DF_CLIMATE_CHANGE(1.0),Climate Change indicators,I,A,Annual,SST_ANOM,Sea Surface Temperature anomalies,TO,Tonga,1858,,-0.2,,,,CELSIUS,Celsius (°C),SE,Standard error,0,,N,National,,
DATAFLOW,SPC:DF_CLIMATE_CHANGE(1.0),Climate Change indicators,I,A,Annual,SST_ANOM,Sea Surface Temperature anomalies,TO,Tonga,1859,,0.2,,,,CELSIUS,Celsius (°C),SE,Standard error,0.1,,N,National,,
DATAFLOW,SPC:DF_CLIMATE_CHANGE(1.0),Climate Change indicators,I,A,Annual,SST_ANOM,Sea Surface Temperature anomalies,TO,Tonga,1860,,0.1,,,,CELSIUS,Celsius (°C),SE,Standard error,0,,N,National,,
DATAFLOW,SPC:DF_CLIMATE_CHANGE(1.0),Climate Change indicators,I,A,Annual,SST_ANOM,Sea Surface Temperature anomalies,TO,Tonga,1861,,0.1,,,,CELSIUS,Celsius (°C),SE,Standard error,0.1,,N,National,,
DATAFLOW,SPC:DF_CLIMATE_CHANGE(1.0),Climate Change indicators,I,A,Annual,SST_ANOM,Sea Surface Temperature anomalies,TO,Tonga,1862,,0,,,,CELSIUS,Celsius (°C),SE,Standard error,0,,N,National,,
DATAFLOW,SPC:DF_CLIMATE_CHANGE(1.0),Climate Change indicators,I,A,Annual,SST_ANOM,Sea Surface Temperature anomalies,TO,Tonga,1863,,0.1,,,,CELSIUS,Celsius (°C),SE,Standard error,0,,N,National,,
DATAFLOW,SPC:DF_CLIMATE_CHANGE(1.0),Climate Change indicators,I,A,Annual,SST_ANOM,Sea Surface Temperature anomalies,TO,Tonga,1864,,0.1,,,,CELSIUS,Celsius (°C),SE,Standard error,0,,N,National,,
DATAFLOW,SPC:DF_CLIMATE_CHANGE(1.0),Climate Change indicators,I,A,Annual,SST_ANOM,Sea Surface Temperature anomalies,TO,Tonga,1865,,0.1,,,,CELSIUS,Celsius (°C),SE,Standard error,0,,N,National,,
DATAFLOW,SPC:DF_CLIMATE_CHANGE(1.0),Climate Change indicators,I,A,Annual,SST_ANOM,Sea Surface Temperature anomalies,TO,Tonga,1866,,0,,,,CELSIUS,Celsius (°C),SE,Standard error,0,,N,National,,
DATAFLOW,SPC:DF_CLIMATE_CHANGE(1.0),Climate Change indicators,I,A,Annual,SST_ANOM,Sea Surface Temperature anomalies,TO,Tonga,1867,,0.2,,,,CELSIUS,Celsius (°C),SE,Standard error,0.1,,N,National,,
DATAFLOW,SPC:DF_CLIMATE_CHANGE(1.0),Climate Change indicators,I,A,Annual,SST_ANOM,Sea Surface Temperature anomalies,TO,Tonga,1868,,0.1,,,,CELSIUS,Celsius (°C),SE,Standard error,0.1,,N,National,,
DATAFLOW,SPC:DF_CLIMATE_CHANGE(1.0),Climate Change indicators,I,A,Annual,SST_ANOM,Sea Surface Temperature anomalies,TO,Tonga,1869,,0.1,,,,CELSIUS,Celsius (°C),SE,Standard error,0.2,,N,National,,
DATAFLOW,SPC:DF_CLIMATE_CHANGE(1.0),Climate Change indicators,I,A,Annual,SST_ANOM,Sea Surface Temperature anomalies,TO,Tonga,1870,,0.2,,,,CELSIUS,Celsius (°C),SE,Standard error,0.1,,N,National,,
DATAFLOW,SPC:DF_CLIMATE_CHANGE(1.0),Climate Change indicators,I,A,Annual,SST_ANOM,Sea Surface Temperature anomalies,TO,Tonga,1871,,0.4,,,,CELSIUS,Celsius (°C),SE,Standard error,0.1,,N,National,,
DATAFLOW,SPC:DF_CLIMATE_CHANGE(1.0),Climate Change indicators,I,A,Annual,SST_ANOM,Sea Surface Temperature anomalies,TO,Tonga,1872,,0.3,,,,CELSIUS,Celsius (°C),SE,Standard error,0.1,,N,National,,
DATAFLOW,SPC:DF_CLIMATE_CHANGE(1.0),Climate Change indicators,I,A,Annual,SST_ANOM,Sea Surface Temperature anomalies,TO,Tonga,1873,,0.1,,,,CELSIUS,Celsius (°C),SE,Standard error,0.1,,N,National,,
DATAFLOW,SPC:DF_CLIMATE_CHANGE(1.0),Climate Change indicators,I,A,Annual,SST_ANOM,Sea Surface Temperature anomalies,TO,Tonga,1874,,0.2,,,,CELSIUS,Celsius (°C),SE,Standard error,0.2,,N,National,,
DATAFLOW,SPC:DF_CLIMATE_CHANGE(1.0),Climate Change indicators,I,A,Annual,SST_ANOM,Sea Surface Temperature anomalies,TO,Tonga,1875,,0.2,,,,CELSIUS,Celsius (°C),SE,Standard error,0.1,,N,National,,
DATAFLOW,SPC:DF_CLIMATE_CHANGE(1.0),Climate Change indicators,I,A,Annual,SST_ANOM,Sea Surface Temperature anomalies,TO,Tonga,1876,,0.2,,,,CELSIUS,Celsius (°C),SE,Standard error,0,,N,National,,
DATAFLOW,SPC:DF_CLIMATE_CHANGE(1.0),Climate Change indicators,I,A,Annual,SST_ANOM,Sea Surface Temperature anomalies,TO,Tonga,1877,,-0.3,,,,CELSIUS,Celsius (°C),SE,Standard error,0.1,,N,National,,
DATAFLOW,SPC:DF_CLIMATE_CHANGE(1.0),Climate Change indicators,I,A,Annual,SST_ANOM,Sea Surface Temperature anomalies,TO,Tonga,1878,,-0.1,,,,CELSIUS,Celsius (°C),SE,Standard error,0.1,,N,National,,
DATAFLOW,SPC:DF_CLIMATE_CHANGE(1.0),Climate Change indicators,I,A,Annual,SST_ANOM,Sea Surface Temperature anomalies,TO,Tonga,1879,,0.4,,,,CELSIUS,Celsius (°C),SE,Standard error,0.1,,N,National,,
DATAFLOW,SPC:DF_CLIMATE_CHANGE(1.0),Climate Change indicators,I,A,Annual,SST_ANOM,Sea Surface Temperature anomalies,TO,Tonga,1880,,0.2,,,,CELSIUS,Celsius (°C),SE,Standard error,0.1,,N,National,,
DATAFLOW,SPC:DF_CLIMATE_CHANGE(1.0),Climate Change indicators,I,A,Annual,SST_ANOM,Sea Surface Temperature anomalies,TO,Tonga,1881,,-0.1,,,,CELSIUS,Celsius (°C),SE,Standard error,0.1,,N,National,,
DATAFLOW,SPC:DF_CLIMATE_CHANGE(1.0),Climate Change indicators,I,A,Annual,SST_ANOM,Sea Surface Temperature anomalies,TO,Tonga,1882,,0.1,,,,CELSIUS,Celsius (°C),SE,Standard error,0.1,,N,National,,
DATAFLOW,SPC:DF_CLIMATE_CHANGE(1.0),Climate Change indicators,I,A,Annual,SST_ANOM,Sea Surface Temperature anomalies,TO,Tonga,1883,,-0.5,,,,CELSIUS,Celsius (°C),SE,Standard error,0.1,,N,National,,
DATAFLOW,SPC:DF_CLIMATE_CHANGE(1.0),Climate Change indicators,I,A,Annual,SST_ANOM,Sea Surface Temperature anomalies,TO,Tonga,1884,,-0.8,,,,CELSIUS,Celsius (°C),SE,Standard error,0.2,,N,National,,
DATAFLOW,SPC:DF_CLIMATE_CHANGE(1.0),Climate Change indicators,I,A,Annual,SST_ANOM,Sea Surface Temperature anomalies,TO,Tonga,1885,,-1,,,,CELSIUS,Celsius (°C),SE,Standard error,0.1,,N,National,,
DATAFLOW,SPC:DF_CLIMATE_CHANGE(1.0),Climate Change indicators,I,A,Annual,SST_ANOM,Sea Surface Temperature anomalies,TO,Tonga,1886,,-0.6,,,,CELSIUS,Celsius (°C),SE,Standard error,0.1,,N,National,,
DATAFLOW,SPC:DF_CLIMATE_CHANGE(1.0),Climate Change indicators,I,A,Annual,SST_ANOM,Sea Surface Temperature anomalies,TO,Tonga,1887,,-0.4,,,,CELSIUS,Celsius (°C),SE,Standard error,0.1,,N,National,,
DATAFLOW,SPC:DF_CLIMATE_CHANGE(1.0),Climate Change indicators,I,A,Annual,SST_ANOM,Sea Surface Temperature anomalies,TO,Tonga,1888,,-0.7,,,,CELSIUS,Celsius (°C),SE,Standard error,0.1,,N,National,,
DATAFLOW,SPC:DF_CLIMATE_CHANGE(1.0),Climate Change indicators,I,A,Annual,SST_ANOM,Sea Surface Temperature anomalies,TO,Tonga,1889,,-0.2,,,,CELSIUS,Celsius (°C),SE,Standard error,0.1,,N,National,,
DATAFLOW,SPC:DF_CLIMATE_CHANGE(1.0),Climate Change indicators,I,A,Annual,SST_ANOM,Sea Surface Temperature anomalies,TO,Tonga,1890,,-0.2,,,,CELSIUS,Celsius (°C),SE,Standard error,0.1,,N,National,,
DATAFLOW,SPC:DF_CLIMATE_CHANGE(1.0),Climate Change indicators,I,A,Annual,SST_ANOM,Sea Surface Temperature anomalies,TO,Tonga,1891,,-0.4,,,,CELSIUS,Celsius (°C),SE,Standard error,0.1,,N,National,,
DATAFLOW,SPC:DF_CLIMATE_CHANGE(1.0),Climate Change indicators,I,A,Annual,SST_ANOM,Sea Surface Temperature anomalies,TO,Tonga,1892,,-0.3,,,,CELSIUS,Celsius (°C),SE,Standard error,0.1,,N,National,,
DATAFLOW,SPC:DF_CLIMATE_CHANGE(1.0),Climate Change indicators,I,A,Annual,SST_ANOM,Sea Surface Temperature anomalies,TO,Tonga,1893,,0,,,,CELSIUS,Celsius (°C),SE,Standard error,0.1,,N,National,,
DATAFLOW,SPC:DF_CLIMATE_CHANGE(1.0),Climate Change indicators,I,A,Annual,SST_ANOM,Sea Surface Temperature anomalies,TO,Tonga,1894,,-0.3,,,,CELSIUS,Celsius (°C),SE,Standard error,0.1,,N,National,,
DATAFLOW,SPC:DF_CLIMATE_CHANGE(1.0),Climate Change indicators,I,A,Annual,SST_ANOM,Sea Surface Temperature anomalies,TO,Tonga,1895,,-0.2,,,,CELSIUS,Celsius (°C),SE,Standard error,0.1,,N,National,,
DATAFLOW,SPC:DF_CLIMATE_CHANGE(1.0),Climate Change indicators,I,A,Annual,SST_ANOM,Sea Surface Temperature anomalies,TO,Tonga,1896,,-0.5,,,,CELSIUS,Celsius (°C),SE,Standard error,0.1,,N,National,,
DATAFLOW,SPC:DF_CLIMATE_CHANGE(1.0),Climate Change indicators,I,A,Annual,SST_ANOM,Sea Surface Temperature anomalies,TO,Tonga,1897,,-0.5,,,,CELSIUS,Celsius (°C),SE,Standard error,0.1,,N,National,,
DATAFLOW,SPC:DF_CLIMATE_CHANGE(1.0),Climate Change indicators,I,A,Annual,SST_ANOM,Sea Surface Temperature anomalies,TO,Tonga,1898,,0,,,,CELSIUS,Celsius (°C),SE,Standard error,0.1,,N,National,,
DATAFLOW,SPC:DF_CLIMATE_CHANGE(1.0),Climate Change indicators,I,A,Annual,SST_ANOM,Sea Surface Temperature anomalies,TO,Tonga,1899,,-0.2,,,,CELSIUS,Celsius (°C),SE,Standard error,0.1,,N,National,,
DATAFLOW,SPC:DF_CLIMATE_CHANGE(1.0),Climate Change indicators,I,A,Annual,SST_ANOM,Sea Surface Temperature anomalies,TO,Tonga,1900,,-0.7,,,,CELSIUS,Celsius (°C),SE,Standard error,0.2,,N,National,,
DATAFLOW,SPC:DF_CLIMATE_CHANGE(1.0),Climate Change indicators,I,A,Annual,SST_ANOM,Sea Surface Temperature anomalies,TO,Tonga,1901,,-0.1,,,,CELSIUS,Celsius (°C),SE,Standard error,0.1,,N,National,,
DATAFLOW,SPC:DF_CLIMATE_CHANGE(1.0),Climate Change indicators,I,A,Annual,SST_ANOM,Sea Surface Temperature anomalies,TO,Tonga,1902,,-0.9,,,,CELSIUS,Celsius (°C),SE,Standard error,0.1,,N,National,,
DATAFLOW,SPC:DF_CLIMATE_CHANGE(1.0),Climate Change indicators,I,A,Annual,SST_ANOM,Sea Surface Temperature anomalies,TO,Tonga,1903,,-0.7,,,,CELSIUS,Celsius (°C),SE,Standard error,0.1,,N,National,,
DATAFLOW,SPC:DF_CLIMATE_CHANGE(1.0),Climate Change indicators,I,A,Annual,SST_ANOM,Sea Surface Temperature anomalies,TO,Tonga,1904,,-0.6,,,,CELSIUS,Celsius (°C),SE,Standard error,0.1,,N,National,,
DATAFLOW,SPC:DF_CLIMATE_CHANGE(1.0),Climate Change indicators,I,A,Annual,SST_ANOM,Sea Surface Temperature anomalies,TO,Tonga,1905,,-1.1,,,,CELSIUS,Celsius (°C),SE,Standard error,0.1,,N,National,,
DATAFLOW,SPC:DF_CLIMATE_CHANGE(1.0),Climate Change indicators,I,A,Annual,SST_ANOM,Sea Surface Temperature anomalies,TO,Tonga,1906,,-0.3,,,,CELSIUS,Celsius (°C),SE,Standard error,0.1,,N,National,,
DATAFLOW,SPC:DF_CLIMATE_CHANGE(1.0),Climate Change indicators,I,A,Annual,SST_ANOM,Sea Surface Temperature anomalies,TO,Tonga,1907,,-0.7,,,,CELSIUS,Celsius (°C),SE,Standard error,0.1,,N,National,,
DATAFLOW,SPC:DF_CLIMATE_CHANGE(1.0),Climate Change indicators,I,A,Annual,SST_ANOM,Sea Surface Temperature anomalies,TO,Tonga,1908,,-0.6,,,,CELSIUS,Celsius (°C),SE,Standard error,0.1,,N,National,,
DATAFLOW,SPC:DF_CLIMATE_CHANGE(1.0),Climate Change indicators,I,A,Annual,SST_ANOM,Sea Surface Temperature anomalies,TO,Tonga,1909,,-0.6,,,,CELSIUS,Celsius (°C),SE,Standard error,0.1,,N,National,,
DATAFLOW,SPC:DF_CLIMATE_CHANGE(1.0),Climate Change indicators,I,A,Annual,SST_ANOM,Sea Surface Temperature anomalies,TO,Tonga,1910,,-0.3,,,,CELSIUS,Celsius (°C),SE,Standard error,0.1,,N,National,,
DATAFLOW,SPC:DF_CLIMATE_CHANGE(1.0),Climate Change indicators,I,A,Annual,SST_ANOM,Sea Surface Temperature anomalies,TO,Tonga,1911,,-0.5,,,,CELSIUS,Celsius (°C),SE,Standard error,0.1,,N,National,,
DATAFLOW,SPC:DF_CLIMATE_CHANGE(1.0),Climate Change indicators,I,A,Annual,SST_ANOM,Sea Surface Temperature anomalies,TO,Tonga,1912,,-0.6,,,,CELSIUS,Celsius (°C),SE,Standard error,0.1,,N,National,,
DATAFLOW,SPC:DF_CLIMATE_CHANGE(1.0),Climate Change indicators,I,A,Annual,SST_ANOM,Sea Surface Temperature anomalies,TO,Tonga,1913,,-0.7,,,,CELSIUS,Celsius (°C),SE,Standard error,0.1,,N,National,,
DATAFLOW,SPC:DF_CLIMATE_CHANGE(1.0),Climate Change indicators,I,A,Annual,SST_ANOM,Sea Surface Temperature anomalies,TO,Tonga,1914,,-0.6,,,,CELSIUS,Celsius (°C),SE,Standard error,0.1,,N,National,,
DATAFLOW,SPC:DF_CLIMATE_CHANGE(1.0),Climate Change indicators,I,A,Annual,SST_ANOM,Sea Surface Temperature anomalies,TO,Tonga,1915,,-0.2,,,,CELSIUS,Celsius (°C),SE,Standard error,0.1,,N,National,,
DATAFLOW,SPC:DF_CLIMATE_CHANGE(1.0),Climate Change indicators,I,A,Annual,SST_ANOM,Sea Surface Temperature anomalies,TO,Tonga,1916,,0.2,,,,CELSIUS,Celsius (°C),SE,Standard error,0.1,,N,National,,
DATAFLOW,SPC:DF_CLIMATE_CHANGE(1.0),Climate Change indicators,I,A,Annual,SST_ANOM,Sea Surface Temperature anomalies,TO,Tonga,1917,,0,,,,CELSIUS,Celsius (°C),SE,Standard error,0.1,,N,National,,
DATAFLOW,SPC:DF_CLIMATE_CHANGE(1.0),Climate Change indicators,I,A,Annual,SST_ANOM,Sea Surface Temperature anomalies,TO,Tonga,1918,,-0.4,,,,CELSIUS,Celsius (°C),SE,Standard error,0,,N,National,,
DATAFLOW,SPC:DF_CLIMATE_CHANGE(1.0),Climate Change indicators,I,A,Annual,SST_ANOM,Sea Surface Temperature anomalies,TO,Tonga,1919,,-0.9,,,,CELSIUS,Celsius (°C),SE,Standard error,0.1,,N,National,,
DATAFLOW,SPC:DF_CLIMATE_CHANGE(1.0),Climate Change indicators,I,A,Annual,SST_ANOM,Sea Surface Temperature anomalies,TO,Tonga,1920,,-0.5,,,,CELSIUS,Celsius (°C),SE,Standard error,0.1,,N,National,,
DATAFLOW,SPC:DF_CLIMATE_CHANGE(1.0),Climate Change indicators,I,A,Annual,SST_ANOM,Sea Surface Temperature anomalies,TO,Tonga,1921,,-0.6,,,,CELSIUS,Celsius (°C),SE,Standard error,0.1,,N,National,,
DATAFLOW,SPC:DF_CLIMATE_CHANGE(1.0),Climate Change indicators,I,A,Annual,SST_ANOM,Sea Surface Temperature anomalies,TO,Tonga,1922,,-0.2,,,,CELSIUS,Celsius (°C),SE,Standard error,0,,N,National,,
DATAFLOW,SPC:DF_CLIMATE_CHANGE(1.0),Climate Change indicators,I,A,Annual,SST_ANOM,Sea Surface Temperature anomalies,TO,Tonga,1923,,-0.5,,,,CELSIUS,Celsius (°C),SE,Standard error,0.1,,N,National,,
DATAFLOW,SPC:DF_CLIMATE_CHANGE(1.0),Climate Change indicators,I,A,Annual,SST_ANOM,Sea Surface Temperature anomalies,TO,Tonga,1924,,-0.1,,,,CELSIUS,Celsius (°C),SE,Standard error,0.1,,N,National,,
DATAFLOW,SPC:DF_CLIMATE_CHANGE(1.0),Climate Change indicators,I,A,Annual,SST_ANOM,Sea Surface Temperature anomalies,TO,Tonga,1925,,-0.4,,,,CELSIUS,Celsius (°C),SE,Standard error,0.1,,N,National,,
DATAFLOW,SPC:DF_CLIMATE_CHANGE(1.0),Climate Change indicators,I,A,Annual,SST_ANOM,Sea Surface Temperature anomalies,TO,Tonga,1926,,-0.6,,,,CELSIUS,Celsius (°C),SE,Standard error,0.1,,N,National,,
DATAFLOW,SPC:DF_CLIMATE_CHANGE(1.0),Climate Change indicators,I,A,Annual,SST_ANOM,Sea Surface Temperature anomalies,TO,Tonga,1927,,-0.2,,,,CELSIUS,Celsius (°C),SE,Standard error,0.1,,N,National,,
DATAFLOW,SPC:DF_CLIMATE_CHANGE(1.0),Climate Change indicators,I,A,Annual,SST_ANOM,Sea Surface Temperature anomalies,TO,Tonga,1928,,-0.5,,,,CELSIUS,Celsius (°C),SE,Standard error,0.1,,N,National,,
DATAFLOW,SPC:DF_CLIMATE_CHANGE(1.0),Climate Change indicators,I,A,Annual,SST_ANOM,Sea Surface Temperature anomalies,TO,Tonga,1929,,-0.4,,,,CELSIUS,Celsius (°C),SE,Standard error,0,,N,National,,
DATAFLOW,SPC:DF_CLIMATE_CHANGE(1.0),Climate Change indicators,I,A,Annual,SST_ANOM,Sea Surface Temperature anomalies,TO,Tonga,1930,,-0.8,,,,CELSIUS,Celsius (°C),SE,Standard error,0.1,,N,National,,
DATAFLOW,SPC:DF_CLIMATE_CHANGE(1.0),Climate Change indicators,I,A,Annual,SST_ANOM,Sea Surface Temperature anomalies,TO,Tonga,1931,,-0.7,,,,CELSIUS,Celsius (°C),SE,Standard error,0.1,,N,National,,
DATAFLOW,SPC:DF_CLIMATE_CHANGE(1.0),Climate Change indicators,I,A,Annual,SST_ANOM,Sea Surface Temperature anomalies,TO,Tonga,1932,,-0.4,,,,CELSIUS,Celsius (°C),SE,Standard error,0,,N,National,,
DATAFLOW,SPC:DF_CLIMATE_CHANGE(1.0),Climate Change indicators,I,A,Annual,SST_ANOM,Sea Surface Temperature anomalies,TO,Tonga,1933,,-0.4,,,,CELSIUS,Celsius (°C),SE,Standard error,0.1,,N,National,,
DATAFLOW,SPC:DF_CLIMATE_CHANGE(1.0),Climate Change indicators,I,A,Annual,SST_ANOM,Sea Surface Temperature anomalies,TO,Tonga,1934,,-0.6,,,,CELSIUS,Celsius (°C),SE,Standard error,0.1,,N,National,,
DATAFLOW,SPC:DF_CLIMATE_CHANGE(1.0),Climate Change indicators,I,A,Annual,SST_ANOM,Sea Surface Temperature anomalies,TO,Tonga,1935,,-0.3,,,,CELSIUS,Celsius (°C),SE,Standard error,0.1,,N,National,,
DATAFLOW,SPC:DF_CLIMATE_CHANGE(1.0),Climate Change indicators,I,A,Annual,SST_ANOM,Sea Surface Temperature anomalies,TO,Tonga,1936,,-0.3,,,,CELSIUS,Celsius (°C),SE,Standard error,0.1,,N,National,,
DATAFLOW,SPC:DF_CLIMATE_CHANGE(1.0),Climate Change indicators,I,A,Annual,SST_ANOM,Sea Surface Temperature anomalies,TO,Tonga,1937,,-0.3,,,,CELSIUS,Celsius (°C),SE,Standard error,0.1,,N,National,,
DATAFLOW,SPC:DF_CLIMATE_CHANGE(1.0),Climate Change indicators,I,A,Annual,SST_ANOM,Sea Surface Temperature anomalies,TO,Tonga,1938,,-0.2,,,,CELSIUS,Celsius (°C),SE,Standard error,0.1,,N,National,,
DATAFLOW,SPC:DF_CLIMATE_CHANGE(1.0),Climate Change indicators,I,A,Annual,SST_ANOM,Sea Surface Temperature anomalies,TO,Tonga,1939,,-0.5,,,,CELSIUS,Celsius (°C),SE,Standard error,0.1,,N,National,,
DATAFLOW,SPC:DF_CLIMATE_CHANGE(1.0),Climate Change indicators,I,A,Annual,SST_ANOM,Sea Surface Temperature anomalies,TO,Tonga,1940,,-0.6,,,,CELSIUS,Celsius (°C),SE,Standard error,0.1,,N,National,,
DATAFLOW,SPC:DF_CLIMATE_CHANGE(1.0),Climate Change indicators,I,A,Annual,SST_ANOM,Sea Surface Temperature anomalies,TO,Tonga,1941,,-0.4,,,,CELSIUS,Celsius (°C),SE,Standard error,0.1,,N,National,,
DATAFLOW,SPC:DF_CLIMATE_CHANGE(1.0),Climate Change indicators,I,A,Annual,SST_ANOM,Sea Surface Temperature anomalies,TO,Tonga,1942,,-0.1,,,,CELSIUS,Celsius (°C),SE,Standard error,0.1,,N,National,,
DATAFLOW,SPC:DF_CLIMATE_CHANGE(1.0),Climate Change indicators,I,A,Annual,SST_ANOM,Sea Surface Temperature anomalies,TO,Tonga,1943,,0.3,,,,CELSIUS,Celsius (°C),SE,Standard error,0.1,,N,National,,
DATAFLOW,SPC:DF_CLIMATE_CHANGE(1.0),Climate Change indicators,I,A,Annual,SST_ANOM,Sea Surface Temperature anomalies,TO,Tonga,1944,,0.2,,,,CELSIUS,Celsius (°C),SE,Standard error,0.1,,N,National,,
DATAFLOW,SPC:DF_CLIMATE_CHANGE(1.0),Climate Change indicators,I,A,Annual,SST_ANOM,Sea Surface Temperature anomalies,TO,Tonga,1945,,0,,,,CELSIUS,Celsius (°C),SE,Standard error,0.1,,N,National,,
DATAFLOW,SPC:DF_CLIMATE_CHANGE(1.0),Climate Change indicators,I,A,Annual,SST_ANOM,Sea Surface Temperature anomalies,TO,Tonga,1946,,-0.1,,,,CELSIUS,Celsius (°C),SE,Standard error,0.1,,N,National,,
DATAFLOW,SPC:DF_CLIMATE_CHANGE(1.0),Climate Change indicators,I,A,Annual,SST_ANOM,Sea Surface Temperature anomalies,TO,Tonga,1947,,0,,,,CELSIUS,Celsius (°C),SE,Standard error,0.1,,N,National,,
DATAFLOW,SPC:DF_CLIMATE_CHANGE(1.0),Climate Change indicators,I,A,Annual,SST_ANOM,Sea Surface Temperature anomalies,TO,Tonga,1948,,-0.2,,,,CELSIUS,Celsius (°C),SE,Standard error,0.1,,N,National,,
DATAFLOW,SPC:DF_CLIMATE_CHANGE(1.0),Climate Change indicators,I,A,Annual,SST_ANOM,Sea Surface Temperature anomalies,TO,Tonga,1949,,-0.1,,,,CELSIUS,Celsius (°C),SE,Standard error,0.1,,N,National,,
DATAFLOW,SPC:DF_CLIMATE_CHANGE(1.0),Climate Change indicators,I,A,Annual,SST_ANOM,Sea Surface Temperature anomalies,TO,Tonga,1950,,0.1,,,,CELSIUS,Celsius (°C),SE,Standard error,0.1,,N,National,,
DATAFLOW,SPC:DF_CLIMATE_CHANGE(1.0),Climate Change indicators,I,A,Annual,SST_ANOM,Sea Surface Temperature anomalies,TO,Tonga,1951,,-0.1,,,,CELSIUS,Celsius (°C),SE,Standard error,0.1,,N,National,,
DATAFLOW,SPC:DF_CLIMATE_CHANGE(1.0),Climate Change indicators,I,A,Annual,SST_ANOM,Sea Surface Temperature anomalies,TO,Tonga,1952,,0.2,,,,CELSIUS,Celsius (°C),SE,Standard error,0.1,,N,National,,
DATAFLOW,SPC:DF_CLIMATE_CHANGE(1.0),Climate Change indicators,I,A,Annual,SST_ANOM,Sea Surface Temperature anomalies,TO,Tonga,1953,,0,,,,CELSIUS,Celsius (°C),SE,Standard error,0.1,,N,National,,
DATAFLOW,SPC:DF_CLIMATE_CHANGE(1.0),Climate Change indicators,I,A,Annual,SST_ANOM,Sea Surface Temperature anomalies,TO,Tonga,1954,,-0.1,,,,CELSIUS,Celsius (°C),SE,Standard error,0.1,,N,National,,
DATAFLOW,SPC:DF_CLIMATE_CHANGE(1.0),Climate Change indicators,I,A,Annual,SST_ANOM,Sea Surface Temperature anomalies,TO,Tonga,1955,,0,,,,CELSIUS,Celsius (°C),SE,Standard error,0.1,,N,National,,
DATAFLOW,SPC:DF_CLIMATE_CHANGE(1.0),Climate Change indicators,I,A,Annual,SST_ANOM,Sea Surface Temperature anomalies,TO,Tonga,1956,,0.1,,,,CELSIUS,Celsius (°C),SE,Standard error,0.1,,N,National,,
DATAFLOW,SPC:DF_CLIMATE_CHANGE(1.0),Climate Change indicators,I,A,Annual,SST_ANOM,Sea Surface Temperature anomalies,TO,Tonga,1957,,-0.2,,,,CELSIUS,Celsius (°C),SE,Standard error,0.1,,N,National,,
DATAFLOW,SPC:DF_CLIMATE_CHANGE(1.0),Climate Change indicators,I,A,Annual,SST_ANOM,Sea Surface Temperature anomalies,TO,Tonga,1958,,-0.3,,,,CELSIUS,Celsius (°C),SE,Standard error,0.1,,N,National,,
DATAFLOW,SPC:DF_CLIMATE_CHANGE(1.0),Climate Change indicators,I,A,Annual,SST_ANOM,Sea Surface Temperature anomalies,TO,Tonga,1959,,-0.2,,,,CELSIUS,Celsius (°C),SE,Standard error,0.1,,N,National,,
DATAFLOW,SPC:DF_CLIMATE_CHANGE(1.0),Climate Change indicators,I,A,Annual,SST_ANOM,Sea Surface Temperature anomalies,TO,Tonga,1960,,-0.1,,,,CELSIUS,Celsius (°C),SE,Standard error,0.1,,N,National,,
DATAFLOW,SPC:DF_CLIMATE_CHANGE(1.0),Climate Change indicators,I,A,Annual,SST_ANOM,Sea Surface Temperature anomalies,TO,Tonga,1961,,0.1,,,,CELSIUS,Celsius (°C),SE,Standard error,0.1,,N,National,,
DATAFLOW,SPC:DF_CLIMATE_CHANGE(1.0),Climate Change indicators,I,A,Annual,SST_ANOM,Sea Surface Temperature anomalies,TO,Tonga,1962,,-0.1,,,,CELSIUS,Celsius (°C),SE,Standard error,0.1,,N,National,,
DATAFLOW,SPC:DF_CLIMATE_CHANGE(1.0),Climate Change indicators,I,A,Annual,SST_ANOM,Sea Surface Temperature anomalies,TO,Tonga,1963,,-0.2,,,,CELSIUS,Celsius (°C),SE,Standard error,0.1,,N,National,,
DATAFLOW,SPC:DF_CLIMATE_CHANGE(1.0),Climate Change indicators,I,A,Annual,SST_ANOM,Sea Surface Temperature anomalies,TO,Tonga,1964,,0,,,,CELSIUS,Celsius (°C),SE,Standard error,0.1,,N,National,,
DATAFLOW,SPC:DF_CLIMATE_CHANGE(1.0),Climate Change indicators,I,A,Annual,SST_ANOM,Sea Surface Temperature anomalies,TO,Tonga,1965,,-0.5,,,,CELSIUS,Celsius (°C),SE,Standard error,0,,N,National,,
DATAFLOW,SPC:DF_CLIMATE_CHANGE(1.0),Climate Change indicators,I,A,Annual,SST_ANOM,Sea Surface Temperature anomalies,TO,Tonga,1966,,-0.3,,,,CELSIUS,Celsius (°C),SE,Standard error,0.1,,N,National,,
DATAFLOW,SPC:DF_CLIMATE_CHANGE(1.0),Climate Change indicators,I,A,Annual,SST_ANOM,Sea Surface Temperature anomalies,TO,Tonga,1967,,-0.2,,,,CELSIUS,Celsius (°C),SE,Standard error,0.1,,N,National,,
DATAFLOW,SPC:DF_CLIMATE_CHANGE(1.0),Climate Change indicators,I,A,Annual,SST_ANOM,Sea Surface Temperature anomalies,TO,Tonga,1968,,0.1,,,,CELSIUS,Celsius (°C),SE,Standard error,0.1,,N,National,,
DATAFLOW,SPC:DF_CLIMATE_CHANGE(1.0),Climate Change indicators,I,A,Annual,SST_ANOM,Sea Surface Temperature anomalies,TO,Tonga,1969,,-0.2,,,,CELSIUS,Celsius (°C),SE,Standard error,0.1,,N,National,,
DATAFLOW,SPC:DF_CLIMATE_CHANGE(1.0),Climate Change indicators,I,A,Annual,SST_ANOM,Sea Surface Temperature anomalies,TO,Tonga,1970,,0.1,,,,CELSIUS,Celsius (°C),SE,Standard error,0.1,,N,National,,
DATAFLOW,SPC:DF_CLIMATE_CHANGE(1.0),Climate Change indicators,I,A,Annual,SST_ANOM,Sea Surface Temperature anomalies,TO,Tonga,1971,,0.2,,,,CELSIUS,Celsius (°C),SE,Standard error,0.1,,N,National,,
DATAFLOW,SPC:DF_CLIMATE_CHANGE(1.0),Climate Change indicators,I,A,Annual,SST_ANOM,Sea Surface Temperature anomalies,TO,Tonga,1972,,-0.1,,,,CELSIUS,Celsius (°C),SE,Standard error,0.1,,N,National,,
DATAFLOW,SPC:DF_CLIMATE_CHANGE(1.0),Climate Change indicators,I,A,Annual,SST_ANOM,Sea Surface Temperature anomalies,TO,Tonga,1973,,0.4,,,,CELSIUS,Celsius (°C),SE,Standard error,0.1,,N,National,,
DATAFLOW,SPC:DF_CLIMATE_CHANGE(1.0),Climate Change indicators,I,A,Annual,SST_ANOM,Sea Surface Temperature anomalies,TO,Tonga,1974,,0.4,,,,CELSIUS,Celsius (°C),SE,Standard error,0.1,,N,National,,
DATAFLOW,SPC:DF_CLIMATE_CHANGE(1.0),Climate Change indicators,I,A,Annual,SST_ANOM,Sea Surface Temperature anomalies,TO,Tonga,1975,,0.3,,,,CELSIUS,Celsius (°C),SE,Standard error,0.1,,N,National,,
DATAFLOW,SPC:DF_CLIMATE_CHANGE(1.0),Climate Change indicators,I,A,Annual,SST_ANOM,Sea Surface Temperature anomalies,TO,Tonga,1976,,0,,,,CELSIUS,Celsius (°C),SE,Standard error,0.1,,N,National,,
DATAFLOW,SPC:DF_CLIMATE_CHANGE(1.0),Climate Change indicators,I,A,Annual,SST_ANOM,Sea Surface Temperature anomalies,TO,Tonga,1977,,-0.4,,,,CELSIUS,Celsius (°C),SE,Standard error,0.1,,N,National,,
DATAFLOW,SPC:DF_CLIMATE_CHANGE(1.0),Climate Change indicators,I,A,Annual,SST_ANOM,Sea Surface Temperature anomalies,TO,Tonga,1978,,-0.3,,,,CELSIUS,Celsius (°C),SE,Standard error,0.1,,N,National,,
DATAFLOW,SPC:DF_CLIMATE_CHANGE(1.0),Climate Change indicators,I,A,Annual,SST_ANOM,Sea Surface Temperature anomalies,TO,Tonga,1979,,-0.2,,,,CELSIUS,Celsius (°C),SE,Standard error,0.1,,N,National,,
DATAFLOW,SPC:DF_CLIMATE_CHANGE(1.0),Climate Change indicators,I,A,Annual,SST_ANOM,Sea Surface Temperature anomalies,TO,Tonga,1980,,0,,,,CELSIUS,Celsius (°C),SE,Standard error,0.1,,N,National,,
DATAFLOW,SPC:DF_CLIMATE_CHANGE(1.0),Climate Change indicators,I,A,Annual,SST_ANOM,Sea Surface Temperature anomalies,TO,Tonga,1981,,-0.1,,,,CELSIUS,Celsius (°C),SE,Standard error,0,,N,National,,
DATAFLOW,SPC:DF_CLIMATE_CHANGE(1.0),Climate Change indicators,I,A,Annual,SST_ANOM,Sea Surface Temperature anomalies,TO,Tonga,1982,,-0.2,,,,CELSIUS,Celsius (°C),SE,Standard error,0.1,,N,National,,
DATAFLOW,SPC:DF_CLIMATE_CHANGE(1.0),Climate Change indicators,I,A,Annual,SST_ANOM,Sea Surface Temperature anomalies,TO,Tonga,1983,,-0.3,,,,CELSIUS,Celsius (°C),SE,Standard error,0.1,,N,National,,
DATAFLOW,SPC:DF_CLIMATE_CHANGE(1.0),Climate Change indicators,I,A,Annual,SST_ANOM,Sea Surface Temperature anomalies,TO,Tonga,1984,,0.1,,,,CELSIUS,Celsius (°C),SE,Standard error,0.1,,N,National,,
DATAFLOW,SPC:DF_CLIMATE_CHANGE(1.0),Climate Change indicators,I,A,Annual,SST_ANOM,Sea Surface Temperature anomalies,TO,Tonga,1985,,-0.1,,,,CELSIUS,Celsius (°C),SE,Standard error,0.1,,N,National,,
DATAFLOW,SPC:DF_CLIMATE_CHANGE(1.0),Climate Change indicators,I,A,Annual,SST_ANOM,Sea Surface Temperature anomalies,TO,Tonga,1986,,-0.4,,,,CELSIUS,Celsius (°C),SE,Standard error,0.1,,N,National,,
DATAFLOW,SPC:DF_CLIMATE_CHANGE(1.0),Climate Change indicators,I,A,Annual,SST_ANOM,Sea Surface Temperature anomalies,TO,Tonga,1987,,-0.5,,,,CELSIUS,Celsius (°C),SE,Standard error,0.1,,N,National,,
DATAFLOW,SPC:DF_CLIMATE_CHANGE(1.0),Climate Change indicators,I,A,Annual,SST_ANOM,Sea Surface Temperature anomalies,TO,Tonga,1988,,0.4,,,,CELSIUS,Celsius (°C),SE,Standard error,0.1,,N,National,,
DATAFLOW,SPC:DF_CLIMATE_CHANGE(1.0),Climate Change indicators,I,A,Annual,SST_ANOM,Sea Surface Temperature anomalies,TO,Tonga,1989,,0.1,,,,CELSIUS,Celsius (°C),SE,Standard error,0.1,,N,National,,
DATAFLOW,SPC:DF_CLIMATE_CHANGE(1.0),Climate Change indicators,I,A,Annual,SST_ANOM,Sea Surface Temperature anomalies,TO,Tonga,1990,,0,,,,CELSIUS,Celsius (°C),SE,Standard error,0.1,,N,National,,
DATAFLOW,SPC:DF_CLIMATE_CHANGE(1.0),Climate Change indicators,I,A,Annual,SST_ANOM,Sea Surface Temperature anomalies,TO,Tonga,1991,,-0.1,,,,CELSIUS,Celsius (°C),SE,Standard error,0.1,,N,National,,
DATAFLOW,SPC:DF_CLIMATE_CHANGE(1.0),Climate Change indicators,I,A,Annual,SST_ANOM,Sea Surface Temperature anomalies,TO,Tonga,1992,,0,,,,CELSIUS,Celsius (°C),SE,Standard error,0.1,,N,National,,
DATAFLOW,SPC:DF_CLIMATE_CHANGE(1.0),Climate Change indicators,I,A,Annual,SST_ANOM,Sea Surface Temperature anomalies,TO,Tonga,1993,,-0.3,,,,CELSIUS,Celsius (°C),SE,Standard error,0.1,,N,National,,
DATAFLOW,SPC:DF_CLIMATE_CHANGE(1.0),Climate Change indicators,I,A,Annual,SST_ANOM,Sea Surface Temperature anomalies,TO,Tonga,1994,,-0.3,,,,CELSIUS,Celsius (°C),SE,Standard error,0.1,,N,National,,
DATAFLOW,SPC:DF_CLIMATE_CHANGE(1.0),Climate Change indicators,I,A,Annual,SST_ANOM,Sea Surface Temperature anomalies,TO,Tonga,1995,,0.2,,,,CELSIUS,Celsius (°C),SE,Standard error,0.1,,N,National,,
DATAFLOW,SPC:DF_CLIMATE_CHANGE(1.0),Climate Change indicators,I,A,Annual,SST_ANOM,Sea Surface Temperature anomalies,TO,Tonga,1996,,0.3,,,,CELSIUS,Celsius (°C),SE,Standard error,0.1,,N,National,,
DATAFLOW,SPC:DF_CLIMATE_CHANGE(1.0),Climate Change indicators,I,A,Annual,SST_ANOM,Sea Surface Temperature anomalies,TO,Tonga,1997,,-0.2,,,,CELSIUS,Celsius (°C),SE,Standard error,0.2,,N,National,,
DATAFLOW,SPC:DF_CLIMATE_CHANGE(1.0),Climate Change indicators,I,A,Annual,SST_ANOM,Sea Surface Temperature anomalies,TO,Tonga,1998,,0,,,,CELSIUS,Celsius (°C),SE,Standard error,0.2,,N,National,,
DATAFLOW,SPC:DF_CLIMATE_CHANGE(1.0),Climate Change indicators,I,A,Annual,SST_ANOM,Sea Surface Temperature anomalies,TO,Tonga,1999,,0.4,,,,CELSIUS,Celsius (°C),SE,Standard error,0,,N,National,,
DATAFLOW,SPC:DF_CLIMATE_CHANGE(1.0),Climate Change indicators,I,A,Annual,SST_ANOM,Sea Surface Temperature anomalies,TO,Tonga,2000,,0.5,,,,CELSIUS,Celsius (°C),SE,Standard error,0.1,,N,National,,
DATAFLOW,SPC:DF_CLIMATE_CHANGE(1.0),Climate Change indicators,I,A,Annual,SST_ANOM,Sea Surface Temperature anomalies,TO,Tonga,2001,,0.2,,,,CELSIUS,Celsius (°C),SE,Standard error,0.1,,N,National,,
DATAFLOW,SPC:DF_CLIMATE_CHANGE(1.0),Climate Change indicators,I,A,Annual,SST_ANOM,Sea Surface Temperature anomalies,TO,Tonga,2002,,0.3,,,,CELSIUS,Celsius (°C),SE,Standard error,0.1,,N,National,,
DATAFLOW,SPC:DF_CLIMATE_CHANGE(1.0),Climate Change indicators,I,A,Annual,SST_ANOM,Sea Surface Temperature anomalies,TO,Tonga,2003,,0.3,,,,CELSIUS,Celsius (°C),SE,Standard error,0.1,,N,National,,
DATAFLOW,SPC:DF_CLIMATE_CHANGE(1.0),Climate Change indicators,I,A,Annual,SST_ANOM,Sea Surface Temperature anomalies,TO,Tonga,2004,,0.4,,,,CELSIUS,Celsius (°C),SE,Standard error,0.1,,N,National,,
DATAFLOW,SPC:DF_CLIMATE_CHANGE(1.0),Climate Change indicators,I,A,Annual,SST_ANOM,Sea Surface Temperature anomalies,TO,Tonga,2005,,0.4,,,,CELSIUS,Celsius (°C),SE,Standard error,0.1,,N,National,,
DATAFLOW,SPC:DF_CLIMATE_CHANGE(1.0),Climate Change indicators,I,A,Annual,SST_ANOM,Sea Surface Temperature anomalies,TO,Tonga,2006,,0.3,,,,CELSIUS,Celsius (°C),SE,Standard error,0.1,,N,National,,
DATAFLOW,SPC:DF_CLIMATE_CHANGE(1.0),Climate Change indicators,I,A,Annual,SST_ANOM,Sea Surface Temperature anomalies,TO,Tonga,2007,,0.4,,,,CELSIUS,Celsius (°C),SE,Standard error,0.1,,N,National,,
DATAFLOW,SPC:DF_CLIMATE_CHANGE(1.0),Climate Change indicators,I,A,Annual,SST_ANOM,Sea Surface Temperature anomalies,TO,Tonga,2008,,0.6,,,,CELSIUS,Celsius (°C),SE,Standard error,0.1,,N,National,,
DATAFLOW,SPC:DF_CLIMATE_CHANGE(1.0),Climate Change indicators,I,A,Annual,SST_ANOM,Sea Surface Temperature anomalies,TO,Tonga,2009,,0.3,,,,CELSIUS,Celsius (°C),SE,Standard error,0.1,,N,National,,
DATAFLOW,SPC:DF_CLIMATE_CHANGE(1.0),Climate Change indicators,I,A,Annual,SST_ANOM,Sea Surface Temperature anomalies,TO,Tonga,2010,,0.6,,,,CELSIUS,Celsius (°C),SE,Standard error,0.1,,N,National,,
DATAFLOW,SPC:DF_CLIMATE_CHANGE(1.0),Climate Change indicators,I,A,Annual,SST_ANOM,Sea Surface Temperature anomalies,TO,Tonga,2011,,0.8,,,,CELSIUS,Celsius (°C),SE,Standard error,0.1,,N,National,,
DATAFLOW,SPC:DF_CLIMATE_CHANGE(1.0),Climate Change indicators,I,A,Annual,SST_ANOM,Sea Surface Temperature anomalies,TO,Tonga,2012,,0.4,,,,CELSIUS,Celsius (°C),SE,Standard error,0.1,,N,National,,
DATAFLOW,SPC:DF_CLIMATE_CHANGE(1.0),Climate Change indicators,I,A,Annual,SST_ANOM,Sea Surface Temperature anomalies,TO,Tonga,2013,,0.6,,,,CELSIUS,Celsius (°C),SE,Standard error,0.1,,N,National,,
DATAFLOW,SPC:DF_CLIMATE_CHANGE(1.0),Climate Change indicators,I,A,Annual,SST_ANOM,Sea Surface Temperature anomalies,TO,Tonga,2014,,0.4,,,,CELSIUS,Celsius (°C),SE,Standard error,0.1,,N,National,,
DATAFLOW,SPC:DF_CLIMATE_CHANGE(1.0),Climate Change indicators,I,A,Annual,SST_ANOM,Sea Surface Temperature anomalies,TO,Tonga,2015,,-0.1,,,,CELSIUS,Celsius (°C),SE,Standard error,0.1,,N,National,,
DATAFLOW,SPC:DF_CLIMATE_CHANGE(1.0),Climate Change indicators,I,A,Annual,SST_ANOM,Sea Surface Temperature anomalies,TO,Tonga,2016,,0.4,,,,CELSIUS,Celsius (°C),SE,Standard error,0.1,,N,National,,
DATAFLOW,SPC:DF_CLIMATE_CHANGE(1.0),Climate Change indicators,I,A,Annual,SST_ANOM,Sea Surface Temperature anomalies,TO,Tonga,2017,,0.6,,,,CELSIUS,Celsius (°C),SE,Standard error,0.1,,N,National,,
DATAFLOW,SPC:DF_CLIMATE_CHANGE(1.0),Climate Change indicators,I,A,Annual,SST_ANOM,Sea Surface Temperature anomalies,TO,Tonga,2018,,0.5,,,,CELSIUS,Celsius (°C),SE,Standard error,0.1,,N,National,,
DATAFLOW,SPC:DF_CLIMATE_CHANGE(1.0),Climate Change indicators,I,A,Annual,SST_ANOM,Sea Surface Temperature anomalies,TO,Tonga,2019,,0.5,,,,CELSIUS,Celsius (°C),SE,Standard error,0.1,,N,National,,
DATAFLOW,SPC:DF_CLIMATE_CHANGE(1.0),Climate Change indicators,I,A,Annual,SST_ANOM,Sea Surface Temperature anomalies,TO,Tonga,2020,,0.7,,,,CELSIUS,Celsius (°C),SE,Standard error,0.1,,N,National,,
DATAFLOW,SPC:DF_CLIMATE_CHANGE(1.0),Climate Change indicators,I,A,Annual,SST_ANOM,Sea Surface Temperature anomalies,TO,Tonga,2021,,0.8,,,,CELSIUS,Celsius (°C),SE,Standard error,0,,N,National,,
DATAFLOW,SPC:DF_CLIMATE_CHANGE(1.0),Climate Change indicators,I,A,Annual,SST_ANOM,Sea Surface Temperature anomalies,TO,Tonga,2022,,1.1,,,,CELSIUS,Celsius (°C),SE,Standard error,0.1,,N,National,,
DATAFLOW,SPC:DF_CLIMATE_CHANGE(1.0),Climate Change indicators,I,A,Annual,SST_ANOM,Sea Surface Temperature anomalies,TO,Tonga,2023,,0.5,,,,CELSIUS,Celsius (°C),SE,Standard error,0.1,,N,National,,
DATAFLOW,SPC:DF_CLIMATE_CHANGE(1.0),Climate Change indicators,I,A,Annual,SST_ANOM,Sea Surface Temperature anomalies,TO,Tonga,2024,,0.6,,,,CELSIUS,Celsius (°C),SE,Standard error,0.1,,N,National,,
DATAFLOW,SPC:DF_CLIMATE_CHANGE(1.0),Climate Change indicators,I,A,Annual,SST_ANOM,Sea Surface Temperature anomalies,TO,Tonga,2025,,0.6,,,,CELSIUS,Celsius (°C),SE,Standard error,0.1,,N,National,,
DATAFLOW,SPC:DF_CLIMATE_CHANGE(1.0),Climate Change indicators,I,A,Annual,SST_ANOM,Sea Surface Temperature anomalies,VU,Vanuatu,1850,,-0.3,,,,CELSIUS,Celsius (°C),SE,Standard error,0,,N,National,,
DATAFLOW,SPC:DF_CLIMATE_CHANGE(1.0),Climate Change indicators,I,A,Annual,SST_ANOM,Sea Surface Temperature anomalies,VU,Vanuatu,1851,,0.1,,,,CELSIUS,Celsius (°C),SE,Standard error,0.1,,N,National,,
DATAFLOW,SPC:DF_CLIMATE_CHANGE(1.0),Climate Change indicators,I,A,Annual,SST_ANOM,Sea Surface Temperature anomalies,VU,Vanuatu,1852,,-0.2,,,,CELSIUS,Celsius (°C),SE,Standard error,0,,N,National,,
DATAFLOW,SPC:DF_CLIMATE_CHANGE(1.0),Climate Change indicators,I,A,Annual,SST_ANOM,Sea Surface Temperature anomalies,VU,Vanuatu,1853,,-0.4,,,,CELSIUS,Celsius (°C),SE,Standard error,0.2,,N,National,,
DATAFLOW,SPC:DF_CLIMATE_CHANGE(1.0),Climate Change indicators,I,A,Annual,SST_ANOM,Sea Surface Temperature anomalies,VU,Vanuatu,1854,,-0.8,,,,CELSIUS,Celsius (°C),SE,Standard error,0.1,,N,National,,
DATAFLOW,SPC:DF_CLIMATE_CHANGE(1.0),Climate Change indicators,I,A,Annual,SST_ANOM,Sea Surface Temperature anomalies,VU,Vanuatu,1855,,-0.6,,,,CELSIUS,Celsius (°C),SE,Standard error,0.1,,N,National,,
DATAFLOW,SPC:DF_CLIMATE_CHANGE(1.0),Climate Change indicators,I,A,Annual,SST_ANOM,Sea Surface Temperature anomalies,VU,Vanuatu,1856,,-0.8,,,,CELSIUS,Celsius (°C),SE,Standard error,0.1,,N,National,,
DATAFLOW,SPC:DF_CLIMATE_CHANGE(1.0),Climate Change indicators,I,A,Annual,SST_ANOM,Sea Surface Temperature anomalies,VU,Vanuatu,1857,,0,,,,CELSIUS,Celsius (°C),SE,Standard error,0.1,,N,National,,
DATAFLOW,SPC:DF_CLIMATE_CHANGE(1.0),Climate Change indicators,I,A,Annual,SST_ANOM,Sea Surface Temperature anomalies,VU,Vanuatu,1858,,-0.4,,,,CELSIUS,Celsius (°C),SE,Standard error,0.1,,N,National,,
DATAFLOW,SPC:DF_CLIMATE_CHANGE(1.0),Climate Change indicators,I,A,Annual,SST_ANOM,Sea Surface Temperature anomalies,VU,Vanuatu,1859,,-0.2,,,,CELSIUS,Celsius (°C),SE,Standard error,0,,N,National,,
DATAFLOW,SPC:DF_CLIMATE_CHANGE(1.0),Climate Change indicators,I,A,Annual,SST_ANOM,Sea Surface Temperature anomalies,VU,Vanuatu,1860,,-0.4,,,,CELSIUS,Celsius (°C),SE,Standard error,0.1,,N,National,,
DATAFLOW,SPC:DF_CLIMATE_CHANGE(1.0),Climate Change indicators,I,A,Annual,SST_ANOM,Sea Surface Temperature anomalies,VU,Vanuatu,1861,,-0.5,,,,CELSIUS,Celsius (°C),SE,Standard error,0.2,,N,National,,
DATAFLOW,SPC:DF_CLIMATE_CHANGE(1.0),Climate Change indicators,I,A,Annual,SST_ANOM,Sea Surface Temperature anomalies,VU,Vanuatu,1862,,-0.2,,,,CELSIUS,Celsius (°C),SE,Standard error,0.1,,N,National,,
DATAFLOW,SPC:DF_CLIMATE_CHANGE(1.0),Climate Change indicators,I,A,Annual,SST_ANOM,Sea Surface Temperature anomalies,VU,Vanuatu,1863,,0,,,,CELSIUS,Celsius (°C),SE,Standard error,0.1,,N,National,,
DATAFLOW,SPC:DF_CLIMATE_CHANGE(1.0),Climate Change indicators,I,A,Annual,SST_ANOM,Sea Surface Temperature anomalies,VU,Vanuatu,1864,,0.1,,,,CELSIUS,Celsius (°C),SE,Standard error,0.1,,N,National,,
DATAFLOW,SPC:DF_CLIMATE_CHANGE(1.0),Climate Change indicators,I,A,Annual,SST_ANOM,Sea Surface Temperature anomalies,VU,Vanuatu,1865,,-0.1,,,,CELSIUS,Celsius (°C),SE,Standard error,0.1,,N,National,,
DATAFLOW,SPC:DF_CLIMATE_CHANGE(1.0),Climate Change indicators,I,A,Annual,SST_ANOM,Sea Surface Temperature anomalies,VU,Vanuatu,1866,,0,,,,CELSIUS,Celsius (°C),SE,Standard error,0.1,,N,National,,
DATAFLOW,SPC:DF_CLIMATE_CHANGE(1.0),Climate Change indicators,I,A,Annual,SST_ANOM,Sea Surface Temperature anomalies,VU,Vanuatu,1867,,0,,,,CELSIUS,Celsius (°C),SE,Standard error,0.1,,N,National,,
DATAFLOW,SPC:DF_CLIMATE_CHANGE(1.0),Climate Change indicators,I,A,Annual,SST_ANOM,Sea Surface Temperature anomalies,VU,Vanuatu,1868,,-0.2,,,,CELSIUS,Celsius (°C),SE,Standard error,0.1,,N,National,,
DATAFLOW,SPC:DF_CLIMATE_CHANGE(1.0),Climate Change indicators,I,A,Annual,SST_ANOM,Sea Surface Temperature anomalies,VU,Vanuatu,1869,,0,,,,CELSIUS,Celsius (°C),SE,Standard error,0.1,,N,National,,
DATAFLOW,SPC:DF_CLIMATE_CHANGE(1.0),Climate Change indicators,I,A,Annual,SST_ANOM,Sea Surface Temperature anomalies,VU,Vanuatu,1870,,0.1,,,,CELSIUS,Celsius (°C),SE,Standard error,0.1,,N,National,,
DATAFLOW,SPC:DF_CLIMATE_CHANGE(1.0),Climate Change indicators,I,A,Annual,SST_ANOM,Sea Surface Temperature anomalies,VU,Vanuatu,1871,,-0.2,,,,CELSIUS,Celsius (°C),SE,Standard error,0.1,,N,National,,
DATAFLOW,SPC:DF_CLIMATE_CHANGE(1.0),Climate Change indicators,I,A,Annual,SST_ANOM,Sea Surface Temperature anomalies,VU,Vanuatu,1872,,0,,,,CELSIUS,Celsius (°C),SE,Standard error,0.1,,N,National,,
DATAFLOW,SPC:DF_CLIMATE_CHANGE(1.0),Climate Change indicators,I,A,Annual,SST_ANOM,Sea Surface Temperature anomalies,VU,Vanuatu,1873,,0,,,,CELSIUS,Celsius (°C),SE,Standard error,0.1,,N,National,,
DATAFLOW,SPC:DF_CLIMATE_CHANGE(1.0),Climate Change indicators,I,A,Annual,SST_ANOM,Sea Surface Temperature anomalies,VU,Vanuatu,1874,,0,,,,CELSIUS,Celsius (°C),SE,Standard error,0.1,,N,National,,
DATAFLOW,SPC:DF_CLIMATE_CHANGE(1.0),Climate Change indicators,I,A,Annual,SST_ANOM,Sea Surface Temperature anomalies,VU,Vanuatu,1875,,-0.1,,,,CELSIUS,Celsius (°C),SE,Standard error,0.1,,N,National,,
DATAFLOW,SPC:DF_CLIMATE_CHANGE(1.0),Climate Change indicators,I,A,Annual,SST_ANOM,Sea Surface Temperature anomalies,VU,Vanuatu,1876,,-0.2,,,,CELSIUS,Celsius (°C),SE,Standard error,0.1,,N,National,,
DATAFLOW,SPC:DF_CLIMATE_CHANGE(1.0),Climate Change indicators,I,A,Annual,SST_ANOM,Sea Surface Temperature anomalies,VU,Vanuatu,1877,,-0.5,,,,CELSIUS,Celsius (°C),SE,Standard error,0.1,,N,National,,
DATAFLOW,SPC:DF_CLIMATE_CHANGE(1.0),Climate Change indicators,I,A,Annual,SST_ANOM,Sea Surface Temperature anomalies,VU,Vanuatu,1878,,-0.2,,,,CELSIUS,Celsius (°C),SE,Standard error,0.1,,N,National,,
DATAFLOW,SPC:DF_CLIMATE_CHANGE(1.0),Climate Change indicators,I,A,Annual,SST_ANOM,Sea Surface Temperature anomalies,VU,Vanuatu,1879,,0.1,,,,CELSIUS,Celsius (°C),SE,Standard error,0.1,,N,National,,
DATAFLOW,SPC:DF_CLIMATE_CHANGE(1.0),Climate Change indicators,I,A,Annual,SST_ANOM,Sea Surface Temperature anomalies,VU,Vanuatu,1880,,-0.1,,,,CELSIUS,Celsius (°C),SE,Standard error,0.1,,N,National,,
DATAFLOW,SPC:DF_CLIMATE_CHANGE(1.0),Climate Change indicators,I,A,Annual,SST_ANOM,Sea Surface Temperature anomalies,VU,Vanuatu,1881,,-0.1,,,,CELSIUS,Celsius (°C),SE,Standard error,0.1,,N,National,,
DATAFLOW,SPC:DF_CLIMATE_CHANGE(1.0),Climate Change indicators,I,A,Annual,SST_ANOM,Sea Surface Temperature anomalies,VU,Vanuatu,1882,,0,,,,CELSIUS,Celsius (°C),SE,Standard error,0.1,,N,National,,
DATAFLOW,SPC:DF_CLIMATE_CHANGE(1.0),Climate Change indicators,I,A,Annual,SST_ANOM,Sea Surface Temperature anomalies,VU,Vanuatu,1883,,-0.4,,,,CELSIUS,Celsius (°C),SE,Standard error,0.1,,N,National,,
DATAFLOW,SPC:DF_CLIMATE_CHANGE(1.0),Climate Change indicators,I,A,Annual,SST_ANOM,Sea Surface Temperature anomalies,VU,Vanuatu,1884,,-0.8,,,,CELSIUS,Celsius (°C),SE,Standard error,0,,N,National,,
DATAFLOW,SPC:DF_CLIMATE_CHANGE(1.0),Climate Change indicators,I,A,Annual,SST_ANOM,Sea Surface Temperature anomalies,VU,Vanuatu,1885,,-1,,,,CELSIUS,Celsius (°C),SE,Standard error,0.1,,N,National,,
DATAFLOW,SPC:DF_CLIMATE_CHANGE(1.0),Climate Change indicators,I,A,Annual,SST_ANOM,Sea Surface Temperature anomalies,VU,Vanuatu,1886,,-0.7,,,,CELSIUS,Celsius (°C),SE,Standard error,0.1,,N,National,,
DATAFLOW,SPC:DF_CLIMATE_CHANGE(1.0),Climate Change indicators,I,A,Annual,SST_ANOM,Sea Surface Temperature anomalies,VU,Vanuatu,1887,,-0.4,,,,CELSIUS,Celsius (°C),SE,Standard error,0.1,,N,National,,
DATAFLOW,SPC:DF_CLIMATE_CHANGE(1.0),Climate Change indicators,I,A,Annual,SST_ANOM,Sea Surface Temperature anomalies,VU,Vanuatu,1888,,-0.8,,,,CELSIUS,Celsius (°C),SE,Standard error,0.1,,N,National,,
DATAFLOW,SPC:DF_CLIMATE_CHANGE(1.0),Climate Change indicators,I,A,Annual,SST_ANOM,Sea Surface Temperature anomalies,VU,Vanuatu,1889,,-0.3,,,,CELSIUS,Celsius (°C),SE,Standard error,0.1,,N,National,,
DATAFLOW,SPC:DF_CLIMATE_CHANGE(1.0),Climate Change indicators,I,A,Annual,SST_ANOM,Sea Surface Temperature anomalies,VU,Vanuatu,1890,,-0.1,,,,CELSIUS,Celsius (°C),SE,Standard error,0.1,,N,National,,
DATAFLOW,SPC:DF_CLIMATE_CHANGE(1.0),Climate Change indicators,I,A,Annual,SST_ANOM,Sea Surface Temperature anomalies,VU,Vanuatu,1891,,-0.1,,,,CELSIUS,Celsius (°C),SE,Standard error,0.1,,N,National,,
DATAFLOW,SPC:DF_CLIMATE_CHANGE(1.0),Climate Change indicators,I,A,Annual,SST_ANOM,Sea Surface Temperature anomalies,VU,Vanuatu,1892,,-0.3,,,,CELSIUS,Celsius (°C),SE,Standard error,0.1,,N,National,,
DATAFLOW,SPC:DF_CLIMATE_CHANGE(1.0),Climate Change indicators,I,A,Annual,SST_ANOM,Sea Surface Temperature anomalies,VU,Vanuatu,1893,,0.3,,,,CELSIUS,Celsius (°C),SE,Standard error,0.1,,N,National,,
DATAFLOW,SPC:DF_CLIMATE_CHANGE(1.0),Climate Change indicators,I,A,Annual,SST_ANOM,Sea Surface Temperature anomalies,VU,Vanuatu,1894,,-0.4,,,,CELSIUS,Celsius (°C),SE,Standard error,0.1,,N,National,,
DATAFLOW,SPC:DF_CLIMATE_CHANGE(1.0),Climate Change indicators,I,A,Annual,SST_ANOM,Sea Surface Temperature anomalies,VU,Vanuatu,1895,,-0.4,,,,CELSIUS,Celsius (°C),SE,Standard error,0.1,,N,National,,
DATAFLOW,SPC:DF_CLIMATE_CHANGE(1.0),Climate Change indicators,I,A,Annual,SST_ANOM,Sea Surface Temperature anomalies,VU,Vanuatu,1896,,-0.3,,,,CELSIUS,Celsius (°C),SE,Standard error,0.1,,N,National,,
DATAFLOW,SPC:DF_CLIMATE_CHANGE(1.0),Climate Change indicators,I,A,Annual,SST_ANOM,Sea Surface Temperature anomalies,VU,Vanuatu,1897,,-0.2,,,,CELSIUS,Celsius (°C),SE,Standard error,0.1,,N,National,,
DATAFLOW,SPC:DF_CLIMATE_CHANGE(1.0),Climate Change indicators,I,A,Annual,SST_ANOM,Sea Surface Temperature anomalies,VU,Vanuatu,1898,,-0.2,,,,CELSIUS,Celsius (°C),SE,Standard error,0,,N,National,,
DATAFLOW,SPC:DF_CLIMATE_CHANGE(1.0),Climate Change indicators,I,A,Annual,SST_ANOM,Sea Surface Temperature anomalies,VU,Vanuatu,1899,,-0.3,,,,CELSIUS,Celsius (°C),SE,Standard error,0.1,,N,National,,
DATAFLOW,SPC:DF_CLIMATE_CHANGE(1.0),Climate Change indicators,I,A,Annual,SST_ANOM,Sea Surface Temperature anomalies,VU,Vanuatu,1900,,-0.4,,,,CELSIUS,Celsius (°C),SE,Standard error,0.1,,N,National,,
DATAFLOW,SPC:DF_CLIMATE_CHANGE(1.0),Climate Change indicators,I,A,Annual,SST_ANOM,Sea Surface Temperature anomalies,VU,Vanuatu,1901,,-0.6,,,,CELSIUS,Celsius (°C),SE,Standard error,0.1,,N,National,,
DATAFLOW,SPC:DF_CLIMATE_CHANGE(1.0),Climate Change indicators,I,A,Annual,SST_ANOM,Sea Surface Temperature anomalies,VU,Vanuatu,1902,,-1,,,,CELSIUS,Celsius (°C),SE,Standard error,0.1,,N,National,,
DATAFLOW,SPC:DF_CLIMATE_CHANGE(1.0),Climate Change indicators,I,A,Annual,SST_ANOM,Sea Surface Temperature anomalies,VU,Vanuatu,1903,,-0.9,,,,CELSIUS,Celsius (°C),SE,Standard error,0.1,,N,National,,
DATAFLOW,SPC:DF_CLIMATE_CHANGE(1.0),Climate Change indicators,I,A,Annual,SST_ANOM,Sea Surface Temperature anomalies,VU,Vanuatu,1904,,-0.7,,,,CELSIUS,Celsius (°C),SE,Standard error,0.1,,N,National,,
DATAFLOW,SPC:DF_CLIMATE_CHANGE(1.0),Climate Change indicators,I,A,Annual,SST_ANOM,Sea Surface Temperature anomalies,VU,Vanuatu,1905,,-1,,,,CELSIUS,Celsius (°C),SE,Standard error,0.1,,N,National,,
DATAFLOW,SPC:DF_CLIMATE_CHANGE(1.0),Climate Change indicators,I,A,Annual,SST_ANOM,Sea Surface Temperature anomalies,VU,Vanuatu,1906,,-0.7,,,,CELSIUS,Celsius (°C),SE,Standard error,0.1,,N,National,,
DATAFLOW,SPC:DF_CLIMATE_CHANGE(1.0),Climate Change indicators,I,A,Annual,SST_ANOM,Sea Surface Temperature anomalies,VU,Vanuatu,1907,,-0.4,,,,CELSIUS,Celsius (°C),SE,Standard error,0.1,,N,National,,
DATAFLOW,SPC:DF_CLIMATE_CHANGE(1.0),Climate Change indicators,I,A,Annual,SST_ANOM,Sea Surface Temperature anomalies,VU,Vanuatu,1908,,-0.5,,,,CELSIUS,Celsius (°C),SE,Standard error,0.1,,N,National,,
DATAFLOW,SPC:DF_CLIMATE_CHANGE(1.0),Climate Change indicators,I,A,Annual,SST_ANOM,Sea Surface Temperature anomalies,VU,Vanuatu,1909,,-0.4,,,,CELSIUS,Celsius (°C),SE,Standard error,0.1,,N,National,,
DATAFLOW,SPC:DF_CLIMATE_CHANGE(1.0),Climate Change indicators,I,A,Annual,SST_ANOM,Sea Surface Temperature anomalies,VU,Vanuatu,1910,,-0.2,,,,CELSIUS,Celsius (°C),SE,Standard error,0,,N,National,,
DATAFLOW,SPC:DF_CLIMATE_CHANGE(1.0),Climate Change indicators,I,A,Annual,SST_ANOM,Sea Surface Temperature anomalies,VU,Vanuatu,1911,,-0.6,,,,CELSIUS,Celsius (°C),SE,Standard error,0,,N,National,,
DATAFLOW,SPC:DF_CLIMATE_CHANGE(1.0),Climate Change indicators,I,A,Annual,SST_ANOM,Sea Surface Temperature anomalies,VU,Vanuatu,1912,,-0.7,,,,CELSIUS,Celsius (°C),SE,Standard error,0,,N,National,,
DATAFLOW,SPC:DF_CLIMATE_CHANGE(1.0),Climate Change indicators,I,A,Annual,SST_ANOM,Sea Surface Temperature anomalies,VU,Vanuatu,1913,,-0.9,,,,CELSIUS,Celsius (°C),SE,Standard error,0.1,,N,National,,
DATAFLOW,SPC:DF_CLIMATE_CHANGE(1.0),Climate Change indicators,I,A,Annual,SST_ANOM,Sea Surface Temperature anomalies,VU,Vanuatu,1914,,-0.9,,,,CELSIUS,Celsius (°C),SE,Standard error,0.1,,N,National,,
DATAFLOW,SPC:DF_CLIMATE_CHANGE(1.0),Climate Change indicators,I,A,Annual,SST_ANOM,Sea Surface Temperature anomalies,VU,Vanuatu,1915,,-0.5,,,,CELSIUS,Celsius (°C),SE,Standard error,0.1,,N,National,,
DATAFLOW,SPC:DF_CLIMATE_CHANGE(1.0),Climate Change indicators,I,A,Annual,SST_ANOM,Sea Surface Temperature anomalies,VU,Vanuatu,1916,,-0.1,,,,CELSIUS,Celsius (°C),SE,Standard error,0.1,,N,National,,
DATAFLOW,SPC:DF_CLIMATE_CHANGE(1.0),Climate Change indicators,I,A,Annual,SST_ANOM,Sea Surface Temperature anomalies,VU,Vanuatu,1917,,-0.2,,,,CELSIUS,Celsius (°C),SE,Standard error,0.1,,N,National,,
DATAFLOW,SPC:DF_CLIMATE_CHANGE(1.0),Climate Change indicators,I,A,Annual,SST_ANOM,Sea Surface Temperature anomalies,VU,Vanuatu,1918,,-0.6,,,,CELSIUS,Celsius (°C),SE,Standard error,0,,N,National,,
DATAFLOW,SPC:DF_CLIMATE_CHANGE(1.0),Climate Change indicators,I,A,Annual,SST_ANOM,Sea Surface Temperature anomalies,VU,Vanuatu,1919,,-0.9,,,,CELSIUS,Celsius (°C),SE,Standard error,0.1,,N,National,,
DATAFLOW,SPC:DF_CLIMATE_CHANGE(1.0),Climate Change indicators,I,A,Annual,SST_ANOM,Sea Surface Temperature anomalies,VU,Vanuatu,1920,,-0.6,,,,CELSIUS,Celsius (°C),SE,Standard error,0.1,,N,National,,
DATAFLOW,SPC:DF_CLIMATE_CHANGE(1.0),Climate Change indicators,I,A,Annual,SST_ANOM,Sea Surface Temperature anomalies,VU,Vanuatu,1921,,-0.5,,,,CELSIUS,Celsius (°C),SE,Standard error,0.1,,N,National,,
DATAFLOW,SPC:DF_CLIMATE_CHANGE(1.0),Climate Change indicators,I,A,Annual,SST_ANOM,Sea Surface Temperature anomalies,VU,Vanuatu,1922,,-0.3,,,,CELSIUS,Celsius (°C),SE,Standard error,0,,N,National,,
DATAFLOW,SPC:DF_CLIMATE_CHANGE(1.0),Climate Change indicators,I,A,Annual,SST_ANOM,Sea Surface Temperature anomalies,VU,Vanuatu,1923,,-0.5,,,,CELSIUS,Celsius (°C),SE,Standard error,0,,N,National,,
DATAFLOW,SPC:DF_CLIMATE_CHANGE(1.0),Climate Change indicators,I,A,Annual,SST_ANOM,Sea Surface Temperature anomalies,VU,Vanuatu,1924,,-0.2,,,,CELSIUS,Celsius (°C),SE,Standard error,0.1,,N,National,,
DATAFLOW,SPC:DF_CLIMATE_CHANGE(1.0),Climate Change indicators,I,A,Annual,SST_ANOM,Sea Surface Temperature anomalies,VU,Vanuatu,1925,,-0.5,,,,CELSIUS,Celsius (°C),SE,Standard error,0.1,,N,National,,
DATAFLOW,SPC:DF_CLIMATE_CHANGE(1.0),Climate Change indicators,I,A,Annual,SST_ANOM,Sea Surface Temperature anomalies,VU,Vanuatu,1926,,-0.6,,,,CELSIUS,Celsius (°C),SE,Standard error,0.1,,N,National,,
DATAFLOW,SPC:DF_CLIMATE_CHANGE(1.0),Climate Change indicators,I,A,Annual,SST_ANOM,Sea Surface Temperature anomalies,VU,Vanuatu,1927,,-0.4,,,,CELSIUS,Celsius (°C),SE,Standard error,0,,N,National,,
DATAFLOW,SPC:DF_CLIMATE_CHANGE(1.0),Climate Change indicators,I,A,Annual,SST_ANOM,Sea Surface Temperature anomalies,VU,Vanuatu,1928,,-0.5,,,,CELSIUS,Celsius (°C),SE,Standard error,0,,N,National,,
DATAFLOW,SPC:DF_CLIMATE_CHANGE(1.0),Climate Change indicators,I,A,Annual,SST_ANOM,Sea Surface Temperature anomalies,VU,Vanuatu,1929,,-0.6,,,,CELSIUS,Celsius (°C),SE,Standard error,0,,N,National,,
DATAFLOW,SPC:DF_CLIMATE_CHANGE(1.0),Climate Change indicators,I,A,Annual,SST_ANOM,Sea Surface Temperature anomalies,VU,Vanuatu,1930,,-0.9,,,,CELSIUS,Celsius (°C),SE,Standard error,0.1,,N,National,,
DATAFLOW,SPC:DF_CLIMATE_CHANGE(1.0),Climate Change indicators,I,A,Annual,SST_ANOM,Sea Surface Temperature anomalies,VU,Vanuatu,1931,,-0.7,,,,CELSIUS,Celsius (°C),SE,Standard error,0.1,,N,National,,
DATAFLOW,SPC:DF_CLIMATE_CHANGE(1.0),Climate Change indicators,I,A,Annual,SST_ANOM,Sea Surface Temperature anomalies,VU,Vanuatu,1932,,-0.7,,,,CELSIUS,Celsius (°C),SE,Standard error,0,,N,National,,
DATAFLOW,SPC:DF_CLIMATE_CHANGE(1.0),Climate Change indicators,I,A,Annual,SST_ANOM,Sea Surface Temperature anomalies,VU,Vanuatu,1933,,-0.4,,,,CELSIUS,Celsius (°C),SE,Standard error,0.1,,N,National,,
DATAFLOW,SPC:DF_CLIMATE_CHANGE(1.0),Climate Change indicators,I,A,Annual,SST_ANOM,Sea Surface Temperature anomalies,VU,Vanuatu,1934,,-0.7,,,,CELSIUS,Celsius (°C),SE,Standard error,0.1,,N,National,,
DATAFLOW,SPC:DF_CLIMATE_CHANGE(1.0),Climate Change indicators,I,A,Annual,SST_ANOM,Sea Surface Temperature anomalies,VU,Vanuatu,1935,,-0.3,,,,CELSIUS,Celsius (°C),SE,Standard error,0,,N,National,,
DATAFLOW,SPC:DF_CLIMATE_CHANGE(1.0),Climate Change indicators,I,A,Annual,SST_ANOM,Sea Surface Temperature anomalies,VU,Vanuatu,1936,,-0.4,,,,CELSIUS,Celsius (°C),SE,Standard error,0.1,,N,National,,
DATAFLOW,SPC:DF_CLIMATE_CHANGE(1.0),Climate Change indicators,I,A,Annual,SST_ANOM,Sea Surface Temperature anomalies,VU,Vanuatu,1937,,-0.4,,,,CELSIUS,Celsius (°C),SE,Standard error,0.1,,N,National,,
DATAFLOW,SPC:DF_CLIMATE_CHANGE(1.0),Climate Change indicators,I,A,Annual,SST_ANOM,Sea Surface Temperature anomalies,VU,Vanuatu,1938,,-0.1,,,,CELSIUS,Celsius (°C),SE,Standard error,0.1,,N,National,,
DATAFLOW,SPC:DF_CLIMATE_CHANGE(1.0),Climate Change indicators,I,A,Annual,SST_ANOM,Sea Surface Temperature anomalies,VU,Vanuatu,1939,,-0.5,,,,CELSIUS,Celsius (°C),SE,Standard error,0.1,,N,National,,
DATAFLOW,SPC:DF_CLIMATE_CHANGE(1.0),Climate Change indicators,I,A,Annual,SST_ANOM,Sea Surface Temperature anomalies,VU,Vanuatu,1940,,-0.8,,,,CELSIUS,Celsius (°C),SE,Standard error,0,,N,National,,
DATAFLOW,SPC:DF_CLIMATE_CHANGE(1.0),Climate Change indicators,I,A,Annual,SST_ANOM,Sea Surface Temperature anomalies,VU,Vanuatu,1941,,-0.6,,,,CELSIUS,Celsius (°C),SE,Standard error,0,,N,National,,
DATAFLOW,SPC:DF_CLIMATE_CHANGE(1.0),Climate Change indicators,I,A,Annual,SST_ANOM,Sea Surface Temperature anomalies,VU,Vanuatu,1942,,-0.4,,,,CELSIUS,Celsius (°C),SE,Standard error,0.1,,N,National,,
DATAFLOW,SPC:DF_CLIMATE_CHANGE(1.0),Climate Change indicators,I,A,Annual,SST_ANOM,Sea Surface Temperature anomalies,VU,Vanuatu,1943,,0.3,,,,CELSIUS,Celsius (°C),SE,Standard error,0.1,,N,National,,
DATAFLOW,SPC:DF_CLIMATE_CHANGE(1.0),Climate Change indicators,I,A,Annual,SST_ANOM,Sea Surface Temperature anomalies,VU,Vanuatu,1944,,0.1,,,,CELSIUS,Celsius (°C),SE,Standard error,0.1,,N,National,,
DATAFLOW,SPC:DF_CLIMATE_CHANGE(1.0),Climate Change indicators,I,A,Annual,SST_ANOM,Sea Surface Temperature anomalies,VU,Vanuatu,1945,,0,,,,CELSIUS,Celsius (°C),SE,Standard error,0,,N,National,,
DATAFLOW,SPC:DF_CLIMATE_CHANGE(1.0),Climate Change indicators,I,A,Annual,SST_ANOM,Sea Surface Temperature anomalies,VU,Vanuatu,1946,,-0.4,,,,CELSIUS,Celsius (°C),SE,Standard error,0.1,,N,National,,
DATAFLOW,SPC:DF_CLIMATE_CHANGE(1.0),Climate Change indicators,I,A,Annual,SST_ANOM,Sea Surface Temperature anomalies,VU,Vanuatu,1947,,-0.4,,,,CELSIUS,Celsius (°C),SE,Standard error,0.1,,N,National,,
DATAFLOW,SPC:DF_CLIMATE_CHANGE(1.0),Climate Change indicators,I,A,Annual,SST_ANOM,Sea Surface Temperature anomalies,VU,Vanuatu,1948,,-0.3,,,,CELSIUS,Celsius (°C),SE,Standard error,0,,N,National,,
DATAFLOW,SPC:DF_CLIMATE_CHANGE(1.0),Climate Change indicators,I,A,Annual,SST_ANOM,Sea Surface Temperature anomalies,VU,Vanuatu,1949,,-0.4,,,,CELSIUS,Celsius (°C),SE,Standard error,0,,N,National,,
DATAFLOW,SPC:DF_CLIMATE_CHANGE(1.0),Climate Change indicators,I,A,Annual,SST_ANOM,Sea Surface Temperature anomalies,VU,Vanuatu,1950,,-0.1,,,,CELSIUS,Celsius (°C),SE,Standard error,0.1,,N,National,,
DATAFLOW,SPC:DF_CLIMATE_CHANGE(1.0),Climate Change indicators,I,A,Annual,SST_ANOM,Sea Surface Temperature anomalies,VU,Vanuatu,1951,,-0.3,,,,CELSIUS,Celsius (°C),SE,Standard error,0.1,,N,National,,
DATAFLOW,SPC:DF_CLIMATE_CHANGE(1.0),Climate Change indicators,I,A,Annual,SST_ANOM,Sea Surface Temperature anomalies,VU,Vanuatu,1952,,-0.2,,,,CELSIUS,Celsius (°C),SE,Standard error,0,,N,National,,
DATAFLOW,SPC:DF_CLIMATE_CHANGE(1.0),Climate Change indicators,I,A,Annual,SST_ANOM,Sea Surface Temperature anomalies,VU,Vanuatu,1953,,-0.3,,,,CELSIUS,Celsius (°C),SE,Standard error,0.1,,N,National,,
DATAFLOW,SPC:DF_CLIMATE_CHANGE(1.0),Climate Change indicators,I,A,Annual,SST_ANOM,Sea Surface Temperature anomalies,VU,Vanuatu,1954,,-0.4,,,,CELSIUS,Celsius (°C),SE,Standard error,0,,N,National,,
DATAFLOW,SPC:DF_CLIMATE_CHANGE(1.0),Climate Change indicators,I,A,Annual,SST_ANOM,Sea Surface Temperature anomalies,VU,Vanuatu,1955,,-0.2,,,,CELSIUS,Celsius (°C),SE,Standard error,0.1,,N,National,,
DATAFLOW,SPC:DF_CLIMATE_CHANGE(1.0),Climate Change indicators,I,A,Annual,SST_ANOM,Sea Surface Temperature anomalies,VU,Vanuatu,1956,,0.1,,,,CELSIUS,Celsius (°C),SE,Standard error,0.1,,N,National,,
DATAFLOW,SPC:DF_CLIMATE_CHANGE(1.0),Climate Change indicators,I,A,Annual,SST_ANOM,Sea Surface Temperature anomalies,VU,Vanuatu,1957,,-0.4,,,,CELSIUS,Celsius (°C),SE,Standard error,0.1,,N,National,,
DATAFLOW,SPC:DF_CLIMATE_CHANGE(1.0),Climate Change indicators,I,A,Annual,SST_ANOM,Sea Surface Temperature anomalies,VU,Vanuatu,1958,,-0.4,,,,CELSIUS,Celsius (°C),SE,Standard error,0.1,,N,National,,
DATAFLOW,SPC:DF_CLIMATE_CHANGE(1.0),Climate Change indicators,I,A,Annual,SST_ANOM,Sea Surface Temperature anomalies,VU,Vanuatu,1959,,-0.4,,,,CELSIUS,Celsius (°C),SE,Standard error,0.1,,N,National,,
DATAFLOW,SPC:DF_CLIMATE_CHANGE(1.0),Climate Change indicators,I,A,Annual,SST_ANOM,Sea Surface Temperature anomalies,VU,Vanuatu,1960,,-0.2,,,,CELSIUS,Celsius (°C),SE,Standard error,0.1,,N,National,,
DATAFLOW,SPC:DF_CLIMATE_CHANGE(1.0),Climate Change indicators,I,A,Annual,SST_ANOM,Sea Surface Temperature anomalies,VU,Vanuatu,1961,,-0.2,,,,CELSIUS,Celsius (°C),SE,Standard error,0,,N,National,,
DATAFLOW,SPC:DF_CLIMATE_CHANGE(1.0),Climate Change indicators,I,A,Annual,SST_ANOM,Sea Surface Temperature anomalies,VU,Vanuatu,1962,,0,,,,CELSIUS,Celsius (°C),SE,Standard error,0,,N,National,,
DATAFLOW,SPC:DF_CLIMATE_CHANGE(1.0),Climate Change indicators,I,A,Annual,SST_ANOM,Sea Surface Temperature anomalies,VU,Vanuatu,1963,,-0.3,,,,CELSIUS,Celsius (°C),SE,Standard error,0.1,,N,National,,
DATAFLOW,SPC:DF_CLIMATE_CHANGE(1.0),Climate Change indicators,I,A,Annual,SST_ANOM,Sea Surface Temperature anomalies,VU,Vanuatu,1964,,-0.2,,,,CELSIUS,Celsius (°C),SE,Standard error,0.1,,N,National,,
DATAFLOW,SPC:DF_CLIMATE_CHANGE(1.0),Climate Change indicators,I,A,Annual,SST_ANOM,Sea Surface Temperature anomalies,VU,Vanuatu,1965,,-0.8,,,,CELSIUS,Celsius (°C),SE,Standard error,0.1,,N,National,,
DATAFLOW,SPC:DF_CLIMATE_CHANGE(1.0),Climate Change indicators,I,A,Annual,SST_ANOM,Sea Surface Temperature anomalies,VU,Vanuatu,1966,,-0.6,,,,CELSIUS,Celsius (°C),SE,Standard error,0.1,,N,National,,
DATAFLOW,SPC:DF_CLIMATE_CHANGE(1.0),Climate Change indicators,I,A,Annual,SST_ANOM,Sea Surface Temperature anomalies,VU,Vanuatu,1967,,-0.3,,,,CELSIUS,Celsius (°C),SE,Standard error,0.1,,N,National,,
DATAFLOW,SPC:DF_CLIMATE_CHANGE(1.0),Climate Change indicators,I,A,Annual,SST_ANOM,Sea Surface Temperature anomalies,VU,Vanuatu,1968,,-0.2,,,,CELSIUS,Celsius (°C),SE,Standard error,0.1,,N,National,,
DATAFLOW,SPC:DF_CLIMATE_CHANGE(1.0),Climate Change indicators,I,A,Annual,SST_ANOM,Sea Surface Temperature anomalies,VU,Vanuatu,1969,,-0.3,,,,CELSIUS,Celsius (°C),SE,Standard error,0,,N,National,,
DATAFLOW,SPC:DF_CLIMATE_CHANGE(1.0),Climate Change indicators,I,A,Annual,SST_ANOM,Sea Surface Temperature anomalies,VU,Vanuatu,1970,,0,,,,CELSIUS,Celsius (°C),SE,Standard error,0,,N,National,,
DATAFLOW,SPC:DF_CLIMATE_CHANGE(1.0),Climate Change indicators,I,A,Annual,SST_ANOM,Sea Surface Temperature anomalies,VU,Vanuatu,1971,,0.1,,,,CELSIUS,Celsius (°C),SE,Standard error,0.1,,N,National,,
DATAFLOW,SPC:DF_CLIMATE_CHANGE(1.0),Climate Change indicators,I,A,Annual,SST_ANOM,Sea Surface Temperature anomalies,VU,Vanuatu,1972,,-0.3,,,,CELSIUS,Celsius (°C),SE,Standard error,0.1,,N,National,,
DATAFLOW,SPC:DF_CLIMATE_CHANGE(1.0),Climate Change indicators,I,A,Annual,SST_ANOM,Sea Surface Temperature anomalies,VU,Vanuatu,1973,,0.1,,,,CELSIUS,Celsius (°C),SE,Standard error,0.1,,N,National,,
DATAFLOW,SPC:DF_CLIMATE_CHANGE(1.0),Climate Change indicators,I,A,Annual,SST_ANOM,Sea Surface Temperature anomalies,VU,Vanuatu,1974,,0.3,,,,CELSIUS,Celsius (°C),SE,Standard error,0.1,,N,National,,
DATAFLOW,SPC:DF_CLIMATE_CHANGE(1.0),Climate Change indicators,I,A,Annual,SST_ANOM,Sea Surface Temperature anomalies,VU,Vanuatu,1975,,0.2,,,,CELSIUS,Celsius (°C),SE,Standard error,0.1,,N,National,,
DATAFLOW,SPC:DF_CLIMATE_CHANGE(1.0),Climate Change indicators,I,A,Annual,SST_ANOM,Sea Surface Temperature anomalies,VU,Vanuatu,1976,,-0.1,,,,CELSIUS,Celsius (°C),SE,Standard error,0,,N,National,,
DATAFLOW,SPC:DF_CLIMATE_CHANGE(1.0),Climate Change indicators,I,A,Annual,SST_ANOM,Sea Surface Temperature anomalies,VU,Vanuatu,1977,,-0.4,,,,CELSIUS,Celsius (°C),SE,Standard error,0.1,,N,National,,
DATAFLOW,SPC:DF_CLIMATE_CHANGE(1.0),Climate Change indicators,I,A,Annual,SST_ANOM,Sea Surface Temperature anomalies,VU,Vanuatu,1978,,-0.3,,,,CELSIUS,Celsius (°C),SE,Standard error,0.1,,N,National,,
DATAFLOW,SPC:DF_CLIMATE_CHANGE(1.0),Climate Change indicators,I,A,Annual,SST_ANOM,Sea Surface Temperature anomalies,VU,Vanuatu,1979,,-0.1,,,,CELSIUS,Celsius (°C),SE,Standard error,0.1,,N,National,,
DATAFLOW,SPC:DF_CLIMATE_CHANGE(1.0),Climate Change indicators,I,A,Annual,SST_ANOM,Sea Surface Temperature anomalies,VU,Vanuatu,1980,,-0.2,,,,CELSIUS,Celsius (°C),SE,Standard error,0.1,,N,National,,
DATAFLOW,SPC:DF_CLIMATE_CHANGE(1.0),Climate Change indicators,I,A,Annual,SST_ANOM,Sea Surface Temperature anomalies,VU,Vanuatu,1981,,0,,,,CELSIUS,Celsius (°C),SE,Standard error,0.1,,N,National,,
DATAFLOW,SPC:DF_CLIMATE_CHANGE(1.0),Climate Change indicators,I,A,Annual,SST_ANOM,Sea Surface Temperature anomalies,VU,Vanuatu,1982,,-0.3,,,,CELSIUS,Celsius (°C),SE,Standard error,0.1,,N,National,,
DATAFLOW,SPC:DF_CLIMATE_CHANGE(1.0),Climate Change indicators,I,A,Annual,SST_ANOM,Sea Surface Temperature anomalies,VU,Vanuatu,1983,,-0.3,,,,CELSIUS,Celsius (°C),SE,Standard error,0.1,,N,National,,
DATAFLOW,SPC:DF_CLIMATE_CHANGE(1.0),Climate Change indicators,I,A,Annual,SST_ANOM,Sea Surface Temperature anomalies,VU,Vanuatu,1984,,0.1,,,,CELSIUS,Celsius (°C),SE,Standard error,0.1,,N,National,,
DATAFLOW,SPC:DF_CLIMATE_CHANGE(1.0),Climate Change indicators,I,A,Annual,SST_ANOM,Sea Surface Temperature anomalies,VU,Vanuatu,1985,,0,,,,CELSIUS,Celsius (°C),SE,Standard error,0.1,,N,National,,
DATAFLOW,SPC:DF_CLIMATE_CHANGE(1.0),Climate Change indicators,I,A,Annual,SST_ANOM,Sea Surface Temperature anomalies,VU,Vanuatu,1986,,-0.2,,,,CELSIUS,Celsius (°C),SE,Standard error,0.1,,N,National,,
DATAFLOW,SPC:DF_CLIMATE_CHANGE(1.0),Climate Change indicators,I,A,Annual,SST_ANOM,Sea Surface Temperature anomalies,VU,Vanuatu,1987,,-0.4,,,,CELSIUS,Celsius (°C),SE,Standard error,0.1,,N,National,,
DATAFLOW,SPC:DF_CLIMATE_CHANGE(1.0),Climate Change indicators,I,A,Annual,SST_ANOM,Sea Surface Temperature anomalies,VU,Vanuatu,1988,,0.3,,,,CELSIUS,Celsius (°C),SE,Standard error,0.1,,N,National,,
DATAFLOW,SPC:DF_CLIMATE_CHANGE(1.0),Climate Change indicators,I,A,Annual,SST_ANOM,Sea Surface Temperature anomalies,VU,Vanuatu,1989,,0.2,,,,CELSIUS,Celsius (°C),SE,Standard error,0.1,,N,National,,
DATAFLOW,SPC:DF_CLIMATE_CHANGE(1.0),Climate Change indicators,I,A,Annual,SST_ANOM,Sea Surface Temperature anomalies,VU,Vanuatu,1990,,0.2,,,,CELSIUS,Celsius (°C),SE,Standard error,0,,N,National,,
DATAFLOW,SPC:DF_CLIMATE_CHANGE(1.0),Climate Change indicators,I,A,Annual,SST_ANOM,Sea Surface Temperature anomalies,VU,Vanuatu,1991,,-0.3,,,,CELSIUS,Celsius (°C),SE,Standard error,0.1,,N,National,,
DATAFLOW,SPC:DF_CLIMATE_CHANGE(1.0),Climate Change indicators,I,A,Annual,SST_ANOM,Sea Surface Temperature anomalies,VU,Vanuatu,1992,,-0.4,,,,CELSIUS,Celsius (°C),SE,Standard error,0.1,,N,National,,
DATAFLOW,SPC:DF_CLIMATE_CHANGE(1.0),Climate Change indicators,I,A,Annual,SST_ANOM,Sea Surface Temperature anomalies,VU,Vanuatu,1993,,-0.6,,,,CELSIUS,Celsius (°C),SE,Standard error,0.1,,N,National,,
DATAFLOW,SPC:DF_CLIMATE_CHANGE(1.0),Climate Change indicators,I,A,Annual,SST_ANOM,Sea Surface Temperature anomalies,VU,Vanuatu,1994,,-0.5,,,,CELSIUS,Celsius (°C),SE,Standard error,0.1,,N,National,,
DATAFLOW,SPC:DF_CLIMATE_CHANGE(1.0),Climate Change indicators,I,A,Annual,SST_ANOM,Sea Surface Temperature anomalies,VU,Vanuatu,1995,,0.1,,,,CELSIUS,Celsius (°C),SE,Standard error,0.1,,N,National,,
DATAFLOW,SPC:DF_CLIMATE_CHANGE(1.0),Climate Change indicators,I,A,Annual,SST_ANOM,Sea Surface Temperature anomalies,VU,Vanuatu,1996,,0.2,,,,CELSIUS,Celsius (°C),SE,Standard error,0.1,,N,National,,
DATAFLOW,SPC:DF_CLIMATE_CHANGE(1.0),Climate Change indicators,I,A,Annual,SST_ANOM,Sea Surface Temperature anomalies,VU,Vanuatu,1997,,-0.2,,,,CELSIUS,Celsius (°C),SE,Standard error,0.1,,N,National,,
DATAFLOW,SPC:DF_CLIMATE_CHANGE(1.0),Climate Change indicators,I,A,Annual,SST_ANOM,Sea Surface Temperature anomalies,VU,Vanuatu,1998,,0.4,,,,CELSIUS,Celsius (°C),SE,Standard error,0.1,,N,National,,
DATAFLOW,SPC:DF_CLIMATE_CHANGE(1.0),Climate Change indicators,I,A,Annual,SST_ANOM,Sea Surface Temperature anomalies,VU,Vanuatu,1999,,0.4,,,,CELSIUS,Celsius (°C),SE,Standard error,0,,N,National,,
DATAFLOW,SPC:DF_CLIMATE_CHANGE(1.0),Climate Change indicators,I,A,Annual,SST_ANOM,Sea Surface Temperature anomalies,VU,Vanuatu,2000,,0.3,,,,CELSIUS,Celsius (°C),SE,Standard error,0,,N,National,,
DATAFLOW,SPC:DF_CLIMATE_CHANGE(1.0),Climate Change indicators,I,A,Annual,SST_ANOM,Sea Surface Temperature anomalies,VU,Vanuatu,2001,,0.4,,,,CELSIUS,Celsius (°C),SE,Standard error,0,,N,National,,
DATAFLOW,SPC:DF_CLIMATE_CHANGE(1.0),Climate Change indicators,I,A,Annual,SST_ANOM,Sea Surface Temperature anomalies,VU,Vanuatu,2002,,0.2,,,,CELSIUS,Celsius (°C),SE,Standard error,0.1,,N,National,,
DATAFLOW,SPC:DF_CLIMATE_CHANGE(1.0),Climate Change indicators,I,A,Annual,SST_ANOM,Sea Surface Temperature anomalies,VU,Vanuatu,2003,,0.2,,,,CELSIUS,Celsius (°C),SE,Standard error,0.1,,N,National,,
DATAFLOW,SPC:DF_CLIMATE_CHANGE(1.0),Climate Change indicators,I,A,Annual,SST_ANOM,Sea Surface Temperature anomalies,VU,Vanuatu,2004,,0.1,,,,CELSIUS,Celsius (°C),SE,Standard error,0.1,,N,National,,
DATAFLOW,SPC:DF_CLIMATE_CHANGE(1.0),Climate Change indicators,I,A,Annual,SST_ANOM,Sea Surface Temperature anomalies,VU,Vanuatu,2005,,0.3,,,,CELSIUS,Celsius (°C),SE,Standard error,0,,N,National,,
DATAFLOW,SPC:DF_CLIMATE_CHANGE(1.0),Climate Change indicators,I,A,Annual,SST_ANOM,Sea Surface Temperature anomalies,VU,Vanuatu,2006,,0.1,,,,CELSIUS,Celsius (°C),SE,Standard error,0.1,,N,National,,
DATAFLOW,SPC:DF_CLIMATE_CHANGE(1.0),Climate Change indicators,I,A,Annual,SST_ANOM,Sea Surface Temperature anomalies,VU,Vanuatu,2007,,0.4,,,,CELSIUS,Celsius (°C),SE,Standard error,0.1,,N,National,,
DATAFLOW,SPC:DF_CLIMATE_CHANGE(1.0),Climate Change indicators,I,A,Annual,SST_ANOM,Sea Surface Temperature anomalies,VU,Vanuatu,2008,,0.5,,,,CELSIUS,Celsius (°C),SE,Standard error,0.1,,N,National,,
DATAFLOW,SPC:DF_CLIMATE_CHANGE(1.0),Climate Change indicators,I,A,Annual,SST_ANOM,Sea Surface Temperature anomalies,VU,Vanuatu,2009,,0.2,,,,CELSIUS,Celsius (°C),SE,Standard error,0.1,,N,National,,
DATAFLOW,SPC:DF_CLIMATE_CHANGE(1.0),Climate Change indicators,I,A,Annual,SST_ANOM,Sea Surface Temperature anomalies,VU,Vanuatu,2010,,0.4,,,,CELSIUS,Celsius (°C),SE,Standard error,0.1,,N,National,,
DATAFLOW,SPC:DF_CLIMATE_CHANGE(1.0),Climate Change indicators,I,A,Annual,SST_ANOM,Sea Surface Temperature anomalies,VU,Vanuatu,2011,,0.5,,,,CELSIUS,Celsius (°C),SE,Standard error,0.1,,N,National,,
DATAFLOW,SPC:DF_CLIMATE_CHANGE(1.0),Climate Change indicators,I,A,Annual,SST_ANOM,Sea Surface Temperature anomalies,VU,Vanuatu,2012,,0.3,,,,CELSIUS,Celsius (°C),SE,Standard error,0,,N,National,,
DATAFLOW,SPC:DF_CLIMATE_CHANGE(1.0),Climate Change indicators,I,A,Annual,SST_ANOM,Sea Surface Temperature anomalies,VU,Vanuatu,2013,,0.4,,,,CELSIUS,Celsius (°C),SE,Standard error,0.1,,N,National,,
DATAFLOW,SPC:DF_CLIMATE_CHANGE(1.0),Climate Change indicators,I,A,Annual,SST_ANOM,Sea Surface Temperature anomalies,VU,Vanuatu,2014,,0.3,,,,CELSIUS,Celsius (°C),SE,Standard error,0,,N,National,,
DATAFLOW,SPC:DF_CLIMATE_CHANGE(1.0),Climate Change indicators,I,A,Annual,SST_ANOM,Sea Surface Temperature anomalies,VU,Vanuatu,2015,,-0.1,,,,CELSIUS,Celsius (°C),SE,Standard error,0.1,,N,National,,
DATAFLOW,SPC:DF_CLIMATE_CHANGE(1.0),Climate Change indicators,I,A,Annual,SST_ANOM,Sea Surface Temperature anomalies,VU,Vanuatu,2016,,0.6,,,,CELSIUS,Celsius (°C),SE,Standard error,0,,N,National,,
DATAFLOW,SPC:DF_CLIMATE_CHANGE(1.0),Climate Change indicators,I,A,Annual,SST_ANOM,Sea Surface Temperature anomalies,VU,Vanuatu,2017,,0.5,,,,CELSIUS,Celsius (°C),SE,Standard error,0,,N,National,,
DATAFLOW,SPC:DF_CLIMATE_CHANGE(1.0),Climate Change indicators,I,A,Annual,SST_ANOM,Sea Surface Temperature anomalies,VU,Vanuatu,2018,,0.4,,,,CELSIUS,Celsius (°C),SE,Standard error,0,,N,National,,
DATAFLOW,SPC:DF_CLIMATE_CHANGE(1.0),Climate Change indicators,I,A,Annual,SST_ANOM,Sea Surface Temperature anomalies,VU,Vanuatu,2019,,0.3,,,,CELSIUS,Celsius (°C),SE,Standard error,0.1,,N,National,,
DATAFLOW,SPC:DF_CLIMATE_CHANGE(1.0),Climate Change indicators,I,A,Annual,SST_ANOM,Sea Surface Temperature anomalies,VU,Vanuatu,2020,,0.5,,,,CELSIUS,Celsius (°C),SE,Standard error,0.1,,N,National,,
DATAFLOW,SPC:DF_CLIMATE_CHANGE(1.0),Climate Change indicators,I,A,Annual,SST_ANOM,Sea Surface Temperature anomalies,VU,Vanuatu,2021,,0.6,,,,CELSIUS,Celsius (°C),SE,Standard error,0.1,,N,National,,
DATAFLOW,SPC:DF_CLIMATE_CHANGE(1.0),Climate Change indicators,I,A,Annual,SST_ANOM,Sea Surface Temperature anomalies,VU,Vanuatu,2022,,1.1,,,,CELSIUS,Celsius (°C),SE,Standard error,0.1,,N,National,,
DATAFLOW,SPC:DF_CLIMATE_CHANGE(1.0),Climate Change indicators,I,A,Annual,SST_ANOM,Sea Surface Temperature anomalies,VU,Vanuatu,2023,,0.5,,,,CELSIUS,Celsius (°C),SE,Standard error,0.1,,N,National,,
DATAFLOW,SPC:DF_CLIMATE_CHANGE(1.0),Climate Change indicators,I,A,Annual,SST_ANOM,Sea Surface Temperature anomalies,VU,Vanuatu,2024,,0.7,,,,CELSIUS,Celsius (°C),SE,Standard error,0,,N,National,,
DATAFLOW,SPC:DF_CLIMATE_CHANGE(1.0),Climate Change indicators,I,A,Annual,SST_ANOM,Sea Surface Temperature anomalies,VU,Vanuatu,2025,,0.8,,,,CELSIUS,Celsius (°C),SE,Standard error,0.1,,N,National,,
DATAFLOW,SPC:DF_CLIMATE_CHANGE(1.0),Climate Change indicators,I,A,Annual,SST_ANOM,Sea Surface Temperature anomalies,NC,New Caledonia,1850,,-0.6,,,,CELSIUS,Celsius (°C),SE,Standard error,0,,N,National,,
DATAFLOW,SPC:DF_CLIMATE_CHANGE(1.0),Climate Change indicators,I,A,Annual,SST_ANOM,Sea Surface Temperature anomalies,NC,New Caledonia,1851,,0.3,,,,CELSIUS,Celsius (°C),SE,Standard error,0.1,,N,National,,
DATAFLOW,SPC:DF_CLIMATE_CHANGE(1.0),Climate Change indicators,I,A,Annual,SST_ANOM,Sea Surface Temperature anomalies,NC,New Caledonia,1852,,-0.3,,,,CELSIUS,Celsius (°C),SE,Standard error,0.1,,N,National,,
DATAFLOW,SPC:DF_CLIMATE_CHANGE(1.0),Climate Change indicators,I,A,Annual,SST_ANOM,Sea Surface Temperature anomalies,NC,New Caledonia,1853,,-0.5,,,,CELSIUS,Celsius (°C),SE,Standard error,0.1,,N,National,,
DATAFLOW,SPC:DF_CLIMATE_CHANGE(1.0),Climate Change indicators,I,A,Annual,SST_ANOM,Sea Surface Temperature anomalies,NC,New Caledonia,1854,,-0.8,,,,CELSIUS,Celsius (°C),SE,Standard error,0.2,,N,National,,
DATAFLOW,SPC:DF_CLIMATE_CHANGE(1.0),Climate Change indicators,I,A,Annual,SST_ANOM,Sea Surface Temperature anomalies,NC,New Caledonia,1855,,-0.8,,,,CELSIUS,Celsius (°C),SE,Standard error,0.1,,N,National,,
DATAFLOW,SPC:DF_CLIMATE_CHANGE(1.0),Climate Change indicators,I,A,Annual,SST_ANOM,Sea Surface Temperature anomalies,NC,New Caledonia,1856,,-1,,,,CELSIUS,Celsius (°C),SE,Standard error,0.2,,N,National,,
DATAFLOW,SPC:DF_CLIMATE_CHANGE(1.0),Climate Change indicators,I,A,Annual,SST_ANOM,Sea Surface Temperature anomalies,NC,New Caledonia,1857,,-0.4,,,,CELSIUS,Celsius (°C),SE,Standard error,0.1,,N,National,,
DATAFLOW,SPC:DF_CLIMATE_CHANGE(1.0),Climate Change indicators,I,A,Annual,SST_ANOM,Sea Surface Temperature anomalies,NC,New Caledonia,1858,,-0.7,,,,CELSIUS,Celsius (°C),SE,Standard error,0.1,,N,National,,
DATAFLOW,SPC:DF_CLIMATE_CHANGE(1.0),Climate Change indicators,I,A,Annual,SST_ANOM,Sea Surface Temperature anomalies,NC,New Caledonia,1859,,-0.1,,,,CELSIUS,Celsius (°C),SE,Standard error,0.1,,N,National,,
DATAFLOW,SPC:DF_CLIMATE_CHANGE(1.0),Climate Change indicators,I,A,Annual,SST_ANOM,Sea Surface Temperature anomalies,NC,New Caledonia,1860,,-0.5,,,,CELSIUS,Celsius (°C),SE,Standard error,0.1,,N,National,,
DATAFLOW,SPC:DF_CLIMATE_CHANGE(1.0),Climate Change indicators,I,A,Annual,SST_ANOM,Sea Surface Temperature anomalies,NC,New Caledonia,1861,,-0.8,,,,CELSIUS,Celsius (°C),SE,Standard error,0.2,,N,National,,
DATAFLOW,SPC:DF_CLIMATE_CHANGE(1.0),Climate Change indicators,I,A,Annual,SST_ANOM,Sea Surface Temperature anomalies,NC,New Caledonia,1862,,-0.5,,,,CELSIUS,Celsius (°C),SE,Standard error,0.1,,N,National,,
DATAFLOW,SPC:DF_CLIMATE_CHANGE(1.0),Climate Change indicators,I,A,Annual,SST_ANOM,Sea Surface Temperature anomalies,NC,New Caledonia,1863,,0,,,,CELSIUS,Celsius (°C),SE,Standard error,0.2,,N,National,,
DATAFLOW,SPC:DF_CLIMATE_CHANGE(1.0),Climate Change indicators,I,A,Annual,SST_ANOM,Sea Surface Temperature anomalies,NC,New Caledonia,1864,,0.4,,,,CELSIUS,Celsius (°C),SE,Standard error,0.2,,N,National,,
DATAFLOW,SPC:DF_CLIMATE_CHANGE(1.0),Climate Change indicators,I,A,Annual,SST_ANOM,Sea Surface Temperature anomalies,NC,New Caledonia,1865,,0.1,,,,CELSIUS,Celsius (°C),SE,Standard error,0.1,,N,National,,
DATAFLOW,SPC:DF_CLIMATE_CHANGE(1.0),Climate Change indicators,I,A,Annual,SST_ANOM,Sea Surface Temperature anomalies,NC,New Caledonia,1866,,0,,,,CELSIUS,Celsius (°C),SE,Standard error,0.3,,N,National,,
DATAFLOW,SPC:DF_CLIMATE_CHANGE(1.0),Climate Change indicators,I,A,Annual,SST_ANOM,Sea Surface Temperature anomalies,NC,New Caledonia,1867,,-0.2,,,,CELSIUS,Celsius (°C),SE,Standard error,0.2,,N,National,,
DATAFLOW,SPC:DF_CLIMATE_CHANGE(1.0),Climate Change indicators,I,A,Annual,SST_ANOM,Sea Surface Temperature anomalies,NC,New Caledonia,1868,,-0.4,,,,CELSIUS,Celsius (°C),SE,Standard error,0.2,,N,National,,
DATAFLOW,SPC:DF_CLIMATE_CHANGE(1.0),Climate Change indicators,I,A,Annual,SST_ANOM,Sea Surface Temperature anomalies,NC,New Caledonia,1869,,0,,,,CELSIUS,Celsius (°C),SE,Standard error,0.1,,N,National,,
DATAFLOW,SPC:DF_CLIMATE_CHANGE(1.0),Climate Change indicators,I,A,Annual,SST_ANOM,Sea Surface Temperature anomalies,NC,New Caledonia,1870,,0.1,,,,CELSIUS,Celsius (°C),SE,Standard error,0.1,,N,National,,
DATAFLOW,SPC:DF_CLIMATE_CHANGE(1.0),Climate Change indicators,I,A,Annual,SST_ANOM,Sea Surface Temperature anomalies,NC,New Caledonia,1871,,-0.2,,,,CELSIUS,Celsius (°C),SE,Standard error,0.1,,N,National,,
DATAFLOW,SPC:DF_CLIMATE_CHANGE(1.0),Climate Change indicators,I,A,Annual,SST_ANOM,Sea Surface Temperature anomalies,NC,New Caledonia,1872,,-0.1,,,,CELSIUS,Celsius (°C),SE,Standard error,0.1,,N,National,,
DATAFLOW,SPC:DF_CLIMATE_CHANGE(1.0),Climate Change indicators,I,A,Annual,SST_ANOM,Sea Surface Temperature anomalies,NC,New Caledonia,1873,,-0.2,,,,CELSIUS,Celsius (°C),SE,Standard error,0.1,,N,National,,
DATAFLOW,SPC:DF_CLIMATE_CHANGE(1.0),Climate Change indicators,I,A,Annual,SST_ANOM,Sea Surface Temperature anomalies,NC,New Caledonia,1874,,0,,,,CELSIUS,Celsius (°C),SE,Standard error,0.1,,N,National,,
DATAFLOW,SPC:DF_CLIMATE_CHANGE(1.0),Climate Change indicators,I,A,Annual,SST_ANOM,Sea Surface Temperature anomalies,NC,New Caledonia,1875,,0,,,,CELSIUS,Celsius (°C),SE,Standard error,0.1,,N,National,,
DATAFLOW,SPC:DF_CLIMATE_CHANGE(1.0),Climate Change indicators,I,A,Annual,SST_ANOM,Sea Surface Temperature anomalies,NC,New Caledonia,1876,,0,,,,CELSIUS,Celsius (°C),SE,Standard error,0.1,,N,National,,
DATAFLOW,SPC:DF_CLIMATE_CHANGE(1.0),Climate Change indicators,I,A,Annual,SST_ANOM,Sea Surface Temperature anomalies,NC,New Caledonia,1877,,-0.3,,,,CELSIUS,Celsius (°C),SE,Standard error,0.1,,N,National,,
DATAFLOW,SPC:DF_CLIMATE_CHANGE(1.0),Climate Change indicators,I,A,Annual,SST_ANOM,Sea Surface Temperature anomalies,NC,New Caledonia,1878,,0.2,,,,CELSIUS,Celsius (°C),SE,Standard error,0.1,,N,National,,
DATAFLOW,SPC:DF_CLIMATE_CHANGE(1.0),Climate Change indicators,I,A,Annual,SST_ANOM,Sea Surface Temperature anomalies,NC,New Caledonia,1879,,0.1,,,,CELSIUS,Celsius (°C),SE,Standard error,0.1,,N,National,,
DATAFLOW,SPC:DF_CLIMATE_CHANGE(1.0),Climate Change indicators,I,A,Annual,SST_ANOM,Sea Surface Temperature anomalies,NC,New Caledonia,1880,,-0.2,,,,CELSIUS,Celsius (°C),SE,Standard error,0.1,,N,National,,
DATAFLOW,SPC:DF_CLIMATE_CHANGE(1.0),Climate Change indicators,I,A,Annual,SST_ANOM,Sea Surface Temperature anomalies,NC,New Caledonia,1881,,-0.4,,,,CELSIUS,Celsius (°C),SE,Standard error,0.1,,N,National,,
DATAFLOW,SPC:DF_CLIMATE_CHANGE(1.0),Climate Change indicators,I,A,Annual,SST_ANOM,Sea Surface Temperature anomalies,NC,New Caledonia,1882,,-0.2,,,,CELSIUS,Celsius (°C),SE,Standard error,0.1,,N,National,,
DATAFLOW,SPC:DF_CLIMATE_CHANGE(1.0),Climate Change indicators,I,A,Annual,SST_ANOM,Sea Surface Temperature anomalies,NC,New Caledonia,1883,,-0.6,,,,CELSIUS,Celsius (°C),SE,Standard error,0.1,,N,National,,
DATAFLOW,SPC:DF_CLIMATE_CHANGE(1.0),Climate Change indicators,I,A,Annual,SST_ANOM,Sea Surface Temperature anomalies,NC,New Caledonia,1884,,-0.9,,,,CELSIUS,Celsius (°C),SE,Standard error,0.1,,N,National,,
DATAFLOW,SPC:DF_CLIMATE_CHANGE(1.0),Climate Change indicators,I,A,Annual,SST_ANOM,Sea Surface Temperature anomalies,NC,New Caledonia,1885,,-1,,,,CELSIUS,Celsius (°C),SE,Standard error,0.1,,N,National,,
DATAFLOW,SPC:DF_CLIMATE_CHANGE(1.0),Climate Change indicators,I,A,Annual,SST_ANOM,Sea Surface Temperature anomalies,NC,New Caledonia,1886,,-0.5,,,,CELSIUS,Celsius (°C),SE,Standard error,0.1,,N,National,,
DATAFLOW,SPC:DF_CLIMATE_CHANGE(1.0),Climate Change indicators,I,A,Annual,SST_ANOM,Sea Surface Temperature anomalies,NC,New Caledonia,1887,,-0.6,,,,CELSIUS,Celsius (°C),SE,Standard error,0.1,,N,National,,
DATAFLOW,SPC:DF_CLIMATE_CHANGE(1.0),Climate Change indicators,I,A,Annual,SST_ANOM,Sea Surface Temperature anomalies,NC,New Caledonia,1888,,-1,,,,CELSIUS,Celsius (°C),SE,Standard error,0.1,,N,National,,
DATAFLOW,SPC:DF_CLIMATE_CHANGE(1.0),Climate Change indicators,I,A,Annual,SST_ANOM,Sea Surface Temperature anomalies,NC,New Caledonia,1889,,-0.3,,,,CELSIUS,Celsius (°C),SE,Standard error,0.1,,N,National,,
DATAFLOW,SPC:DF_CLIMATE_CHANGE(1.0),Climate Change indicators,I,A,Annual,SST_ANOM,Sea Surface Temperature anomalies,NC,New Caledonia,1890,,-0.2,,,,CELSIUS,Celsius (°C),SE,Standard error,0.1,,N,National,,
DATAFLOW,SPC:DF_CLIMATE_CHANGE(1.0),Climate Change indicators,I,A,Annual,SST_ANOM,Sea Surface Temperature anomalies,NC,New Caledonia,1891,,-0.3,,,,CELSIUS,Celsius (°C),SE,Standard error,0.1,,N,National,,
DATAFLOW,SPC:DF_CLIMATE_CHANGE(1.0),Climate Change indicators,I,A,Annual,SST_ANOM,Sea Surface Temperature anomalies,NC,New Caledonia,1892,,-0.2,,,,CELSIUS,Celsius (°C),SE,Standard error,0.2,,N,National,,
DATAFLOW,SPC:DF_CLIMATE_CHANGE(1.0),Climate Change indicators,I,A,Annual,SST_ANOM,Sea Surface Temperature anomalies,NC,New Caledonia,1893,,0.6,,,,CELSIUS,Celsius (°C),SE,Standard error,0.1,,N,National,,
DATAFLOW,SPC:DF_CLIMATE_CHANGE(1.0),Climate Change indicators,I,A,Annual,SST_ANOM,Sea Surface Temperature anomalies,NC,New Caledonia,1894,,-0.3,,,,CELSIUS,Celsius (°C),SE,Standard error,0.1,,N,National,,
DATAFLOW,SPC:DF_CLIMATE_CHANGE(1.0),Climate Change indicators,I,A,Annual,SST_ANOM,Sea Surface Temperature anomalies,NC,New Caledonia,1895,,-0.5,,,,CELSIUS,Celsius (°C),SE,Standard error,0.1,,N,National,,
DATAFLOW,SPC:DF_CLIMATE_CHANGE(1.0),Climate Change indicators,I,A,Annual,SST_ANOM,Sea Surface Temperature anomalies,NC,New Caledonia,1896,,-0.3,,,,CELSIUS,Celsius (°C),SE,Standard error,0.1,,N,National,,
DATAFLOW,SPC:DF_CLIMATE_CHANGE(1.0),Climate Change indicators,I,A,Annual,SST_ANOM,Sea Surface Temperature anomalies,NC,New Caledonia,1897,,-0.1,,,,CELSIUS,Celsius (°C),SE,Standard error,0.1,,N,National,,
DATAFLOW,SPC:DF_CLIMATE_CHANGE(1.0),Climate Change indicators,I,A,Annual,SST_ANOM,Sea Surface Temperature anomalies,NC,New Caledonia,1898,,-0.4,,,,CELSIUS,Celsius (°C),SE,Standard error,0.1,,N,National,,
DATAFLOW,SPC:DF_CLIMATE_CHANGE(1.0),Climate Change indicators,I,A,Annual,SST_ANOM,Sea Surface Temperature anomalies,NC,New Caledonia,1899,,-0.7,,,,CELSIUS,Celsius (°C),SE,Standard error,0.1,,N,National,,
DATAFLOW,SPC:DF_CLIMATE_CHANGE(1.0),Climate Change indicators,I,A,Annual,SST_ANOM,Sea Surface Temperature anomalies,NC,New Caledonia,1900,,-0.3,,,,CELSIUS,Celsius (°C),SE,Standard error,0.1,,N,National,,
DATAFLOW,SPC:DF_CLIMATE_CHANGE(1.0),Climate Change indicators,I,A,Annual,SST_ANOM,Sea Surface Temperature anomalies,NC,New Caledonia,1901,,-0.8,,,,CELSIUS,Celsius (°C),SE,Standard error,0.1,,N,National,,
DATAFLOW,SPC:DF_CLIMATE_CHANGE(1.0),Climate Change indicators,I,A,Annual,SST_ANOM,Sea Surface Temperature anomalies,NC,New Caledonia,1902,,-1.2,,,,CELSIUS,Celsius (°C),SE,Standard error,0.1,,N,National,,
DATAFLOW,SPC:DF_CLIMATE_CHANGE(1.0),Climate Change indicators,I,A,Annual,SST_ANOM,Sea Surface Temperature anomalies,NC,New Caledonia,1903,,-0.9,,,,CELSIUS,Celsius (°C),SE,Standard error,0.1,,N,National,,
DATAFLOW,SPC:DF_CLIMATE_CHANGE(1.0),Climate Change indicators,I,A,Annual,SST_ANOM,Sea Surface Temperature anomalies,NC,New Caledonia,1904,,-1,,,,CELSIUS,Celsius (°C),SE,Standard error,0.1,,N,National,,
DATAFLOW,SPC:DF_CLIMATE_CHANGE(1.0),Climate Change indicators,I,A,Annual,SST_ANOM,Sea Surface Temperature anomalies,NC,New Caledonia,1905,,-1.1,,,,CELSIUS,Celsius (°C),SE,Standard error,0.1,,N,National,,
DATAFLOW,SPC:DF_CLIMATE_CHANGE(1.0),Climate Change indicators,I,A,Annual,SST_ANOM,Sea Surface Temperature anomalies,NC,New Caledonia,1906,,-0.8,,,,CELSIUS,Celsius (°C),SE,Standard error,0.1,,N,National,,
DATAFLOW,SPC:DF_CLIMATE_CHANGE(1.0),Climate Change indicators,I,A,Annual,SST_ANOM,Sea Surface Temperature anomalies,NC,New Caledonia,1907,,-0.4,,,,CELSIUS,Celsius (°C),SE,Standard error,0.1,,N,National,,
DATAFLOW,SPC:DF_CLIMATE_CHANGE(1.0),Climate Change indicators,I,A,Annual,SST_ANOM,Sea Surface Temperature anomalies,NC,New Caledonia,1908,,-0.6,,,,CELSIUS,Celsius (°C),SE,Standard error,0.1,,N,National,,
DATAFLOW,SPC:DF_CLIMATE_CHANGE(1.0),Climate Change indicators,I,A,Annual,SST_ANOM,Sea Surface Temperature anomalies,NC,New Caledonia,1909,,-0.5,,,,CELSIUS,Celsius (°C),SE,Standard error,0.1,,N,National,,
DATAFLOW,SPC:DF_CLIMATE_CHANGE(1.0),Climate Change indicators,I,A,Annual,SST_ANOM,Sea Surface Temperature anomalies,NC,New Caledonia,1910,,-0.4,,,,CELSIUS,Celsius (°C),SE,Standard error,0,,N,National,,
DATAFLOW,SPC:DF_CLIMATE_CHANGE(1.0),Climate Change indicators,I,A,Annual,SST_ANOM,Sea Surface Temperature anomalies,NC,New Caledonia,1911,,-0.9,,,,CELSIUS,Celsius (°C),SE,Standard error,0.1,,N,National,,
DATAFLOW,SPC:DF_CLIMATE_CHANGE(1.0),Climate Change indicators,I,A,Annual,SST_ANOM,Sea Surface Temperature anomalies,NC,New Caledonia,1912,,-0.8,,,,CELSIUS,Celsius (°C),SE,Standard error,0,,N,National,,
DATAFLOW,SPC:DF_CLIMATE_CHANGE(1.0),Climate Change indicators,I,A,Annual,SST_ANOM,Sea Surface Temperature anomalies,NC,New Caledonia,1913,,-0.9,,,,CELSIUS,Celsius (°C),SE,Standard error,0,,N,National,,
DATAFLOW,SPC:DF_CLIMATE_CHANGE(1.0),Climate Change indicators,I,A,Annual,SST_ANOM,Sea Surface Temperature anomalies,NC,New Caledonia,1914,,-0.9,,,,CELSIUS,Celsius (°C),SE,Standard error,0.1,,N,National,,
DATAFLOW,SPC:DF_CLIMATE_CHANGE(1.0),Climate Change indicators,I,A,Annual,SST_ANOM,Sea Surface Temperature anomalies,NC,New Caledonia,1915,,-0.6,,,,CELSIUS,Celsius (°C),SE,Standard error,0.1,,N,National,,
DATAFLOW,SPC:DF_CLIMATE_CHANGE(1.0),Climate Change indicators,I,A,Annual,SST_ANOM,Sea Surface Temperature anomalies,NC,New Caledonia,1916,,-0.2,,,,CELSIUS,Celsius (°C),SE,Standard error,0.1,,N,National,,
DATAFLOW,SPC:DF_CLIMATE_CHANGE(1.0),Climate Change indicators,I,A,Annual,SST_ANOM,Sea Surface Temperature anomalies,NC,New Caledonia,1917,,-0.4,,,,CELSIUS,Celsius (°C),SE,Standard error,0.1,,N,National,,
DATAFLOW,SPC:DF_CLIMATE_CHANGE(1.0),Climate Change indicators,I,A,Annual,SST_ANOM,Sea Surface Temperature anomalies,NC,New Caledonia,1918,,-0.7,,,,CELSIUS,Celsius (°C),SE,Standard error,0.1,,N,National,,
DATAFLOW,SPC:DF_CLIMATE_CHANGE(1.0),Climate Change indicators,I,A,Annual,SST_ANOM,Sea Surface Temperature anomalies,NC,New Caledonia,1919,,-0.7,,,,CELSIUS,Celsius (°C),SE,Standard error,0.1,,N,National,,
DATAFLOW,SPC:DF_CLIMATE_CHANGE(1.0),Climate Change indicators,I,A,Annual,SST_ANOM,Sea Surface Temperature anomalies,NC,New Caledonia,1920,,-0.7,,,,CELSIUS,Celsius (°C),SE,Standard error,0.1,,N,National,,
DATAFLOW,SPC:DF_CLIMATE_CHANGE(1.0),Climate Change indicators,I,A,Annual,SST_ANOM,Sea Surface Temperature anomalies,NC,New Caledonia,1921,,-0.6,,,,CELSIUS,Celsius (°C),SE,Standard error,0.1,,N,National,,
DATAFLOW,SPC:DF_CLIMATE_CHANGE(1.0),Climate Change indicators,I,A,Annual,SST_ANOM,Sea Surface Temperature anomalies,NC,New Caledonia,1922,,-0.6,,,,CELSIUS,Celsius (°C),SE,Standard error,0.1,,N,National,,
DATAFLOW,SPC:DF_CLIMATE_CHANGE(1.0),Climate Change indicators,I,A,Annual,SST_ANOM,Sea Surface Temperature anomalies,NC,New Caledonia,1923,,-0.7,,,,CELSIUS,Celsius (°C),SE,Standard error,0.1,,N,National,,
DATAFLOW,SPC:DF_CLIMATE_CHANGE(1.0),Climate Change indicators,I,A,Annual,SST_ANOM,Sea Surface Temperature anomalies,NC,New Caledonia,1924,,-0.3,,,,CELSIUS,Celsius (°C),SE,Standard error,0.1,,N,National,,
DATAFLOW,SPC:DF_CLIMATE_CHANGE(1.0),Climate Change indicators,I,A,Annual,SST_ANOM,Sea Surface Temperature anomalies,NC,New Caledonia,1925,,-0.9,,,,CELSIUS,Celsius (°C),SE,Standard error,0.1,,N,National,,
DATAFLOW,SPC:DF_CLIMATE_CHANGE(1.0),Climate Change indicators,I,A,Annual,SST_ANOM,Sea Surface Temperature anomalies,NC,New Caledonia,1926,,-0.6,,,,CELSIUS,Celsius (°C),SE,Standard error,0.1,,N,National,,
DATAFLOW,SPC:DF_CLIMATE_CHANGE(1.0),Climate Change indicators,I,A,Annual,SST_ANOM,Sea Surface Temperature anomalies,NC,New Caledonia,1927,,-0.6,,,,CELSIUS,Celsius (°C),SE,Standard error,0.1,,N,National,,
DATAFLOW,SPC:DF_CLIMATE_CHANGE(1.0),Climate Change indicators,I,A,Annual,SST_ANOM,Sea Surface Temperature anomalies,NC,New Caledonia,1928,,-0.7,,,,CELSIUS,Celsius (°C),SE,Standard error,0.1,,N,National,,
DATAFLOW,SPC:DF_CLIMATE_CHANGE(1.0),Climate Change indicators,I,A,Annual,SST_ANOM,Sea Surface Temperature anomalies,NC,New Caledonia,1929,,-0.7,,,,CELSIUS,Celsius (°C),SE,Standard error,0,,N,National,,
DATAFLOW,SPC:DF_CLIMATE_CHANGE(1.0),Climate Change indicators,I,A,Annual,SST_ANOM,Sea Surface Temperature anomalies,NC,New Caledonia,1930,,-1,,,,CELSIUS,Celsius (°C),SE,Standard error,0.1,,N,National,,
DATAFLOW,SPC:DF_CLIMATE_CHANGE(1.0),Climate Change indicators,I,A,Annual,SST_ANOM,Sea Surface Temperature anomalies,NC,New Caledonia,1931,,-0.6,,,,CELSIUS,Celsius (°C),SE,Standard error,0.1,,N,National,,
DATAFLOW,SPC:DF_CLIMATE_CHANGE(1.0),Climate Change indicators,I,A,Annual,SST_ANOM,Sea Surface Temperature anomalies,NC,New Caledonia,1932,,-0.8,,,,CELSIUS,Celsius (°C),SE,Standard error,0.1,,N,National,,
DATAFLOW,SPC:DF_CLIMATE_CHANGE(1.0),Climate Change indicators,I,A,Annual,SST_ANOM,Sea Surface Temperature anomalies,NC,New Caledonia,1933,,-0.5,,,,CELSIUS,Celsius (°C),SE,Standard error,0.1,,N,National,,
DATAFLOW,SPC:DF_CLIMATE_CHANGE(1.0),Climate Change indicators,I,A,Annual,SST_ANOM,Sea Surface Temperature anomalies,NC,New Caledonia,1934,,-0.9,,,,CELSIUS,Celsius (°C),SE,Standard error,0.1,,N,National,,
DATAFLOW,SPC:DF_CLIMATE_CHANGE(1.0),Climate Change indicators,I,A,Annual,SST_ANOM,Sea Surface Temperature anomalies,NC,New Caledonia,1935,,-0.5,,,,CELSIUS,Celsius (°C),SE,Standard error,0.1,,N,National,,
DATAFLOW,SPC:DF_CLIMATE_CHANGE(1.0),Climate Change indicators,I,A,Annual,SST_ANOM,Sea Surface Temperature anomalies,NC,New Caledonia,1936,,-0.7,,,,CELSIUS,Celsius (°C),SE,Standard error,0.1,,N,National,,
DATAFLOW,SPC:DF_CLIMATE_CHANGE(1.0),Climate Change indicators,I,A,Annual,SST_ANOM,Sea Surface Temperature anomalies,NC,New Caledonia,1937,,-0.7,,,,CELSIUS,Celsius (°C),SE,Standard error,0.1,,N,National,,
DATAFLOW,SPC:DF_CLIMATE_CHANGE(1.0),Climate Change indicators,I,A,Annual,SST_ANOM,Sea Surface Temperature anomalies,NC,New Caledonia,1938,,-0.2,,,,CELSIUS,Celsius (°C),SE,Standard error,0.1,,N,National,,
DATAFLOW,SPC:DF_CLIMATE_CHANGE(1.0),Climate Change indicators,I,A,Annual,SST_ANOM,Sea Surface Temperature anomalies,NC,New Caledonia,1939,,-0.7,,,,CELSIUS,Celsius (°C),SE,Standard error,0.1,,N,National,,
DATAFLOW,SPC:DF_CLIMATE_CHANGE(1.0),Climate Change indicators,I,A,Annual,SST_ANOM,Sea Surface Temperature anomalies,NC,New Caledonia,1940,,-0.8,,,,CELSIUS,Celsius (°C),SE,Standard error,0.1,,N,National,,
DATAFLOW,SPC:DF_CLIMATE_CHANGE(1.0),Climate Change indicators,I,A,Annual,SST_ANOM,Sea Surface Temperature anomalies,NC,New Caledonia,1941,,-0.6,,,,CELSIUS,Celsius (°C),SE,Standard error,0.1,,N,National,,
DATAFLOW,SPC:DF_CLIMATE_CHANGE(1.0),Climate Change indicators,I,A,Annual,SST_ANOM,Sea Surface Temperature anomalies,NC,New Caledonia,1942,,-0.3,,,,CELSIUS,Celsius (°C),SE,Standard error,0.1,,N,National,,
DATAFLOW,SPC:DF_CLIMATE_CHANGE(1.0),Climate Change indicators,I,A,Annual,SST_ANOM,Sea Surface Temperature anomalies,NC,New Caledonia,1943,,0,,,,CELSIUS,Celsius (°C),SE,Standard error,0.1,,N,National,,
DATAFLOW,SPC:DF_CLIMATE_CHANGE(1.0),Climate Change indicators,I,A,Annual,SST_ANOM,Sea Surface Temperature anomalies,NC,New Caledonia,1944,,-0.1,,,,CELSIUS,Celsius (°C),SE,Standard error,0.1,,N,National,,
DATAFLOW,SPC:DF_CLIMATE_CHANGE(1.0),Climate Change indicators,I,A,Annual,SST_ANOM,Sea Surface Temperature anomalies,NC,New Caledonia,1945,,-0.1,,,,CELSIUS,Celsius (°C),SE,Standard error,0.1,,N,National,,
DATAFLOW,SPC:DF_CLIMATE_CHANGE(1.0),Climate Change indicators,I,A,Annual,SST_ANOM,Sea Surface Temperature anomalies,NC,New Caledonia,1946,,-0.4,,,,CELSIUS,Celsius (°C),SE,Standard error,0.1,,N,National,,
DATAFLOW,SPC:DF_CLIMATE_CHANGE(1.0),Climate Change indicators,I,A,Annual,SST_ANOM,Sea Surface Temperature anomalies,NC,New Caledonia,1947,,-0.6,,,,CELSIUS,Celsius (°C),SE,Standard error,0.1,,N,National,,
DATAFLOW,SPC:DF_CLIMATE_CHANGE(1.0),Climate Change indicators,I,A,Annual,SST_ANOM,Sea Surface Temperature anomalies,NC,New Caledonia,1948,,-0.4,,,,CELSIUS,Celsius (°C),SE,Standard error,0.1,,N,National,,
DATAFLOW,SPC:DF_CLIMATE_CHANGE(1.0),Climate Change indicators,I,A,Annual,SST_ANOM,Sea Surface Temperature anomalies,NC,New Caledonia,1949,,-0.6,,,,CELSIUS,Celsius (°C),SE,Standard error,0,,N,National,,
DATAFLOW,SPC:DF_CLIMATE_CHANGE(1.0),Climate Change indicators,I,A,Annual,SST_ANOM,Sea Surface Temperature anomalies,NC,New Caledonia,1950,,-0.2,,,,CELSIUS,Celsius (°C),SE,Standard error,0.1,,N,National,,
DATAFLOW,SPC:DF_CLIMATE_CHANGE(1.0),Climate Change indicators,I,A,Annual,SST_ANOM,Sea Surface Temperature anomalies,NC,New Caledonia,1951,,-0.5,,,,CELSIUS,Celsius (°C),SE,Standard error,0.1,,N,National,,
DATAFLOW,SPC:DF_CLIMATE_CHANGE(1.0),Climate Change indicators,I,A,Annual,SST_ANOM,Sea Surface Temperature anomalies,NC,New Caledonia,1952,,-0.3,,,,CELSIUS,Celsius (°C),SE,Standard error,0.1,,N,National,,
DATAFLOW,SPC:DF_CLIMATE_CHANGE(1.0),Climate Change indicators,I,A,Annual,SST_ANOM,Sea Surface Temperature anomalies,NC,New Caledonia,1953,,-0.3,,,,CELSIUS,Celsius (°C),SE,Standard error,0.1,,N,National,,
DATAFLOW,SPC:DF_CLIMATE_CHANGE(1.0),Climate Change indicators,I,A,Annual,SST_ANOM,Sea Surface Temperature anomalies,NC,New Caledonia,1954,,-0.5,,,,CELSIUS,Celsius (°C),SE,Standard error,0.1,,N,National,,
DATAFLOW,SPC:DF_CLIMATE_CHANGE(1.0),Climate Change indicators,I,A,Annual,SST_ANOM,Sea Surface Temperature anomalies,NC,New Caledonia,1955,,-0.3,,,,CELSIUS,Celsius (°C),SE,Standard error,0.1,,N,National,,
DATAFLOW,SPC:DF_CLIMATE_CHANGE(1.0),Climate Change indicators,I,A,Annual,SST_ANOM,Sea Surface Temperature anomalies,NC,New Caledonia,1956,,0,,,,CELSIUS,Celsius (°C),SE,Standard error,0.1,,N,National,,
DATAFLOW,SPC:DF_CLIMATE_CHANGE(1.0),Climate Change indicators,I,A,Annual,SST_ANOM,Sea Surface Temperature anomalies,NC,New Caledonia,1957,,-0.4,,,,CELSIUS,Celsius (°C),SE,Standard error,0.1,,N,National,,
DATAFLOW,SPC:DF_CLIMATE_CHANGE(1.0),Climate Change indicators,I,A,Annual,SST_ANOM,Sea Surface Temperature anomalies,NC,New Caledonia,1958,,-0.2,,,,CELSIUS,Celsius (°C),SE,Standard error,0.1,,N,National,,
DATAFLOW,SPC:DF_CLIMATE_CHANGE(1.0),Climate Change indicators,I,A,Annual,SST_ANOM,Sea Surface Temperature anomalies,NC,New Caledonia,1959,,-0.4,,,,CELSIUS,Celsius (°C),SE,Standard error,0.1,,N,National,,
DATAFLOW,SPC:DF_CLIMATE_CHANGE(1.0),Climate Change indicators,I,A,Annual,SST_ANOM,Sea Surface Temperature anomalies,NC,New Caledonia,1960,,-0.3,,,,CELSIUS,Celsius (°C),SE,Standard error,0.1,,N,National,,
DATAFLOW,SPC:DF_CLIMATE_CHANGE(1.0),Climate Change indicators,I,A,Annual,SST_ANOM,Sea Surface Temperature anomalies,NC,New Caledonia,1961,,-0.5,,,,CELSIUS,Celsius (°C),SE,Standard error,0.1,,N,National,,
DATAFLOW,SPC:DF_CLIMATE_CHANGE(1.0),Climate Change indicators,I,A,Annual,SST_ANOM,Sea Surface Temperature anomalies,NC,New Caledonia,1962,,-0.2,,,,CELSIUS,Celsius (°C),SE,Standard error,0,,N,National,,
DATAFLOW,SPC:DF_CLIMATE_CHANGE(1.0),Climate Change indicators,I,A,Annual,SST_ANOM,Sea Surface Temperature anomalies,NC,New Caledonia,1963,,-0.5,,,,CELSIUS,Celsius (°C),SE,Standard error,0.1,,N,National,,
DATAFLOW,SPC:DF_CLIMATE_CHANGE(1.0),Climate Change indicators,I,A,Annual,SST_ANOM,Sea Surface Temperature anomalies,NC,New Caledonia,1964,,-0.2,,,,CELSIUS,Celsius (°C),SE,Standard error,0.1,,N,National,,
DATAFLOW,SPC:DF_CLIMATE_CHANGE(1.0),Climate Change indicators,I,A,Annual,SST_ANOM,Sea Surface Temperature anomalies,NC,New Caledonia,1965,,-0.8,,,,CELSIUS,Celsius (°C),SE,Standard error,0,,N,National,,
DATAFLOW,SPC:DF_CLIMATE_CHANGE(1.0),Climate Change indicators,I,A,Annual,SST_ANOM,Sea Surface Temperature anomalies,NC,New Caledonia,1966,,-0.8,,,,CELSIUS,Celsius (°C),SE,Standard error,0.1,,N,National,,
DATAFLOW,SPC:DF_CLIMATE_CHANGE(1.0),Climate Change indicators,I,A,Annual,SST_ANOM,Sea Surface Temperature anomalies,NC,New Caledonia,1967,,-0.4,,,,CELSIUS,Celsius (°C),SE,Standard error,0.1,,N,National,,
DATAFLOW,SPC:DF_CLIMATE_CHANGE(1.0),Climate Change indicators,I,A,Annual,SST_ANOM,Sea Surface Temperature anomalies,NC,New Caledonia,1968,,-0.3,,,,CELSIUS,Celsius (°C),SE,Standard error,0.1,,N,National,,
DATAFLOW,SPC:DF_CLIMATE_CHANGE(1.0),Climate Change indicators,I,A,Annual,SST_ANOM,Sea Surface Temperature anomalies,NC,New Caledonia,1969,,-0.3,,,,CELSIUS,Celsius (°C),SE,Standard error,0.1,,N,National,,
DATAFLOW,SPC:DF_CLIMATE_CHANGE(1.0),Climate Change indicators,I,A,Annual,SST_ANOM,Sea Surface Temperature anomalies,NC,New Caledonia,1970,,0.1,,,,CELSIUS,Celsius (°C),SE,Standard error,0.1,,N,National,,
DATAFLOW,SPC:DF_CLIMATE_CHANGE(1.0),Climate Change indicators,I,A,Annual,SST_ANOM,Sea Surface Temperature anomalies,NC,New Caledonia,1971,,0.1,,,,CELSIUS,Celsius (°C),SE,Standard error,0.1,,N,National,,
DATAFLOW,SPC:DF_CLIMATE_CHANGE(1.0),Climate Change indicators,I,A,Annual,SST_ANOM,Sea Surface Temperature anomalies,NC,New Caledonia,1972,,-0.4,,,,CELSIUS,Celsius (°C),SE,Standard error,0.1,,N,National,,
DATAFLOW,SPC:DF_CLIMATE_CHANGE(1.0),Climate Change indicators,I,A,Annual,SST_ANOM,Sea Surface Temperature anomalies,NC,New Caledonia,1973,,0.4,,,,CELSIUS,Celsius (°C),SE,Standard error,0.1,,N,National,,
DATAFLOW,SPC:DF_CLIMATE_CHANGE(1.0),Climate Change indicators,I,A,Annual,SST_ANOM,Sea Surface Temperature anomalies,NC,New Caledonia,1974,,0.1,,,,CELSIUS,Celsius (°C),SE,Standard error,0,,N,National,,
DATAFLOW,SPC:DF_CLIMATE_CHANGE(1.0),Climate Change indicators,I,A,Annual,SST_ANOM,Sea Surface Temperature anomalies,NC,New Caledonia,1975,,0.2,,,,CELSIUS,Celsius (°C),SE,Standard error,0.1,,N,National,,
DATAFLOW,SPC:DF_CLIMATE_CHANGE(1.0),Climate Change indicators,I,A,Annual,SST_ANOM,Sea Surface Temperature anomalies,NC,New Caledonia,1976,,-0.1,,,,CELSIUS,Celsius (°C),SE,Standard error,0.1,,N,National,,
DATAFLOW,SPC:DF_CLIMATE_CHANGE(1.0),Climate Change indicators,I,A,Annual,SST_ANOM,Sea Surface Temperature anomalies,NC,New Caledonia,1977,,-0.4,,,,CELSIUS,Celsius (°C),SE,Standard error,0.1,,N,National,,
DATAFLOW,SPC:DF_CLIMATE_CHANGE(1.0),Climate Change indicators,I,A,Annual,SST_ANOM,Sea Surface Temperature anomalies,NC,New Caledonia,1978,,-0.3,,,,CELSIUS,Celsius (°C),SE,Standard error,0.1,,N,National,,
DATAFLOW,SPC:DF_CLIMATE_CHANGE(1.0),Climate Change indicators,I,A,Annual,SST_ANOM,Sea Surface Temperature anomalies,NC,New Caledonia,1979,,-0.1,,,,CELSIUS,Celsius (°C),SE,Standard error,0.1,,N,National,,
DATAFLOW,SPC:DF_CLIMATE_CHANGE(1.0),Climate Change indicators,I,A,Annual,SST_ANOM,Sea Surface Temperature anomalies,NC,New Caledonia,1980,,-0.2,,,,CELSIUS,Celsius (°C),SE,Standard error,0.1,,N,National,,
DATAFLOW,SPC:DF_CLIMATE_CHANGE(1.0),Climate Change indicators,I,A,Annual,SST_ANOM,Sea Surface Temperature anomalies,NC,New Caledonia,1981,,0,,,,CELSIUS,Celsius (°C),SE,Standard error,0.1,,N,National,,
DATAFLOW,SPC:DF_CLIMATE_CHANGE(1.0),Climate Change indicators,I,A,Annual,SST_ANOM,Sea Surface Temperature anomalies,NC,New Caledonia,1982,,-0.5,,,,CELSIUS,Celsius (°C),SE,Standard error,0.1,,N,National,,
DATAFLOW,SPC:DF_CLIMATE_CHANGE(1.0),Climate Change indicators,I,A,Annual,SST_ANOM,Sea Surface Temperature anomalies,NC,New Caledonia,1983,,-0.1,,,,CELSIUS,Celsius (°C),SE,Standard error,0.1,,N,National,,
DATAFLOW,SPC:DF_CLIMATE_CHANGE(1.0),Climate Change indicators,I,A,Annual,SST_ANOM,Sea Surface Temperature anomalies,NC,New Caledonia,1984,,-0.1,,,,CELSIUS,Celsius (°C),SE,Standard error,0.1,,N,National,,
DATAFLOW,SPC:DF_CLIMATE_CHANGE(1.0),Climate Change indicators,I,A,Annual,SST_ANOM,Sea Surface Temperature anomalies,NC,New Caledonia,1985,,-0.1,,,,CELSIUS,Celsius (°C),SE,Standard error,0.1,,N,National,,
DATAFLOW,SPC:DF_CLIMATE_CHANGE(1.0),Climate Change indicators,I,A,Annual,SST_ANOM,Sea Surface Temperature anomalies,NC,New Caledonia,1986,,-0.1,,,,CELSIUS,Celsius (°C),SE,Standard error,0.1,,N,National,,
DATAFLOW,SPC:DF_CLIMATE_CHANGE(1.0),Climate Change indicators,I,A,Annual,SST_ANOM,Sea Surface Temperature anomalies,NC,New Caledonia,1987,,-0.2,,,,CELSIUS,Celsius (°C),SE,Standard error,0.1,,N,National,,
DATAFLOW,SPC:DF_CLIMATE_CHANGE(1.0),Climate Change indicators,I,A,Annual,SST_ANOM,Sea Surface Temperature anomalies,NC,New Caledonia,1988,,0.4,,,,CELSIUS,Celsius (°C),SE,Standard error,0.1,,N,National,,
DATAFLOW,SPC:DF_CLIMATE_CHANGE(1.0),Climate Change indicators,I,A,Annual,SST_ANOM,Sea Surface Temperature anomalies,NC,New Caledonia,1989,,0.1,,,,CELSIUS,Celsius (°C),SE,Standard error,0,,N,National,,
DATAFLOW,SPC:DF_CLIMATE_CHANGE(1.0),Climate Change indicators,I,A,Annual,SST_ANOM,Sea Surface Temperature anomalies,NC,New Caledonia,1990,,0.1,,,,CELSIUS,Celsius (°C),SE,Standard error,0.1,,N,National,,
DATAFLOW,SPC:DF_CLIMATE_CHANGE(1.0),Climate Change indicators,I,A,Annual,SST_ANOM,Sea Surface Temperature anomalies,NC,New Caledonia,1991,,-0.4,,,,CELSIUS,Celsius (°C),SE,Standard error,0.1,,N,National,,
DATAFLOW,SPC:DF_CLIMATE_CHANGE(1.0),Climate Change indicators,I,A,Annual,SST_ANOM,Sea Surface Temperature anomalies,NC,New Caledonia,1992,,-0.4,,,,CELSIUS,Celsius (°C),SE,Standard error,0.1,,N,National,,
DATAFLOW,SPC:DF_CLIMATE_CHANGE(1.0),Climate Change indicators,I,A,Annual,SST_ANOM,Sea Surface Temperature anomalies,NC,New Caledonia,1993,,-0.5,,,,CELSIUS,Celsius (°C),SE,Standard error,0.1,,N,National,,
DATAFLOW,SPC:DF_CLIMATE_CHANGE(1.0),Climate Change indicators,I,A,Annual,SST_ANOM,Sea Surface Temperature anomalies,NC,New Caledonia,1994,,-0.6,,,,CELSIUS,Celsius (°C),SE,Standard error,0.1,,N,National,,
DATAFLOW,SPC:DF_CLIMATE_CHANGE(1.0),Climate Change indicators,I,A,Annual,SST_ANOM,Sea Surface Temperature anomalies,NC,New Caledonia,1995,,0.1,,,,CELSIUS,Celsius (°C),SE,Standard error,0.1,,N,National,,
DATAFLOW,SPC:DF_CLIMATE_CHANGE(1.0),Climate Change indicators,I,A,Annual,SST_ANOM,Sea Surface Temperature anomalies,NC,New Caledonia,1996,,0.2,,,,CELSIUS,Celsius (°C),SE,Standard error,0.1,,N,National,,
DATAFLOW,SPC:DF_CLIMATE_CHANGE(1.0),Climate Change indicators,I,A,Annual,SST_ANOM,Sea Surface Temperature anomalies,NC,New Caledonia,1997,,-0.1,,,,CELSIUS,Celsius (°C),SE,Standard error,0.1,,N,National,,
DATAFLOW,SPC:DF_CLIMATE_CHANGE(1.0),Climate Change indicators,I,A,Annual,SST_ANOM,Sea Surface Temperature anomalies,NC,New Caledonia,1998,,0.8,,,,CELSIUS,Celsius (°C),SE,Standard error,0.1,,N,National,,
DATAFLOW,SPC:DF_CLIMATE_CHANGE(1.0),Climate Change indicators,I,A,Annual,SST_ANOM,Sea Surface Temperature anomalies,NC,New Caledonia,1999,,0.2,,,,CELSIUS,Celsius (°C),SE,Standard error,0.1,,N,National,,
DATAFLOW,SPC:DF_CLIMATE_CHANGE(1.0),Climate Change indicators,I,A,Annual,SST_ANOM,Sea Surface Temperature anomalies,NC,New Caledonia,2000,,0,,,,CELSIUS,Celsius (°C),SE,Standard error,0.1,,N,National,,
DATAFLOW,SPC:DF_CLIMATE_CHANGE(1.0),Climate Change indicators,I,A,Annual,SST_ANOM,Sea Surface Temperature anomalies,NC,New Caledonia,2001,,0.3,,,,CELSIUS,Celsius (°C),SE,Standard error,0.1,,N,National,,
DATAFLOW,SPC:DF_CLIMATE_CHANGE(1.0),Climate Change indicators,I,A,Annual,SST_ANOM,Sea Surface Temperature anomalies,NC,New Caledonia,2002,,0.2,,,,CELSIUS,Celsius (°C),SE,Standard error,0.1,,N,National,,
DATAFLOW,SPC:DF_CLIMATE_CHANGE(1.0),Climate Change indicators,I,A,Annual,SST_ANOM,Sea Surface Temperature anomalies,NC,New Caledonia,2003,,0.2,,,,CELSIUS,Celsius (°C),SE,Standard error,0.1,,N,National,,
DATAFLOW,SPC:DF_CLIMATE_CHANGE(1.0),Climate Change indicators,I,A,Annual,SST_ANOM,Sea Surface Temperature anomalies,NC,New Caledonia,2004,,0.1,,,,CELSIUS,Celsius (°C),SE,Standard error,0.1,,N,National,,
DATAFLOW,SPC:DF_CLIMATE_CHANGE(1.0),Climate Change indicators,I,A,Annual,SST_ANOM,Sea Surface Temperature anomalies,NC,New Caledonia,2005,,0.2,,,,CELSIUS,Celsius (°C),SE,Standard error,0,,N,National,,
DATAFLOW,SPC:DF_CLIMATE_CHANGE(1.0),Climate Change indicators,I,A,Annual,SST_ANOM,Sea Surface Temperature anomalies,NC,New Caledonia,2006,,0,,,,CELSIUS,Celsius (°C),SE,Standard error,0.1,,N,National,,
DATAFLOW,SPC:DF_CLIMATE_CHANGE(1.0),Climate Change indicators,I,A,Annual,SST_ANOM,Sea Surface Temperature anomalies,NC,New Caledonia,2007,,0.1,,,,CELSIUS,Celsius (°C),SE,Standard error,0.1,,N,National,,
DATAFLOW,SPC:DF_CLIMATE_CHANGE(1.0),Climate Change indicators,I,A,Annual,SST_ANOM,Sea Surface Temperature anomalies,NC,New Caledonia,2008,,0.3,,,,CELSIUS,Celsius (°C),SE,Standard error,0.1,,N,National,,
DATAFLOW,SPC:DF_CLIMATE_CHANGE(1.0),Climate Change indicators,I,A,Annual,SST_ANOM,Sea Surface Temperature anomalies,NC,New Caledonia,2009,,0.2,,,,CELSIUS,Celsius (°C),SE,Standard error,0.1,,N,National,,
DATAFLOW,SPC:DF_CLIMATE_CHANGE(1.0),Climate Change indicators,I,A,Annual,SST_ANOM,Sea Surface Temperature anomalies,NC,New Caledonia,2010,,0.4,,,,CELSIUS,Celsius (°C),SE,Standard error,0.1,,N,National,,
DATAFLOW,SPC:DF_CLIMATE_CHANGE(1.0),Climate Change indicators,I,A,Annual,SST_ANOM,Sea Surface Temperature anomalies,NC,New Caledonia,2011,,0.3,,,,CELSIUS,Celsius (°C),SE,Standard error,0,,N,National,,
DATAFLOW,SPC:DF_CLIMATE_CHANGE(1.0),Climate Change indicators,I,A,Annual,SST_ANOM,Sea Surface Temperature anomalies,NC,New Caledonia,2012,,0,,,,CELSIUS,Celsius (°C),SE,Standard error,0,,N,National,,
DATAFLOW,SPC:DF_CLIMATE_CHANGE(1.0),Climate Change indicators,I,A,Annual,SST_ANOM,Sea Surface Temperature anomalies,NC,New Caledonia,2013,,0.2,,,,CELSIUS,Celsius (°C),SE,Standard error,0,,N,National,,
DATAFLOW,SPC:DF_CLIMATE_CHANGE(1.0),Climate Change indicators,I,A,Annual,SST_ANOM,Sea Surface Temperature anomalies,NC,New Caledonia,2014,,0.1,,,,CELSIUS,Celsius (°C),SE,Standard error,0.1,,N,National,,
DATAFLOW,SPC:DF_CLIMATE_CHANGE(1.0),Climate Change indicators,I,A,Annual,SST_ANOM,Sea Surface Temperature anomalies,NC,New Caledonia,2015,,0,,,,CELSIUS,Celsius (°C),SE,Standard error,0,,N,National,,
DATAFLOW,SPC:DF_CLIMATE_CHANGE(1.0),Climate Change indicators,I,A,Annual,SST_ANOM,Sea Surface Temperature anomalies,NC,New Caledonia,2016,,0.7,,,,CELSIUS,Celsius (°C),SE,Standard error,0.1,,N,National,,
DATAFLOW,SPC:DF_CLIMATE_CHANGE(1.0),Climate Change indicators,I,A,Annual,SST_ANOM,Sea Surface Temperature anomalies,NC,New Caledonia,2017,,0.5,,,,CELSIUS,Celsius (°C),SE,Standard error,0,,N,National,,
DATAFLOW,SPC:DF_CLIMATE_CHANGE(1.0),Climate Change indicators,I,A,Annual,SST_ANOM,Sea Surface Temperature anomalies,NC,New Caledonia,2018,,0.3,,,,CELSIUS,Celsius (°C),SE,Standard error,0,,N,National,,
DATAFLOW,SPC:DF_CLIMATE_CHANGE(1.0),Climate Change indicators,I,A,Annual,SST_ANOM,Sea Surface Temperature anomalies,NC,New Caledonia,2019,,0.2,,,,CELSIUS,Celsius (°C),SE,Standard error,0.1,,N,National,,
DATAFLOW,SPC:DF_CLIMATE_CHANGE(1.0),Climate Change indicators,I,A,Annual,SST_ANOM,Sea Surface Temperature anomalies,NC,New Caledonia,2020,,0.5,,,,CELSIUS,Celsius (°C),SE,Standard error,0,,N,National,,
DATAFLOW,SPC:DF_CLIMATE_CHANGE(1.0),Climate Change indicators,I,A,Annual,SST_ANOM,Sea Surface Temperature anomalies,NC,New Caledonia,2021,,0.4,,,,CELSIUS,Celsius (°C),SE,Standard error,0.1,,N,National,,
DATAFLOW,SPC:DF_CLIMATE_CHANGE(1.0),Climate Change indicators,I,A,Annual,SST_ANOM,Sea Surface Temperature anomalies,NC,New Caledonia,2022,,0.9,,,,CELSIUS,Celsius (°C),SE,Standard error,0.1,,N,National,,
DATAFLOW,SPC:DF_CLIMATE_CHANGE(1.0),Climate Change indicators,I,A,Annual,SST_ANOM,Sea Surface Temperature anomalies,NC,New Caledonia,2023,,0.4,,,,CELSIUS,Celsius (°C),SE,Standard error,0.1,,N,National,,
DATAFLOW,SPC:DF_CLIMATE_CHANGE(1.0),Climate Change indicators,I,A,Annual,SST_ANOM,Sea Surface Temperature anomalies,NC,New Caledonia,2024,,0.7,,,,CELSIUS,Celsius (°C),SE,Standard error,0,,N,National,,
DATAFLOW,SPC:DF_CLIMATE_CHANGE(1.0),Climate Change indicators,I,A,Annual,SST_ANOM,Sea Surface Temperature anomalies,NC,New Caledonia,2025,,0.8,,,,CELSIUS,Celsius (°C),SE,Standard error,0.1,,N,National,,
DATAFLOW,SPC:DF_CLIMATE_CHANGE(1.0),Climate Change indicators,I,A,Annual,SST_ANOM,Sea Surface Temperature anomalies,GU,Guam,1850,,-0.2,,,,CELSIUS,Celsius (°C),SE,Standard error,0.1,,N,National,,
DATAFLOW,SPC:DF_CLIMATE_CHANGE(1.0),Climate Change indicators,I,A,Annual,SST_ANOM,Sea Surface Temperature anomalies,GU,Guam,1851,,0.1,,,,CELSIUS,Celsius (°C),SE,Standard error,0.1,,N,National,,
DATAFLOW,SPC:DF_CLIMATE_CHANGE(1.0),Climate Change indicators,I,A,Annual,SST_ANOM,Sea Surface Temperature anomalies,GU,Guam,1852,,0,,,,CELSIUS,Celsius (°C),SE,Standard error,0.1,,N,National,,
DATAFLOW,SPC:DF_CLIMATE_CHANGE(1.0),Climate Change indicators,I,A,Annual,SST_ANOM,Sea Surface Temperature anomalies,GU,Guam,1853,,-0.2,,,,CELSIUS,Celsius (°C),SE,Standard error,0.1,,N,National,,
DATAFLOW,SPC:DF_CLIMATE_CHANGE(1.0),Climate Change indicators,I,A,Annual,SST_ANOM,Sea Surface Temperature anomalies,GU,Guam,1854,,-0.2,,,,CELSIUS,Celsius (°C),SE,Standard error,0.1,,N,National,,
DATAFLOW,SPC:DF_CLIMATE_CHANGE(1.0),Climate Change indicators,I,A,Annual,SST_ANOM,Sea Surface Temperature anomalies,GU,Guam,1855,,-0.6,,,,CELSIUS,Celsius (°C),SE,Standard error,0.1,,N,National,,
DATAFLOW,SPC:DF_CLIMATE_CHANGE(1.0),Climate Change indicators,I,A,Annual,SST_ANOM,Sea Surface Temperature anomalies,GU,Guam,1856,,-0.3,,,,CELSIUS,Celsius (°C),SE,Standard error,0,,N,National,,
DATAFLOW,SPC:DF_CLIMATE_CHANGE(1.0),Climate Change indicators,I,A,Annual,SST_ANOM,Sea Surface Temperature anomalies,GU,Guam,1857,,-0.1,,,,CELSIUS,Celsius (°C),SE,Standard error,0.1,,N,National,,
DATAFLOW,SPC:DF_CLIMATE_CHANGE(1.0),Climate Change indicators,I,A,Annual,SST_ANOM,Sea Surface Temperature anomalies,GU,Guam,1858,,-0.6,,,,CELSIUS,Celsius (°C),SE,Standard error,0.1,,N,National,,
DATAFLOW,SPC:DF_CLIMATE_CHANGE(1.0),Climate Change indicators,I,A,Annual,SST_ANOM,Sea Surface Temperature anomalies,GU,Guam,1859,,0,,,,CELSIUS,Celsius (°C),SE,Standard error,0.1,,N,National,,
DATAFLOW,SPC:DF_CLIMATE_CHANGE(1.0),Climate Change indicators,I,A,Annual,SST_ANOM,Sea Surface Temperature anomalies,GU,Guam,1860,,-0.4,,,,CELSIUS,Celsius (°C),SE,Standard error,0.1,,N,National,,
DATAFLOW,SPC:DF_CLIMATE_CHANGE(1.0),Climate Change indicators,I,A,Annual,SST_ANOM,Sea Surface Temperature anomalies,GU,Guam,1861,,-0.7,,,,CELSIUS,Celsius (°C),SE,Standard error,0.2,,N,National,,
DATAFLOW,SPC:DF_CLIMATE_CHANGE(1.0),Climate Change indicators,I,A,Annual,SST_ANOM,Sea Surface Temperature anomalies,GU,Guam,1862,,-0.6,,,,CELSIUS,Celsius (°C),SE,Standard error,0.1,,N,National,,
DATAFLOW,SPC:DF_CLIMATE_CHANGE(1.0),Climate Change indicators,I,A,Annual,SST_ANOM,Sea Surface Temperature anomalies,GU,Guam,1863,,-0.3,,,,CELSIUS,Celsius (°C),SE,Standard error,0.1,,N,National,,
DATAFLOW,SPC:DF_CLIMATE_CHANGE(1.0),Climate Change indicators,I,A,Annual,SST_ANOM,Sea Surface Temperature anomalies,GU,Guam,1864,,-0.2,,,,CELSIUS,Celsius (°C),SE,Standard error,0.1,,N,National,,
DATAFLOW,SPC:DF_CLIMATE_CHANGE(1.0),Climate Change indicators,I,A,Annual,SST_ANOM,Sea Surface Temperature anomalies,GU,Guam,1865,,-0.1,,,,CELSIUS,Celsius (°C),SE,Standard error,0,,N,National,,
DATAFLOW,SPC:DF_CLIMATE_CHANGE(1.0),Climate Change indicators,I,A,Annual,SST_ANOM,Sea Surface Temperature anomalies,GU,Guam,1866,,0,,,,CELSIUS,Celsius (°C),SE,Standard error,0.1,,N,National,,
DATAFLOW,SPC:DF_CLIMATE_CHANGE(1.0),Climate Change indicators,I,A,Annual,SST_ANOM,Sea Surface Temperature anomalies,GU,Guam,1867,,-0.2,,,,CELSIUS,Celsius (°C),SE,Standard error,0.1,,N,National,,
DATAFLOW,SPC:DF_CLIMATE_CHANGE(1.0),Climate Change indicators,I,A,Annual,SST_ANOM,Sea Surface Temperature anomalies,GU,Guam,1868,,-0.2,,,,CELSIUS,Celsius (°C),SE,Standard error,0.1,,N,National,,
DATAFLOW,SPC:DF_CLIMATE_CHANGE(1.0),Climate Change indicators,I,A,Annual,SST_ANOM,Sea Surface Temperature anomalies,GU,Guam,1869,,0.1,,,,CELSIUS,Celsius (°C),SE,Standard error,0.1,,N,National,,
DATAFLOW,SPC:DF_CLIMATE_CHANGE(1.0),Climate Change indicators,I,A,Annual,SST_ANOM,Sea Surface Temperature anomalies,GU,Guam,1870,,0.1,,,,CELSIUS,Celsius (°C),SE,Standard error,0.1,,N,National,,
DATAFLOW,SPC:DF_CLIMATE_CHANGE(1.0),Climate Change indicators,I,A,Annual,SST_ANOM,Sea Surface Temperature anomalies,GU,Guam,1871,,-0.2,,,,CELSIUS,Celsius (°C),SE,Standard error,0.1,,N,National,,
DATAFLOW,SPC:DF_CLIMATE_CHANGE(1.0),Climate Change indicators,I,A,Annual,SST_ANOM,Sea Surface Temperature anomalies,GU,Guam,1872,,0,,,,CELSIUS,Celsius (°C),SE,Standard error,0.1,,N,National,,
DATAFLOW,SPC:DF_CLIMATE_CHANGE(1.0),Climate Change indicators,I,A,Annual,SST_ANOM,Sea Surface Temperature anomalies,GU,Guam,1873,,0,,,,CELSIUS,Celsius (°C),SE,Standard error,0.1,,N,National,,
DATAFLOW,SPC:DF_CLIMATE_CHANGE(1.0),Climate Change indicators,I,A,Annual,SST_ANOM,Sea Surface Temperature anomalies,GU,Guam,1874,,-0.1,,,,CELSIUS,Celsius (°C),SE,Standard error,0.1,,N,National,,
DATAFLOW,SPC:DF_CLIMATE_CHANGE(1.0),Climate Change indicators,I,A,Annual,SST_ANOM,Sea Surface Temperature anomalies,GU,Guam,1875,,-0.2,,,,CELSIUS,Celsius (°C),SE,Standard error,0.1,,N,National,,
DATAFLOW,SPC:DF_CLIMATE_CHANGE(1.0),Climate Change indicators,I,A,Annual,SST_ANOM,Sea Surface Temperature anomalies,GU,Guam,1876,,0,,,,CELSIUS,Celsius (°C),SE,Standard error,0.1,,N,National,,
DATAFLOW,SPC:DF_CLIMATE_CHANGE(1.0),Climate Change indicators,I,A,Annual,SST_ANOM,Sea Surface Temperature anomalies,GU,Guam,1877,,-0.1,,,,CELSIUS,Celsius (°C),SE,Standard error,0.1,,N,National,,
DATAFLOW,SPC:DF_CLIMATE_CHANGE(1.0),Climate Change indicators,I,A,Annual,SST_ANOM,Sea Surface Temperature anomalies,GU,Guam,1878,,0.2,,,,CELSIUS,Celsius (°C),SE,Standard error,0.1,,N,National,,
DATAFLOW,SPC:DF_CLIMATE_CHANGE(1.0),Climate Change indicators,I,A,Annual,SST_ANOM,Sea Surface Temperature anomalies,GU,Guam,1879,,-0.1,,,,CELSIUS,Celsius (°C),SE,Standard error,0.1,,N,National,,
DATAFLOW,SPC:DF_CLIMATE_CHANGE(1.0),Climate Change indicators,I,A,Annual,SST_ANOM,Sea Surface Temperature anomalies,GU,Guam,1880,,-0.6,,,,CELSIUS,Celsius (°C),SE,Standard error,0.1,,N,National,,
DATAFLOW,SPC:DF_CLIMATE_CHANGE(1.0),Climate Change indicators,I,A,Annual,SST_ANOM,Sea Surface Temperature anomalies,GU,Guam,1881,,-0.1,,,,CELSIUS,Celsius (°C),SE,Standard error,0.1,,N,National,,
DATAFLOW,SPC:DF_CLIMATE_CHANGE(1.0),Climate Change indicators,I,A,Annual,SST_ANOM,Sea Surface Temperature anomalies,GU,Guam,1882,,-0.1,,,,CELSIUS,Celsius (°C),SE,Standard error,0.1,,N,National,,
DATAFLOW,SPC:DF_CLIMATE_CHANGE(1.0),Climate Change indicators,I,A,Annual,SST_ANOM,Sea Surface Temperature anomalies,GU,Guam,1883,,-0.5,,,,CELSIUS,Celsius (°C),SE,Standard error,0.1,,N,National,,
DATAFLOW,SPC:DF_CLIMATE_CHANGE(1.0),Climate Change indicators,I,A,Annual,SST_ANOM,Sea Surface Temperature anomalies,GU,Guam,1884,,-0.6,,,,CELSIUS,Celsius (°C),SE,Standard error,0.1,,N,National,,
DATAFLOW,SPC:DF_CLIMATE_CHANGE(1.0),Climate Change indicators,I,A,Annual,SST_ANOM,Sea Surface Temperature anomalies,GU,Guam,1885,,-0.7,,,,CELSIUS,Celsius (°C),SE,Standard error,0.1,,N,National,,
DATAFLOW,SPC:DF_CLIMATE_CHANGE(1.0),Climate Change indicators,I,A,Annual,SST_ANOM,Sea Surface Temperature anomalies,GU,Guam,1886,,-0.4,,,,CELSIUS,Celsius (°C),SE,Standard error,0.1,,N,National,,
DATAFLOW,SPC:DF_CLIMATE_CHANGE(1.0),Climate Change indicators,I,A,Annual,SST_ANOM,Sea Surface Temperature anomalies,GU,Guam,1887,,0.1,,,,CELSIUS,Celsius (°C),SE,Standard error,0.1,,N,National,,
DATAFLOW,SPC:DF_CLIMATE_CHANGE(1.0),Climate Change indicators,I,A,Annual,SST_ANOM,Sea Surface Temperature anomalies,GU,Guam,1888,,-0.2,,,,CELSIUS,Celsius (°C),SE,Standard error,0.1,,N,National,,
DATAFLOW,SPC:DF_CLIMATE_CHANGE(1.0),Climate Change indicators,I,A,Annual,SST_ANOM,Sea Surface Temperature anomalies,GU,Guam,1889,,0,,,,CELSIUS,Celsius (°C),SE,Standard error,0.1,,N,National,,
DATAFLOW,SPC:DF_CLIMATE_CHANGE(1.0),Climate Change indicators,I,A,Annual,SST_ANOM,Sea Surface Temperature anomalies,GU,Guam,1890,,0.1,,,,CELSIUS,Celsius (°C),SE,Standard error,0.1,,N,National,,
DATAFLOW,SPC:DF_CLIMATE_CHANGE(1.0),Climate Change indicators,I,A,Annual,SST_ANOM,Sea Surface Temperature anomalies,GU,Guam,1891,,0.3,,,,CELSIUS,Celsius (°C),SE,Standard error,0.1,,N,National,,
DATAFLOW,SPC:DF_CLIMATE_CHANGE(1.0),Climate Change indicators,I,A,Annual,SST_ANOM,Sea Surface Temperature anomalies,GU,Guam,1892,,0.2,,,,CELSIUS,Celsius (°C),SE,Standard error,0.1,,N,National,,
DATAFLOW,SPC:DF_CLIMATE_CHANGE(1.0),Climate Change indicators,I,A,Annual,SST_ANOM,Sea Surface Temperature anomalies,GU,Guam,1893,,0,,,,CELSIUS,Celsius (°C),SE,Standard error,0.1,,N,National,,
DATAFLOW,SPC:DF_CLIMATE_CHANGE(1.0),Climate Change indicators,I,A,Annual,SST_ANOM,Sea Surface Temperature anomalies,GU,Guam,1894,,0,,,,CELSIUS,Celsius (°C),SE,Standard error,0.1,,N,National,,
DATAFLOW,SPC:DF_CLIMATE_CHANGE(1.0),Climate Change indicators,I,A,Annual,SST_ANOM,Sea Surface Temperature anomalies,GU,Guam,1895,,0,,,,CELSIUS,Celsius (°C),SE,Standard error,0,,N,National,,
DATAFLOW,SPC:DF_CLIMATE_CHANGE(1.0),Climate Change indicators,I,A,Annual,SST_ANOM,Sea Surface Temperature anomalies,GU,Guam,1896,,0,,,,CELSIUS,Celsius (°C),SE,Standard error,0.1,,N,National,,
DATAFLOW,SPC:DF_CLIMATE_CHANGE(1.0),Climate Change indicators,I,A,Annual,SST_ANOM,Sea Surface Temperature anomalies,GU,Guam,1897,,0.4,,,,CELSIUS,Celsius (°C),SE,Standard error,0.1,,N,National,,
DATAFLOW,SPC:DF_CLIMATE_CHANGE(1.0),Climate Change indicators,I,A,Annual,SST_ANOM,Sea Surface Temperature anomalies,GU,Guam,1898,,0,,,,CELSIUS,Celsius (°C),SE,Standard error,0.1,,N,National,,
DATAFLOW,SPC:DF_CLIMATE_CHANGE(1.0),Climate Change indicators,I,A,Annual,SST_ANOM,Sea Surface Temperature anomalies,GU,Guam,1899,,-0.4,,,,CELSIUS,Celsius (°C),SE,Standard error,0.1,,N,National,,
DATAFLOW,SPC:DF_CLIMATE_CHANGE(1.0),Climate Change indicators,I,A,Annual,SST_ANOM,Sea Surface Temperature anomalies,GU,Guam,1900,,-0.1,,,,CELSIUS,Celsius (°C),SE,Standard error,0.1,,N,National,,
DATAFLOW,SPC:DF_CLIMATE_CHANGE(1.0),Climate Change indicators,I,A,Annual,SST_ANOM,Sea Surface Temperature anomalies,GU,Guam,1901,,0,,,,CELSIUS,Celsius (°C),SE,Standard error,0,,N,National,,
DATAFLOW,SPC:DF_CLIMATE_CHANGE(1.0),Climate Change indicators,I,A,Annual,SST_ANOM,Sea Surface Temperature anomalies,GU,Guam,1902,,-0.4,,,,CELSIUS,Celsius (°C),SE,Standard error,0.1,,N,National,,
DATAFLOW,SPC:DF_CLIMATE_CHANGE(1.0),Climate Change indicators,I,A,Annual,SST_ANOM,Sea Surface Temperature anomalies,GU,Guam,1903,,-0.7,,,,CELSIUS,Celsius (°C),SE,Standard error,0.1,,N,National,,
DATAFLOW,SPC:DF_CLIMATE_CHANGE(1.0),Climate Change indicators,I,A,Annual,SST_ANOM,Sea Surface Temperature anomalies,GU,Guam,1904,,-0.6,,,,CELSIUS,Celsius (°C),SE,Standard error,0.1,,N,National,,
DATAFLOW,SPC:DF_CLIMATE_CHANGE(1.0),Climate Change indicators,I,A,Annual,SST_ANOM,Sea Surface Temperature anomalies,GU,Guam,1905,,-0.7,,,,CELSIUS,Celsius (°C),SE,Standard error,0,,N,National,,
DATAFLOW,SPC:DF_CLIMATE_CHANGE(1.0),Climate Change indicators,I,A,Annual,SST_ANOM,Sea Surface Temperature anomalies,GU,Guam,1906,,-0.5,,,,CELSIUS,Celsius (°C),SE,Standard error,0.1,,N,National,,
DATAFLOW,SPC:DF_CLIMATE_CHANGE(1.0),Climate Change indicators,I,A,Annual,SST_ANOM,Sea Surface Temperature anomalies,GU,Guam,1907,,-0.4,,,,CELSIUS,Celsius (°C),SE,Standard error,0.1,,N,National,,
DATAFLOW,SPC:DF_CLIMATE_CHANGE(1.0),Climate Change indicators,I,A,Annual,SST_ANOM,Sea Surface Temperature anomalies,GU,Guam,1908,,-0.3,,,,CELSIUS,Celsius (°C),SE,Standard error,0.1,,N,National,,
DATAFLOW,SPC:DF_CLIMATE_CHANGE(1.0),Climate Change indicators,I,A,Annual,SST_ANOM,Sea Surface Temperature anomalies,GU,Guam,1909,,-0.4,,,,CELSIUS,Celsius (°C),SE,Standard error,0.1,,N,National,,
DATAFLOW,SPC:DF_CLIMATE_CHANGE(1.0),Climate Change indicators,I,A,Annual,SST_ANOM,Sea Surface Temperature anomalies,GU,Guam,1910,,-0.2,,,,CELSIUS,Celsius (°C),SE,Standard error,0,,N,National,,
DATAFLOW,SPC:DF_CLIMATE_CHANGE(1.0),Climate Change indicators,I,A,Annual,SST_ANOM,Sea Surface Temperature anomalies,GU,Guam,1911,,-0.6,,,,CELSIUS,Celsius (°C),SE,Standard error,0.1,,N,National,,
DATAFLOW,SPC:DF_CLIMATE_CHANGE(1.0),Climate Change indicators,I,A,Annual,SST_ANOM,Sea Surface Temperature anomalies,GU,Guam,1912,,-0.7,,,,CELSIUS,Celsius (°C),SE,Standard error,0,,N,National,,
DATAFLOW,SPC:DF_CLIMATE_CHANGE(1.0),Climate Change indicators,I,A,Annual,SST_ANOM,Sea Surface Temperature anomalies,GU,Guam,1913,,-0.7,,,,CELSIUS,Celsius (°C),SE,Standard error,0,,N,National,,
DATAFLOW,SPC:DF_CLIMATE_CHANGE(1.0),Climate Change indicators,I,A,Annual,SST_ANOM,Sea Surface Temperature anomalies,GU,Guam,1914,,-0.7,,,,CELSIUS,Celsius (°C),SE,Standard error,0,,N,National,,
DATAFLOW,SPC:DF_CLIMATE_CHANGE(1.0),Climate Change indicators,I,A,Annual,SST_ANOM,Sea Surface Temperature anomalies,GU,Guam,1915,,-0.5,,,,CELSIUS,Celsius (°C),SE,Standard error,0.1,,N,National,,
DATAFLOW,SPC:DF_CLIMATE_CHANGE(1.0),Climate Change indicators,I,A,Annual,SST_ANOM,Sea Surface Temperature anomalies,GU,Guam,1916,,-0.4,,,,CELSIUS,Celsius (°C),SE,Standard error,0.1,,N,National,,
DATAFLOW,SPC:DF_CLIMATE_CHANGE(1.0),Climate Change indicators,I,A,Annual,SST_ANOM,Sea Surface Temperature anomalies,GU,Guam,1917,,-0.5,,,,CELSIUS,Celsius (°C),SE,Standard error,0.1,,N,National,,
DATAFLOW,SPC:DF_CLIMATE_CHANGE(1.0),Climate Change indicators,I,A,Annual,SST_ANOM,Sea Surface Temperature anomalies,GU,Guam,1918,,-0.8,,,,CELSIUS,Celsius (°C),SE,Standard error,0.1,,N,National,,
DATAFLOW,SPC:DF_CLIMATE_CHANGE(1.0),Climate Change indicators,I,A,Annual,SST_ANOM,Sea Surface Temperature anomalies,GU,Guam,1919,,-0.9,,,,CELSIUS,Celsius (°C),SE,Standard error,0.1,,N,National,,
DATAFLOW,SPC:DF_CLIMATE_CHANGE(1.0),Climate Change indicators,I,A,Annual,SST_ANOM,Sea Surface Temperature anomalies,GU,Guam,1920,,-0.8,,,,CELSIUS,Celsius (°C),SE,Standard error,0.1,,N,National,,
DATAFLOW,SPC:DF_CLIMATE_CHANGE(1.0),Climate Change indicators,I,A,Annual,SST_ANOM,Sea Surface Temperature anomalies,GU,Guam,1921,,-0.1,,,,CELSIUS,Celsius (°C),SE,Standard error,0,,N,National,,
DATAFLOW,SPC:DF_CLIMATE_CHANGE(1.0),Climate Change indicators,I,A,Annual,SST_ANOM,Sea Surface Temperature anomalies,GU,Guam,1922,,-0.2,,,,CELSIUS,Celsius (°C),SE,Standard error,0.1,,N,National,,
DATAFLOW,SPC:DF_CLIMATE_CHANGE(1.0),Climate Change indicators,I,A,Annual,SST_ANOM,Sea Surface Temperature anomalies,GU,Guam,1923,,-0.6,,,,CELSIUS,Celsius (°C),SE,Standard error,0.1,,N,National,,
DATAFLOW,SPC:DF_CLIMATE_CHANGE(1.0),Climate Change indicators,I,A,Annual,SST_ANOM,Sea Surface Temperature anomalies,GU,Guam,1924,,-0.4,,,,CELSIUS,Celsius (°C),SE,Standard error,0.1,,N,National,,
DATAFLOW,SPC:DF_CLIMATE_CHANGE(1.0),Climate Change indicators,I,A,Annual,SST_ANOM,Sea Surface Temperature anomalies,GU,Guam,1925,,-0.2,,,,CELSIUS,Celsius (°C),SE,Standard error,0,,N,National,,
DATAFLOW,SPC:DF_CLIMATE_CHANGE(1.0),Climate Change indicators,I,A,Annual,SST_ANOM,Sea Surface Temperature anomalies,GU,Guam,1926,,-0.3,,,,CELSIUS,Celsius (°C),SE,Standard error,0,,N,National,,
DATAFLOW,SPC:DF_CLIMATE_CHANGE(1.0),Climate Change indicators,I,A,Annual,SST_ANOM,Sea Surface Temperature anomalies,GU,Guam,1927,,-0.1,,,,CELSIUS,Celsius (°C),SE,Standard error,0.1,,N,National,,
DATAFLOW,SPC:DF_CLIMATE_CHANGE(1.0),Climate Change indicators,I,A,Annual,SST_ANOM,Sea Surface Temperature anomalies,GU,Guam,1928,,-0.4,,,,CELSIUS,Celsius (°C),SE,Standard error,0.1,,N,National,,
DATAFLOW,SPC:DF_CLIMATE_CHANGE(1.0),Climate Change indicators,I,A,Annual,SST_ANOM,Sea Surface Temperature anomalies,GU,Guam,1929,,-0.4,,,,CELSIUS,Celsius (°C),SE,Standard error,0.1,,N,National,,
DATAFLOW,SPC:DF_CLIMATE_CHANGE(1.0),Climate Change indicators,I,A,Annual,SST_ANOM,Sea Surface Temperature anomalies,GU,Guam,1930,,-0.6,,,,CELSIUS,Celsius (°C),SE,Standard error,0,,N,National,,
DATAFLOW,SPC:DF_CLIMATE_CHANGE(1.0),Climate Change indicators,I,A,Annual,SST_ANOM,Sea Surface Temperature anomalies,GU,Guam,1931,,-0.3,,,,CELSIUS,Celsius (°C),SE,Standard error,0.1,,N,National,,
DATAFLOW,SPC:DF_CLIMATE_CHANGE(1.0),Climate Change indicators,I,A,Annual,SST_ANOM,Sea Surface Temperature anomalies,GU,Guam,1932,,-0.5,,,,CELSIUS,Celsius (°C),SE,Standard error,0,,N,National,,
DATAFLOW,SPC:DF_CLIMATE_CHANGE(1.0),Climate Change indicators,I,A,Annual,SST_ANOM,Sea Surface Temperature anomalies,GU,Guam,1933,,-0.4,,,,CELSIUS,Celsius (°C),SE,Standard error,0,,N,National,,
DATAFLOW,SPC:DF_CLIMATE_CHANGE(1.0),Climate Change indicators,I,A,Annual,SST_ANOM,Sea Surface Temperature anomalies,GU,Guam,1934,,-0.3,,,,CELSIUS,Celsius (°C),SE,Standard error,0.1,,N,National,,
DATAFLOW,SPC:DF_CLIMATE_CHANGE(1.0),Climate Change indicators,I,A,Annual,SST_ANOM,Sea Surface Temperature anomalies,GU,Guam,1935,,-0.4,,,,CELSIUS,Celsius (°C),SE,Standard error,0,,N,National,,
DATAFLOW,SPC:DF_CLIMATE_CHANGE(1.0),Climate Change indicators,I,A,Annual,SST_ANOM,Sea Surface Temperature anomalies,GU,Guam,1936,,-0.4,,,,CELSIUS,Celsius (°C),SE,Standard error,0.1,,N,National,,
DATAFLOW,SPC:DF_CLIMATE_CHANGE(1.0),Climate Change indicators,I,A,Annual,SST_ANOM,Sea Surface Temperature anomalies,GU,Guam,1937,,-0.3,,,,CELSIUS,Celsius (°C),SE,Standard error,0.1,,N,National,,
DATAFLOW,SPC:DF_CLIMATE_CHANGE(1.0),Climate Change indicators,I,A,Annual,SST_ANOM,Sea Surface Temperature anomalies,GU,Guam,1938,,-0.2,,,,CELSIUS,Celsius (°C),SE,Standard error,0,,N,National,,
DATAFLOW,SPC:DF_CLIMATE_CHANGE(1.0),Climate Change indicators,I,A,Annual,SST_ANOM,Sea Surface Temperature anomalies,GU,Guam,1939,,-0.3,,,,CELSIUS,Celsius (°C),SE,Standard error,0.1,,N,National,,
DATAFLOW,SPC:DF_CLIMATE_CHANGE(1.0),Climate Change indicators,I,A,Annual,SST_ANOM,Sea Surface Temperature anomalies,GU,Guam,1940,,-0.4,,,,CELSIUS,Celsius (°C),SE,Standard error,0,,N,National,,
DATAFLOW,SPC:DF_CLIMATE_CHANGE(1.0),Climate Change indicators,I,A,Annual,SST_ANOM,Sea Surface Temperature anomalies,GU,Guam,1941,,-0.3,,,,CELSIUS,Celsius (°C),SE,Standard error,0,,N,National,,
DATAFLOW,SPC:DF_CLIMATE_CHANGE(1.0),Climate Change indicators,I,A,Annual,SST_ANOM,Sea Surface Temperature anomalies,GU,Guam,1942,,-0.4,,,,CELSIUS,Celsius (°C),SE,Standard error,0.1,,N,National,,
DATAFLOW,SPC:DF_CLIMATE_CHANGE(1.0),Climate Change indicators,I,A,Annual,SST_ANOM,Sea Surface Temperature anomalies,GU,Guam,1943,,0.2,,,,CELSIUS,Celsius (°C),SE,Standard error,0.1,,N,National,,
DATAFLOW,SPC:DF_CLIMATE_CHANGE(1.0),Climate Change indicators,I,A,Annual,SST_ANOM,Sea Surface Temperature anomalies,GU,Guam,1944,,0.2,,,,CELSIUS,Celsius (°C),SE,Standard error,0,,N,National,,
DATAFLOW,SPC:DF_CLIMATE_CHANGE(1.0),Climate Change indicators,I,A,Annual,SST_ANOM,Sea Surface Temperature anomalies,GU,Guam,1945,,0.4,,,,CELSIUS,Celsius (°C),SE,Standard error,0,,N,National,,
DATAFLOW,SPC:DF_CLIMATE_CHANGE(1.0),Climate Change indicators,I,A,Annual,SST_ANOM,Sea Surface Temperature anomalies,GU,Guam,1946,,0.3,,,,CELSIUS,Celsius (°C),SE,Standard error,0.1,,N,National,,
DATAFLOW,SPC:DF_CLIMATE_CHANGE(1.0),Climate Change indicators,I,A,Annual,SST_ANOM,Sea Surface Temperature anomalies,GU,Guam,1947,,0,,,,CELSIUS,Celsius (°C),SE,Standard error,0.1,,N,National,,
DATAFLOW,SPC:DF_CLIMATE_CHANGE(1.0),Climate Change indicators,I,A,Annual,SST_ANOM,Sea Surface Temperature anomalies,GU,Guam,1948,,-0.1,,,,CELSIUS,Celsius (°C),SE,Standard error,0,,N,National,,
DATAFLOW,SPC:DF_CLIMATE_CHANGE(1.0),Climate Change indicators,I,A,Annual,SST_ANOM,Sea Surface Temperature anomalies,GU,Guam,1949,,-0.2,,,,CELSIUS,Celsius (°C),SE,Standard error,0.1,,N,National,,
DATAFLOW,SPC:DF_CLIMATE_CHANGE(1.0),Climate Change indicators,I,A,Annual,SST_ANOM,Sea Surface Temperature anomalies,GU,Guam,1950,,-0.1,,,,CELSIUS,Celsius (°C),SE,Standard error,0.1,,N,National,,
DATAFLOW,SPC:DF_CLIMATE_CHANGE(1.0),Climate Change indicators,I,A,Annual,SST_ANOM,Sea Surface Temperature anomalies,GU,Guam,1951,,0,,,,CELSIUS,Celsius (°C),SE,Standard error,0.1,,N,National,,
DATAFLOW,SPC:DF_CLIMATE_CHANGE(1.0),Climate Change indicators,I,A,Annual,SST_ANOM,Sea Surface Temperature anomalies,GU,Guam,1952,,-0.2,,,,CELSIUS,Celsius (°C),SE,Standard error,0,,N,National,,
DATAFLOW,SPC:DF_CLIMATE_CHANGE(1.0),Climate Change indicators,I,A,Annual,SST_ANOM,Sea Surface Temperature anomalies,GU,Guam,1953,,-0.1,,,,CELSIUS,Celsius (°C),SE,Standard error,0,,N,National,,
DATAFLOW,SPC:DF_CLIMATE_CHANGE(1.0),Climate Change indicators,I,A,Annual,SST_ANOM,Sea Surface Temperature anomalies,GU,Guam,1954,,-0.2,,,,CELSIUS,Celsius (°C),SE,Standard error,0,,N,National,,
DATAFLOW,SPC:DF_CLIMATE_CHANGE(1.0),Climate Change indicators,I,A,Annual,SST_ANOM,Sea Surface Temperature anomalies,GU,Guam,1955,,-0.3,,,,CELSIUS,Celsius (°C),SE,Standard error,0.1,,N,National,,
DATAFLOW,SPC:DF_CLIMATE_CHANGE(1.0),Climate Change indicators,I,A,Annual,SST_ANOM,Sea Surface Temperature anomalies,GU,Guam,1956,,-0.3,,,,CELSIUS,Celsius (°C),SE,Standard error,0,,N,National,,
DATAFLOW,SPC:DF_CLIMATE_CHANGE(1.0),Climate Change indicators,I,A,Annual,SST_ANOM,Sea Surface Temperature anomalies,GU,Guam,1957,,-0.3,,,,CELSIUS,Celsius (°C),SE,Standard error,0,,N,National,,
DATAFLOW,SPC:DF_CLIMATE_CHANGE(1.0),Climate Change indicators,I,A,Annual,SST_ANOM,Sea Surface Temperature anomalies,GU,Guam,1958,,-0.5,,,,CELSIUS,Celsius (°C),SE,Standard error,0,,N,National,,
DATAFLOW,SPC:DF_CLIMATE_CHANGE(1.0),Climate Change indicators,I,A,Annual,SST_ANOM,Sea Surface Temperature anomalies,GU,Guam,1959,,-0.3,,,,CELSIUS,Celsius (°C),SE,Standard error,0.1,,N,National,,
DATAFLOW,SPC:DF_CLIMATE_CHANGE(1.0),Climate Change indicators,I,A,Annual,SST_ANOM,Sea Surface Temperature anomalies,GU,Guam,1960,,-0.1,,,,CELSIUS,Celsius (°C),SE,Standard error,0,,N,National,,
DATAFLOW,SPC:DF_CLIMATE_CHANGE(1.0),Climate Change indicators,I,A,Annual,SST_ANOM,Sea Surface Temperature anomalies,GU,Guam,1961,,-0.1,,,,CELSIUS,Celsius (°C),SE,Standard error,0.1,,N,National,,
DATAFLOW,SPC:DF_CLIMATE_CHANGE(1.0),Climate Change indicators,I,A,Annual,SST_ANOM,Sea Surface Temperature anomalies,GU,Guam,1962,,-0.2,,,,CELSIUS,Celsius (°C),SE,Standard error,0,,N,National,,
DATAFLOW,SPC:DF_CLIMATE_CHANGE(1.0),Climate Change indicators,I,A,Annual,SST_ANOM,Sea Surface Temperature anomalies,GU,Guam,1963,,-0.1,,,,CELSIUS,Celsius (°C),SE,Standard error,0,,N,National,,
DATAFLOW,SPC:DF_CLIMATE_CHANGE(1.0),Climate Change indicators,I,A,Annual,SST_ANOM,Sea Surface Temperature anomalies,GU,Guam,1964,,-0.1,,,,CELSIUS,Celsius (°C),SE,Standard error,0,,N,National,,
DATAFLOW,SPC:DF_CLIMATE_CHANGE(1.0),Climate Change indicators,I,A,Annual,SST_ANOM,Sea Surface Temperature anomalies,GU,Guam,1965,,-0.4,,,,CELSIUS,Celsius (°C),SE,Standard error,0.1,,N,National,,
DATAFLOW,SPC:DF_CLIMATE_CHANGE(1.0),Climate Change indicators,I,A,Annual,SST_ANOM,Sea Surface Temperature anomalies,GU,Guam,1966,,-0.3,,,,CELSIUS,Celsius (°C),SE,Standard error,0.1,,N,National,,
DATAFLOW,SPC:DF_CLIMATE_CHANGE(1.0),Climate Change indicators,I,A,Annual,SST_ANOM,Sea Surface Temperature anomalies,GU,Guam,1967,,-0.2,,,,CELSIUS,Celsius (°C),SE,Standard error,0,,N,National,,
DATAFLOW,SPC:DF_CLIMATE_CHANGE(1.0),Climate Change indicators,I,A,Annual,SST_ANOM,Sea Surface Temperature anomalies,GU,Guam,1968,,-0.2,,,,CELSIUS,Celsius (°C),SE,Standard error,0,,N,National,,
DATAFLOW,SPC:DF_CLIMATE_CHANGE(1.0),Climate Change indicators,I,A,Annual,SST_ANOM,Sea Surface Temperature anomalies,GU,Guam,1969,,-0.1,,,,CELSIUS,Celsius (°C),SE,Standard error,0.1,,N,National,,
DATAFLOW,SPC:DF_CLIMATE_CHANGE(1.0),Climate Change indicators,I,A,Annual,SST_ANOM,Sea Surface Temperature anomalies,GU,Guam,1970,,0,,,,CELSIUS,Celsius (°C),SE,Standard error,0,,N,National,,
DATAFLOW,SPC:DF_CLIMATE_CHANGE(1.0),Climate Change indicators,I,A,Annual,SST_ANOM,Sea Surface Temperature anomalies,GU,Guam,1971,,0,,,,CELSIUS,Celsius (°C),SE,Standard error,0.1,,N,National,,
DATAFLOW,SPC:DF_CLIMATE_CHANGE(1.0),Climate Change indicators,I,A,Annual,SST_ANOM,Sea Surface Temperature anomalies,GU,Guam,1972,,-0.6,,,,CELSIUS,Celsius (°C),SE,Standard error,0,,N,National,,
DATAFLOW,SPC:DF_CLIMATE_CHANGE(1.0),Climate Change indicators,I,A,Annual,SST_ANOM,Sea Surface Temperature anomalies,GU,Guam,1973,,-0.2,,,,CELSIUS,Celsius (°C),SE,Standard error,0.1,,N,National,,
DATAFLOW,SPC:DF_CLIMATE_CHANGE(1.0),Climate Change indicators,I,A,Annual,SST_ANOM,Sea Surface Temperature anomalies,GU,Guam,1974,,-0.1,,,,CELSIUS,Celsius (°C),SE,Standard error,0.1,,N,National,,
DATAFLOW,SPC:DF_CLIMATE_CHANGE(1.0),Climate Change indicators,I,A,Annual,SST_ANOM,Sea Surface Temperature anomalies,GU,Guam,1975,,-0.2,,,,CELSIUS,Celsius (°C),SE,Standard error,0,,N,National,,
DATAFLOW,SPC:DF_CLIMATE_CHANGE(1.0),Climate Change indicators,I,A,Annual,SST_ANOM,Sea Surface Temperature anomalies,GU,Guam,1976,,-0.2,,,,CELSIUS,Celsius (°C),SE,Standard error,0.1,,N,National,,
DATAFLOW,SPC:DF_CLIMATE_CHANGE(1.0),Climate Change indicators,I,A,Annual,SST_ANOM,Sea Surface Temperature anomalies,GU,Guam,1977,,-0.2,,,,CELSIUS,Celsius (°C),SE,Standard error,0,,N,National,,
DATAFLOW,SPC:DF_CLIMATE_CHANGE(1.0),Climate Change indicators,I,A,Annual,SST_ANOM,Sea Surface Temperature anomalies,GU,Guam,1978,,-0.2,,,,CELSIUS,Celsius (°C),SE,Standard error,0,,N,National,,
DATAFLOW,SPC:DF_CLIMATE_CHANGE(1.0),Climate Change indicators,I,A,Annual,SST_ANOM,Sea Surface Temperature anomalies,GU,Guam,1979,,-0.2,,,,CELSIUS,Celsius (°C),SE,Standard error,0,,N,National,,
DATAFLOW,SPC:DF_CLIMATE_CHANGE(1.0),Climate Change indicators,I,A,Annual,SST_ANOM,Sea Surface Temperature anomalies,GU,Guam,1980,,-0.2,,,,CELSIUS,Celsius (°C),SE,Standard error,0,,N,National,,
DATAFLOW,SPC:DF_CLIMATE_CHANGE(1.0),Climate Change indicators,I,A,Annual,SST_ANOM,Sea Surface Temperature anomalies,GU,Guam,1981,,0.1,,,,CELSIUS,Celsius (°C),SE,Standard error,0.1,,N,National,,
DATAFLOW,SPC:DF_CLIMATE_CHANGE(1.0),Climate Change indicators,I,A,Annual,SST_ANOM,Sea Surface Temperature anomalies,GU,Guam,1982,,-0.2,,,,CELSIUS,Celsius (°C),SE,Standard error,0.1,,N,National,,
DATAFLOW,SPC:DF_CLIMATE_CHANGE(1.0),Climate Change indicators,I,A,Annual,SST_ANOM,Sea Surface Temperature anomalies,GU,Guam,1983,,-0.2,,,,CELSIUS,Celsius (°C),SE,Standard error,0.1,,N,National,,
DATAFLOW,SPC:DF_CLIMATE_CHANGE(1.0),Climate Change indicators,I,A,Annual,SST_ANOM,Sea Surface Temperature anomalies,GU,Guam,1984,,0.2,,,,CELSIUS,Celsius (°C),SE,Standard error,0,,N,National,,
DATAFLOW,SPC:DF_CLIMATE_CHANGE(1.0),Climate Change indicators,I,A,Annual,SST_ANOM,Sea Surface Temperature anomalies,GU,Guam,1985,,0,,,,CELSIUS,Celsius (°C),SE,Standard error,0,,N,National,,
DATAFLOW,SPC:DF_CLIMATE_CHANGE(1.0),Climate Change indicators,I,A,Annual,SST_ANOM,Sea Surface Temperature anomalies,GU,Guam,1986,,0,,,,CELSIUS,Celsius (°C),SE,Standard error,0.1,,N,National,,
DATAFLOW,SPC:DF_CLIMATE_CHANGE(1.0),Climate Change indicators,I,A,Annual,SST_ANOM,Sea Surface Temperature anomalies,GU,Guam,1987,,-0.1,,,,CELSIUS,Celsius (°C),SE,Standard error,0,,N,National,,
DATAFLOW,SPC:DF_CLIMATE_CHANGE(1.0),Climate Change indicators,I,A,Annual,SST_ANOM,Sea Surface Temperature anomalies,GU,Guam,1988,,0.3,,,,CELSIUS,Celsius (°C),SE,Standard error,0,,N,National,,
DATAFLOW,SPC:DF_CLIMATE_CHANGE(1.0),Climate Change indicators,I,A,Annual,SST_ANOM,Sea Surface Temperature anomalies,GU,Guam,1989,,0.2,,,,CELSIUS,Celsius (°C),SE,Standard error,0.1,,N,National,,
DATAFLOW,SPC:DF_CLIMATE_CHANGE(1.0),Climate Change indicators,I,A,Annual,SST_ANOM,Sea Surface Temperature anomalies,GU,Guam,1990,,-0.1,,,,CELSIUS,Celsius (°C),SE,Standard error,0,,N,National,,
DATAFLOW,SPC:DF_CLIMATE_CHANGE(1.0),Climate Change indicators,I,A,Annual,SST_ANOM,Sea Surface Temperature anomalies,GU,Guam,1991,,-0.2,,,,CELSIUS,Celsius (°C),SE,Standard error,0.1,,N,National,,
DATAFLOW,SPC:DF_CLIMATE_CHANGE(1.0),Climate Change indicators,I,A,Annual,SST_ANOM,Sea Surface Temperature anomalies,GU,Guam,1992,,-0.4,,,,CELSIUS,Celsius (°C),SE,Standard error,0,,N,National,,
DATAFLOW,SPC:DF_CLIMATE_CHANGE(1.0),Climate Change indicators,I,A,Annual,SST_ANOM,Sea Surface Temperature anomalies,GU,Guam,1993,,-0.4,,,,CELSIUS,Celsius (°C),SE,Standard error,0.1,,N,National,,
DATAFLOW,SPC:DF_CLIMATE_CHANGE(1.0),Climate Change indicators,I,A,Annual,SST_ANOM,Sea Surface Temperature anomalies,GU,Guam,1994,,0,,,,CELSIUS,Celsius (°C),SE,Standard error,0.1,,N,National,,
DATAFLOW,SPC:DF_CLIMATE_CHANGE(1.0),Climate Change indicators,I,A,Annual,SST_ANOM,Sea Surface Temperature anomalies,GU,Guam,1995,,0.2,,,,CELSIUS,Celsius (°C),SE,Standard error,0.1,,N,National,,
DATAFLOW,SPC:DF_CLIMATE_CHANGE(1.0),Climate Change indicators,I,A,Annual,SST_ANOM,Sea Surface Temperature anomalies,GU,Guam,1996,,0.4,,,,CELSIUS,Celsius (°C),SE,Standard error,0,,N,National,,
DATAFLOW,SPC:DF_CLIMATE_CHANGE(1.0),Climate Change indicators,I,A,Annual,SST_ANOM,Sea Surface Temperature anomalies,GU,Guam,1997,,0.1,,,,CELSIUS,Celsius (°C),SE,Standard error,0,,N,National,,
DATAFLOW,SPC:DF_CLIMATE_CHANGE(1.0),Climate Change indicators,I,A,Annual,SST_ANOM,Sea Surface Temperature anomalies,GU,Guam,1998,,0.1,,,,CELSIUS,Celsius (°C),SE,Standard error,0.1,,N,National,,
DATAFLOW,SPC:DF_CLIMATE_CHANGE(1.0),Climate Change indicators,I,A,Annual,SST_ANOM,Sea Surface Temperature anomalies,GU,Guam,1999,,0.4,,,,CELSIUS,Celsius (°C),SE,Standard error,0.1,,N,National,,
DATAFLOW,SPC:DF_CLIMATE_CHANGE(1.0),Climate Change indicators,I,A,Annual,SST_ANOM,Sea Surface Temperature anomalies,GU,Guam,2000,,0.4,,,,CELSIUS,Celsius (°C),SE,Standard error,0,,N,National,,
DATAFLOW,SPC:DF_CLIMATE_CHANGE(1.0),Climate Change indicators,I,A,Annual,SST_ANOM,Sea Surface Temperature anomalies,GU,Guam,2001,,0.5,,,,CELSIUS,Celsius (°C),SE,Standard error,0,,N,National,,
DATAFLOW,SPC:DF_CLIMATE_CHANGE(1.0),Climate Change indicators,I,A,Annual,SST_ANOM,Sea Surface Temperature anomalies,GU,Guam,2002,,0.3,,,,CELSIUS,Celsius (°C),SE,Standard error,0.1,,N,National,,
DATAFLOW,SPC:DF_CLIMATE_CHANGE(1.0),Climate Change indicators,I,A,Annual,SST_ANOM,Sea Surface Temperature anomalies,GU,Guam,2003,,0.3,,,,CELSIUS,Celsius (°C),SE,Standard error,0,,N,National,,
DATAFLOW,SPC:DF_CLIMATE_CHANGE(1.0),Climate Change indicators,I,A,Annual,SST_ANOM,Sea Surface Temperature anomalies,GU,Guam,2004,,0.2,,,,CELSIUS,Celsius (°C),SE,Standard error,0.1,,N,National,,
DATAFLOW,SPC:DF_CLIMATE_CHANGE(1.0),Climate Change indicators,I,A,Annual,SST_ANOM,Sea Surface Temperature anomalies,GU,Guam,2005,,0.2,,,,CELSIUS,Celsius (°C),SE,Standard error,0.1,,N,National,,
DATAFLOW,SPC:DF_CLIMATE_CHANGE(1.0),Climate Change indicators,I,A,Annual,SST_ANOM,Sea Surface Temperature anomalies,GU,Guam,2006,,0.2,,,,CELSIUS,Celsius (°C),SE,Standard error,0.1,,N,National,,
DATAFLOW,SPC:DF_CLIMATE_CHANGE(1.0),Climate Change indicators,I,A,Annual,SST_ANOM,Sea Surface Temperature anomalies,GU,Guam,2007,,0.4,,,,CELSIUS,Celsius (°C),SE,Standard error,0.1,,N,National,,
DATAFLOW,SPC:DF_CLIMATE_CHANGE(1.0),Climate Change indicators,I,A,Annual,SST_ANOM,Sea Surface Temperature anomalies,GU,Guam,2008,,0.5,,,,CELSIUS,Celsius (°C),SE,Standard error,0,,N,National,,
DATAFLOW,SPC:DF_CLIMATE_CHANGE(1.0),Climate Change indicators,I,A,Annual,SST_ANOM,Sea Surface Temperature anomalies,GU,Guam,2009,,0.4,,,,CELSIUS,Celsius (°C),SE,Standard error,0.1,,N,National,,
DATAFLOW,SPC:DF_CLIMATE_CHANGE(1.0),Climate Change indicators,I,A,Annual,SST_ANOM,Sea Surface Temperature anomalies,GU,Guam,2010,,0.3,,,,CELSIUS,Celsius (°C),SE,Standard error,0.1,,N,National,,
DATAFLOW,SPC:DF_CLIMATE_CHANGE(1.0),Climate Change indicators,I,A,Annual,SST_ANOM,Sea Surface Temperature anomalies,GU,Guam,2011,,0.5,,,,CELSIUS,Celsius (°C),SE,Standard error,0.1,,N,National,,
DATAFLOW,SPC:DF_CLIMATE_CHANGE(1.0),Climate Change indicators,I,A,Annual,SST_ANOM,Sea Surface Temperature anomalies,GU,Guam,2012,,0.4,,,,CELSIUS,Celsius (°C),SE,Standard error,0.1,,N,National,,
DATAFLOW,SPC:DF_CLIMATE_CHANGE(1.0),Climate Change indicators,I,A,Annual,SST_ANOM,Sea Surface Temperature anomalies,GU,Guam,2013,,0.5,,,,CELSIUS,Celsius (°C),SE,Standard error,0,,N,National,,
DATAFLOW,SPC:DF_CLIMATE_CHANGE(1.0),Climate Change indicators,I,A,Annual,SST_ANOM,Sea Surface Temperature anomalies,GU,Guam,2014,,0.5,,,,CELSIUS,Celsius (°C),SE,Standard error,0,,N,National,,
DATAFLOW,SPC:DF_CLIMATE_CHANGE(1.0),Climate Change indicators,I,A,Annual,SST_ANOM,Sea Surface Temperature anomalies,GU,Guam,2015,,0.2,,,,CELSIUS,Celsius (°C),SE,Standard error,0,,N,National,,
DATAFLOW,SPC:DF_CLIMATE_CHANGE(1.0),Climate Change indicators,I,A,Annual,SST_ANOM,Sea Surface Temperature anomalies,GU,Guam,2016,,0.4,,,,CELSIUS,Celsius (°C),SE,Standard error,0.1,,N,National,,
DATAFLOW,SPC:DF_CLIMATE_CHANGE(1.0),Climate Change indicators,I,A,Annual,SST_ANOM,Sea Surface Temperature anomalies,GU,Guam,2017,,0.8,,,,CELSIUS,Celsius (°C),SE,Standard error,0,,N,National,,
DATAFLOW,SPC:DF_CLIMATE_CHANGE(1.0),Climate Change indicators,I,A,Annual,SST_ANOM,Sea Surface Temperature anomalies,GU,Guam,2018,,0.6,,,,CELSIUS,Celsius (°C),SE,Standard error,0.1,,N,National,,
DATAFLOW,SPC:DF_CLIMATE_CHANGE(1.0),Climate Change indicators,I,A,Annual,SST_ANOM,Sea Surface Temperature anomalies,GU,Guam,2019,,0.6,,,,CELSIUS,Celsius (°C),SE,Standard error,0.1,,N,National,,
DATAFLOW,SPC:DF_CLIMATE_CHANGE(1.0),Climate Change indicators,I,A,Annual,SST_ANOM,Sea Surface Temperature anomalies,GU,Guam,2020,,0.7,,,,CELSIUS,Celsius (°C),SE,Standard error,0.1,,N,National,,
DATAFLOW,SPC:DF_CLIMATE_CHANGE(1.0),Climate Change indicators,I,A,Annual,SST_ANOM,Sea Surface Temperature anomalies,GU,Guam,2021,,0.8,,,,CELSIUS,Celsius (°C),SE,Standard error,0.1,,N,National,,
DATAFLOW,SPC:DF_CLIMATE_CHANGE(1.0),Climate Change indicators,I,A,Annual,SST_ANOM,Sea Surface Temperature anomalies,GU,Guam,2022,,0.7,,,,CELSIUS,Celsius (°C),SE,Standard error,0,,N,National,,
DATAFLOW,SPC:DF_CLIMATE_CHANGE(1.0),Climate Change indicators,I,A,Annual,SST_ANOM,Sea Surface Temperature anomalies,GU,Guam,2023,,0.6,,,,CELSIUS,Celsius (°C),SE,Standard error,0,,N,National,,
DATAFLOW,SPC:DF_CLIMATE_CHANGE(1.0),Climate Change indicators,I,A,Annual,SST_ANOM,Sea Surface Temperature anomalies,GU,Guam,2024,,0.6,,,,CELSIUS,Celsius (°C),SE,Standard error,0.1,,N,National,,
DATAFLOW,SPC:DF_CLIMATE_CHANGE(1.0),Climate Change indicators,I,A,Annual,SST_ANOM,Sea Surface Temperature anomalies,GU,Guam,2025,,0.9,,,,CELSIUS,Celsius (°C),SE,Standard error,0.1,,N,National,,
